Date,decision,regime,volatility,vol_trend_5,ret_5d
2015-01-06,MANTENER,1,7.220639122347123,7.356156443424116,-9.353322724112443
2015-01-07,MANTENER,1,6.968512031591234,7.269462365130417,-6.794887357406765
2015-01-08,MANTENER,1,6.662256139602407,7.199026989297477,0.8032905642347821
2015-01-09,MANTENER,1,6.443648485337698,6.961905658420538,9.459930005611472
2015-01-10,MANTENER,1,6.156674081384717,6.690345972052636,0.1172432538173673
2015-01-11,MANTENER,1,6.120464216643053,6.470310990911822,-7.44351060249171
2015-01-12,MANTENER,1,5.915484685970311,6.259705521787637,-9.449992921956252
2015-01-13,MANTENER,1,5.615889844592969,6.050432262785749,-22.675961766046537
2015-01-14,MANTENER,1,7.707912752534285,6.303285116225067,-48.89247778282942
2015-01-15,MANTENER,1,10.650264542173456,7.202003208382815,-26.96645981783332
2015-01-16,MANTENER,1,11.382846244238676,8.254479613901939,-24.421299175311084
2015-01-17,MANTENER,1,10.779545956313603,9.227291867970598,-29.56149821985168
2015-01-18,MANTENER,1,10.307274410844142,10.16556878122083,-7.119919595219937
2015-01-19,MANTENER,1,9.90826366681508,10.605638964076991,18.76292553935839
2015-01-20,MANTENER,1,9.40403624275376,10.356393304193052,0.6985553173809222
2015-01-21,MANTENER,1,8.924093549622013,9.864642765269718,8.649186626660121
2015-01-22,MANTENER,1,8.750965716555397,9.45892671731808,15.816897451781209
2015-01-23,MANTENER,1,8.334538743827535,9.064379583914755,10.179845958982805
2015-01-24,MANTENER,1,7.895733070983216,8.661873464748385,14.282034859408288
2015-01-25,MANTENER,1,7.738452768021239,8.32875676980188,18.28735003998725
2015-01-26,MANTENER,1,7.367190420823412,8.01737614404216,18.67066832331057
2015-01-27,MANTENER,1,7.38024504332521,7.743232009396124,12.11790584187442
2015-01-28,MANTENER,1,7.104569223052244,7.497238105241064,0.4438776865901772
2015-01-29,MANTENER,1,7.7832026733796145,7.474732025720344,-5.957386862222247
2015-01-30,MANTENER,1,7.374885210520906,7.402018514220278,-11.38096454316564
2015-01-31,MANTENER,1,7.065882792610815,7.3417569885777585,-22.91695268786107
2015-02-01,MANTENER,1,6.832048221202318,7.232117624153179,-14.913184759183462
2015-02-02,MANTENER,1,6.615214117432283,7.134246603029188,1.8274639537511737
2015-02-03,MANTENER,1,6.455768190200034,6.868759706393272,-2.7107790693507106
2015-02-04,MANTENER,1,6.319316961204584,6.657646056530007,0.1888438890579102
2015-02-05,MANTENER,1,5.9933614565277,6.443141789313384,-0.1624631721041325
2015-02-06,MANTENER,1,5.870911338471476,6.250914412767216,-2.095177048166441
2015-02-07,MANTENER,1,5.616047511882636,6.051081091657286,-4.49663228835604
2015-02-08,MANTENER,1,5.381918880868358,5.836311229790951,-1.7112349499342372
2015-02-09,MANTENER,1,5.151730359224201,5.602793909394874,-3.0174792462647204
2015-02-10,MANTENER,1,4.9196333712521145,5.388048292339756,1.2486772169695293
2015-02-11,MANTENER,1,4.673695666553641,5.14860515795619,-1.3958780975069196
2015-02-12,MANTENER,1,4.443539294550415,4.914103514489746,-2.665230197086199
2015-02-13,MANTENER,1,4.238369481187611,4.685393634553597,5.238328295508232
2015-02-14,MANTENER,1,4.457040499116653,4.546455662532088,15.619696455794596
2015-02-15,MANTENER,1,5.104379261524364,4.583404840586537,6.594506207875295
2015-02-16,MANTENER,1,5.705755472263537,4.789816801728516,6.473384898714674
2015-02-17,MANTENER,1,5.416723943024685,4.98445373142337,9.395480091685204
2015-02-18,MANTENER,1,5.30012334835572,5.196804504856992,0.3811329878373293
2015-02-19,MANTENER,1,5.1350352940302,5.332403463839701,-6.850697357415569
2015-02-20,MANTENER,1,4.901305713384319,5.291788754211692,3.742156281762288
2015-02-21,MANTENER,1,4.675382799742494,5.0857142197074845,4.470438465027904
2015-02-22,MANTENER,1,4.443402184996216,4.89104986810179,-3.183422454335627
2015-02-23,MANTENER,1,4.390953898640909,4.709215978158828,1.0799334993691012
2015-02-24,MANTENER,1,4.190616621338125,4.520332243620413,-0.646326243213835
2015-02-25,MANTENER,1,3.987359881897247,4.337543077322999,-2.622080085515765
2015-02-26,MANTENER,1,3.801782082120559,4.162822933798611,-3.3719103695762698
2015-02-27,MANTENER,1,3.626110668471724,3.999364630493712,7.292251996782184
2015-02-28,MANTENER,1,4.132336456983562,3.947641142162243,6.23576065160032
2015-03-01,MANTENER,1,3.932105576397607,3.895938933174139,8.610408377469358
2015-03-02,MANTENER,1,3.8103747708294535,3.860541910960581,14.916324204319054
2015-03-03,MANTENER,1,4.06645055398779,3.913475605334027,17.52145189968255
2015-03-04,MANTENER,1,3.9263289849687015,3.973519268633422,7.315188936666583
2015-03-05,MANTENER,1,3.882652110429745,3.92358239932266,8.267645176618288
2015-03-06,MANTENER,1,3.711586167932433,3.879478517629624,4.699836202771035
2015-03-07,MANTENER,1,3.5651893072709537,3.830441424917925,0.2141474664397513
2015-03-08,MANTENER,1,3.4202676434545416,3.701204842811274,-2.6430502322510208
2015-03-09,MANTENER,1,3.2742089957796283,3.57078084497346,5.87160397511397
2015-03-10,MANTENER,1,3.566271271886679,3.507504677264847,5.488596188696437
2015-03-11,MANTENER,1,3.40622658764175,3.4464327612067107,8.318243477479914
2015-03-12,MANTENER,1,3.283940296663899,3.3901829590853,6.343711636225269
2015-03-13,MANTENER,1,3.1466748723298177,3.3354644048603546,3.9251699984807153
2015-03-14,MANTENER,1,3.185339140832821,3.317690433870993,-2.702559195394727
2015-03-15,MANTENER,1,3.0743332980022444,3.2193028390941065,-1.8566567770565527
2015-03-16,MANTENER,1,2.9773959693079544,3.133536715427347,-1.9715415071099864
2015-03-17,MANTENER,1,2.881251744605696,3.0529990050157068,-3.0523578737069457
2015-03-18,MANTENER,1,2.82636007722659,2.988936045995061,-10.732618203513056
2015-03-19,MANTENER,1,4.459645244413142,3.243797266711125,-7.72546791737545
2015-03-20,MANTENER,1,4.274234640816281,3.4837775352739326,-8.997900994640595
2015-03-21,MANTENER,1,4.065977464625252,3.7014938343373927,-11.114586145831318
2015-03-22,MANTENER,1,3.8781007869957,3.9008636428153927,-6.342187542866373
2015-03-23,MANTENER,1,3.809666364579388,4.097524900285952,3.9929589080689887
2015-03-24,MANTENER,1,3.633767765156177,3.93234940443456,-6.056069908635564
2015-03-25,MANTENER,1,4.40505837148819,3.958514150568941,-6.125394850703447
2015-03-26,MANTENER,1,4.188763620194036,3.9830713816826977,-4.520615621652091
2015-03-27,MANTENER,1,3.993981194067013,4.00624746309696,-8.133191694153208
2015-03-28,MANTENER,1,3.809441447390882,4.00620247965926,-5.36835973164056
2015-03-29,MANTENER,1,3.6971902519635806,4.01888697702074,-1.1804177922794423
2015-03-30,MANTENER,1,3.777413883942799,3.893358079511662,0.5383577193819988
2015-03-31,MANTENER,1,3.6476972015304128,3.7851447957789377,-1.74857676027953
2015-04-01,MANTENER,1,3.5093035816047657,3.688209273286488,0.0983191336509925
2015-04-02,MANTENER,1,3.366430085985513,3.599607001005414,0.0818503410544124
2015-04-03,MANTENER,1,3.289017358234743,3.517972422259647,4.672154035182263
2015-04-04,MANTENER,1,3.142999136630728,3.3910894727972325,2.462503514295822
2015-04-05,MANTENER,1,3.006063687303081,3.262762769951766,6.489312620116117
2015-04-06,MANTENER,1,2.993029823181572,3.159508018267128,3.27021570529773
2015-04-07,MANTENER,1,2.94366521700454,3.074955044470933,0.0691398602421955
2015-04-08,MANTENER,1,2.837111010980256,2.984573775020035,-3.7253189774064666
2015-04-09,MANTENER,1,2.9332451379005007,2.94262297527399,-4.030121308299872
2015-04-10,MANTENER,1,2.815998157022532,2.90460986921788,-9.884208953419815
2015-04-11,MANTENER,1,2.9022506250801365,2.886454029597593,-7.702305002904897
2015-04-12,MANTENER,1,2.77857446705066,2.853435879606817,-6.962076974529641
2015-04-13,MANTENER,1,2.6646596232545483,2.8189456020616754,-8.708483042999582
2015-04-14,MANTENER,1,3.0541813622246825,2.843132846926512,-10.60419748141026
2015-04-15,MANTENER,1,3.037513071680684,2.887435829858142,-5.323666479040679
2015-04-16,MANTENER,1,2.975517673625684,2.902089239567252,-3.4312439566113184
2015-04-17,MANTENER,1,2.917887135178981,2.929951773192916,-5.783739912622998
2015-04-18,MANTENER,1,2.922223605837369,2.9814645697094804,-0.5496261280582893
2015-04-19,MANTENER,1,2.7972687388784743,2.9300820450402387,1.55789880731243
2015-04-20,MANTENER,1,2.6846366377114923,2.8595067582464,0.3536623653803694
2015-04-21,MANTENER,1,2.587732526202885,2.78194972876184,2.887390280991476
2015-04-22,MANTENER,1,2.883118533643344,2.7749960084547127,4.94304470948963
2015-04-23,MANTENER,1,2.7672429379626484,2.7439998748797687,5.702061856189911
2015-04-24,MANTENER,1,2.6665481644249,2.717855759989054,3.8200768165056687
2015-04-25,MANTENER,1,2.6694027183338145,2.714808976113518,0.7822344568759299
2015-04-26,MANTENER,1,2.663842434939897,2.730030957860921,-6.969628674458406
2015-04-27,MANTENER,1,2.7648251799700216,2.706372287126256,-2.110283458775619
2015-04-28,MANTENER,1,2.990426288607465,2.751008957255219,-4.58943607099549
2015-04-29,MANTENER,1,2.9095900802108416,2.799617340412408,-2.3892159700584337
2015-04-30,MANTENER,1,2.785723588162313,2.822881514378108,4.218686818103734
2015-05-01,MANTENER,1,3.0201430906346665,2.894141645517061,5.604456665805735
2015-05-02,MANTENER,1,2.9512536632812982,2.9314273421793167,2.431745333938462
2015-05-03,MANTENER,1,2.84656184158504,2.902654452774832,6.22363041629308
2015-05-04,MANTENER,1,2.8150404780384832,2.88374453234036,5.685381064947848
2015-05-05,MANTENER,1,2.706130390020041,2.867825892711906,-0.010164642336008
2015-05-06,MANTENER,1,2.631805753326134,2.790158425250199,-0.9946785056030194
2015-05-07,MANTENER,1,2.689757536364665,2.7378591998668727,1.0180863930885131
2015-05-08,MANTENER,1,2.7703383774898693,2.722614507047839,1.4477133538542295
2015-05-09,MANTENER,1,2.7850167733269893,2.71660976610554,1.1704387855962397
2015-05-10,MANTENER,1,2.687158449762187,2.712815378053969,1.7527123784653045
2015-05-11,MANTENER,1,2.5895095677909703,2.704356140946936,5.2459402065276
2015-05-12,MANTENER,1,2.495463751347927,2.6654973839435883,1.579312361664709
2015-05-13,MANTENER,1,2.4058936489636062,2.592608438238336,-3.1178635801054178
2015-05-14,MANTENER,1,2.414807147869412,2.5185665131468205,-2.048275143044353
2015-05-15,MANTENER,1,2.32430320831588,2.445995464857559,-1.1261905531769756
2015-05-16,MANTENER,1,2.240563424071952,2.3762062361137555,-2.511052580221129
2015-05-17,MANTENER,1,2.175526494463271,2.312218784736824,-1.8037196634258728
2015-05-18,MANTENER,1,2.1025827722572976,2.2515566093955623,-1.3840298821372166
2015-05-19,MANTENER,1,2.1071212141971984,2.19001942266112,-2.1251597667402145
2015-05-20,MANTENER,1,2.049070689604668,2.1349729189188773,-1.5211554628934645
2015-05-21,MANTENER,1,2.000498695571586,2.0869599732188044,-0.3431650854564871
2015-05-22,MANTENER,1,1.9454994545259323,2.040954565231337,1.4863545904542974
2015-05-23,MANTENER,1,1.9957225264372025,2.019582516067317,2.4340133966161304
2015-05-24,MANTENER,1,1.9507590886977324,1.988310090967424,3.809298175078002
2015-05-25,MANTENER,1,1.909656400412249,1.9604272331289403,1.3126112625191588
2015-05-26,MANTENER,1,1.9399377943521543,1.948315052885054,0.7501212863822104
2015-05-27,MANTENER,1,1.8848632721425604,1.93618781640838,-1.2834361408711636
2015-05-28,MANTENER,1,1.8338437687570044,1.90381206487234,-0.6147618511379349
2015-05-29,MANTENER,1,1.7870327956906276,1.87106680627092,-1.6136812820012558
2015-05-30,MANTENER,1,1.745923243668036,1.8383201749220768,-1.600612069635421
2015-05-31,MANTENER,1,1.795307673135511,1.809394150678748,-2.964439608001168
2015-06-01,MANTENER,1,1.8167874018869985,1.7957789766276355,-6.241368683784199
2015-06-02,MANTENER,1,2.0753334510740267,1.84407691309104,-5.01172899097968
2015-06-03,MANTENER,1,2.0441374209342293,1.89549783813976,-4.848780273359843
2015-06-04,MANTENER,1,1.9807690614189808,1.9424670016899488,-3.942659214524724
2015-06-05,MANTENER,1,1.9401440370638705,1.9714342744756213,-2.3018037801554314
2015-06-06,MANTENER,1,1.8852945485717727,1.9851357038125763,1.200789571797145
2015-06-07,MANTENER,1,1.8349892738260047,1.937066868362972,-1.3024928197280516
2015-06-08,MANTENER,1,1.8405717917334727,1.8963537425228207,1.1510771856584334
2015-06-09,MANTENER,1,1.9497879044115007,1.8901575111213245,2.084014848542992
2015-06-10,MANTENER,1,1.8939071216146528,1.880910128031481,1.6974316436245471
2015-06-11,MANTENER,1,1.843619328984755,1.8725750841140767,1.7948134408316108
2015-06-12,MANTENER,1,1.79795918289372,1.8651690659276208,3.1363039683642846
2015-06-13,MANTENER,1,1.753948909884529,1.847844489557832,1.698053761618734
2015-06-14,MANTENER,1,1.7395171656807478,1.8057903418116807,1.943460449726686
2015-06-15,MANTENER,1,1.704512944486666,1.7679115063860835,3.4451674325957526
2015-06-16,MANTENER,1,1.7185069182933514,1.742889024247803,8.823865699208522
2015-06-17,MANTENER,1,2.487170677240275,1.8807313231171137,8.059177341891566
2015-06-18,MANTENER,1,2.4043545770027643,2.010812456540761,6.901242391378037
2015-06-19,MANTENER,1,2.3155983821309727,2.1260286998308056,4.628255308087592
2015-06-20,MANTENER,1,2.316283350979002,2.248382781129273,3.4810146980789547
2015-06-21,MANTENER,1,2.232872120074953,2.351255821485593,-2.809585018816652
2015-06-22,MANTENER,1,2.1652636675531607,2.2868744195481705,-0.9244922836719738
2015-06-23,MANTENER,1,2.1236204865491457,2.2307276014574464,-1.910039741196634
2015-06-24,MANTENER,1,2.091952404476381,2.1859984059265285,-1.6866309149416558
2015-06-25,MANTENER,1,2.097307724158612,2.1422032805624505,-0.9889241435626416
2015-06-26,MANTENER,1,2.047024703096597,2.105033797166779,-0.1435810819573113
2015-06-27,MANTENER,1,1.9842777245195065,2.0688366085600483,1.6065247367786917
2015-06-28,MANTENER,1,2.138223606584867,2.071757232567193,1.9116452264166028
2015-06-29,MANTENER,1,2.088819766240888,2.071130704920094,6.654260796005662
2015-06-30,MANTENER,1,2.2522491363075163,2.1021189873498747,8.019380066279957
2015-07-01,MANTENER,1,2.2859110416166075,2.149896255053877,5.986079709661496
2015-07-02,MANTENER,1,2.283129067769885,2.209666523703953,1.7464818066022405
2015-07-03,MANTENER,1,2.2464760114050315,2.2313170046679858,2.8991999621172937
2015-07-04,MANTENER,1,2.1691123194165325,2.2473755153031143,1.4758414805446485
2015-07-05,MANTENER,1,2.1621525722666286,2.229356202494937,3.3054416907766004
2015-07-06,MANTENER,1,2.462651561505329,2.264704306472681,3.945921497633531
2015-07-07,MANTENER,1,2.399893240710678,2.28805714106084,4.139626673194918
2015-07-08,MANTENER,1,2.341733070533575,2.307108552886549,5.483608340540069
2015-07-09,MANTENER,1,2.3136815763430265,2.336022404271848,3.1475114569087026
2015-07-10,MANTENER,1,2.241721360913448,2.351936162001212,4.663508342550493
2015-07-11,MANTENER,1,2.8111899259327813,2.421643834886702,8.574209715368752
2015-07-12,MANTENER,1,2.834351051776411,2.5085353970998483,15.509097772834313
2015-07-13,MANTENER,1,3.295540567308479,2.6992968964548294,7.561350576153014
2015-07-14,MANTENER,1,3.764763513547852,2.989513283895794,6.553900517677924
2015-07-15,MANTENER,1,3.6293624485545934,3.2670415014240235,0.3276539961716729
2015-07-16,MANTENER,1,3.4669384787604454,3.3981912119895563,-5.262382245150032
2015-07-17,MANTENER,1,3.435958160617655,3.5185126337578057,-10.646312758878462
2015-07-18,MANTENER,1,3.280340763423124,3.5154726729807337,-6.052763095331315
2015-07-19,MANTENER,1,3.1847950373066074,3.3994789777324854,-4.937919363927268
2015-07-20,MANTENER,1,3.048893618573912,3.2833852117363485,-2.42501304142193
2015-07-21,MANTENER,1,2.974638549528065,3.184925225889873,-0.8145529265354057
2015-07-22,MANTENER,1,2.875374610581781,3.0728085158826977,-0.8083479879755551
2015-07-23,MANTENER,1,2.7560633434919297,2.967953031896459,0.4167390470792398
2015-07-24,MANTENER,1,2.647949273330437,2.860583879101225,5.220694084241551
2015-07-25,MANTENER,1,2.8851320035756203,2.827831556101567,3.4234029402455235
2015-07-26,MANTENER,1,2.7624714648661146,2.7853981391691764,5.930473941287406
2015-07-27,MANTENER,1,2.6786673604151345,2.746056689135848,5.748143851154897
2015-07-28,MANTENER,1,2.5705064780396243,2.7089453160453862,6.445267436538327
2015-07-29,MANTENER,1,2.469388893584288,2.6732332400961565,0.4540772042710195
2015-07-30,MANTENER,1,2.444225016729384,2.585051842726909,-0.3382980346847475
2015-07-31,MANTENER,1,2.364727479312968,2.50550304561628,-2.7840043904419964
2015-08-01,MANTENER,1,2.3105131305354853,2.43187219964035,-4.180879092546785
2015-08-02,MANTENER,1,2.261104175765316,2.369991739185488,-4.094904385390397
2015-08-03,MANTENER,1,2.1826446910258768,2.312642898673806,-2.930398094723952
2015-08-04,MANTENER,1,2.118121551791352,2.2474222056861994,-0.8740928782558832
2015-08-05,MANTENER,1,2.090847529950538,2.192646215813714,-0.9771831010578323
2015-08-06,MANTENER,1,2.067346491679637,2.1440128880425435,-1.0796734826575616
2015-08-07,MANTENER,1,2.0462859839648764,2.101049249682456,-1.0775727096702603
2015-08-08,MANTENER,1,1.9839940361391424,2.061319118705109,-7.465318738600501
2015-08-09,MANTENER,1,2.979329390131726,2.233560686373184,-7.3210740820111475
2015-08-10,MANTENER,1,2.887951806126792,2.3929815416084343,-6.376067501312832
2015-08-11,MANTENER,1,2.7675255918320163,2.5330173616389104,-2.984397028772801
2015-08-12,MANTENER,1,2.737757360873684,2.671311637020672,-4.8397459191948045
2015-08-13,MANTENER,1,2.676984210208821,2.809909671834608,1.1743088148167935
2015-08-14,MANTENER,1,2.5882348980098566,2.7316907734102336,0.2249535534621038
2015-08-15,MANTENER,1,2.490288934821241,2.652158199149124,-1.1098554363278446
2015-08-16,MANTENER,1,2.456413527488478,2.5899357862804164,-4.492778861869606
2015-08-17,MANTENER,1,2.3998926922238675,2.522362852550453,-3.204226265422694
2015-08-18,MANTENER,1,2.312675346969643,2.449501079902617,-22.40195905793163
2015-08-19,MANTENER,1,6.922113047060461,3.3162767097127377,-15.873554702441515
2015-08-20,MANTENER,1,6.944388232796423,4.207096569307774,-10.555547978699575
2015-08-21,MANTENER,1,6.686784134265121,5.053170690663103,-10.573577225555296
2015-08-22,MANTENER,1,6.353587162307675,5.843909584679865,-11.309308599000456
2015-08-23,MANTENER,1,6.034801270378828,6.588334769361701,7.785416415234092
2015-08-24,MANTENER,1,5.735148498417712,6.350941859633151,-7.409512580185584
2015-08-25,MANTENER,1,6.055948680730122,6.173253949219891,-6.015925520843979
2015-08-26,MANTENER,1,5.970730096728819,6.030043141712631,-2.940005242091015
2015-08-27,MANTENER,1,5.692510317816998,5.897827772814496,-2.4700326789407256
2015-08-28,MANTENER,1,5.404824226589374,5.771832364056605,1.4043901373494982
2015-08-29,MANTENER,1,5.208926064332895,5.666587877239641,8.766044743833401
2015-08-30,MANTENER,1,4.952800716991815,5.445958284491981,3.1763258795663774
2015-08-31,MANTENER,1,4.707874269289606,5.193387119004138,1.8535852665766408
2015-09-01,MANTENER,1,4.475860465384851,4.9500571485177085,1.4803003905059064
2015-09-02,MANTENER,1,4.2668414185204,4.722460586903914,-0.9169116706035928
2015-09-03,MANTENER,1,4.060466724707818,4.4927687189788985,-1.1366469919385835
2015-09-04,MANTENER,1,3.879400144365829,4.278088604453701,0.6696343117805981
2015-09-05,MANTENER,1,3.716094901001157,4.079732730796011,2.1343593506554903
2015-09-06,MANTENER,1,3.5945082802563526,3.903462293770312,5.009581951684705
2015-09-07,MANTENER,1,3.4822142122971407,3.7465368525256593,4.503982562321607
2015-09-08,MANTENER,1,3.3217514344154013,3.598793794467176,6.980039481352751
2015-09-09,MANTENER,1,3.204868760256485,3.463887517645308,3.3602163445450195
2015-09-10,MANTENER,1,3.157816425405473,3.3522318225261705,1.4606540612921215
2015-09-11,MANTENER,1,3.0175158828936115,3.2368333430536227,0.1112615866269983
2015-09-12,MANTENER,1,2.891855380226022,3.1187615766393986,-1.9441696211792705
2015-09-13,MANTENER,1,2.857580410134376,3.0259273717831934,-5.525335578408619
2015-09-14,MANTENER,1,2.8243975194214825,2.949833123616193,-3.2100919879163747
2015-09-15,MANTENER,1,2.7058214474444835,2.859434128023995,-3.487271157062377
2015-09-16,MANTENER,1,2.596569595767702,2.775244870598813,-4.69653154994738
2015-09-17,MANTENER,1,2.502212687115706,2.69731633197675,-2.3306654404392724
2015-09-18,MANTENER,1,2.4061113776786063,2.607022525485596,1.062828464708776
2015-09-19,MANTENER,1,2.350806218481738,2.512304265297647,0.3674235089037303
2015-09-20,MANTENER,1,2.2780987274030817,2.4267597212893666,0.3934883815901457
2015-09-21,MANTENER,1,2.198550392472608,2.347155880630348,-0.8794893154727035
2015-09-22,MANTENER,1,2.2135215298875104,2.289417649184709,0.3509775676533877
2015-09-23,MANTENER,1,2.1862477799650897,2.2454449296420056,-1.162216985513265
2015-09-24,MANTENER,1,2.113783255334744,2.198040337012607,1.3029658144271927
2015-09-25,MANTENER,1,2.118173177514348,2.1660552270348603,1.6863017645639466
2015-09-26,MANTENER,1,2.0494306230543446,2.1362312731512074,3.144861031528734
2015-09-27,MANTENER,1,1.9912241112616536,2.091771789426036,0.9232361529204702
2015-09-28,MANTENER,1,1.9492238498504264,2.044367003403104,3.774850259723373
2015-09-29,MANTENER,1,2.0700778994792337,2.0356259322320014,0.915930092749928
2015-09-30,MANTENER,1,2.039394000900272,2.0198700969091865,0.3887919161396524
2015-10-01,MANTENER,1,1.980219838842697,2.006027940066857,1.3600864413468194
2015-10-02,MANTENER,1,1.9284929469264769,1.993481707199821,1.930065424401484
2015-10-03,MANTENER,1,1.8754313312460047,1.9787232034789368,-0.1724322290140634
2015-10-04,MANTENER,1,1.831676423202068,1.931042908223504,0.6619750325283391
2015-10-05,MANTENER,1,1.7879623372226912,1.880756575487988,1.814746674640233
2015-10-06,MANTENER,1,1.762229711783625,1.837158550076173,3.521371406653006
2015-10-07,MANTENER,1,1.8647081462040964,1.824401589931697,2.363817767537224
2015-10-08,MANTENER,1,1.870528294043193,1.8234209824911347,1.485995135149576
2015-10-09,MANTENER,1,1.8251906929275168,1.8221238364362249,2.3527068877004176
2015-10-10,MANTENER,1,1.787668251048903,1.822065019201467,1.8783875389064344
2015-10-11,MANTENER,1,1.747010733855172,1.8190212236157763,0.4003142551879612
2015-10-12,MANTENER,1,1.7237153017495532,1.7908226547248678,0.958071931524973
2015-10-13,MANTENER,1,1.7074971860706865,1.7582164331303662,2.929782151966709
2015-10-14,MANTENER,1,1.7473060735061765,1.7426395092460982,3.250003205215002
2015-10-15,MANTENER,1,1.7304136910156882,1.7311885972394552,3.757600360769331
2015-10-16,MANTENER,1,1.7116573823141013,1.7241179269312412,6.206500607250476
2015-10-17,MANTENER,1,1.9675872543145527,1.772892317444241,9.827502021202328
2015-10-18,MANTENER,1,2.113466523120824,1.854086184854268,4.749003849928268
2015-10-19,MANTENER,1,2.340040086417212,1.972632987436476,4.44288652275544
2015-10-20,MANTENER,1,2.261836907551945,2.078917630743727,5.783779135520017
2015-10-21,MANTENER,1,2.28953925267343,2.194494004815593,1.2862590920457606
2015-10-22,MANTENER,1,2.248695920434401,2.2507157380395624,1.242250329325678
2015-10-23,MANTENER,1,2.3455146363910573,2.2971253606936086,5.52153625661802
2015-10-24,MANTENER,1,2.273547306334544,2.283826804677076,6.686504309705832
2015-10-25,MANTENER,1,2.26305428860149,2.2840702808869846,5.141567975033201
2015-10-26,MANTENER,1,2.1915562547143166,2.264473681295162,6.9022860795287855
2015-10-27,MANTENER,1,2.1217711548544123,2.2390887281791643,6.964631778988917
2015-10-28,MANTENER,1,2.2453568667386943,2.219057174248692,9.686220801910306
2015-10-29,MANTENER,1,2.445696947659919,2.253487102513766,10.825179302631671
2015-10-30,MANTENER,1,2.5295107277506177,2.306778390343592,14.52125671963227
2015-10-31,MANTENER,1,2.800952968666218,2.428657733133972,9.638024579955218
2015-11-01,MANTENER,1,3.046217763752824,2.6135470549136546,10.229205717955558
2015-11-02,MANTENER,1,3.114835288502629,2.7874427392664414,17.034278391666646
2015-11-03,MANTENER,1,4.476802195735919,3.1936637888816417,25.10396162426725
2015-11-04,MANTENER,1,5.54124106548129,3.796009856427776,22.690269464177515
2015-11-05,MANTENER,1,5.293791808439619,4.294577624382456,20.68325965107753
2015-11-06,MANTENER,1,5.443724118683944,4.77407889536868,14.03612393389606
2015-11-07,MANTENER,1,5.2733952616784645,5.205790890003848,6.768392705315929
2015-11-08,MANTENER,1,5.102103162847963,5.330851083426256,-7.740618787546083
2015-11-09,MANTENER,1,4.982113632760341,5.219025596882067,-7.911476860988742
2015-11-10,MANTENER,1,4.764022985015333,5.113071832197209,-13.720836293962524
2015-11-11,MANTENER,1,6.026184157536396,5.2295638399677005,-18.544867615334404
2015-11-12,MANTENER,1,6.288173874101209,5.432519562452248,-13.358975888346247
2015-11-13,MANTENER,1,6.532590902305048,5.718617110343665,-10.32148627982794
2015-11-14,MANTENER,1,6.196230289048764,5.96144044160135,-13.29871242858056
2015-11-15,MANTENER,1,5.89095221732002,6.186826288062288,-5.070613002917934
2015-11-16,MANTENER,1,5.73935341091656,6.129460138738319,6.130282778221119
2015-11-17,MANTENER,1,5.5393209230606,5.979689548530198,-0.908445036968164
2015-11-18,MANTENER,1,5.270841523425929,5.727339672754374,-0.6443805657867507
2015-11-19,MANTENER,1,5.004679266263578,5.489029468197337,-2.050589370819278
2015-11-20,MANTENER,1,4.832094707863664,5.277257966306065,0.5780311273475114
2015-11-21,MANTENER,1,4.612960336762244,5.051979351475203,-1.162893746903748
2015-11-22,MANTENER,1,4.407270898030513,4.825569346469186,-3.2014568995787585
2015-11-23,MANTENER,1,4.199942872728441,4.611389616329688,-3.5111193771760085
2015-11-24,MANTENER,1,4.000166466848093,4.410487056446591,-1.8889587554806293
2015-11-25,MANTENER,1,3.823305003035053,4.208729115480868,1.902156463626792
2015-11-26,MANTENER,1,3.72353617740212,4.030844283608844,7.583553452438974
2015-11-27,MANTENER,1,4.225087988049083,3.9944077016125576,9.825377313666015
2015-11-28,MANTENER,1,4.044262488796487,3.963271624826168,10.100777610467748
2015-11-29,MANTENER,1,3.850598440378148,3.933358019532178,14.852951452199203
2015-11-30,MANTENER,1,3.85832789450653,3.9403625978264736,13.945488153957708
2015-12-01,MANTENER,1,3.706036327189435,3.936862627783937,2.7418943599882617
2015-12-02,MANTENER,1,3.77812453728716,3.847469937631552,0.3192900727009728
2015-12-03,MANTENER,1,3.61503997257217,3.761625434386688,1.020287325111191
2015-12-04,MANTENER,1,3.448464703933906,3.68119868709784,-2.208734092759279
2015-12-05,MANTENER,1,3.293317925551676,3.568196693306869,3.0351920582834424
2015-12-06,MANTENER,1,3.828567061747091,3.5927028402184007,7.002993186479234
2015-12-07,MANTENER,1,3.647017907571643,3.566481514275297,9.639865738193
2015-12-08,MANTENER,1,3.5145652751533447,3.546386574791532,14.06288528371844
2015-12-09,MANTENER,1,3.6981836400784887,3.5963303620204483,13.952852526477866
2015-12-10,MANTENER,1,3.526053587598565,3.6428774944298254,6.59838380973099
2015-12-11,MANTENER,1,3.368765126236787,3.550917107327765,15.052365600404904
2015-12-12,MANTENER,1,4.191785058541201,3.6598705375216767,9.509732159649342
2015-12-13,MANTENER,1,4.188631596439746,3.7946838017789575,4.28456706785223
2015-12-14,MANTENER,1,3.987246976842135,3.852496469131687,6.179900069607935
2015-12-15,MANTENER,1,3.865322040279537,3.920350159667881,11.329544005679004
2015-12-16,MANTENER,1,3.963219821724637,4.039241098765451,0.6607356202801284
2015-12-17,MANTENER,1,3.8515877039719015,3.971201627851591,4.732469810123341
2015-12-18,MANTENER,1,3.6684599503286814,3.8671672986293775,6.657674775900269
2015-12-19,MANTENER,1,3.530633364109259,3.775844576082803,4.002719472738914
2015-12-20,MANTENER,1,3.369496670602033,3.676679502147303,-4.986907030226284
2015-12-21,MANTENER,1,3.5274430819398668,3.589524154190349,-3.647556398149909
2015-12-22,MANTENER,1,3.380953111404454,3.495397235676859,-4.371056450223154
2015-12-23,MANTENER,1,3.232392322156485,3.40818371004242,-4.683990477741329
2015-12-24,MANTENER,1,3.111863650101005,3.324429767240768,-1.5997179290226704
2015-12-25,MANTENER,1,3.099039772928182,3.2703383877059986,2.887313748285792
2015-12-26,MANTENER,1,2.962505720069216,3.1573509153318686,-4.993371980760664
2015-12-27,MANTENER,1,4.053113829887138,3.2917830590284054,-3.1999642299165743
2015-12-28,MANTENER,1,3.877074513659004,3.420719497328909,-4.65504994462238
2015-12-29,MANTENER,1,3.693097069167488,3.5369661811422057,-4.956594897034616
2015-12-30,MANTENER,1,3.603038549200682,3.6377659363967054,-6.583791232284852
2015-12-31,MANTENER,1,3.4741996437888645,3.740104721140635,3.13598636569914
2016-01-01,MANTENER,1,3.3240405231420684,3.5942900597916214,2.6860210522893446
2016-01-02,MANTENER,1,3.1824356143830603,3.4553622799364327,2.608252367600805
2016-01-03,MANTENER,1,3.0424754393420623,3.3252379539713472,-0.6887712247269029
2016-01-04,MANTENER,1,2.9248320572577224,3.1895966555827555,1.505419965814525
2016-01-05,MANTENER,1,2.806068715552857,3.0559704699355543,0.3230059159895937
2016-01-06,MANTENER,1,2.691547840523852,2.929471933411911,-1.211218783529855
2016-01-07,MANTENER,1,2.5944023623519787,2.8118652830056945,5.522525413657142
2016-01-08,MANTENER,1,3.2441047907402765,2.852191153285337,5.258898918153854
2016-01-09,MANTENER,1,3.12202418601195,2.891629579036183,3.29766592648344
2016-01-10,MANTENER,1,3.017107305280326,2.9338372969816766,3.644016535001793
2016-01-11,MANTENER,1,2.8858717050090124,2.972702069878709,4.40464838108241
2016-01-12,MANTENER,1,2.763170051776413,3.006455607763596,-5.004300428580866
2016-01-13,MANTENER,1,2.822720812306329,2.922178812076806,-4.711572607529213
2016-01-14,MANTENER,1,2.719558391871714,2.841685653248759,-3.9427951801164873
2016-01-15,MANTENER,1,2.615236557993724,2.761311503791439,-20.67103592592688
2016-01-16,MANTENER,2,5.994293140158625,3.382995790821361,-14.593937821563864
2016-01-17,MANTENER,2,6.015434145934601,4.033448609652998,-13.072793256307325
2016-01-18,MANTENER,2,5.726227248732246,4.614149896938182,-11.0425315600434
2016-01-19,MANTENER,2,5.445731592821103,5.15938453712806,-12.39333364898032
2016-01-20,MANTENER,2,5.207518165341288,5.677840858597572,14.27394289064834
2016-01-21,MANTENER,2,5.896516958005088,5.658285622166866,5.69871885089972
2016-01-22,MANTENER,2,5.653500872226583,5.585898967425261,0.0504695176110736
2016-01-23,MANTENER,2,5.8430785290153855,5.609269223481889,0.0833910319296471
2016-01-24,MANTENER,2,5.556389183210832,5.631400741559835,5.830137320826445
2016-01-25,MANTENER,2,5.414758634825778,5.672848835456732,-7.023955712641072
2016-01-26,MANTENER,2,5.228294468898785,5.539204337635472,-4.514385556986333
2016-01-27,MANTENER,2,4.963786781510513,5.401261519492259,3.2107088484711888
2016-01-28,MANTENER,2,4.718485231686882,5.176342860026558,-1.8761121952071136
2016-01-29,MANTENER,2,4.660094343474518,4.997083892079295,-6.007853894232795
2016-01-30,MANTENER,2,4.429983983227371,4.800128961759614,-3.49940651931
2016-01-31,MANTENER,2,4.214537563730871,4.597377580726031,-6.148710471032892
2016-02-01,MANTENER,2,4.101689309074965,4.424958086238922,-5.708629622046146
2016-02-02,MANTENER,1,3.917582433442841,4.264777526590113,-1.5478557536495074
2016-02-03,MANTENER,1,3.7310938623917775,4.078977430373565,-2.542090855781076
2016-02-04,MANTENER,1,3.5813555831424524,3.9092517503565816,2.953657193888226
2016-02-05,MANTENER,1,3.7874158583392994,3.8238274092782674,4.709366417686667
2016-02-06,MANTENER,1,3.620034557868935,3.7274964590370616,0.9247945128417534
2016-02-07,MANTENER,1,3.564703806050281,3.656920733558549,0.5783772294614131
2016-02-08,MANTENER,1,3.3990499166558075,3.590511944411355,0.9410897219718884
2016-02-09,MANTENER,1,3.2588224632373706,3.5260053204303388,-3.543891019897938
2016-02-10,MANTENER,1,3.1174820299851023,3.392018554759499,-1.275736433331609
2016-02-11,MANTENER,1,3.0121897994226434,3.270449603070241,0.8283802862620426
2016-02-12,MANTENER,1,2.8889467521131618,3.135298192282817,2.0090506664970142
2016-02-13,MANTENER,1,2.788206380306203,3.013129485012896,4.8128526382622105
2016-02-14,MANTENER,1,2.7373343659741933,2.908831865560261,7.971191737060934
2016-02-15,MANTENER,1,2.8891825945969574,2.863171978482632,4.742563059160432
2016-02-16,MANTENER,1,2.832104582208608,2.8271549350398244,7.075121081153668
2016-02-17,MANTENER,1,2.767387185260842,2.8028430216693607,8.013176235425057
2016-02-18,MANTENER,1,2.7322915614793044,2.791660057903981,7.498418060846035
2016-02-19,MANTENER,1,2.654431327587292,2.7750794502266003,3.2743859732311087
2016-02-20,MANTENER,0,2.5523419550587234,2.707711322318954,8.838147999824564
2016-02-21,MANTENER,1,2.7293763795035666,2.687165681777945,7.402767939286647
2016-02-22,MANTENER,1,2.6182664264726383,2.6573415300203047,5.018439237808003
2016-02-23,MANTENER,0,2.516213132531454,2.6141258442307347,-0.3883235755948178
2016-02-24,MANTENER,1,2.75870171564998,2.6349799218432723,0.98612262641673
2016-02-25,MANTENER,1,2.6595145609395376,2.656414443019435,-2.9292747399164654
2016-02-26,MANTENER,0,2.5528908383902333,2.621117334796769,-1.5261783110404714
2016-02-27,MANTENER,0,2.510369020796788,2.5995378536615985,-1.2017085159548913
2016-02-28,MANTENER,0,2.41296532176074,2.578888291507456,2.989547771639068
2016-02-29,MANTENER,0,2.322563799725126,2.4916607083224847,2.954362015820866
2016-03-01,MANTENER,0,2.254784685034592,2.4107147331414955,2.4613050511597123
2016-03-02,MANTENER,0,2.1878213279933654,2.337700831062122,-1.906985310866638
2016-03-03,MANTENER,0,2.2901228321333065,2.293651593329426,-2.544832486129689
2016-03-04,MANTENER,0,2.219197071834324,2.2548979433441425,-5.345624462805443
2016-03-05,MANTENER,0,2.314657250683441,2.253316633535806,-8.863831848224635
2016-03-06,MANTENER,0,2.3947455987289046,2.2813088162746684,-6.507993623618358
2016-03-07,MANTENER,0,2.3661004080375534,2.316964632283506,-2.306647327290801
2016-03-08,MANTENER,0,2.329121800872327,2.3247644260313103,-1.8379657845852824
2016-03-09,MANTENER,0,2.245471112503017,2.3300192341650487,0.949630490699338
2016-03-10,MANTENER,0,2.167023217622082,2.3004924275527765,4.051179878097866
2016-03-11,MANTENER,0,2.098596852236818,2.241262678254359,3.3721671758864424
2016-03-12,MANTENER,0,2.054695787640836,2.178981754175016,-0.6530776374575886
2016-03-13,MANTENER,0,2.1544842237160577,2.144054238743762,0.0224670105182234
2016-03-14,MANTENER,0,2.0880289927858406,2.112565814800327,0.3796484233306252
2016-03-15,MANTENER,0,2.026260477708922,2.084413266817695,-0.0721917222094248
2016-03-16,MANTENER,0,1.964056840037543,2.05750526437784,-1.11578851581271
2016-03-17,MANTENER,0,1.906847090763732,2.027935525002419,2.1621901821853307
2016-03-18,MANTENER,0,1.869329454711918,1.9709045712015911,-1.0968849553310456
2016-03-19,MANTENER,0,2.032878399615602,1.959874452567544,-1.4498061661786463
2016-03-20,MANTENER,0,1.9703708155124835,1.948696520128256,-0.7404409590758831
2016-03-21,MANTENER,0,1.9251015787461685,1.9409054678699809,-0.8921892798742448
2016-03-22,MANTENER,0,1.8723183206229423,1.933999713841823,-0.6037893091850322
2016-03-23,MANTENER,0,1.8523437711713604,1.930602577133712,2.052535553920088
2016-03-24,MANTENER,0,1.8044148132446045,1.884909859859512,1.4392456137310106
2016-03-25,MANTENER,0,1.76795169167179,1.8444260350913733,0.8236573842760109
2016-03-26,MANTENER,0,1.7265616770370942,1.8047180547495585,1.1159187680861216
2016-03-27,MANTENER,0,1.688658381876388,1.7679860670002476,2.053924193853529
2016-03-28,MANTENER,0,1.7723936625641368,1.7519960452788026,1.4698610632580156
2016-03-29,MANTENER,0,1.746266815513316,1.7403664457325452,0.0292897816334125
2016-03-30,MANTENER,0,1.8214078735437087,1.751057682106929,-0.5675525483231247
2016-03-31,MANTENER,0,1.783915873663361,1.762528521432182,-0.2913722631609161
2016-04-01,MANTENER,0,1.7444578467746883,1.7736884144118423,-2.084783104451837
2016-04-02,MANTENER,0,1.7058156404827034,1.7603728099955551,-0.7946997026454738
2016-04-03,MANTENER,0,1.6797694082544397,1.7470733285437805,1.0479904321237576
2016-04-04,MANTENER,0,1.646232244968619,1.7120382028287622,1.585183898605802
2016-04-05,MANTENER,0,1.6151843652591262,1.6782919011479156,1.7368064754258228
2016-04-06,MANTENER,0,1.594723948125061,1.64834512141799,1.2962335072186804
2016-04-07,MANTENER,0,1.5707371873748337,1.621329430796416,0.4438057016909802
2016-04-08,MANTENER,0,1.5491944954404082,1.5952144482336097,-0.1319443169697898
2016-04-09,MANTENER,0,1.5434179857886223,1.5746515963976104,-0.4835538676092099
2016-04-10,MANTENER,0,1.5258620298406909,1.5567871293139235,-0.5832610983612874
2016-04-11,MANTENER,0,1.510950427734384,1.5400324252357878,-0.2198835447326352
2016-04-12,MANTENER,0,1.492518410554129,1.524388669871647,0.576698475146209
2016-04-13,MANTENER,0,1.484904530542572,1.5115306768920795,0.8020604326292258
2016-04-14,MANTENER,0,1.476492514217976,1.4981455825779506,1.1546987310542711
2016-04-15,MANTENER,0,1.461034024397764,1.485179981489365,1.914597994885004
2016-04-16,MANTENER,0,1.4941507355796315,1.4818200430584143,1.8965322944302088
2016-04-17,MANTENER,0,1.477203036503668,1.4787569682483224,0.518183871877298
2016-04-18,MANTENER,0,1.488406717078172,1.4794574055554424,1.1397171582162358
2016-04-19,MANTENER,0,1.4726471728913133,1.4786883372901096,2.611710915508514
2016-04-20,MANTENER,0,1.5342604861334224,1.4933336296372413,2.680901641959021
2016-04-21,MANTENER,0,1.5639474068761454,1.5072929638965442,4.285442448031862
2016-04-22,MANTENER,0,1.6338479725532853,1.5386219511064678,4.201111858511908
2016-04-23,MANTENER,0,1.6332360554954333,1.56758781878992,4.937098969999632
2016-04-24,MANTENER,0,1.6291015358458312,1.5988786913808235,5.156475676269867
2016-04-25,MANTENER,0,1.691567654211518,1.6303401249964429,4.439509332738112
2016-04-26,MANTENER,0,1.6644518934164465,1.6504410223045027,3.6407619195849774
2016-04-27,MANTENER,0,1.6566188693478554,1.6549952016634168,-0.235840064149162
2016-04-28,MANTENER,0,2.256894453655776,1.7797268812954854,-0.2826726014091285
2016-04-29,MANTENER,0,2.194518171471406,1.8928102084206,-0.756967512680351
2016-04-30,MANTENER,0,2.156343013387755,1.985765280255848,-2.881889648782643
2016-05-01,MANTENER,0,2.1500758846175225,2.082890078496063,-3.0970987053858146
2016-05-02,MANTENER,0,2.0896404690461208,2.169494398435716,-0.0040490806224369
2016-05-03,MANTENER,0,2.0993424979019286,2.1379840072849463,0.2875522367332905
2016-05-04,MANTENER,0,2.064608081006296,2.1120019891919246,-1.857410646531843
2016-05-05,MANTENER,0,2.021815951055048,2.085096576725383,-0.0763097810856372
2016-05-06,MANTENER,0,1.960573067432981,2.047196013288475,1.6957473549825686
2016-05-07,MANTENER,0,2.061270039075924,2.0415219272944354,3.070862949929598
2016-05-08,MANTENER,0,1.9997337341144816,2.021600174536946,1.81421062250271
2016-05-09,MANTENER,0,1.9399643775496485,1.9966714338456164,3.033949901268329
2016-05-10,MANTENER,0,1.8869072944492948,1.969689702524466,0.6494783086054667
2016-05-11,MANTENER,0,1.9731577034795675,1.9722066297337832,-1.507156982856639
2016-05-12,MANTENER,0,1.9172085409564088,1.94339433010988,-0.8255847324466714
2016-05-13,MANTENER,0,1.8664739359888507,1.916742370484754,-0.6296091685922711
2016-05-14,MANTENER,0,1.8170061588077628,1.8921507267363769,-1.0504906410827353
2016-05-15,MANTENER,0,1.7718877253318168,1.8691468129128808,1.4691020544008282
2016-05-16,MANTENER,0,1.732608005253946,1.8210368732677569,0.31646554439968
2016-05-17,MANTENER,0,1.7175880898851297,1.781112783053501,-0.2163894547068778
2016-05-18,MANTENER,0,1.6817153750260052,1.744161070860932,-0.2309213570591772
2016-05-19,MANTENER,0,1.6476726892723956,1.7102943769538588,-3.7921044748183697
2016-05-20,MANTENER,0,2.011210341362778,1.7581589001600508,-3.3087378709097948
2016-05-21,MANTENER,0,1.966232853670552,1.804883869843372,-2.4462119265980853
2016-05-22,MANTENER,0,1.9086692007143748,1.8431000920092209,-3.2384185886392025
2016-05-23,MANTENER,0,1.8839086316895104,1.8835387433419224,-2.32860813535174
2016-05-24,MANTENER,0,1.859639968871991,1.925932199261841,1.642633112615588
2016-05-25,MANTENER,0,1.8129297281322545,1.8862760766157365,1.551795830402547
2016-05-26,MANTENER,0,1.7815102623463237,1.849331558350891,2.274542163369464
2016-05-27,MANTENER,0,1.754197061965089,1.8184371306010327,7.484095629379883
2016-05-28,MANTENER,1,2.19161664868884,1.8799787340009,17.67788360796816
2016-05-29,MANTENER,2,4.196369091531388,2.3473245585327787,16.54677033947154
2016-05-30,MANTENER,2,4.001726461134123,2.7850839051331526,17.1785078279016
2016-05-31,MANTENER,2,3.833116379740063,3.1954051286119003,15.874920730151132
2016-06-01,MANTENER,1,3.655914248125216,3.575748565843926,12.577321830984545
2016-06-02,MANTENER,1,3.4970083085844603,3.8368268978230495,1.485405211940094
2016-06-03,MANTENER,1,3.33546745458259,3.66464657043329,7.8477246171447135
2016-06-04,MANTENER,1,3.6528530060918167,3.5948718794248293,7.026799500234837
2016-06-05,MANTENER,1,3.485301678248592,3.525308939126534,7.884136041622458
2016-06-06,MANTENER,1,3.32553555908798,3.459233201319088,8.668027742101625
2016-06-07,MANTENER,1,3.2219161243769534,3.404214764477586,6.93370699641962
2016-06-08,MANTENER,1,3.124581861468098,3.362037645854688,2.163905770700314
2016-06-09,MANTENER,1,2.9962110370757014,3.230709252051464,0.3317218425794799
2016-06-10,MANTENER,1,2.8990580959041603,3.113460535582578,0.4326420097762629
2016-06-11,MANTENER,1,2.7780399058413248,3.003961404933248,3.554956689589428
2016-06-12,MANTENER,1,3.0876031925830336,2.977098818574464,15.428076605746456
2016-06-13,MANTENER,2,4.437902412654321,3.239762928811708,19.145194164690515
2016-06-14,MANTENER,2,4.461292133411454,3.532779148078858,17.65082305752097
2016-06-15,MANTENER,2,4.340056041056464,3.820978737109319,18.449107407037868
2016-06-16,MANTENER,2,4.144743001589174,4.094319356258889,23.35052359261205
2016-06-17,MANTENER,2,5.050179047938454,4.4868345273299735,10.719315416224797
2016-06-18,MANTENER,2,4.859984386694702,4.5712509221380495,7.102931088290809
2016-06-19,MANTENER,2,4.624999538565107,4.60399240316878,10.804651204364646
2016-06-20,MANTENER,2,4.404603389569938,4.616901872871475,5.974699530840422
2016-06-21,MANTENER,2,4.353765887994276,4.658706450152495,-13.931601909324076
2016-06-22,MANTENER,2,5.298969541413752,4.708464548847554,-22.818215055637747
2016-06-23,MANTENER,2,6.227346699797919,4.981937011468198,-19.222808981751083
2016-06-24,MANTENER,2,6.0792600542869,5.272789114612557,-13.804452598593198
2016-06-25,MANTENER,2,6.1165500733698135,5.615178451372532,-10.29225469713788
2016-06-26,MANTENER,2,5.8014577020829705,5.904716814190271,-5.755357758815816
2016-06-27,MANTENER,2,5.801713211554199,6.005265548218361,9.461970642134965
2016-06-28,MANTENER,2,5.648649045082386,5.889526017275253,3.6234311587319823
2016-06-29,MANTENER,2,5.37912272008842,5.749498550435558,-3.894027107209297
2016-06-30,MANTENER,2,5.121526966697324,5.55049392910106,1.2273945604488468
2016-07-01,MANTENER,2,5.123738092934969,5.414950007271459,7.191632100049272
2016-07-02,MANTENER,2,4.866328264349821,5.227873017830584,7.129997644793473
2016-07-03,MANTENER,2,4.788482972116654,5.055839803237438,1.7865739402542324
2016-07-04,MANTENER,2,5.048151661513149,4.989645591522383,6.616731539919751
2016-07-05,MANTENER,2,4.934388880847828,4.952217974352484,-0.4032793485435171
2016-07-06,MANTENER,2,4.733922153701166,4.874254786505724,0.1529185418711165
2016-07-07,MANTENER,2,4.506956248020432,4.8023803832398455,-9.40090742359363
2016-07-08,MANTENER,2,4.667792375849236,4.778242263986362,1.186111976221138
2016-07-09,MANTENER,2,4.608310089134262,4.690273949510585,-4.901539473019678
2016-07-10,MANTENER,2,4.453703840508278,4.594136941442676,-3.222587689330414
2016-07-11,MANTENER,2,4.236073357556267,4.494567182213695,-4.479574777391893
2016-07-12,MANTENER,2,4.031589988262335,4.399493930262076,3.6765728529064567
2016-07-13,MANTENER,2,3.91886477758324,4.249708410608877,-1.825194430553712
2016-07-14,MANTENER,1,3.769880471681722,4.082022487118368,1.0875239642567536
2016-07-15,MANTENER,1,3.5941365209346663,3.9101090232036464,2.117229909218299
2016-07-16,MANTENER,1,3.433168022813667,3.7495279562551262,2.0037007094208192
2016-07-17,MANTENER,1,3.2795565517903675,3.599121268960732,2.2185207439276766
2016-07-18,MANTENER,1,3.248745118466532,3.465097337137391,2.808012906823976
2016-07-19,MANTENER,1,3.1218644196146386,3.3354941267239737,2.221977951974808
2016-07-20,MANTENER,1,2.9843201429622583,3.213530851129493,0.3657043026074724
2016-07-21,MANTENER,1,2.8815444140227315,3.103206129371306,0.6403796492637781
2016-07-22,MANTENER,1,2.760092229533947,2.9993132649200214,-4.337262434713374
2016-07-23,MANTENER,1,2.750214194041044,2.899607080034924,-2.641907109413744
2016-07-24,MANTENER,1,2.6444084887372226,2.8041158938594406,-1.7358378087513948
2016-07-25,MANTENER,1,2.549273719241993,2.717106609115388,-1.7560946652327658
2016-07-26,MANTENER,1,2.4808753033240043,2.636972786975642,-2.0091908132825687
2016-07-27,MANTENER,1,2.390559503190762,2.5630662417070047,0.5721171351539489
2016-07-28,MANTENER,1,2.303144370790463,2.473652277056889,-0.0795148379625132
2016-07-29,MANTENER,0,2.220337285171554,2.388838036343756,-0.6513022678218405
2016-07-30,MANTENER,0,2.144269297904982,2.307837152076353,0.1451348953058762
2016-07-31,MANTENER,0,2.0776131875705053,2.227184728925653,-4.247204555075079
2016-08-01,MANTENER,1,2.558713535080884,2.260815535303678,-7.631673214313572
2016-08-02,MANTENER,1,2.6580036248694,2.3317873861194647,-17.93900465628031
2016-08-03,MANTENER,2,4.212490587957865,2.730218046676727,-14.845079295438255
2016-08-04,MANTENER,2,4.1453703412116925,3.130438255338069,-12.463323806654625
2016-08-05,MANTENER,2,3.995304259163528,3.513976469656673,-8.279629549385437
2016-08-06,MANTENER,2,3.809824294787701,3.764198621598037,-3.0979333811282928
2016-08-07,MANTENER,1,3.690390911465421,3.970676078917242,7.937291906787269
2016-08-08,MANTENER,1,3.524332753910129,3.833044512107694,4.2686355467545845
2016-08-09,MANTENER,1,3.363551381385693,3.676680720142495,1.6314752191161297
2016-08-10,MANTENER,1,3.2177706304324447,3.521173994396277,2.9235780010966828
2016-08-11,MANTENER,1,3.0798988388459847,3.3751889032079347,0.2280538416068012
2016-08-12,MANTENER,1,2.9516900415189515,3.227448729218641,-0.8694798586329711
2016-08-13,MANTENER,1,2.827516762078604,3.0880855308523354,-0.9290918738921404
2016-08-14,MANTENER,1,2.7127827901187374,2.9579318125989444,-2.9922617789820194
2016-08-15,MANTENER,1,2.749439340087827,2.864265554530021,-4.289817504022242
2016-08-16,MANTENER,1,2.6453574191785734,2.7773572705965384,-2.002703582838361
2016-08-17,MANTENER,1,2.5949979945474566,2.70601886120224,-2.471408724688029
2016-08-18,MANTENER,1,2.5073092980488063,2.6419773683962804,-1.9433254333162784
2016-08-19,MANTENER,1,2.410178559887345,2.5814565223500017,0.8999221016606107
2016-08-20,MANTENER,1,2.3199769958061296,2.495564053493662,2.516725316269497
2016-08-21,MANTENER,0,2.2559337109988014,2.417679311857708,0.6677854382623138
2016-08-22,MANTENER,0,2.1774276098119016,2.334165234910597,2.3341316821347213
2016-08-23,MANTENER,0,2.1200274400960435,2.2567088633200445,1.5715492807927944
2016-08-24,MANTENER,0,2.063073674502372,2.187287886243049,0.787675753851591
2016-08-25,MANTENER,0,2.010218952778953,2.125336277637614,-0.678946585321416
2016-08-26,MANTENER,0,1.9571981107310377,2.065589157584061,-0.2854508331985528
2016-08-27,MANTENER,0,1.9014621881692493,2.010396073255531,-2.9060520072122564
2016-08-28,MANTENER,0,1.940491537235268,1.974488892683376,-1.642267844704559
2016-08-29,MANTENER,0,1.893940551032076,1.940662267989317,-1.0526078462126165
2016-08-30,MANTENER,0,1.842344306269777,1.9070873386874816,-0.0446643563519089
2016-08-31,MANTENER,0,1.8010003219774615,1.8758477809367664,-0.7235652648381219
2016-09-01,MANTENER,0,1.7635692473613669,1.8482691927751904,0.4125122122337288
2016-09-02,MANTENER,0,1.736417291333887,1.8074543435949133,0.2827443615985636
2016-09-03,MANTENER,0,1.7035135345683552,1.7693689403021695,4.112938380579756
2016-09-04,MANTENER,0,2.0623510829395624,1.8133702956361264,5.250343497246224
2016-09-05,MANTENER,0,2.063916670743841,1.8659535653894024,5.266260673311773
2016-09-06,MANTENER,0,2.004415677039262,1.9141228513249813,6.450487968947538
2016-09-07,MANTENER,0,1.9508158296563616,1.9570025589894768,6.557704374381768
2016-09-08,MANTENER,0,1.902710661688276,1.9968419844134608,4.59098379971854
2016-09-09,MANTENER,0,1.9375205860331728,1.9718758850321827,2.310636067845806
2016-09-10,MANTENER,0,1.895060760641511,1.938104703011717,2.751000095792921
2016-09-11,MANTENER,0,1.843148559717774,1.905851279547419,-0.610767179550642
2016-09-12,MANTENER,0,2.020519829396047,1.919792079495356,-1.030609783754599
2016-09-13,MANTENER,0,1.9591553208878687,1.9310810113352748,-2.7641036726063994
2016-09-14,MANTENER,0,1.902185394180322,1.9240139729647048,-1.9743741950100533
2016-09-15,MANTENER,0,1.850041175299325,1.915010055896268,-2.65789941054555
2016-09-16,MANTENER,0,1.81622709654406,1.9096257632615248,0.041860425964213
2016-09-17,MANTENER,0,1.771425088408047,1.8598068150639249,-0.3720844279157198
2016-09-18,MANTENER,0,1.732159002034283,1.8144075512932072,0.1038451066113665
2016-09-19,MANTENER,0,1.7018843695487724,1.7743473463668975,-0.2388751195790739
2016-09-20,MANTENER,0,1.667683565201555,1.7378758243473436,0.1903766588929656
2016-09-21,MANTENER,0,1.6372016995277852,1.7020707449440884,-1.6317704606302996
2016-09-22,MANTENER,0,1.73042312260609,1.693870351783697,-1.611309969541885
2016-09-23,MANTENER,0,1.6943202258662773,1.686302596550096,-1.1597310917193404
2016-09-24,MANTENER,0,1.6884486597008088,1.683615454580503,-1.0895810902312064
2016-09-25,MANTENER,0,1.654542621271604,1.6809872657945129,-1.2382571050455482
2016-09-26,MANTENER,0,1.6286009175419838,1.6792671093973528,1.807901072049933
2016-09-27,MANTENER,0,1.6362998390925538,1.6604424526946455,1.6413403838701155
2016-09-28,MANTENER,0,1.6123137511028334,1.6440411577419567,0.3123709408884956
2016-09-29,MANTENER,0,1.5886540262539857,1.6240822310525922,0.5078133031849674
2016-09-30,MANTENER,0,1.5627885171946605,1.6057314102372031,1.4719056068830838
2016-10-01,MANTENER,0,1.549176523147286,1.5898465313582637,0.9721541411736644
2016-10-02,MANTENER,0,1.5380042808153036,1.570187419702814,0.776632956768708
2016-10-03,MANTENER,0,1.530473161119856,1.5538193017062183,1.217075660793565
2016-10-04,MANTENER,0,1.5101213501960082,1.5381127664946228,0.7420048123115919
2016-10-05,MANTENER,0,1.4983230771680367,1.525219678489298,0.4542466597096783
2016-10-06,MANTENER,0,1.483038846868274,1.5119921432334955,-0.1568006820517276
2016-10-07,MANTENER,0,1.4670171955286324,1.4977947261761613,1.0144837702719125
2016-10-08,MANTENER,0,1.4630519684159091,1.484310487635372,1.133011390871097
2016-10-09,MANTENER,0,1.4502830205433956,1.4723428217048498,1.0673727287721313
2016-10-10,MANTENER,0,1.4467365879942669,1.4620255238700957,1.052873043959579
2016-10-11,MANTENER,0,1.4362239491315332,1.4526625443227474,4.474262189285305
2016-10-12,MANTENER,0,1.7980108566487347,1.518861276546768,3.0435361671164785
2016-10-13,MANTENER,0,1.7776064949382648,1.5817721818512391,2.8153980340460905
2016-10-14,MANTENER,0,1.7353208327574636,1.6387797442940524,3.759159134765344
2016-10-15,MANTENER,0,1.7024865595986287,1.689929738614925,3.1254694581394737
2016-10-16,MANTENER,0,1.671495624973032,1.736984073783225,0.0871534556388553
2016-10-17,MANTENER,0,1.6419642429793084,1.7057747510493395,0.4706001839342555
2016-10-18,MANTENER,0,1.6196473573778232,1.674182923537251,0.1841953663349826
2016-10-19,MANTENER,0,1.594313629177914,1.645981482821341,-1.5513705781368792
2016-10-20,MANTENER,0,1.623566553352246,1.6301974815720648,-1.227110020290123
2016-10-21,MANTENER,0,1.5946984135123898,1.6148380392799364,-1.3814675283648548
2016-10-22,MANTENER,0,1.56941543904838,1.6003282784937505,2.7924984124707564
2016-10-23,MANTENER,0,1.950722679154412,1.6665433428490684,2.951643519737246
2016-10-24,MANTENER,0,1.8950813645057687,1.7266968899146395,3.61969135939928
2016-10-25,MANTENER,0,1.8544814145696549,1.7728798621581212,4.149941076781083
2016-10-26,MANTENER,0,1.811946427142166,1.8163294648840764,6.939692089390981
2016-10-27,MANTENER,0,2.013665019926556,1.9051793810597115,4.611224268063108
2016-10-28,MANTENER,0,2.000226509731432,1.9150801471751155,4.839361885339244
2016-10-29,MANTENER,0,1.9401374316906144,1.9240913606120844,8.881179089386748
2016-10-30,MANTENER,1,2.1858607057801653,1.9903672188541868,6.516105783678849
2016-10-31,MANTENER,1,2.200445005279677,2.068066934481689,3.2872332918714164
2016-11-01,MANTENER,1,2.12668597248172,2.090671124992721,5.851731378673719
2016-11-02,MANTENER,1,2.415848927147562,2.1737956084759475,7.158412780437562
2016-11-03,MANTENER,1,2.367487323631075,2.25926558686404,-3.674783094722134
2016-11-04,MANTENER,1,3.317034628099277,2.485500371327862,0.1951424228046505
2016-11-05,MANTENER,1,3.230129877636274,2.6914373457991814,0.348343034310794
2016-11-06,MANTENER,1,3.0854017355658327,2.883180498416004,-2.535467388831858
2016-11-07,MANTENER,1,2.968260102401487,2.993662733466789,-5.22266094507069
2016-11-08,MANTENER,1,2.871902944533016,3.0945458576471774,3.024511397546004
2016-11-09,MANTENER,1,2.7631218008696408,2.9837632922012505,2.809566165541888
2016-11-10,MANTENER,1,2.7086292746256726,2.87946317159913,1.707776026062735
2016-11-11,MANTENER,1,2.626777407181542,2.787738305922272,0.6847740401421554
2016-11-12,MANTENER,1,2.52135402657664,2.6983570907573022,0.273122617656707
2016-11-13,MANTENER,1,2.4868924286713048,2.62135498758496,-1.1073323309570782
2016-11-14,MANTENER,1,2.397862146372846,2.548303056685601,-2.555917436435262
2016-11-15,MANTENER,1,2.310337071978976,2.4686446161562614,-0.5486430405409415
2016-11-16,MANTENER,1,2.2423195540918512,2.391753045538324,3.8053086221175647
2016-11-17,MANTENER,1,2.584030405849258,2.4042883213928468,4.9695153362088185
2016-11-18,MANTENER,1,2.488151643459789,2.404540164350544,6.820676820980154
2016-11-19,MANTENER,1,2.428962182640897,2.4107601716041542,6.399800819935475
2016-11-20,MANTENER,1,2.3375310536680343,2.416198967941966,2.690634626598332
2016-11-21,MANTENER,1,2.4414441065932486,2.4560238784422457,-0.6673691705423757
2016-11-22,MANTENER,1,2.37081858754118,2.41338151478063,1.3898003665016925
2016-11-23,MANTENER,1,2.3343649517191483,2.382624176432502,-0.9345243631885936
2016-11-24,MANTENER,1,2.273938433853916,2.3516194266751054,-1.5184939785025442
2016-11-25,MANTENER,1,2.20514671151066,2.3251425582436305,1.442703947915014
2016-11-26,MANTENER,1,2.1295434582845267,2.262762428581886,-0.5243316141834597
2016-11-27,MANTENER,0,2.083598434232337,2.2053183979201174,-2.603928516486409
2016-11-28,MANTENER,0,2.0258041520500627,2.143606237986301,-1.1863101086340144
2016-11-29,MANTENER,0,1.967671590635054,2.082352869342528,-0.6348716712849978
2016-11-30,MANTENER,0,1.910645361758636,2.023452599392124,0.5435209475876945
2016-12-01,MANTENER,0,1.900342680768662,1.9776124438889504,2.867452655945879
2016-12-02,MANTENER,0,1.8992314299783983,1.9407390430381624,6.082621289877199
2016-12-03,MANTENER,0,2.0352087203977893,1.942619956707708,4.691343452950658
2016-12-04,MANTENER,0,1.998927135213202,1.9488710656233368,5.071456146149522
2016-12-05,MANTENER,0,1.9402010581204696,1.9547822048957044,1.7295181309807006
2016-12-06,MANTENER,0,2.0047734787123987,1.975668364484452,0.979629408603966
2016-12-07,MANTENER,0,1.9539340582296525,1.9866088901347028,-1.2692885068497972
2016-12-08,MANTENER,0,1.901436632254404,1.959854472506025,-0.0447522139647382
2016-12-09,MANTENER,0,1.8504116525160383,1.9301513759665927,-0.1393970118122034
2016-12-10,MANTENER,0,1.802598592171961,1.9026308827768907,2.0804887525115667
2016-12-11,MANTENER,0,1.7585955231960015,1.853395291673612,0.7180187999217935
2016-12-12,MANTENER,0,1.735610384447854,1.809730556917252,1.5443801832574875
2016-12-13,MANTENER,0,1.741766393864555,1.7777965092392818,1.2564618222314472
2016-12-14,MANTENER,0,1.7025966098831264,1.7482335007126997,1.1178333357142023
2016-12-15,MANTENER,0,1.6666406620138257,1.7210419146810725,0.4428298679209241
2016-12-16,MANTENER,0,1.6439030660632317,1.6981034232545185,1.952409039908698
2016-12-17,MANTENER,0,1.631188411658428,1.6772190286966335,1.3676316414159118
2016-12-18,MANTENER,0,1.6143192406858022,1.6517295980608828,1.2697118608308244
2016-12-19,MANTENER,0,1.5869902645320646,1.6286083289906703,1.4271626830010042
2016-12-20,MANTENER,0,1.5619999307219068,1.6076801827322869,2.8866454690122723
2016-12-21,MANTENER,0,1.565949127108336,1.5920893949413075,6.1005066057949975
2016-12-22,MANTENER,0,2.007792420922767,1.6674101967941752,8.911581174060501
2016-12-23,MANTENER,1,2.2440264115133,1.793351630959675,15.382423570627068
2016-12-24,MANTENER,1,2.9801720989870613,2.071987997850674,12.56225537009108
2016-12-25,MANTENER,1,2.9800858712896345,2.35560518596422,11.243851533936322
2016-12-26,MANTENER,1,2.854469011424892,2.613309162827531,8.424447168572335
2016-12-27,MANTENER,1,2.7588162928810607,2.76351393721919,7.641984673126512
2016-12-28,MANTENER,1,2.781372260401631,2.870983106996856,5.685378216830017
2016-12-29,MANTENER,1,3.0166032278561485,2.8782693327706736,7.980971167834205
2016-12-30,MANTENER,1,2.8879249604520467,2.859837150603156,7.00773974389719
2016-12-31,MANTENER,1,2.8017871401344663,2.8493007763450704,6.000988702230448
2017-01-01,COMPRAR,1,2.684974479821221,2.8345324137331027,6.746149193997297
2017-01-02,MANTENER,1,2.8021061549169777,2.838679192636172,4.589046091647209
2017-01-03,MANTENER,1,2.7777524574122925,2.790909038547401,6.976671457508932
2017-01-04,MANTENER,1,2.7412347142267848,2.7615709893023483,18.339980037419856
2017-01-05,SALIR,2,4.1691310342281,3.035039768121075,5.022192032433637
2017-01-06,MANTENER,2,5.834917821885775,3.665028436533986,-10.124156590119515
2017-01-07,MANTENER,2,6.721713471005727,4.448949899751736,-11.738365398679118
2017-01-08,MANTENER,2,6.374991086159945,5.168397625501266,-13.590018043502017
2017-01-09,MANTENER,2,6.045279791892278,5.829206641034365,-24.608975015178736
2017-01-10,MANTENER,2,5.744113501382279,6.144203134465201,-11.015575250171317
2017-01-11,MANTENER,2,5.451634999885052,6.067546570065057,-14.842316038435488
2017-01-12,MANTENER,2,7.233727747719376,6.169949425407786,-12.125244289754631
2017-01-13,MANTENER,2,6.938499754119673,6.282651158999732,-10.061016390162436
2017-01-14,MANTENER,2,6.6163851870856725,6.39687223803841,-9.816620055423895
2017-01-15,MANTENER,2,6.278245230095807,6.503698583781116,-9.939621894054527
2017-01-16,MANTENER,2,5.954509962221896,6.604273576248485,6.685802310132605
2017-01-17,MANTENER,2,5.658732890061502,6.28927460471691,12.054005586460724
2017-01-18,MANTENER,2,6.061569187094244,6.113888491311824,7.326307999325277
2017-01-19,MANTENER,2,5.806450941388674,5.951901642172425,9.399836856302102
2017-01-20,MANTENER,2,5.524180115150546,5.801088619183373,8.53581785439017
2017-01-21,MANTENER,2,5.245994675964091,5.659385561931812,10.304416498563372
2017-01-22,MANTENER,2,5.063937969434133,5.540426577806338,1.8264051558474208
2017-01-23,MANTENER,2,4.809311229098039,5.289974986207097,3.8058888559075577
2017-01-24,MANTENER,2,4.572244396743765,5.043133677278116,-0.7128201693638481
2017-01-25,MANTENER,2,4.472061773805315,4.832710009009069,0.7253852687398421
2017-01-26,MANTENER,2,4.260819775529709,4.635675028922192,-0.4570041720432627
2017-01-27,MANTENER,2,4.087648421644772,4.44041711936432,-0.5338238998246148
2017-01-28,MANTENER,2,3.890228879016187,4.25660064934795,0.0627376864581918
2017-01-29,MANTENER,2,3.704611864222735,4.083074142843744,2.958963440099982
2017-01-30,COMPRAR,1,3.5320670391824307,3.895075195919168,2.068220003505949
2017-01-31,MANTENER,1,3.368289918279625,3.7165692244691497,5.596515782242051
2017-02-01,SALIR,2,3.6258935517824775,3.6242182504966913,7.261570354908198
2017-02-02,COMPRAR,1,3.504020457232279,3.546976566139909,9.338572146449042
2017-02-03,MANTENER,1,3.4141523509252183,3.4888846634804063,11.340106890745982
2017-02-04,MANTENER,1,3.301348522124121,3.442740960068744,12.497177459115871
2017-02-05,MANTENER,1,3.1731472253176287,3.403712421476345,5.701671848137657
2017-02-06,MANTENER,1,3.0776180633251573,3.294057323784881,4.847798793890856
2017-02-07,MANTENER,1,2.9576090527200583,3.1847750428824364,4.781074889444614
2017-02-08,MANTENER,1,2.9099768683899963,3.0839399463753923,3.1689445061307886
2017-02-09,MANTENER,1,2.7857055956172267,2.980811361074013,-4.763815664205939
2017-02-10,MANTENER,1,3.464947267407935,3.039171369492075,-3.836352045493019
2017-02-11,MANTENER,1,3.3131473287322217,3.086277222573488,-3.300016631176561
2017-02-12,MANTENER,1,3.198202763536894,3.134395964736855,-6.036096497095578
2017-02-13,MANTENER,1,3.062639148368317,3.164928420732519,-7.056293013112835
2017-02-14,MANTENER,1,2.945793843482225,3.196946070305519,1.0172506977537132
2017-02-15,MANTENER,1,2.849079620670949,3.073772540958122,1.884276036238664
2017-02-16,MANTENER,1,2.729313888867939,2.9570058529852647,2.2630074314812454
2017-02-17,MANTENER,1,2.6840025485419843,2.8541658099862834,4.599337823885552
2017-02-18,MANTENER,1,2.632156660997826,2.7680693125121847,6.239292649671135
2017-02-19,MANTENER,1,2.5353319687787144,2.685976937571483,4.221985985296595
2017-02-20,MANTENER,1,2.448256224398035,2.6058122583169,6.949036022251587
2017-02-21,MANTENER,1,2.535439171655284,2.5670373148743684,8.205325630482996
2017-02-22,MANTENER,1,2.63498980743994,2.55723476665396,6.586622937991127
2017-02-23,MANTENER,1,2.5290998464643937,2.536623403747273,10.1205473560662
2017-02-24,MANTENER,1,2.785074073732245,2.5865718247379794,11.338462986884055
2017-02-25,MANTENER,1,2.6733586792132007,2.6315923157010124,5.744848879356201
2017-02-26,MANTENER,1,2.710472276466416,2.666598936663239,4.376923339916772
2017-02-27,MANTENER,1,2.6590011312565927,2.671401201426569,5.444868724379148
2017-02-28,MANTENER,1,2.5778177545433216,2.681144783042355,1.1292621639432454
2017-03-01,MANTENER,1,2.476068938814388,2.619343756058784,4.075378475479319
2017-03-02,MANTENER,1,2.626469374033278,2.609965895022799,8.956023970925742
2017-03-03,MANTENER,1,2.618485149091497,2.5915684695478154,9.004562358522072
2017-03-04,MANTENER,1,2.5786879523625665,2.5755058337690104,6.1766117207954885
2017-03-05,MANTENER,1,2.536840056952897,2.5673102942509254,7.125761532147568
2017-03-06,MANTENER,1,2.4521917129742965,2.5625348490829074,4.03447909528154
2017-03-07,MANTENER,1,2.361146305520848,2.509470235380421,-2.220290447856321
2017-03-08,MANTENER,1,2.630868922801165,2.511946990122355,-10.31763854078438
2017-03-09,MANTENER,1,3.2543078374225725,2.6470709671343555,-5.457152120633957
2017-03-10,MANTENER,1,3.273460787963917,2.7943951133365594,-12.635081393094438
2017-03-11,SALIR,2,3.745008576105108,3.052958485962722,-7.926848948975529
2017-03-12,MANTENER,2,3.924284636658256,3.365586152190204,-0.1766957366994503
2017-03-13,MANTENER,2,3.922358523815052,3.623884072392981,6.881202123507357
2017-03-14,MANTENER,2,3.742308046911441,3.7214841142907535,4.242779401825114
2017-03-15,MANTENER,2,3.569722846496663,3.780736525997304,11.24356999220657
2017-03-16,COMPRAR,1,3.4100704763314136,3.713748906042565,1.013708098920496
2017-03-17,SALIR,2,3.665235391978128,3.6619390571065393,-10.44621399135881
2017-03-18,MANTENER,2,4.311388852370413,3.739745122817612,-23.510482174597502
2017-03-19,MANTENER,2,5.730076784954534,4.13729887042623,-17.903021446554845
2017-03-20,MANTENER,2,5.790100752698137,4.581374451666525,-17.00208668039931
2017-03-21,MANTENER,2,5.516288419406908,5.002618040281624,-5.830057798810628
2017-03-22,MANTENER,2,5.582882770585032,5.386147516003005,-4.754843619503824
2017-03-23,MANTENER,2,5.728176172447333,5.669504980018389,6.439484926191863
2017-03-24,MANTENER,2,5.447477440097013,5.612985111046885,-10.059833235029902
2017-03-25,MANTENER,2,6.168411488137077,5.688647258134672,-8.040898781303696
2017-03-26,MANTENER,2,5.963611702772262,5.778111914807743,-14.765198075422337
2017-03-27,MANTENER,2,5.662230510922834,5.793981462875304,-0.3217320046347005
2017-03-28,MANTENER,2,5.930388536396562,5.83442393566515,0.8208220290977231
2017-03-29,MANTENER,2,5.625665366091044,5.870061520863955,10.37090056113934
2017-03-30,MANTENER,2,5.34485502250099,5.705350227736738,5.368517829841757
2017-03-31,MANTENER,2,5.094994652343874,5.531626817651061,10.317141830540066
2017-04-01,MANTENER,2,5.026502867128615,5.4044812888922165,3.2670422101201524
2017-04-02,MANTENER,2,4.778822191870174,5.174168019986939,5.120879226035591
2017-04-03,MANTENER,2,4.580369727732192,4.965108892315169,9.517300806238891
2017-04-04,MANTENER,2,4.506233556026407,4.797384599020253,9.900279624775798
2017-04-05,MANTENER,2,4.297402560231841,4.637866180597846,4.825730264188088
2017-04-06,MANTENER,2,4.097179279213693,4.452001463014861,9.035919812262527
2017-04-07,MANTENER,2,4.21024507257684,4.338286039156195,6.560287996835168
2017-04-08,MANTENER,2,4.010312884278375,4.224274670465432,2.7711443568597005
2017-04-09,MANTENER,2,3.817958973961852,4.08661975405252,4.707217239400485
2017-04-10,MANTENER,2,3.6479258872183,3.956724419449812,5.395114651750177
2017-04-11,COMPRAR,1,3.4775303399171094,3.8327946315904953,1.8704778680127097
2017-04-12,MANTENER,1,3.346774032126657,3.6601004235004586,1.9745954888716888
2017-04-13,MANTENER,1,3.1988322879858884,3.4978043042419613,-0.568809022054495
2017-04-14,MANTENER,1,3.183593253680204,3.3709311601856315,-1.7262778559747003
2017-04-15,MANTENER,1,3.042954220025091,3.24993682674699,-1.238333812199599
2017-04-16,MANTENER,1,2.911650018814653,3.1367607625264986,-1.8485058102100995
2017-04-17,MANTENER,1,2.798120267626617,3.0270300096264906,-0.5396174661208342
2017-04-18,MANTENER,1,2.693666340581729,2.9259968201456585,3.561140979067634
2017-04-19,MANTENER,1,2.620679593069453,2.813414088023509,3.5961027916251886
2017-04-20,MANTENER,1,2.516870699772471,2.7081973839729843,4.711059086315927
2017-04-21,MANTENER,1,2.46220970709589,2.618309321629232,3.2527000733081124
2017-04-22,MANTENER,1,2.3789653873044583,2.5344783455648003,3.116975220504603
2017-04-23,MANTENER,1,2.3007847963218446,2.4559020367128235,-0.3687729902540404
2017-04-24,MANTENER,1,2.323841719851913,2.396534462069315,3.240353105436
2017-04-25,MANTENER,1,2.492380755808762,2.3916364732765736,2.9193504957161664
2017-04-26,MANTENER,1,2.4223657305131248,2.3836676779600205,4.717362147272475
2017-04-27,MANTENER,1,2.358202953400906,2.3795151911793098,6.750712835200012
2017-04-28,MANTENER,1,2.4341080392477386,2.406179839764489,8.664961349536782
2017-04-29,MANTENER,1,2.3430758994860867,2.410026675691324,5.572334449356742
2017-04-30,MANTENER,1,2.259186205535709,2.363387765636713,6.308102641431912
2017-05-01,MANTENER,1,2.259038051300511,2.33072222979419,10.407954281339205
2017-05-02,MANTENER,1,2.756380415898218,2.4103577222936527,9.75959138894158
2017-05-03,MANTENER,1,2.724490685014827,2.4684342514470705,12.38750046733239
2017-05-04,MANTENER,1,2.726858307224192,2.5451907329946915,15.128140413381177
2017-05-05,MANTENER,1,2.792150935015838,2.651783678890717,14.322444378788912
2017-05-06,MANTENER,1,2.696196714665267,2.7392154115636687,10.488211504926692
2017-05-07,MANTENER,1,2.623738834681142,2.7126870953202533,9.443877947697388
2017-05-08,MANTENER,1,2.539460370299604,2.6756810323772084,14.543355893895528
2017-05-09,MANTENER,1,3.4484259685935084,2.819994564651072,13.24056434709968
2017-05-10,MANTENER,1,3.3365902218598924,2.928882422019883,13.884612244309036
2017-05-11,MANTENER,1,3.230686795812808,3.035780438249391,15.77472424302968
2017-05-12,MANTENER,1,3.2615985035797914,3.163352372029121,7.684113022888894
2017-05-13,SALIR,2,3.8723497508776976,3.429930248144739,4.6240691164216585
2017-05-14,MANTENER,2,3.960188970210878,3.5322828484682134,3.0050517084859507
2017-05-15,MANTENER,2,3.770395481540664,3.619043900404368,-2.762854592977781
2017-05-16,MANTENER,2,3.8305627550307775,3.739019092247962,-6.3722006055209945
2017-05-17,MANTENER,2,3.6502998566105154,3.816759362854106,6.448449745498497
2017-05-18,MANTENER,2,3.9455841299910426,3.831406238676775,4.53515530774764
2017-05-19,MANTENER,2,3.845520226222832,3.808472489879166,9.425872986310502
2017-05-20,MANTENER,2,4.004279717424291,3.8552493370558913,18.16569031383297
2017-05-21,MANTENER,2,4.098503303802617,3.908837446810259,16.284751417738796
2017-05-22,MANTENER,2,3.9672048930557926,3.972218454099315,16.702185123345448
2017-05-23,MANTENER,2,4.2719951733033446,4.037500662761775,20.58858690473296
2017-05-24,MANTENER,2,4.566646009092552,4.181725819335719,20.65054843008971
2017-05-25,MANTENER,2,4.639700911663852,4.308810058183632,10.043265005409465
2017-05-26,MANTENER,2,4.816082517659928,4.452325900955094,7.601887404883101
2017-05-27,MANTENER,2,4.820768162869342,4.623038554917804,-6.389698629272722
2017-05-28,MANTENER,2,5.239693382971549,4.816578196851444,-7.358626309269312
2017-05-29,MANTENER,2,5.279857053966594,4.959220405826253,-8.006819301537682
2017-05-30,MANTENER,2,5.211924854245563,5.0736651943425946,-5.782727146462996
2017-05-31,MANTENER,2,5.095338287642867,5.129516348339183,3.74261430961198
2017-06-01,MANTENER,2,5.08802477582315,5.182967670929945,16.635091322804385
2017-06-02,MANTENER,2,5.102220316611282,5.155473057657892,14.353832414584655
2017-06-03,MANTENER,2,4.9530521257038105,5.090112072005335,10.899150372765742
2017-06-04,MANTENER,2,4.714480320267756,4.990623165209773,14.375891244671202
2017-06-05,MANTENER,2,4.480644413730307,4.867684390427261,16.137177467988195
2017-06-06,MANTENER,2,4.769518197793102,4.803983074821252,17.319321976653868
2017-06-07,MANTENER,2,4.962791244236975,4.77609726034639,9.339224181759764
2017-06-08,MANTENER,2,4.965526241606406,4.77859208352691,10.921259248399728
2017-06-09,MANTENER,2,4.787068096137308,4.79310963870082,11.708342553423634
2017-06-10,MANTENER,2,4.551297186524882,4.807240193259735,9.26739463477526
2017-06-11,MANTENER,2,4.532887259874244,4.759914005675963,3.2610723784258333
2017-06-12,MANTENER,2,4.309501131849424,4.629255983198453,-2.690550166581218
2017-06-13,MANTENER,2,5.385392966557914,4.7132293281887545,-3.208889152161376
2017-06-14,MANTENER,2,5.153280763451008,4.786471861651494,-11.925151968256388
2017-06-15,MANTENER,2,5.569512819815714,4.990114988309661,-17.900714517799265
2017-06-16,MANTENER,2,5.317832560090243,5.14710404835286,-16.086325431109127
2017-06-17,MANTENER,2,5.091455285339468,5.303494879050869,-0.1410965565854738
2017-06-18,MANTENER,2,5.119254271249132,5.250267139989113,-6.411313734650559
2017-06-19,MANTENER,2,5.053969275855047,5.2304048424699205,3.266792335920332
2017-06-20,MANTENER,2,4.823606122176701,5.081223502942118,9.92683271688728
2017-06-21,MANTENER,2,4.845783458808272,4.986813682685724,6.551926856761092
2017-06-22,MANTENER,2,4.623761540129393,4.893274933643708,1.8477433743394835
2017-06-23,MANTENER,2,4.397159219153607,4.748855923224604,7.432569420016577
2017-06-24,MANTENER,2,4.20318311409763,4.57869869087312,0.7356207011527616
2017-06-25,MANTENER,2,4.342162294015707,4.482409925240922,-4.985974985873565
2017-06-26,MANTENER,2,4.139022238877274,4.341057681254722,-8.157325637486768
2017-06-27,MANTENER,2,4.201099969578372,4.256525367144518,-5.819977639388796
2017-06-28,MANTENER,2,4.09997268795389,4.197088060904575,-6.398026295613146
2017-06-29,MANTENER,2,3.9091575188962495,4.138282941864299,-2.6963312779474613
2017-06-30,COMPRAR,1,3.754560201705477,4.020762523402253,-4.283276865822039
2017-07-01,MANTENER,1,3.6648227022672937,3.925922616080256,-1.7871390497687931
2017-07-02,MANTENER,1,3.553210727195781,3.7963447676037374,-1.8178286015945844
2017-07-03,MANTENER,1,3.506719295676457,3.677694089148252,-0.4176029990516916
2017-07-04,MANTENER,1,3.416285776653037,3.579119740699609,2.424561854395701
2017-07-05,MANTENER,1,3.288133340525016,3.4858343684635167,4.767928519934639
2017-07-06,MANTENER,1,3.139781602765958,3.38082614856325,6.903641281879835
2017-07-07,MANTENER,1,3.000913781832855,3.2703667594906647,0.4851602088355555
2017-07-08,MANTENER,1,3.103431509391015,3.189709202233576,0.2835235411442482
2017-07-09,SALIR,1,3.0330165591595213,3.113055358734873,-3.2502335167545304
2017-07-10,MANTENER,1,2.9876614983445458,3.052960990298779,-9.230696747494704
2017-07-11,MANTENER,1,3.4757596566946165,3.1201566010845108,-10.95923120373481
2017-07-12,MANTENER,1,3.3559826604884844,3.191170376815637,-4.874165535257724
2017-07-13,MANTENER,1,3.3005979725213126,3.230603669441696,-8.665584700580453
2017-07-14,MANTENER,1,3.207767211820922,3.2655537999739765,-12.014137679642634
2017-07-15,MANTENER,1,3.555088113276041,3.3790391229602754,-17.139255493751193
2017-07-16,MANTENER,2,4.974933705103495,3.678873932642051,-19.17793488790505
2017-07-17,MANTENER,2,4.8706132529814745,3.981800051140649,-7.369703657798432
2017-07-18,MANTENER,2,6.544901378492254,4.630660732334837,-1.668709102242527
2017-07-19,MANTENER,2,6.3302233846954135,5.255151966909735,1.779141205565793
2017-07-20,MANTENER,2,6.0415759075964655,5.752449525773821,34.33084826993857
2017-07-21,MANTENER,2,8.988664048607545,6.555195594474631,32.38124661586905
2017-07-22,MANTENER,2,8.704008837054623,7.32187471128926,23.19389415239499
2017-07-23,MANTENER,2,8.406754991066993,7.694245433804207,16.33638228882619
2017-07-24,MANTENER,2,8.022569350926856,8.032714627050495,19.207698940180418
2017-07-25,MANTENER,2,7.604356142181975,8.3452706739676,-8.946137471222304
2017-07-26,MANTENER,2,7.537771841899405,8.05509223262597,-5.323730414698602
2017-07-27,MANTENER,2,7.171019996552807,7.748494464525608,-5.048230084150696
2017-07-28,MANTENER,2,7.0145603497046,7.470055536253129,2.838402873398671
2017-07-29,MANTENER,2,6.8349457353686605,7.232530813141489,-1.0366284832810102
2017-07-30,MANTENER,2,6.557181776968742,7.023095940098843,6.778427476720061
2017-07-31,MANTENER,2,6.225343503936903,6.760610272506343,12.816909019533451
2017-08-01,MANTENER,2,6.04994175553546,6.536394624302874,1.724704539842303
2017-08-02,MANTENER,2,6.033664958685925,6.340215546099138,-3.563630359233194
2017-08-03,MANTENER,2,5.724579320600349,6.118142263145476,2.830689191598524
2017-08-04,MANTENER,2,5.535310642246629,5.913768036201054,4.908405980791297
2017-08-05,MANTENER,2,5.347018797146054,5.738103094842884,12.337899462661817
2017-08-06,MANTENER,2,6.300623770012722,5.788239497738336,16.75056072648209
2017-08-07,MANTENER,2,5.990483941778178,5.779603294356787,22.03662255151375
2017-08-08,MANTENER,2,5.899091052361153,5.814505640708947,19.831571923448
2017-08-09,MANTENER,2,5.607132012872963,5.828869914834214,14.341759258870113
2017-08-10,MANTENER,2,5.378374572375704,5.8351410698801445,3.870439137586956
2017-08-11,MANTENER,2,5.1161346592369785,5.598243247724996,12.7399467699858
2017-08-12,MANTENER,2,5.439627930645631,5.488072045498486,13.94862914024877
2017-08-13,MANTENER,2,5.528428441477594,5.413939523321774,17.482067410946023
2017-08-14,MANTENER,2,5.456250015937732,5.383763123934728,25.77321247702536
2017-08-15,MANTENER,2,5.51852959461,5.411794128381587,21.251855980105816
2017-08-16,MANTENER,2,5.358613105670703,5.4602898176683325,18.13819467911877
2017-08-17,MANTENER,2,5.2855216998429615,5.429468571507798,10.890942766789813
2017-08-18,MANTENER,2,5.031761168424666,5.330135116897212,2.1220465758002405
2017-08-19,MANTENER,2,4.965286023128395,5.231942318335345,-3.0858724905133528
2017-08-20,MANTENER,2,4.720957900588839,5.072427979531113,-2.280024681048509
2017-08-21,MANTENER,2,4.569886335086731,4.914682625414318,-8.954973098043517
2017-08-22,MANTENER,2,4.404657848630691,4.7385098551718645,-5.484395287173882
2017-08-23,MANTENER,2,4.25497245709366,4.583152112905664,-0.2189592846677968
2017-08-24,MANTENER,2,4.063423194457479,4.40277954717148,3.3064384561852123
2017-08-25,MANTENER,2,4.099686700562062,4.278525307166126,6.715643947245908
2017-08-26,COMPRAR,1,3.908427819795572,4.146233604107893,8.399813056291094
2017-08-27,MANTENER,1,3.726157365679924,4.01053350751774,6.6592216116927005
2017-08-28,MANTENER,1,3.555295592746285,3.870598134648264,5.418134469189262
2017-08-29,MANTENER,1,3.390333877470884,3.735980271250946,5.483717539894428
2017-08-30,MANTENER,1,3.5181533570452483,3.619673602547582,4.3355089361616805
2017-08-31,MANTENER,1,3.358066224920961,3.5096012835726604,7.7556159727548035
2017-09-01,MANTENER,1,3.3363537689378204,3.43164056422424,10.989719825035491
2017-09-02,MANTENER,1,3.4160500443951785,3.4037914545540184,4.377452573065632
2017-09-03,SALIR,2,3.926138392341976,3.510952357528237,0.0860063361306728
2017-09-04,COMPRAR,1,3.738287698932643,3.554979225905716,-7.479156538059684
2017-09-05,SALIR,2,4.40617779534479,3.764601539990481,-7.202743051540672
2017-09-06,MANTENER,2,4.311139196266591,3.959558625456237,-6.217316811105356
2017-09-07,MANTENER,2,4.385359246914837,4.153420465960168,0.4599783350721864
2017-09-08,MANTENER,2,4.170104638759077,4.2022137152435874,-8.04386279452114
2017-09-09,MANTENER,2,4.839670789599487,4.422490333376957,-0.2422490359247575
2017-09-10,MANTENER,2,4.598100776159716,4.4608749295399415,-5.968963697260321
2017-09-11,MANTENER,2,4.450740816429245,4.488795253572472,-9.960972511849777
2017-09-12,MANTENER,2,4.239527105188497,4.459628825227204,-10.755666288672217
2017-09-13,MANTENER,2,4.0425261705232725,4.434113131580043,-8.54039617635216
2017-09-14,MANTENER,2,4.360780999631015,4.338335173586349,-29.229749825055507
2017-09-15,MANTENER,2,7.945268772780464,5.007768772910499,-12.526435076325448
2017-09-16,MANTENER,2,8.81080572306098,5.879781754236846,-13.795498733298928
2017-09-17,MANTENER,2,8.346144910617046,6.701105315322556,-14.230661426856804
2017-09-18,MANTENER,2,7.917042738767777,7.476008628971456,4.596045092096723
2017-09-19,MANTENER,2,8.528422263390155,8.309536881723284,21.838606789844302
2017-09-20,MANTENER,2,8.163788754803164,8.353240878127824,7.1198882918674045
2017-09-21,MANTENER,2,7.736193163449284,8.138318366205485,0.1653785874164981
2017-09-22,MANTENER,2,7.715810292113191,8.012251442504715,1.3258540136131811
2017-09-23,MANTENER,2,7.310750023314743,7.890992899414106,-6.946389195907443
2017-09-24,MANTENER,2,7.063061089826568,7.597920664701389,-6.367448289017297
2017-09-25,MANTENER,2,6.767521828045123,7.318667279349782,0.5137923906897157
2017-09-26,MANTENER,2,6.730543184385352,7.117537283536995,6.949399404887835
2017-09-27,MANTENER,2,6.388601755779112,6.8520955762701785,14.58185640751637
2017-09-28,MANTENER,2,6.528491655596828,6.695643902726596,9.605064256330031
2017-09-29,MANTENER,2,6.194602893442781,6.521952263449839,12.256852310588684
2017-09-30,MANTENER,2,5.876346353159752,6.343717168472765,9.99381169436937
2017-10-01,MANTENER,2,5.724423842193918,6.142493300034478,12.344111967329496
2017-10-02,MANTENER,2,5.449412114406577,5.954655371759971,4.847642491424864
2017-10-03,MANTENER,2,5.172176161880803,5.683392273016766,3.3622213319388194
2017-10-04,MANTENER,2,4.963981733287834,5.437268040985776,1.5797908404090677
2017-10-05,MANTENER,2,4.76794363426105,5.2155874972060365,-0.237675476902055
2017-10-06,MANTENER,2,4.58556116283279,4.987814961333811,-0.7505873072386038
2017-10-07,MANTENER,2,4.367160424696566,4.7713646233918094,0.3976894106155981
2017-10-08,MANTENER,2,4.169656085037646,4.570860608023177,6.566007463323409
2017-10-09,MANTENER,2,4.168024979820416,4.411669257329693,12.07190503859561
2017-10-10,MANTENER,2,4.109314543552118,4.279943439187908,9.965652173681327
2017-10-11,COMPRAR,1,3.910526490612608,4.14493650474387,9.916905943355305
2017-10-12,MANTENER,1,3.732660681844828,4.018036556173523,20.73511672959452
2017-10-13,SALIR,2,5.26688807823404,4.237482954812802,20.28296421424134
2017-10-14,MANTENER,2,5.126582653407283,4.429194489530175,20.055429309120143
2017-10-15,MANTENER,2,4.97025879524977,4.601383339869705,17.177568278789757
2017-10-16,MANTENER,2,4.807050497994806,4.780688141346145,17.082815414734753
2017-10-17,MANTENER,2,4.572716685775,4.94869934213218,2.870149666615696
2017-10-18,MANTENER,2,4.407028044526831,4.776727335390738,-1.0058907195681144
2017-10-19,MANTENER,2,4.192351228355461,4.589881050380374,-2.1364193428922817
2017-10-20,COMPRAR,1,4.038945167979635,4.403618324926347,5.70335068380281
2017-10-21,SALIR,2,4.178574826319816,4.277923190591349,5.206675809115957
2017-10-22,COMPRAR,1,3.976133323405434,4.158606518117435,6.941180504626665
2017-10-23,MANTENER,1,3.788875758707912,4.034976060953651,5.897544103927999
2017-10-24,MANTENER,1,3.639215376193795,3.924348890521318,-3.2379738421809634
2017-10-25,SALIR,2,4.178211732974937,3.952202203520379,-4.43270748930189
2017-10-26,MANTENER,2,4.167068561455407,3.9499009505474967,-2.12416583963968
2017-10-27,COMPRAR,1,4.0480892150733725,3.964292128881085,-3.860244279433545
2017-10-28,MANTENER,1,3.921284523690737,3.9907738818776495,-3.034107020179455
2017-10-29,MANTENER,1,3.7389177505435183,4.010714356747594,10.749785740621933
2017-10-30,SALIR,2,4.15843786707672,4.006759583567951,6.394222959476892
2017-10-31,COMPRAR,1,3.960014873704911,3.965348846017851,9.115809432034006
2017-11-01,SALIR,2,4.135943337385692,3.982919670480315,15.754431239788149
2017-11-02,MANTENER,2,4.1857418522005965,4.035811136182288,20.732494624112263
2017-11-03,MANTENER,2,4.22743222406401,4.133514030886386,15.808027281598136
2017-11-04,COMPRAR,1,4.058486206821497,4.113523698835341,18.548571878856457
2017-11-05,MANTENER,1,3.930216377725288,4.107563999639416,13.555210401317195
2017-11-06,MANTENER,1,3.742954584237794,4.028966249009836,3.705259437879605
2017-11-07,MANTENER,1,3.98203379138736,3.98822463684719,0.926399639377351
2017-11-08,MANTENER,1,3.825835270980329,3.907905246230453,3.4355659640475267
2017-11-09,MANTENER,1,3.889964213927865,3.874200847651727,-3.2552827798115302
2017-11-10,MANTENER,1,3.976599612620855,3.88347749463084,-11.266648727621664
2017-11-11,SALIR,2,4.548102077248148,4.044506993232911,-9.950530678478309
2017-11-12,MANTENER,2,4.527416463742094,4.153583527703859,-18.292306259469093
2017-11-13,MANTENER,2,4.829406657440164,4.354297804995825,-12.860095877571707
2017-11-14,MANTENER,2,5.550882974042975,4.686481557018847,-7.374236386747768
2017-11-15,MANTENER,2,5.2784354054417255,4.946848715583021,10.018647364187316
2017-11-16,MANTENER,2,5.9056484989266425,5.21835799991872,21.36218084452448
2017-11-17,MANTENER,2,6.07050072976119,5.526974853122539,25.8984256042492
2017-11-18,MANTENER,2,5.802490586250877,5.721591638884682,17.194721085510345
2017-11-19,MANTENER,2,5.51317948955146,5.714050941986379,19.152075154598336
2017-11-20,MANTENER,2,5.321409119438961,5.722645684785826,11.421129913187222
2017-11-21,MANTENER,2,5.088905338667077,5.559297052733913,2.503680343538761
2017-11-22,MANTENER,2,4.864436026239781,5.318084112029631,6.825617646504334
2017-11-23,MANTENER,2,4.67139673052359,5.091865340884174,3.141598622534758
2017-11-24,MANTENER,2,4.52889004365964,4.89500745170581,2.6667975269921484
2017-11-25,MANTENER,2,4.381709103479784,4.707067448513975,6.950720458957704
2017-11-26,MANTENER,2,4.624442619631297,4.614174904706818,14.498436692905692
2017-11-27,MANTENER,2,4.785415778981254,4.598370855255113,17.36096568645369
2017-11-28,MANTENER,2,4.824386627049546,4.628968834560304,22.41717650028736
2017-11-29,MANTENER,2,4.643395103330396,4.651869846494456,18.07232001660264
2017-11-30,MANTENER,2,4.452771416740605,4.666082309146619,15.195702432211888
2017-12-01,MANTENER,2,4.36720092781258,4.614633970782876,16.23806497663889
2017-12-02,MANTENER,2,4.714492338126463,4.600449282611918,12.040111860173576
2017-12-03,MANTENER,2,4.486834384058709,4.532938834013751,11.840588174291788
2017-12-04,MANTENER,2,4.319375382965583,4.468134889940788,16.45404063148792
2017-12-05,MANTENER,2,4.206032318486969,4.418787070290061,15.2264408013993
2017-12-06,COMPRAR,1,4.0577324204855705,4.356893368824659,26.399036336195003
2017-12-07,SALIR,2,7.01653486562785,4.817301874324936,48.01297466584362
2017-12-08,MANTENER,2,9.850555795978586,5.890046156708911,38.070390875159
2017-12-09,MANTENER,2,9.66868311735972,6.959907703587739,26.393616911134465
2017-12-10,MANTENER,2,9.599728010558083,8.038646842001961,26.001768805460657
2017-12-11,MANTENER,2,9.106479399545597,9.048396237813966,16.982386055754617
2017-12-12,MANTENER,2,9.10832046194969,9.466753357078336,-2.74290145945546
2017-12-13,MANTENER,2,8.668944409934749,9.230431079869568,-0.9776482081436556
2017-12-14,MANTENER,2,8.444831040146207,8.985660664426865,8.7371464953792
2017-12-15,MANTENER,2,8.00349931180315,8.66641492467588,13.59959340694843
2017-12-16,MANTENER,2,7.874454393628989,8.420009923492557,14.079232788145111
2017-12-17,MANTENER,2,8.0735151366116,8.213048858424939,9.446732856126872
2017-12-18,MANTENER,2,7.675118446645291,8.014283665767048,15.265031119265691
2017-12-19,MANTENER,2,7.2727043166932175,7.779858321076449,7.065690142853853
2017-12-20,MANTENER,2,7.296696299851002,7.63849771868602,-6.307091357941097
2017-12-21,MANTENER,2,7.261238642563787,7.51585456847298,-21.00876511683243
2017-12-22,MANTENER,2,7.085012423752167,7.318154025901093,-32.485194831952846
2017-12-23,MANTENER,2,8.00920383650895,7.384971103873825,-26.263838962871944
2017-12-24,MANTENER,2,7.830163096350907,7.496462859805362,-24.414534634559715
2017-12-25,MANTENER,2,7.632711405765879,7.563665880988339,-16.992800355581927
2017-12-26,MANTENER,2,7.234742185344608,7.5583665895445025,1.8613345208562395
2017-12-27,MANTENER,2,8.165216942548824,7.774407493303833,13.547341000161415
2017-12-28,MANTENER,2,7.756108843577544,7.723788494717553,-0.63264487031649
2017-12-29,MANTENER,2,7.818432049312801,7.721442285309931,5.112024668688342
2017-12-30,MANTENER,2,7.407844982385202,7.676469000633796,-7.968982608323216
2017-12-31,MANTENER,2,8.105738991694963,7.850668361903867,-12.863999117446312
2018-01-01,MANTENER,2,8.188930617444877,7.855411096883077,-14.817681553777009
2018-01-02,MANTENER,2,7.85058472676467,7.874306273520503,2.538949398772594
2018-01-03,MANTENER,2,8.006982337916222,7.912016331241188,3.649774770873648
2018-01-04,MANTENER,2,7.597750683153683,7.949997471394883,18.595397044368056
2018-01-05,MANTENER,2,7.2433120638179425,7.777512085819478,20.79973267000224
2018-01-06,MANTENER,2,7.733003425226081,7.686326647375719,24.94756796962676
2018-01-07,MANTENER,2,7.328197340890608,7.581849170200907,9.51457299947922
2018-01-08,MANTENER,2,7.23945349476817,7.428343401571297,-0.2034855615022479
2018-01-09,MANTENER,2,7.382007652701987,7.385194795480958,-6.651320606971112
2018-01-10,MANTENER,2,7.1141953573236245,7.359371454182094,-15.189557097148132
2018-01-11,MANTENER,2,6.78865553048217,7.170501875233311,-26.805511452893427
2018-01-12,MANTENER,2,7.3886851530534035,7.182599437665871,-16.433123270257965
2018-01-13,MANTENER,2,7.125486611034924,7.159806060919221,-5.486585484620932
2018-01-14,MANTENER,2,6.803981437569702,7.044200817892765,-5.806889186392716
2018-01-15,MANTENER,2,6.599685781791401,6.94129890278632,-8.016626965375195
2018-01-16,MANTENER,2,6.257472103683981,6.835062217426682,-15.416682754728228
2018-01-17,MANTENER,2,8.461856213321177,7.049696429480238,-22.27752585220646
2018-01-18,MANTENER,2,8.06608512310294,7.237816131893839,-22.42984293472734
2018-01-19,MANTENER,2,7.68102934999661,7.413225714379221,-17.099468606788193
2018-01-20,MANTENER,2,7.285344737288525,7.5503575054786465,-6.893702323982254
2018-01-21,MANTENER,2,7.689169013271903,7.836696887396231,0.9493078075713868
2018-01-22,MANTENER,2,8.076705414031908,7.759666727538376,-2.3255950325289376
2018-01-23,MANTENER,2,7.900454660457289,7.726540635009246,-5.43025432252584
2018-01-24,MANTENER,2,7.488452764915811,7.688025317993087,-2.159723002383984
2018-01-25,MANTENER,2,7.231501285404633,7.677256627616309,-13.596193906515095
2018-01-26,MANTENER,2,6.861210608310717,7.511664946624071,-3.765670917609043
2018-01-27,MANTENER,2,6.510569258530424,7.198437715523776,4.553777241083523
2018-01-28,MANTENER,2,6.21627786872541,6.861602357177399,8.107829132089961
2018-01-29,MANTENER,2,5.9674968637427535,6.557411176942788,-0.556150391614274
2018-01-30,MANTENER,2,5.835754593521662,6.278261838566193,-10.80443975782579
2018-01-31,MANTENER,2,6.633725878818403,6.2327648926677295,-8.89028030543848
2018-02-01,MANTENER,2,6.297621569638189,6.190175354889282,-22.11810134912735
2018-02-02,MANTENER,2,6.953294095184678,6.337578600181137,-28.869787472780928
2018-02-03,MANTENER,2,6.7113190942252015,6.486343046277627,-20.801152381005394
2018-02-04,MANTENER,2,6.47463935195379,6.614119997964053,-19.96772086853902
2018-02-05,MANTENER,2,7.009883959605627,6.689351614121497,-38.495452443795664
2018-02-06,MANTENER,2,8.74648937698656,7.179125175591172,-16.77873372225971
2018-02-07,MANTENER,2,8.9883739955757,7.586141155669376,-14.729301552645602
2018-02-08,MANTENER,2,8.533683545948223,7.95061404601398,-10.437150647690352
2018-02-09,MANTENER,2,8.488898904269341,8.353465956477091,5.408288209598666
2018-02-10,MANTENER,2,8.230987142348948,8.597686593025754,21.48058749046484
2018-02-11,MANTENER,2,7.81133095915252,8.410654909458945,4.734842069341738
2018-02-12,MANTENER,2,7.652815916134539,8.143543293570715,15.808532437252865
2018-02-13,MANTENER,2,7.844746491780002,8.00575588273707,3.9464527165677055
2018-02-14,MANTENER,2,7.537895185289679,7.8155551389411375,8.31617174353081
2018-02-15,MANTENER,2,7.817754582312117,7.732908626933773,16.478268018944497
2018-02-16,MANTENER,2,7.720552116452684,7.714752858393804,23.014851721231544
2018-02-17,MANTENER,2,7.317167512854525,7.647623177737802,21.905635843667604
2018-02-18,MANTENER,2,7.417467545256191,7.562167388433039,20.47308206255387
2018-02-19,MANTENER,2,7.236776630204384,7.50194367741598,16.744377864512927
2018-02-20,MANTENER,2,7.135051985097691,7.365403157973094,11.484967775621868
2018-02-21,MANTENER,2,6.778723186403857,7.17703737196333,4.364040187003582
2018-02-22,MANTENER,2,6.772154623774092,7.068034794147243,-10.500364796826211
2018-02-23,MANTENER,2,6.783586434448255,6.941258571985655,-2.404579524358219
2018-02-24,MANTENER,2,6.494113806920924,6.792726007328964,-13.445493949110343
2018-02-25,MANTENER,2,6.366019789816197,6.638919568272665,-16.545465635224943
2018-02-26,MANTENER,2,6.060262445724086,6.495227420136712,-3.074741423813876
2018-02-27,MANTENER,2,6.167463743380084,6.37428924405791,6.954840284964448
2018-02-28,MANTENER,2,5.945267368274789,6.206625430823216,0.9353252519787248
2018-03-01,MANTENER,2,5.736233622517308,6.055049393942493,10.971557385494712
2018-03-02,MANTENER,2,5.684756803510861,5.918796796681425,13.723594220542346
2018-03-03,MANTENER,2,5.405918404175009,5.78792798837161,10.2852234071781
2018-03-04,MANTENER,2,5.251808361686637,5.60479691203292,7.080868293878417
2018-03-05,MANTENER,2,4.985998875142798,5.412943213406523,10.70968038105562
2018-03-06,MANTENER,2,4.737291963692059,5.213154881641473,-1.5747451057224635
2018-03-07,MANTENER,2,5.075937111876677,5.091390943314636,-10.658298353803453
2018-03-08,MANTENER,2,5.47217650530599,5.104642563540833,-20.127232654408367
2018-03-09,MANTENER,2,5.5492243817300935,5.164125767549524,-20.93981695440732
2018-03-10,MANTENER,2,5.271723254604684,5.221270643441901,-26.647696773656904
2018-03-11,MANTENER,2,5.292938958432971,5.332400042390082,-11.814876197731117
2018-03-12,MANTENER,2,5.598448108555188,5.436902241725785,-7.937631986353644
2018-03-13,MANTENER,2,5.477060007136061,5.4378789420918,-2.1535170087565447
2018-03-14,MANTENER,2,5.198806811502676,5.367795428046316,-12.143240207395678
2018-03-15,MANTENER,2,6.040877864147926,5.521626349954964,-6.586457007754731
2018-03-16,MANTENER,2,5.73044368471869,5.609127295212109,-13.86692550351043
2018-03-17,MANTENER,2,5.438141980478612,5.5770660695967935,-15.076268970836535
2018-03-18,MANTENER,2,5.44197548204203,5.570049164577987,-11.162574277657988
2018-03-19,MANTENER,2,5.301247981938072,5.590537398665066,4.2708383968991015
2018-03-20,MANTENER,2,5.259148311520674,5.434191488139616,7.1204418800643765
2018-03-21,MANTENER,2,5.093181776109308,5.306739106417739,6.84704869367927
2018-03-22,MANTENER,2,4.8365081175668205,5.1864123338353805,9.759289141738314
2018-03-23,MANTENER,2,4.660290875247305,5.030075412476435,7.674101704308533
2018-03-24,MANTENER,1,4.458819256370749,4.861589667362971,0.4332074946562514
2018-03-25,MANTENER,1,4.318365032536001,4.673433011566037,-4.799398323515547
2018-03-26,MANTENER,1,4.165015763010028,4.48779980894618,-8.405590839217503
2018-03-27,MANTENER,1,4.127349134349973,4.34596801230281,-10.823937547380424
2018-03-28,MANTENER,1,4.227369005736617,4.2593836384006725,-11.002348698846731
2018-03-29,MANTENER,1,4.047510740291548,4.177121935184833,-19.034616021811424
2018-03-30,MANTENER,2,5.158391891324051,4.345127306942443,-20.942304510045773
2018-03-31,MANTENER,2,5.070554288077024,4.526235011955842,-16.315836476927537
2018-04-01,MANTENER,2,4.827719546605729,4.666309094406993,-13.49447312693215
2018-04-02,MANTENER,2,4.63201981133975,4.74723925552762,-11.592483019114042
2018-04-03,MANTENER,1,4.5317864368254765,4.844094394834405,3.9728031253341456
2018-04-04,MANTENER,1,4.603079001872037,4.733031816944004,-0.5337500360525382
2018-04-05,MANTENER,2,5.180629198971824,4.755046799122964,-2.35135345598092
2018-04-06,MANTENER,2,4.924820059852834,4.774466901772384,-3.084839219173574
2018-04-07,MANTENER,2,4.761110104236741,4.800284960351783,-2.468311418011737
2018-04-08,MANTENER,2,4.700279900650178,4.833983653116723,-5.976929250815388
2018-04-09,MANTENER,1,4.492491013781672,4.81186605549865,-1.220014946755299
2018-04-10,MANTENER,1,4.444605175650726,4.66466125083443,0.3413334441308535
2018-04-11,MANTENER,1,4.234083362707497,4.526513911405362,4.881657099679693
2018-04-12,MANTENER,1,4.070371299228177,4.38836615040365,13.237372817207673
2018-04-13,MANTENER,2,5.560069059578936,4.560323982189401,11.708671166634764
2018-04-14,MANTENER,2,5.276503421766207,4.717126463786309,16.511118324658014
2018-04-15,MANTENER,2,5.019960649541643,4.832197558564492,19.773532806163274
2018-04-16,MANTENER,2,4.9478768975225975,4.974956265527513,14.537438330604324
2018-04-17,MANTENER,2,4.829407452389565,5.12676349615979,0.162618836737316
2018-04-18,MANTENER,2,4.637797930332799,4.942309270310562,3.331195793260555
2018-04-19,MANTENER,1,4.523068751986814,4.791622336354683,3.784959560845458
2018-04-20,MANTENER,1,4.325856722122678,4.65280155087089,6.018952042533599
2018-04-21,MANTENER,1,4.596064059510045,4.58243898326838,9.880601214491412
2018-04-22,MANTENER,1,4.370620635589237,4.490681619908314,10.790396176274797
2018-04-23,COMPRAR,1,4.173730996337675,4.39786823310929,8.985173189688389
2018-04-24,SALIR,1,3.994150011288128,4.2920844849695525,15.62984345946834
2018-04-25,MANTENER,1,4.624558640257698,4.351824868596556,-0.001015667331039
2018-04-26,MANTENER,2,5.335464634026474,4.499704983499842,4.246969088086772
2018-04-27,MANTENER,2,5.288013487137479,4.68318355380949,2.075340708447726
2018-04-28,MANTENER,2,5.136444730482844,4.875726300638524,4.5698892237535205
2018-04-29,MANTENER,2,5.032193583727216,5.083335015126343,-2.9130692762395327
2018-04-30,MANTENER,2,4.783354197988005,5.115094126672403,4.366537286070482
2018-05-01,COMPRAR,1,4.592604774749782,4.966522154817065,-1.7663003966204016
2018-05-02,MANTENER,1,4.3903628986937004,4.786992037128309,2.7315590717623905
2018-05-03,MANTENER,1,4.191369280769338,4.597976947185609,4.142356574655004
2018-05-04,SALIR,1,4.333704964965405,4.458279223433246,2.946678122549073
2018-05-05,COMPRAR,1,4.1255890939158135,4.326726202618808,6.469717730497848
2018-05-06,MANTENER,1,3.955176822647109,4.199240612198274,5.709396092013819
2018-05-07,MANTENER,1,3.8332681194755023,4.087821656354634,1.4734036415164908
2018-05-08,MANTENER,1,3.786084829087312,4.006764766018228,-5.365622289467176
2018-05-09,MANTENER,1,3.644411911521575,3.868906155329462,-3.948597401385712
2018-05-10,MANTENER,1,3.484593544910257,3.740707045528351,-8.620359618799434
2018-05-11,MANTENER,1,3.4810932950044102,3.645890339999812,-13.429631970526046
2018-05-12,MANTENER,1,4.0269833052960085,3.684633377163912,-9.719300679356024
2018-05-13,MANTENER,1,3.838367526149949,3.69508991657644,-5.69101362434985
2018-05-14,MANTENER,1,3.739089379629828,3.714025410198091,-6.7467179417626255
2018-05-15,MANTENER,1,3.563215727990043,3.7297498468140473,-6.08083865047675
2018-05-16,MANTENER,1,3.4947302972727545,3.732477247267717,-0.864476195591557
2018-05-17,SALIR,1,3.384226247874291,3.603925835783373,-4.947869144526784
2018-05-18,MANTENER,1,3.41941024865491,3.520134380284365,-5.57402839378387
2018-05-19,MANTENER,1,3.3140295811448945,3.4351224205873785,-5.5379769523717925
2018-05-20,COMPRAR,1,3.164325963169849,3.35534446762334,0.033719215401895
2018-05-21,SALIR,1,3.1815498317127004,3.2927083745113293,0.5975797284591522
2018-05-22,MANTENER,1,3.066221019444479,3.2291073288253664,-0.6512134407980597
2018-05-23,MANTENER,1,3.306394670604018,3.206504213215189,-8.774797049142613
2018-05-24,MANTENER,1,3.766899301189564,3.297078157224122,-8.33902375847817
2018-05-25,MANTENER,1,3.589719052212159,3.382156775032584,-12.937224665508396
2018-05-26,MANTENER,1,3.459079920239783,3.437662792738001,-13.498991893997037
2018-05-27,MANTENER,1,3.351180031523612,3.494654595153827,-8.747423849145619
2018-05-28,MANTENER,1,3.1986834542101708,3.473112351875058,-5.743173878569863
2018-05-29,MANTENER,1,3.241107283443735,3.367953948325892,-1.5239409899496792
2018-05-30,MANTENER,1,3.4205806432205104,3.334126266527562,-0.989083066218832
2018-05-31,MANTENER,1,3.2802553782803225,3.29836135813567,1.8625397039770064
2018-06-01,MANTENER,1,3.1507149497332385,3.258268341777596,2.3238310607474943
2018-06-02,MANTENER,1,3.0152990000229147,3.2215914509401444,6.869807070911449
2018-06-03,MANTENER,1,2.911123196676848,3.155594633586767,3.26051085764405
2018-06-04,MANTENER,1,2.8011657595476875,3.031711656852202,1.4469827688976975
2018-06-05,MANTENER,1,2.836580096744892,2.942976600545116,1.845511032013292
2018-06-06,MANTENER,1,2.757548117721538,2.864343234142776,1.4811274313563771
2018-06-07,MANTENER,1,2.6437067396437266,2.7900247820669386,0.4541287270170002
2018-06-08,MANTENER,0,2.537891591407769,2.715378461013123,-1.2424926542893289
2018-06-09,MANTENER,0,2.4531159730017422,2.645768503703934,0.2327429167916506
2018-06-10,MANTENER,0,2.400114773572652,2.5584754390694857,-11.771586834389858
2018-06-11,MANTENER,1,4.132322546976721,2.833430324920522,-10.270197515946222
2018-06-12,MANTENER,1,3.967957292853333,3.098280435562444,-15.399706187812257
2018-06-13,MANTENER,1,4.103629777213428,3.411428072723575,-18.298277101922444
2018-06-14,MANTENER,1,4.087605001245998,3.738325878372426,-12.07363008630562
2018-06-15,MANTENER,1,4.199301909326361,4.098163305523168,-4.976483853820746
2018-06-16,MANTENER,1,4.149706768054233,4.10164014973867,-5.303429559194584
2018-06-17,MANTENER,1,3.971363638041817,4.102321418776367,-1.270345696922348
2018-06-18,MANTENER,1,3.7921740233472274,4.040030268003127,5.885200797698609
2018-06-19,MANTENER,1,3.780561258278569,3.9786215194096415,1.4070563602688324
2018-06-20,MANTENER,1,3.60380056258058,3.859521250060485,4.836831612311698
2018-06-21,MANTENER,1,3.4355953029491983,3.7166989570394784,2.704704406638037
2018-06-22,MANTENER,1,3.2885466431398176,3.580135558059079,-6.607845576003513
2018-06-23,MANTENER,1,4.567312007865353,3.735163154962704,-8.881176658885437
2018-06-24,MANTENER,1,4.357608743034281,3.850572651913846,-9.227001701561475
2018-06-25,MANTENER,1,4.1439733656778905,3.958607212533308,-8.101781079556325
2018-06-26,MANTENER,1,3.959075309376365,4.063303213818742,-9.92860300984546
2018-06-27,MANTENER,1,3.865800111203289,4.178753907431435,1.1999330704929534
2018-06-28,MANTENER,1,3.69342964477286,4.003977434812937,-4.294406883238722
2018-06-29,MANTENER,1,3.790331833787204,3.8905220529635214,0.7274327503109745
2018-06-30,MANTENER,1,3.968161557645426,3.855359691357029,2.4472511864940927
2018-07-01,MANTENER,1,3.886862531961948,3.8409171358741454,4.682936505817992
2018-07-02,MANTENER,1,3.703759453654496,3.8085090043643866,7.160511491184884
2018-07-03,MANTENER,1,3.696793372794092,3.8091817499686336,10.080890832565537
2018-07-04,MANTENER,1,3.552585388620319,3.761632460935256,5.920181230293053
2018-07-05,MANTENER,1,3.40037997065486,3.648076143537144,3.60596624862346
2018-07-06,MANTENER,1,3.2488796162892544,3.5204795604026047,4.406458022185511
2018-07-07,MANTENER,1,3.105387201784392,3.400805110028584,3.6043989575476942
2018-07-08,MANTENER,1,3.084850001099656,3.278416435689696,3.672989189558784
2018-07-09,MANTENER,1,2.981313153959524,3.164161988757537,2.162119674838081
2018-07-10,MANTENER,1,2.859028302251905,3.0558916550769464,-4.769008953467235
2018-07-11,MANTENER,1,3.442521997865743,3.094620131392244,-4.267337996614451
2018-07-12,MANTENER,1,3.297039303205481,3.132950551676462,-9.607453261433818
2018-07-13,MANTENER,1,3.2723917203090265,3.170458895518336,-8.240641991373998
2018-07-14,MANTENER,1,3.1248311560162643,3.1991624959296843,-7.156756132063258
2018-07-15,MANTENER,1,2.990749103790973,3.225506656237498,0.4679425388236069
2018-07-16,MANTENER,1,2.8874317706348216,3.114488610791313,5.284845517355663
2018-07-17,COMPRAR,1,3.328310447504398,3.120742839651097,16.156708699435995
2018-07-18,MANTENER,1,4.127748088988343,3.29181411338696,16.685590368401115
2018-07-19,MANTENER,1,3.9318433716496304,3.453216556513633,17.372257058589113
2018-07-20,MANTENER,1,3.762835275639995,3.6076337908834377,14.529025076809177
2018-07-21,MANTENER,1,3.624507903851665,3.755049017526806,9.576383539493882
2018-07-22,MANTENER,1,3.4637364365246395,3.782134215330855,1.3223164300070422
2018-07-23,MANTENER,1,3.304479352519607,3.6174804680371073,4.513862243702782
2018-07-24,MANTENER,1,3.380778976657717,3.5072675890387246,12.064222555254922
2018-07-25,SALIR,1,4.292036961970455,3.613107926304816,10.66000352977099
2018-07-26,COMPRAR,1,4.200668876309408,3.728340120796365,6.928729034867409
2018-07-27,MANTENER,1,4.1113207134549095,3.8578569761824193,9.588235843685666
2018-07-28,MANTENER,1,3.9971365181087113,3.99638840930024,6.051429800502284
2018-07-29,MANTENER,1,3.805578368894496,4.081348287747596,-2.4733931125910047
2018-07-30,MANTENER,1,3.625571339821412,3.9480551633177874,-0.0111253327942151
2018-07-31,MANTENER,1,3.4612930965052526,3.800180007356956,-2.175777655296507
2018-08-01,MANTENER,1,3.699381195213847,3.717792103708745,-6.843738281944489
2018-08-02,MANTENER,1,3.5933799405288505,3.637040788192772,-7.935992883331799
2018-08-03,MANTENER,1,3.4378514398496725,3.563495402383807,-10.026628827971074
2018-08-04,MANTENER,1,3.3371181614930205,3.5058047667181285,-15.11587832529866
2018-08-05,MANTENER,1,3.6802339187595328,3.549592931168985,-9.596742322695206
2018-08-06,SALIR,1,3.5094900274710388,3.5116146976204226,-9.24199488828048
2018-08-07,MANTENER,1,3.3971523632296527,3.472369182160583,-11.381185985795028
2018-08-08,MANTENER,1,3.387202185320321,3.4622393312547133,-16.46467367314237
2018-08-09,MANTENER,1,3.9472122504589007,3.5842581490478893,-6.834765612533111
2018-08-10,MANTENER,1,3.9709902142625686,3.642409408148496,-13.356535030533044
2018-08-11,MANTENER,1,4.273905508969326,3.795292504448154,-9.912896803215787
2018-08-12,MANTENER,1,4.100494091516715,3.935960850105566,-6.585989642101886
2018-08-13,MANTENER,1,3.903370807054901,4.039194574452482,-0.1305997027913008
2018-08-14,MANTENER,1,3.720763073014885,3.99390473896368,-5.774187637095629
2018-08-15,MANTENER,1,3.5876409270345606,3.9172348815180777,1.982099300454898
2018-08-16,MANTENER,1,3.4603301089417844,3.75451980151257,0.6175566696354551
2018-08-17,MANTENER,1,3.302323034955024,3.5948855902002306,3.998572637995501
2018-08-18,MANTENER,1,3.371901014209405,3.488591631631132,1.9839762768215865
2018-08-19,MANTENER,1,3.3218682431120925,3.408812665650573,4.823304981149512
2018-08-20,MANTENER,1,3.1929923726011498,3.329882954763891,0.0001548004510354
2018-08-21,MANTENER,1,3.2233704615128578,3.282491025278106,2.4024223748273954
2018-08-22,MANTENER,1,3.200450975059169,3.262116613298935,-3.147818338275598
2018-08-23,MANTENER,1,3.1169438388395485,3.211125178224964,1.715038675183855
2018-08-24,MANTENER,1,3.0733353109420154,3.161418591790948,3.234663604913557
2018-08-25,MANTENER,1,3.0633512152127857,3.135490360313275,6.959201176874608
2018-08-26,MANTENER,1,2.9338831876881293,3.0775929055483298,3.311907372483347
2018-08-27,MANTENER,1,2.825114686352272,3.00252564780695,7.664057884624853
2018-08-28,COMPRAR,1,2.824031444626125,2.9439431689642657,8.241670649092292
2018-08-29,MANTENER,1,2.86473134179184,2.9022223751342304,4.754252463274078
2018-08-30,SALIR,1,2.756287908425003,2.840809713776674,3.1300636580589014
2018-08-31,COMPRAR,0,2.6665292583469475,2.7873389279084373,4.807388528382184
2018-09-01,MANTENER,0,2.569107934842496,2.7361375776064825,4.385022320363952
2018-09-02,MANTENER,0,2.5568217689500976,2.682695642471277,2.4559718612746195
2018-09-03,MANTENER,0,2.4764130915545817,2.605031992423825,2.9763380379836946
2018-09-04,MANTENER,0,2.3833174853597905,2.5304379078107826,5.349017185653082
2018-09-05,SALIR,0,2.3311818561385897,2.463368427369111,-3.539671654019472
2018-09-06,MANTENER,1,3.4748300323531125,2.6445128468712342,-9.686326871599247
2018-09-07,MANTENER,1,3.5698896777623106,2.847126428633677,-11.74072720068331
2018-09-08,MANTENER,1,3.421805782880955,3.036204966898952,-15.365724479422838
2018-09-09,MANTENER,1,3.504612465441777,3.260463962915349,-15.559936169356448
2018-09-10,MANTENER,1,3.360521459591558,3.4663318836059425,-7.061478311072733
2018-09-11,MANTENER,1,3.2092115512284503,3.4132081873810103,-3.237072312722056
2018-09-12,MANTENER,1,3.0668010137369683,3.312590454575942,-1.7984912855339985
2018-09-13,MANTENER,1,2.9346245771563404,3.2151542134310183,4.573086656691494
2018-09-14,MANTENER,1,2.9188619898911803,3.0980041183209,3.306953592389128
2018-09-15,MANTENER,1,2.794709082090858,2.98484164282076,3.3173499763746506
2018-09-16,MANTENER,1,2.680304310667552,2.87906019470858,3.05326995605597
2018-09-17,MANTENER,0,2.5768753583803456,2.7810750636372554,-1.117713043044688
2018-09-18,MANTENER,1,2.767175113794133,2.747585170964814,-2.2658223368893005
2018-09-19,MANTENER,1,2.685603760748496,2.7009335251362767,-1.7685800797030635
2018-09-20,MANTENER,0,2.5780541239301464,2.6576025335041344,-0.3602623110564806
2018-09-21,COMPRAR,0,2.540277768721282,2.6295972251148805,3.2868620918259595
2018-09-22,MANTENER,0,2.6429461749712844,2.6428113884330684,6.78216749645042
2018-09-23,MANTENER,0,2.5385275778658096,2.597081881247404,5.188931909024674
2018-09-24,SALIR,0,2.4410147836630816,2.548164085830321,3.030413079088312
2018-09-25,MANTENER,0,2.424560907765936,2.5174654425974787,-1.1291021680527535
2018-09-26,MANTENER,0,2.4607225957658474,2.501554408006392,-3.627776480707645
2018-09-27,COMPRAR,0,2.37540176041175,2.448045525094485,-0.6751408878129084
2018-09-28,MANTENER,0,2.442037970248877,2.4287476035710984,-0.9959078382035358
2018-09-29,MANTENER,0,2.357829843998869,2.412110615638256,0.0992592488822552
2018-09-30,MANTENER,0,2.28453267865242,2.384104969815553,2.740217794822364
2018-10-01,SALIR,0,2.204337496591487,2.3328279499806803,1.4463051386972126
2018-10-02,MANTENER,0,2.1397706396162124,2.285701725821573,-1.823541334590395
2018-10-03,MANTENER,0,2.079187385186006,2.213131608808999,-2.153320540161729
2018-10-04,MANTENER,0,2.0361490721770537,2.148795454444636,-0.3834998378355436
2018-10-05,MANTENER,0,2.000084789139187,2.091905876541989,-0.0464986242707965
2018-10-06,MANTENER,0,1.9486322055120184,2.040764818326096,-0.0198826155639153
2018-10-07,MANTENER,0,1.9039156833571136,1.993593827074276,0.7120619583824706
2018-10-08,COMPRAR,0,1.8515465456795968,1.948065659172994,2.2751598817796648
2018-10-09,SALIR,0,1.8142631997793564,1.9036884846934543,0.9977925066255722
2018-10-10,MANTENER,0,1.7710696481296748,1.857885456491552,-0.5595133917003281
2018-10-11,MANTENER,0,1.7588412094623638,1.819927257281621,-5.171747221278089
2018-10-12,MANTENER,0,2.4210645471693564,1.9233570300440697,-5.100998548983249
2018-10-13,MANTENER,0,2.330489292364047,2.01914557938096,-5.662874904161974
2018-10-14,MANTENER,0,2.24578259306591,2.1054494580382705,-5.440055395250987
2018-10-15,MANTENER,0,2.167173645917063,2.184670257595748,0.1670489780959627
2018-10-16,MANTENER,0,2.575515256767531,2.348005067056781,5.290065746380535
2018-10-17,MANTENER,0,2.473960180534392,2.3585841937297887,4.210777008992928
2018-10-18,MANTENER,0,2.3973984080931987,2.371966016875619,2.9889274529512733
2018-10-19,MANTENER,0,2.338668944080241,2.390543287078485,2.7357511325668327
2018-10-20,MANTENER,0,2.255407274576865,2.408190012810446,-1.6407568565224295
2018-10-21,MANTENER,0,2.1774575924286803,2.328578479942675,-1.7396946597987295
2018-10-22,MANTENER,0,2.105149379851467,2.2548163198060904,-0.8789470320994752
2018-10-23,MANTENER,0,2.036976610054631,2.182731960198377,-0.0149736389591481
2018-10-24,MANTENER,0,1.9763495067337995,2.110268072729089,0.4695495173479003
2018-10-25,MANTENER,0,1.9189256575237907,2.0429717493184736,-0.1989884928249807
2018-10-26,MANTENER,0,1.870234554076299,1.9815271416479976,-0.1173117205327756
2018-10-27,MANTENER,0,1.8209519876278963,1.924687663203284,-0.1045730190144311
2018-10-28,MANTENER,0,1.7750865301762646,1.8723096472276104,0.1643233702372626
2018-10-29,MANTENER,0,1.733012778261904,1.823642301533231,-2.544633476570546
2018-10-30,MANTENER,0,1.882203512425473,1.8162978725135672,-2.2173244189973573
2018-10-31,MANTENER,0,1.8315961056026664,1.808570182818841,-2.456904636294688
2018-11-01,MANTENER,0,1.789269836912473,1.802233752675756,-1.59590918016832
2018-11-02,MANTENER,0,1.7662732656291684,1.800471099766337,-1.521605870765086
2018-11-03,MANTENER,0,1.724957922745738,1.798860128663104,0.4510820899024992
2018-11-04,MANTENER,0,1.6965669756011976,1.7617328212982488,0.6586734476311307
2018-11-05,MANTENER,0,1.661499177091059,1.7277134355959274,1.6024230698544528
2018-11-06,MANTENER,0,1.6390379606858612,1.6976670603506048,1.296557531256326
2018-11-07,COMPRAR,0,1.6173415037315757,1.6678807079710865,2.1938305547774206
2018-11-08,SALIR,0,1.6178184841207792,1.6464528202460944,1.4430307936997622
2018-11-09,MANTENER,0,1.6445777829679675,1.6360549817194483,0.148729384675228
2018-11-10,MANTENER,0,1.65898285595589,1.6355517174924146,-0.1627568955179015
2018-11-11,MANTENER,0,1.6287318383765663,1.6334904930305556,-0.7728233768224513
2018-11-12,MANTENER,0,1.5995205903056182,1.6299263103453645,-2.462957867090409
2018-11-13,MANTENER,0,1.5914321545175742,1.6246490444247232,-1.470851971875753
2018-11-14,MANTENER,0,1.5685182177163044,1.6094371313743907,-10.687687612617935
2018-11-15,MANTENER,1,3.713296497832404,2.0202998597496937,-12.643083842916525
2018-11-16,MANTENER,1,3.581733141517646,2.410900120377909,-13.966645012087398
2018-11-17,MANTENER,1,3.4457148198814083,2.780138966293068,-13.722100701236783
2018-11-18,MANTENER,1,3.291396096501327,3.120131754689818,-12.298685652106832
2018-11-19,MANTENER,1,3.1633232379395566,3.4390927587344686,-16.377183634324588
2018-11-20,MANTENER,2,5.588711341518307,3.814175727471649,-23.798251480208062
2018-11-21,MANTENER,2,6.075840646299324,4.312997228427984,-19.18630177425964
2018-11-22,MANTENER,2,5.855421282941171,4.794938521039937,-24.074431576521427
2018-11-23,MANTENER,2,5.824460363208508,5.301551374381373,-25.745014074688832
2018-11-24,MANTENER,2,5.5287345862810096,5.774633644049664,-22.736887997788106
2018-11-25,MANTENER,2,6.434360636529422,5.943763503051886,-10.454050626305287
2018-11-26,MANTENER,2,6.186144592194945,5.9658242922310105,-19.703412101424256
2018-11-27,MANTENER,2,6.1873114608718565,6.032202327817148,-13.339462319101436
2018-11-28,MANTENER,2,5.876421370647819,6.042594529305011,-2.084790038600026
2018-11-29,MANTENER,2,6.567701685328751,6.250387949114558,9.765249265911002
2018-11-30,MANTENER,2,6.228079853415717,6.209131792491818,0.1818454994834795
2018-12-01,MANTENER,2,6.26477744550729,6.224858363154287,10.90779480468651
2018-12-02,MANTENER,2,6.131538411601556,6.213703753300226,8.022742295424301
2018-12-03,MANTENER,2,5.848548649466859,6.208129209064035,-8.919281288606307
2018-12-04,MANTENER,2,5.9072021236902135,6.076029296736327,-7.822418268517595
2018-12-05,MANTENER,2,5.624171488724215,5.9552476237980265,-6.778163524989544
2018-12-06,MANTENER,2,5.616321942844576,5.825556523265485,-17.97977875667396
2018-12-07,MANTENER,2,5.735578775038166,5.746364595952806,-19.10440971535152
2018-12-08,MANTENER,2,5.53073977535017,5.682802821129468,-11.35552939544784
2018-12-09,MANTENER,2,5.271489106083556,5.555660217608137,-9.057928120112102
2018-12-10,MANTENER,2,5.15201708066519,5.461229335996332,-6.929903290810024
2018-12-11,MANTENER,2,5.005145930046452,5.338994133436707,-2.779274202167059
2018-12-12,MANTENER,2,4.815886999863308,5.155055778401736,1.940527996352692
2018-12-13,MANTENER,2,4.607646788738264,4.970437181079354,-4.7856694595722615
2018-12-14,MANTENER,2,4.6958898666281,4.855317333188262,-10.854007305900382
2018-12-15,MANTENER,2,4.524188229456048,4.729751562946435,-7.894817904464624
2018-12-16,MANTENER,1,4.301803542129182,4.58908308536298,-5.14530241446689
2018-12-17,MANTENER,1,4.093209991285509,4.4445476836474205,1.6754579625210653
2018-12-18,MANTENER,2,4.773460843631874,4.477710494626143,10.920861582808785
2018-12-19,MANTENER,2,4.719607775384095,4.4824540763773415,14.433546987799597
2018-12-20,MANTENER,2,4.501957331941362,4.478007896874404,24.47788696926203
2018-12-21,MANTENER,2,5.321355814478308,4.68191835134423,18.056174201704067
2018-12-22,MANTENER,2,5.419990769627877,4.947274507012703,12.405168014841903
2018-12-23,MANTENER,2,5.226902095823777,5.037962757451084,7.877224571878827
2018-12-24,MANTENER,2,4.965177366281082,5.087076675630482,8.50781379331309
2018-12-25,MANTENER,2,4.753811221272663,5.137447453496742,-8.028294391628066
2018-12-26,MANTENER,2,5.026455328503117,5.078467356301703,-1.012309314553761
2018-12-27,MANTENER,2,4.783869506453242,4.951243103666776,-9.378320734365886
2018-12-28,MANTENER,2,4.885234166891832,4.882909517880387,-1.8948561635829364
2018-12-29,MANTENER,2,5.163969730230673,4.9226679906703055,-6.539617260906816
2018-12-30,MANTENER,2,4.986629173026193,4.969231581021012,1.3138843218090557
2018-12-31,MANTENER,2,4.748575573835232,4.913655630087435,-3.015944307332852
2019-01-01,MANTENER,2,4.642285690745079,4.885338866945802,5.03380814058243
2019-01-02,MANTENER,2,4.487787342054834,4.805849501978402,0.4954861986787406
2019-01-03,MANTENER,1,4.339338449693281,4.640923245870924,0.4265959138416875
2019-01-04,MANTENER,1,4.230438066602605,4.489685024586207,-0.2132434546135542
2019-01-05,MANTENER,1,4.0266312581089965,4.345296161440959,2.7016814165687464
2019-01-06,COMPRAR,1,3.83549932971032,4.183938889234007,5.888267826859384
2019-01-07,MANTENER,1,4.097782508439109,4.105937922510862,2.054091105731537
2019-01-08,MANTENER,1,3.925754051033328,4.023221042778871,4.935338763419139
2019-01-09,MANTENER,1,3.737912886827247,3.9247160068238,4.500405805364771
2019-01-10,SALIR,1,3.5614780948138267,3.831685374164766,-4.420373719040072
2019-01-11,MANTENER,2,4.55911482454025,3.976408473130752,-10.035905613621663
2019-01-12,MANTENER,1,4.33368798095583,4.023589567634096,-9.476804051031706
2019-01-13,MANTENER,1,4.130339035751057,4.064506564577643,-12.619762707189608
2019-01-14,MANTENER,1,4.059351845062238,4.12879435622464,-8.511252751332954
2019-01-15,MANTENER,1,4.085564706897372,4.23361167864135,-1.320180839289442
2019-01-16,MANTENER,1,3.9519937080735983,4.112187455348019,-0.8814277100439583
2019-01-17,MANTENER,1,3.766684192999553,3.998786697756764,0.4703893411376114
2019-01-18,MANTENER,1,3.592413027571783,3.891201496120909,2.909350918253928
2019-01-19,MANTENER,1,3.4322221762035845,3.765775562349178,0.605711664833386
2019-01-20,MANTENER,1,3.3257636653938705,3.613815354048478,-0.8203280748034558
2019-01-21,MANTENER,1,3.3837759112633754,3.500171794686433,-2.184402605323577
2019-01-22,MANTENER,1,3.2402027731271072,3.394875510711944,-2.031798107709193
2019-01-23,MANTENER,1,3.1022914745214005,3.296851200101868,-2.00798368968087
2019-01-24,MANTENER,1,2.973424949537733,3.205091754768697,-3.485011485003753
2019-01-25,MANTENER,1,2.8468009879992886,3.109299219289781,-0.0346574350666983
2019-01-26,MANTENER,1,2.727125012573213,2.9779690395517484,0.7363132682954188
2019-01-27,MANTENER,0,2.614983403540219,2.852925165634371,-0.573450967672251
2019-01-28,MANTENER,0,2.51894784473617,2.736256439677325,-3.2508400986422714
2019-01-29,MANTENER,1,2.653126522248125,2.6721967542194034,-4.334595875300273
2019-01-30,MANTENER,0,2.558189285342207,2.614474413687987,-3.2061755512504675
2019-01-31,MANTENER,0,2.477640999453389,2.564577611064022,-4.098662549281329
2019-02-01,MANTENER,0,2.402061911552773,2.5219933126665333,-2.715713115595797
2019-02-02,MANTENER,0,2.324730362390127,2.4831498161973244,1.4477910118964488
2019-02-03,MANTENER,0,2.256099085887933,2.403744328925286,0.4599598545587113
2019-02-04,MANTENER,0,2.250318864669916,2.342170244790828,-0.7782985737907921
2019-02-05,MANTENER,0,2.173039904288574,2.2812500257578643,0.2473863637392881
2019-02-06,MANTENER,0,2.0998952216253244,2.2208166877723747,-2.1496212646351154
2019-02-07,MANTENER,0,2.1017996496048834,2.176230545215326,-3.514227407296744
2019-02-08,MANTENER,0,2.041494253567364,2.1333095787512124,5.688610025563712
2019-02-09,MANTENER,1,3.122731909798228,2.307792187776875,5.949550257461489
2019-02-10,MANTENER,1,2.9846725628476576,2.470118719488691,6.257315997600799
2019-02-11,MANTENER,1,2.8583178414812163,2.62180324345987,6.648050556411889
2019-02-12,MANTENER,1,2.7679661176581254,2.7550365370705183,7.207339937817103
2019-02-13,MANTENER,1,2.653048798539565,2.877347446064958,-0.951108037685522
2019-02-14,MANTENER,0,2.556386196029117,2.764078303311136,-1.490755496646301
2019-02-15,MANTENER,0,2.46212567994648,2.659568926730901,-1.8979492070224424
2019-02-16,MANTENER,0,2.3680466260396065,2.561514683642579,-0.5122986563405263
2019-02-17,COMPRAR,0,2.2809317776785694,2.464107815646668,0.5542966642510194
2019-02-18,MANTENER,0,2.227516715888791,2.3790013991165124,7.519489213516906
2019-02-19,MANTENER,1,2.956365312279423,2.458997222366574,8.73677208202519
2019-02-20,MANTENER,1,2.8374565131795366,2.5340633890131854,9.955152309615832
2019-02-21,MANTENER,1,2.745767693809264,2.6096076025671167,8.558347546899192
2019-02-22,MANTENER,1,2.664645908685835,2.68635042876857,8.643866310633896
2019-02-23,MANTENER,0,2.5845335443393087,2.7577537944586736,5.63081741376017
2019-02-24,MANTENER,1,2.695321517981223,2.7055450355990334,-3.523834916960311
2019-02-25,MANTENER,1,3.776765653032319,2.8934068635695898,-2.971966712212115
2019-02-26,MANTENER,1,3.642697011077311,3.0727927270232,-2.555317611960284
2019-02-27,MANTENER,1,3.483240357191832,3.236511616724399,-3.932990663433245
2019-02-28,MANTENER,1,3.323184171709382,3.384241742198413,-7.199061560753783
2019-03-01,MANTENER,1,3.172429253244669,3.4796632892511026,1.2817953338471355
2019-03-02,MANTENER,1,3.031197195818627,3.330549597808364,-0.4719509803949862
2019-03-03,MANTENER,1,2.8990209535919584,3.1818143863112938,-0.1865117073052147
2019-03-04,MANTENER,1,2.781657718998235,3.041497858672574,-2.351215201169232
2019-03-05,MANTENER,1,2.775157841599829,2.931892592650664,1.0731296111616828
2019-03-06,MANTENER,1,2.879135277687878,2.8732337975393056,1.1427634133841735
2019-03-07,MANTENER,1,2.756950922023339,2.8183845427802483,1.2106615156104894
2019-03-08,MANTENER,1,2.6428548569546537,2.767151323452787,1.3927346993726886
2019-03-09,MANTENER,0,2.5395051540305507,2.71872081045925,5.2247471801472045
2019-03-10,MANTENER,0,2.485398796279525,2.660769001395189,1.4073889403501738
2019-03-11,MANTENER,0,2.393604392060241,2.5636628242696617,0.0329015245714714
2019-03-12,MANTENER,0,2.342998809054152,2.4808724016758243,-0.0595379632029491
2019-03-13,MANTENER,0,2.2573379591895275,2.403769022122799,0.1430789555561418
2019-03-14,MANTENER,0,2.178687911024555,2.3316055735216006,-0.9874863690383152
2019-03-15,MANTENER,0,2.107601604875097,2.256046135240714,0.2353559726129717
2019-03-16,MANTENER,0,2.0557014546935704,2.18846554776738,3.608623403743216
2019-03-17,MANTENER,0,2.101253060352153,2.14011639802698,2.926024676070682
2019-03-18,MANTENER,0,2.0462344380971738,2.0978956938085096,3.16908949647754
2019-03-19,MANTENER,0,1.9825512809865475,2.0586683678009083,3.672977577383208
2019-03-20,MANTENER,0,1.942450025842709,2.025638051994431,3.1453659688367
2019-03-21,MANTENER,0,1.8888464910963247,1.9922670592749816,-0.480288101842774
2019-03-22,MANTENER,0,1.905773132569381,1.953171073718428,-0.0313259112978414
2019-03-23,MANTENER,0,1.8548898921032144,1.914902164519636,0.082274533775184
2019-03-24,MANTENER,0,1.807037299227466,1.87979936816782,-1.21142719158307
2019-03-25,MANTENER,0,1.7687118860301008,1.8450517402052973,-3.090862463750099
2019-03-26,MANTENER,0,1.8040671697404265,1.8280958759341173,-1.104175002435959
2019-03-27,MANTENER,0,1.765036573662904,1.799948564152822,1.555884736061941
2019-03-28,MANTENER,0,1.8918442944443017,1.80733944462104,0.821251608948792
2019-03-29,MANTENER,0,1.8493203691577231,1.815796058607092,1.87693208716162
2019-03-30,MANTENER,0,1.8112856327364515,1.8243108079483608,3.5590966211731967
2019-03-31,MANTENER,0,1.7663469261470977,1.816766759229696,2.9746636221840816
2019-04-01,MANTENER,0,1.7257161490616653,1.808902674309448,1.7250832495374624
2019-04-02,MANTENER,0,1.7287031988285588,1.776274455186299,18.16965964038016
2019-04-03,SALIR,2,5.424425551824523,2.4912954917196592,19.34372635708055
2019-04-04,MANTENER,2,5.1804135889081335,3.165121082953996,18.12671521582434
2019-04-05,MANTENER,2,4.932579400143898,3.798367577753356,20.444313671664283
2019-04-06,MANTENER,2,4.737439487422667,4.400712245425557,19.625216691934355
2019-04-07,MANTENER,2,4.502723498238313,4.955516305307508,6.332627729969609
2019-04-08,COMPRAR,1,4.362025332810145,4.74303626150463,6.174725685639615
2019-04-09,MANTENER,1,4.180783937341086,4.543110331191222,5.573449191635937
2019-04-10,MANTENER,1,4.017612070044211,4.360116865171284,5.558116745896413
2019-04-11,MANTENER,1,3.887171487041121,4.190063265094976,0.0922613533759886
2019-04-12,MANTENER,1,4.059367858203623,4.101392137088037,-2.1259213447349268
2019-04-13,MANTENER,1,3.865325973138383,4.002052265153685,-3.720396761787725
2019-04-14,MANTENER,1,3.681140798271058,3.902123637339679,-0.7179723214665756
2019-04-15,MANTENER,1,3.5319596324069327,3.804993149812224,-4.955821182982767
2019-04-16,MANTENER,1,3.435924292172975,3.7147437108385946,3.3220723003610786
2019-04-17,MANTENER,1,3.433374745608501,3.58954508831957,3.1409880116656907
2019-04-18,MANTENER,1,3.2762730346282987,3.4717345006175533,3.883120986742483
2019-04-19,MANTENER,1,3.1380446228678505,3.363115265536911,2.599389661276774
2019-04-20,MANTENER,1,2.9990151649094825,3.256526372037422,5.205941833112782
2019-04-21,MANTENER,1,2.8737856787272977,3.144098649348286,1.497108528124258
2019-04-22,MANTENER,1,2.757944905999,3.009012681426386,2.7684248358072594
2019-04-23,MANTENER,1,2.685731295118676,2.8909043335244613,5.041687896186531
2019-04-24,MANTENER,1,2.757481151471384,2.814791639245168,2.99138280252862
2019-04-25,MANTENER,1,2.727596367529049,2.7605078797690816,-2.4150918418722966
2019-04-26,MANTENER,1,3.059623923133272,2.7976755286502764,-0.6642181491926635
2019-04-27,MANTENER,1,2.950874666656804,2.836261480781837,-2.457537296974799
2019-04-28,MANTENER,1,2.826002190973064,2.864315659952714,-5.292012605027452
2019-04-29,MANTENER,1,2.707960523000405,2.854411534258519,-4.061605846659155
2019-04-30,MANTENER,1,2.6114283556269946,2.831177931878108,2.6553538563502954
2019-05-01,MANTENER,0,2.576119473715577,2.7344770419945688,2.3095689877539627
2019-05-02,MANTENER,0,2.489172055042521,2.642136519671712,4.400227775275312
2019-05-03,MANTENER,0,2.460112281120587,2.5689585377012167,8.74766481030722
2019-05-04,MANTENER,1,2.7877848095439792,2.584923395009932,10.549356311533664
2019-05-05,MANTENER,1,2.6896092226700485,2.600559568418542,7.988537145209484
2019-05-06,MANTENER,1,2.5909556792720405,2.603526809529836,6.174609615473869
2019-05-07,MANTENER,0,2.5079315183309565,2.6072787021875223,5.722318241840441
2019-05-08,MANTENER,0,2.447498058682818,2.6047558576999688,3.645584175241545
2019-05-09,MANTENER,0,2.486636077402772,2.544526111271727,5.721533904795173
2019-05-10,MANTENER,1,2.585820621906696,2.5237683911190567,9.586996332746269
2019-05-11,MANTENER,1,2.683008263098497,2.5421789078843475,22.609909403863604
2019-05-12,SALIR,2,4.68232459271625,2.9770575227614064,17.902393789785087
2019-05-13,MANTENER,2,4.584700007723134,3.404497912569469,26.72026523068088
2019-05-14,MANTENER,2,5.692225645971783,4.045615826283272,25.83107266169496
2019-05-15,MANTENER,2,5.445796486136199,4.617610999129172,25.177650330236112
2019-05-16,MANTENER,2,5.230913264655313,5.127191999440536,9.020718954430508
2019-05-17,MANTENER,2,5.142057115942596,5.219138504085804,5.191400240770072
2019-05-18,MANTENER,2,5.417780732102316,5.385754648961641,-7.211165116592078
2019-05-19,MANTENER,2,5.155200178779319,5.278349555523149,2.5109040636396074
2019-05-20,MANTENER,2,6.228949876069343,5.434980233509778,-2.803770131717976
2019-05-21,MANTENER,2,5.978676547646816,5.584532890108078,0.9896255077070036
2019-05-22,MANTENER,2,5.672118515123567,5.690545169944272,4.47587687914055
2019-05-23,MANTENER,2,5.517868778241467,5.710562779172102,8.06397855009049
2019-05-24,MANTENER,2,5.2976264789001775,5.739048039196274,-2.599059834787454
2019-05-25,MANTENER,2,5.04429443397319,5.502116950777044,0.9261565031916774
2019-05-26,MANTENER,2,4.795613489704099,5.2655043391885,8.539267823806895
2019-05-27,MANTENER,2,5.135515518151502,5.158183739794088,13.677993953767851
2019-05-28,MANTENER,2,4.897234890477114,5.034056962241217,10.105264362975142
2019-05-29,MANTENER,2,4.665705344067902,4.907672735274762,8.079377592238934
2019-05-30,MANTENER,2,4.44190053826846,4.787193956133816,3.2610810603564744
2019-05-31,MANTENER,2,4.43103141762766,4.714277541718529,-1.1446725454884898
2019-06-01,COMPRAR,1,4.316479785888398,4.550470395265907,-2.783882405243787
2019-06-02,MANTENER,1,4.106040514807527,4.39223152013199,0.2633706979750627
2019-06-03,MANTENER,1,3.957902626831781,4.250670976684765,-5.34249995759648
2019-06-04,SALIR,1,4.307131068292586,4.223717082689591,-7.636982995093788
2019-06-05,MANTENER,2,4.596889033562653,4.256888605876589,-9.156739634591029
2019-06-06,COMPRAR,1,4.3918232707551965,4.271957302849949,-9.062603656930968
2019-06-07,MANTENER,1,4.17643002699168,4.286035205286779,-8.332817547564453
2019-06-08,MANTENER,1,4.067113705312938,4.307877420983011,-3.153948820553154
2019-06-09,MANTENER,1,3.8919151821122178,4.224834243746937,-0.255833367708469
2019-06-10,MANTENER,1,3.878968962059008,4.081250229446208,2.225722581056999
2019-06-11,MANTENER,1,3.900226621385505,3.9829308995722696,1.3421493858411182
2019-06-12,MANTENER,1,3.729156611127451,3.893476216399424,1.2589104472155557
2019-06-13,MANTENER,1,3.651285066714439,3.810310488679724,3.420722933195819
2019-06-14,MANTENER,1,3.4927567310150773,3.730478798460296,12.294321809702424
2019-06-15,MANTENER,1,3.756289595794173,3.705942925207329,9.962029666086458
2019-06-16,MANTENER,1,3.612735460313457,3.648444692992919,12.624720999654215
2019-06-17,MANTENER,1,3.484150222471199,3.599443415261669,13.469094782755064
2019-06-18,MANTENER,1,3.5052244680987217,3.5702312955385254,9.83700435319399
2019-06-19,MANTENER,1,3.4576110445705868,3.563202158249627,6.454926246276749
2019-06-20,MANTENER,1,3.35948565004751,3.4838413691002947,7.504364713545897
2019-06-21,MANTENER,1,3.313420759343832,3.42397842890637,12.032529352778276
2019-06-22,MANTENER,1,3.74114370152956,3.4753771247180416,13.820135026395697
2019-06-23,MANTENER,1,3.946883724997142,3.5637089760977263,17.839168596851174
2019-06-24,MANTENER,1,3.781396796915721,3.628466126566753,17.174089841476636
2019-06-25,MANTENER,1,3.626899911643639,3.6819489788859774,21.318280528195288
2019-06-26,MANTENER,1,4.087385759506828,3.836741978918577,24.92598812911755
2019-06-27,SALIR,2,5.017006531131388,4.091914544838943,4.397567309645289
2019-06-28,MANTENER,2,6.884166003135559,4.6793710004666265,13.362760152826604
2019-06-29,MANTENER,2,7.32708919570181,5.388509480223845,8.261107749664909
2019-06-30,MANTENER,2,7.0524778393893,6.073625065772977,-8.619616351983517
2019-07-01,MANTENER,2,7.45421979130209,6.74699187213203,-20.69354771677485
2019-07-02,MANTENER,2,7.103412407590018,7.164273047423755,-3.467600958145667
2019-07-03,MANTENER,2,6.761208981022887,7.139681643001221,-3.661369972200035
2019-07-04,MANTENER,2,7.195137363970386,7.1132912766549365,-6.422398553986142
2019-07-05,MANTENER,2,7.1441528026057215,7.131626269298221,1.48018425574179
2019-07-06,MANTENER,2,6.810586193615428,7.002899549760889,5.741527543189839
2019-07-07,MANTENER,2,6.487000296786045,6.879617127600094,5.836220524989422
2019-07-08,MANTENER,2,6.185351100099262,6.764445551415369,2.6783093859629403
2019-07-09,MANTENER,2,6.280795067787317,6.581577092178755,11.43251006616719
2019-07-10,MANTENER,2,5.998474986585494,6.352441528974709,10.19298828048818
2019-07-11,MANTENER,2,5.802231398731334,6.15077056999789,1.3303684671944538
2019-07-12,MANTENER,2,5.9447161569768046,6.042313742036042,3.138971507321031
2019-07-13,MANTENER,2,5.7740228414764,5.96004809031147,-7.551236999892019
2019-07-14,MANTENER,2,5.613677640954092,5.826624604944826,-20.37476648459436
2019-07-15,MANTENER,2,6.347452715811872,5.8964201507901,-10.95528357912272
2019-07-16,MANTENER,2,6.318272352580149,5.999628341559864,-18.10451251847613
2019-07-17,MANTENER,2,7.532401811708608,6.317165472506224,-19.79666001972369
2019-07-18,MANTENER,2,7.170848242296873,6.596530552670319,-6.583827381449048
2019-07-19,MANTENER,2,7.454524297502718,6.964699883980043,2.642926617947161
2019-07-20,MANTENER,2,7.07865722856042,7.1109407865297545,-1.1813343900142217
2019-07-21,MANTENER,2,6.743465896109909,7.195979495235706,11.18340987059323
2019-07-22,MANTENER,2,6.416469087048894,6.972792950303763,6.483346590782091
2019-07-23,MANTENER,2,6.141128231379319,6.766848948120251,-7.449405375427354
2019-07-24,MANTENER,2,6.0045089409939605,6.476845876818501,-7.069931717267863
2019-07-25,MANTENER,2,5.705314387783724,6.2021773086631615,-8.27686873588167
2019-07-26,MANTENER,2,5.421087196808988,5.937701568802977,-7.12389837261842
2019-07-27,MANTENER,2,5.148522775914521,5.684112306576102,-8.738093234462596
2019-07-28,MANTENER,2,5.073819349966429,5.470650530293524,-3.577166437882795
2019-07-29,MANTENER,2,4.823065748179889,5.23436189173071,-3.02934750958368
2019-07-30,MANTENER,2,4.584691452258181,5.010237304625601,-3.1194068383051388
2019-07-31,MANTENER,1,4.365315868252653,4.799083038914334,2.1580809104682075
2019-08-01,MANTENER,1,4.426266787209134,4.6546318411732575,9.283465192938678
2019-08-02,MANTENER,1,4.315442675236495,4.502956506227271,9.626407170370754
2019-08-03,COMPRAR,1,4.117288800134323,4.361801116618158,12.825074489163946
2019-08-04,MANTENER,1,4.016158034354136,4.248094433037348,13.2644984102134
2019-08-05,MANTENER,1,3.8438978060899855,4.143810820604815,15.746707848907704
2019-08-06,MANTENER,1,4.3459057885030825,4.127738620863605,9.867290517359706
2019-08-07,MANTENER,1,4.241583451931503,4.112966776202606,12.695428670294715
2019-08-08,MANTENER,1,4.2225500569590135,4.134019027567544,10.05474942758191
2019-08-09,MANTENER,1,4.016988640926773,4.134185148882072,7.823786271148947
2019-08-10,MANTENER,1,3.837232743637695,4.132852136391613,-3.9006256676872297
2019-08-11,MANTENER,1,3.937064538946808,4.051083886480359,0.3948414281619961
2019-08-12,MANTENER,1,3.774323711796372,3.957631938453332,-4.797168351755055
2019-08-13,SALIR,1,3.622515989720681,3.8376251250056654,-9.372317195974134
2019-08-14,MANTENER,1,3.748902416064738,3.784007880033259,-16.5676779387244
2019-08-15,MANTENER,1,4.452415155265997,3.9070443623589193,-9.630802656588068
2019-08-16,MANTENER,1,4.305812363435059,3.980793927256569,-10.505995247265254
2019-08-17,MANTENER,1,4.098201564052195,4.045569497707734,-10.65922396282044
2019-08-18,MANTENER,1,3.930644904284637,4.107195280620525,-5.179849471291043
2019-08-19,COMPRAR,1,3.756089256917541,4.108632648791085,8.249234074480327
2019-08-20,SALIR,1,3.9621828786620217,4.01058619347029,4.287169213296416
2019-08-21,MANTENER,1,3.804919707139016,3.9104076622110826,-2.303968772980447
2019-08-22,MANTENER,1,4.131483802083016,3.917064109817246,-0.9889533675343288
2019-08-23,MANTENER,1,3.931782602406076,3.917291649441534,0.5989703707253824
2019-08-24,MANTENER,1,3.835479091712499,3.9331696164005256,-7.177992581165427
2019-08-25,MANTENER,1,3.74478323432997,3.889689687534116,-5.979412854997079
2019-08-26,MANTENER,1,3.5695996319777965,3.842625672501872,2.270047078856408
2019-08-27,MANTENER,1,3.4736543037911884,3.711059772843506,0.5359615789801708
2019-08-28,MANTENER,1,3.3721023640859555,3.5991237251794823,-6.485055544020213
2019-08-29,MANTENER,1,3.5275559499268363,3.537539096822349,-6.608967004115485
2019-08-30,MANTENER,1,3.4731704583464467,3.4832165416256444,-5.476893788275028
2019-08-31,MANTENER,1,3.323074885944619,3.4339115924190096,-7.404394238362322
2019-09-01,MANTENER,1,3.173063087860252,3.373793349232822,-4.288068123056732
2019-09-02,MANTENER,1,3.0562078528018204,3.3106144469759955,5.895269100221157
2019-09-03,COMPRAR,1,3.464706294294248,3.2980445158494773,11.070736991335115
2019-09-04,MANTENER,1,3.404379991397568,3.2842864224597017,9.876149915867847
2019-09-05,MANTENER,1,3.2511092106330355,3.2698932873973847,9.359096364364916
2019-09-06,SALIR,1,3.10645807922362,3.256572285670058,5.922111453390322
2019-09-07,COMPRAR,1,3.0578785176066043,3.256906418631015,1.634373160349334
2019-09-08,MANTENER,1,2.9614006174675938,3.1562452832656844,-1.7305464905783552
2019-09-09,SALIR,1,2.8471646440941623,3.044802213805003,-2.4800616930477304
2019-09-10,MANTENER,1,2.7523711916921867,2.9450546100168333,-4.442722936641097
2019-09-11,MANTENER,1,2.739206259363442,2.871604246044798,-1.7040489751735777
2019-09-12,MANTENER,0,2.6310060581264985,2.786229754148777,-1.0238152702152448
2019-09-13,MANTENER,0,2.6178876021534507,2.717527151085948,-0.7761809774798678
2019-09-14,MANTENER,0,2.520676140576078,2.652229450382331,0.2230145670408134
2019-09-15,MANTENER,0,2.423009928785413,2.5863571978009765,2.2649603147090858
2019-09-16,MANTENER,0,2.3328118577923544,2.505078317486759,0.9623254533362768
2019-09-17,MANTENER,0,2.263309420018532,2.4315389898651656,-1.635320220282388
2019-09-18,MANTENER,0,2.1887341131086564,2.345708292056207,-1.5789077172831512
2019-09-19,MANTENER,0,2.121684776262601,2.2659100191935115,-0.8885990211275896
2019-09-20,MANTENER,0,2.0596926778568774,2.193246569007804,-1.6179262898557312
2019-09-21,MANTENER,0,2.01882262070656,2.1304487215906454,-2.533350688807801
2019-09-22,MANTENER,0,2.036010652637253,2.0849889681143896,-1.6826184766033592
2019-09-23,MANTENER,0,1.976863074518434,2.042614760396345,-4.707150500743573
2019-09-24,MANTENER,0,2.2414574251861947,2.0665692901810635,-17.472710093026933
2019-09-25,MANTENER,2,4.519479075624658,2.55852656973462,-18.205148011525907
2019-09-26,MANTENER,1,4.331014415707925,3.0209649287348928,-21.035180687724164
2019-09-27,MANTENER,1,4.376662828665476,3.489095363940537,-19.91627939730982
2019-09-28,MANTENER,1,4.19017589780646,3.931757928598143,-16.54265094793992
2019-09-29,MANTENER,1,3.986977102942021,4.280861864149308,-6.177012849921226
2019-09-30,MANTENER,1,3.8431206636936968,4.145590181763116,-2.30183091680356
2019-10-01,MANTENER,1,3.728556229117941,4.025098544445119,2.7252964412937786
2019-10-02,MANTENER,1,3.55594274979084,3.860954528670192,1.696613141192671
2019-10-03,MANTENER,1,3.3940961530728977,3.701738579723479,0.1705710768554524
2019-10-04,MANTENER,1,3.286839757380273,3.561711110611129,1.2477553226975855
2019-10-05,MANTENER,1,3.148607856098637,3.4228085490921174,-1.7314447061004046
2019-10-06,MANTENER,1,3.019831829113352,3.2810636690912,-4.349607418055967
2019-10-07,MANTENER,1,2.971481441904761,3.164171407513984,-1.7720508539641244
2019-10-08,MANTENER,1,3.010275518996456,3.087407280698696,-0.3785486902954105
2019-10-09,MANTENER,1,2.881442289366705,3.0063277870959824,4.640854333656641
2019-10-10,MANTENER,1,3.0828711849867427,2.9931804528736032,5.1986112366275705
2019-10-11,MANTENER,1,2.948339743280327,2.9788820357069983,4.091347588043703
2019-10-12,MANTENER,1,3.013098463469888,2.9872054400200234,1.0967621358426882
2019-10-13,MANTENER,1,2.882141948495475,2.961578725919828,1.114498927897145
2019-10-14,MANTENER,1,2.761529799560523,2.937596227958591,-2.6053111989606137
2019-10-15,MANTENER,0,2.6523641227915733,2.8514948155195574,-4.539941841794715
2019-10-16,MANTENER,0,2.6406990460523097,2.789966676073954,-3.350856940322977
2019-10-17,MANTENER,0,2.621712344716936,2.7116894523233634,-2.83033401024948
2019-10-18,MANTENER,0,2.5234909013102347,2.639959242886316,-4.269628311838858
2019-10-19,MANTENER,0,2.490891754297917,2.585831633833794,-4.720306026197463
2019-10-20,MANTENER,0,2.3949014732735696,2.534339103930193,0.2034277129858708
2019-10-21,MANTENER,0,2.4729941908264697,2.5007981328850253,2.408696234381047
2019-10-22,MANTENER,0,2.378569025703262,2.452169469082291,-0.317733876189763
2019-10-23,MANTENER,0,2.394679397481127,2.426407168316469,-5.922950138977789
2019-10-24,MANTENER,1,3.3191946712989893,2.592067751716684,-6.397610730423153
2019-10-25,MANTENER,1,3.1714400798409432,2.747375473030158,5.1972582891478325
2019-10-26,MANTENER,2,5.557147277868442,3.364206090438553,11.462812350637286
2019-10-27,MANTENER,2,5.668517716466109,4.022195828591122,16.75512408815134
2019-10-28,MANTENER,2,5.4743672856808425,4.638133406231065,20.84306670807284
2019-10-29,MANTENER,2,5.302931432477115,5.034880758466691,22.961635916921708
2019-10-30,MANTENER,2,5.06465692379991,5.413524127258484,6.1030169589454175
2019-10-31,MANTENER,2,4.878017157211378,5.27769810312707,-0.4921537059088265
2019-11-01,MANTENER,2,4.6342237703668525,5.07083931390722,-3.089738600387016
2019-11-02,MANTENER,2,4.407755377692085,4.857516932309468,0.7380672830983315
2019-11-03,COMPRAR,1,4.195049244785087,4.635940494771062,-2.0611839934961296
2019-11-04,MANTENER,1,4.006652653800496,4.42433964077118,2.222478163826125
2019-11-05,MANTENER,1,3.8572412566560734,4.220184460660119,1.541843909037155
2019-11-06,MANTENER,1,3.684453104572286,4.030230327501206,1.071597348581399
2019-11-07,MANTENER,1,3.5113588976783108,3.8509510314984494,-0.6148404845166766
2019-11-08,MANTENER,1,3.3687850770212697,3.685698197945688,-4.773278780402634
2019-11-09,MANTENER,1,3.6383961186122726,3.6120468909080414,-6.575658020670616
2019-11-10,MANTENER,1,3.468062385661901,3.534211116709208,-3.120158953613661
2019-11-11,MANTENER,1,3.4128099805454166,3.479882491903834,-6.659591918623775
2019-11-12,MANTENER,1,3.4455831737529605,3.466727347118764,-4.999036994404804
2019-11-13,MANTENER,1,3.291712835396412,3.4513128987937924,0.0384012765074714
2019-11-14,MANTENER,1,3.1436601177297803,3.3523656986172936,-1.2040922868120418
2019-11-15,SALIR,1,3.032378417407206,3.265228904966355,-6.4251595792962135
2019-11-16,MANTENER,1,3.02393788258062,3.187454485373396,-2.3923116774083653
2019-11-17,MANTENER,1,2.898023361583008,3.077942522939405,-2.7331984734166426
2019-11-18,MANTENER,1,2.775212009991987,2.97464235785852,-5.831652302041412
2019-11-19,MANTENER,1,2.8683632605482385,2.919582986422212,-5.93696956774874
2019-11-20,MANTENER,1,2.7827963789565184,2.8696665787320743,-5.627936967458957
2019-11-21,MANTENER,1,2.772003555294699,2.81927971327489,-11.226276862821472
2019-11-22,MANTENER,1,3.119119860420831,2.8634990130424547,-16.179251862786792
2019-11-23,MANTENER,1,3.3579927669279823,2.980055164429654,-11.619146429372584
2019-11-24,MANTENER,1,3.23071243657216,3.052524999634438,-15.215121467783456
2019-11-25,MANTENER,1,3.482121353487471,3.1923899945406284,-11.6272772525555
2019-11-26,MANTENER,1,3.346453269997222,3.307279937481133,-5.712816888982353
2019-11-27,MANTENER,1,3.206980372380877,3.324852039873142,3.1710522264766894
2019-11-28,MANTENER,1,3.34315268210936,3.3218840229094178,0.878943940609922
2019-11-29,MANTENER,1,3.208933060143897,3.317528147623766,9.641047476584674
2019-11-30,MANTENER,1,3.3032348346230456,3.2817508438508805,5.757269196999992
2019-12-01,MANTENER,1,3.266827761109432,3.2658257420733223,2.81280741557648
2019-12-02,MANTENER,1,3.1907513849673363,3.262579944590614,-2.823402939035091
2019-12-03,MANTENER,1,3.087662808741242,3.2114819699169908,-1.9341469802236944
2019-12-04,MANTENER,1,2.952255660203554,3.160146489928922,-6.78605124802143
2019-12-05,MANTENER,1,2.8460847513443595,3.068716473273185,-1.6157332519632917
2019-12-06,MANTENER,1,2.84841594948502,2.9850341109483027,1.6392289088841494
2019-12-07,MANTENER,1,2.7554115937082213,2.89796615269648,3.1491505679730025
2019-12-08,MANTENER,0,2.6413274789665864,2.808699086741548,3.281558305405952
2019-12-09,MANTENER,0,2.5349230727906864,2.725232569258975,2.0319461914098724
2019-12-10,MANTENER,0,2.548577220315584,2.66573106305322,-2.311430499467093
2019-12-11,MANTENER,0,2.5171250865199446,2.5994728904602047,-4.4651128116125705
2019-12-12,MANTENER,0,2.439323529797312,2.5362552776780225,-4.2319395937736815
2019-12-13,MANTENER,0,2.348021689622373,2.47759411980918,-3.973288619450344
2019-12-14,MANTENER,0,2.263333860294117,2.423276277309866,-3.803758866724394
2019-12-15,MANTENER,0,2.291267466335189,2.371814326513787,-1.7438307043594392
2019-12-16,MANTENER,0,2.210936924782476,2.310576694166293,-4.028087113746004
2019-12-17,MANTENER,0,2.380846835596357,2.2988813553261025,-8.686448264367463
2019-12-18,MANTENER,1,2.705855246289798,2.370448066659587,0.0978678148417344
2019-12-19,MANTENER,1,3.913590267069173,2.7004993480145982,1.0912034513522073
2019-12-20,MANTENER,1,3.745035293966401,2.991252913540841,0.925677774492506
2019-12-21,MANTENER,1,3.568298611518619,3.262725250888069,3.663463077703178
2019-12-22,MANTENER,1,3.4062841628269345,3.4678127163341848,12.32574689578616
2019-12-23,MANTENER,1,3.528939495243689,3.632429566124964,1.077421042373672
2019-12-24,MANTENER,1,3.441873626952748,3.538086238101678,1.648021963124613
2019-12-25,MANTENER,1,3.2890071896512385,3.4468806172386457,0.7774216559932157
2019-12-26,MANTENER,1,3.150438279699084,3.3633085508747387,0.6626176664950023
2019-12-27,MANTENER,1,3.0174169665104507,3.285535111611442,-2.993134101426876
2019-12-28,MANTENER,1,2.892228741109648,3.1581929607846337,-0.513005919408549
2019-12-29,MANTENER,1,2.770347061635597,3.023887647721204,1.358031707229301
2019-12-30,MANTENER,1,2.6883161569728857,2.903749441185533,0.2449091107555645
2019-12-31,MANTENER,0,2.6505282844854703,2.8037674421428105,-0.6286868941772994
2020-01-01,MANTENER,0,2.58953954514848,2.718191957870416,-1.2410432912918878
2020-01-02,MANTENER,0,2.4866785215022267,2.637081913948932,-4.650342388501727
2020-01-03,MANTENER,0,2.6007006825499364,2.6031526381318,-1.0532463610381626
2020-01-04,COMPRAR,1,2.9591525209849183,2.6573199109342065,1.6004749547208874
2020-01-05,MANTENER,1,2.842543776248215,2.6957230092867555,2.9816588303138047
2020-01-06,MANTENER,1,2.722941260647036,2.7224033523864666,7.606443885608449
2020-01-07,MANTENER,1,3.0063289578529147,2.826333439656604,15.586425627868294
2020-01-08,MANTENER,1,3.274946400083958,2.961182583163408,9.537083711584591
2020-01-09,MANTENER,1,3.149711030194499,2.9992942850053246,6.129097617753132
2020-01-10,MANTENER,1,3.1297132035637856,3.056728170468438,9.703884930216944
2020-01-11,MANTENER,1,3.194909777064769,3.1511218737519853,3.3953092135734053
2020-01-12,MANTENER,1,3.1027673152183457,3.170409545225071,0.3521821855088092
2020-01-13,MANTENER,1,3.0219961060902105,3.119819486426322,0.7930430670629818
2020-01-14,MANTENER,1,2.899763208481194,3.069829922083661,11.369178816341474
2020-01-15,MANTENER,1,3.7868079492072817,3.201248871212361,7.550102229195232
2020-01-16,MANTENER,1,3.609290169691007,3.2841249497376075,8.193056589786707
2020-01-17,MANTENER,1,3.458382033388342,3.3552478933716072,8.609028556774945
2020-01-18,MANTENER,1,3.37557123514809,3.4259629191831835,9.354437823087558
2020-01-19,MANTENER,1,3.221530793588486,3.4903164362046413,-1.3861230663689383
2020-01-20,MANTENER,1,3.20918424010064,3.374791694383313,-1.710561365565333
2020-01-21,MANTENER,1,3.073674887628435,3.267668637970799,0.2531060603262247
2020-01-22,MANTENER,1,2.9528874158507668,3.166569714463284,-2.8186229407145547
2020-01-23,MANTENER,1,2.839919173553072,3.05943930214428,-6.184262540620544
2020-01-24,MANTENER,1,2.9279594349903646,3.000725030424656,-3.041458988171186
2020-01-25,MANTENER,1,2.804614355775584,2.919811053559644,-3.4045764258021194
2020-01-26,MANTENER,1,2.70871982237469,2.846820040508895,-1.719085408930532
2020-01-27,MANTENER,1,2.7288442212607147,2.802011401590885,2.603152218782334
2020-01-28,MANTENER,1,2.8461928877271845,2.803266144425707,10.728754660456907
2020-01-29,MANTENER,1,3.1381030883193355,2.845294875091501,9.817495492345962
2020-01-30,MANTENER,1,3.004859253173373,2.8853438545710595,12.784129802394872
2020-01-31,MANTENER,1,2.9410562256825648,2.9318111352326346,8.403941124523584
2020-02-01,MANTENER,1,2.8751266707900864,2.961067625138509,5.2797458414517
2020-02-02,MANTENER,1,2.7551536554364056,2.9428597786803534,-0.1521108515557756
2020-02-03,MANTENER,0,2.6493273099505124,2.8451046230065886,-0.2483419920459084
2020-02-04,MANTENER,0,2.55168814826256,2.754470402024426,-3.5105910487617464
2020-02-05,MANTENER,0,2.4899150596954613,2.664242168827005,2.7727486181076344
2020-02-06,MANTENER,1,2.800537006072034,2.6493242358833946,3.524209852337634
2020-02-07,MANTENER,1,2.706163181985956,2.6395261411933046,4.7194844152674165
2020-02-08,MANTENER,0,2.601554515308564,2.629971582264915,5.968767367784977
2020-02-09,MANTENER,0,2.5048904530085374,2.6206120432141105,9.705284754617873
2020-02-10,MANTENER,0,2.5299763830019235,2.628624307875403,2.4981993683470094
2020-02-11,MANTENER,0,2.587616696491019,2.5860402459592,4.800135593579746
2020-02-12,MANTENER,1,2.716273746147773,2.5880623587915634,5.270192548307762
2020-02-13,MANTENER,0,2.625851574664837,2.5929217706628185,3.479130339343328
2020-02-14,MANTENER,0,2.5510516302497024,2.602154006111052,1.913459833488318
2020-02-15,MANTENER,0,2.465457467216084,2.589250222953883,0.3323553805596901
2020-02-16,MANTENER,1,2.7532415376982504,2.622375191195329,-2.718801441981711
2020-02-17,MANTENER,0,2.641456971988853,2.607411836363545,-6.356114280144887
2020-02-18,MANTENER,1,2.6733981464384806,2.616921150718274,-0.7111687681513601
2020-02-19,MANTENER,1,2.940760479440718,2.694862920556477,-6.808468688550384
2020-02-20,MANTENER,1,3.2936279254925207,2.860497012211765,-2.882040215459192
2020-02-21,MANTENER,1,3.1471936968895204,2.9392874440500187,-2.527974866573679
2020-02-22,MANTENER,1,3.015723790257278,3.014140807703704,-0.2786183359130945
2020-02-23,MANTENER,1,2.8869913866355907,3.056859455743125,-2.167681036109137
2020-02-24,MANTENER,1,2.8848270893928425,3.0456727777335506,0.1741181488542409
2020-02-25,MANTENER,1,2.9211922594631226,2.971185644527671,-2.815679038157981
2020-02-26,SALIR,1,3.0030202787056743,2.9423509608909018,-9.364601031678
2020-02-27,MANTENER,1,3.446469057122593,3.0285000142639644,-9.53348185702545
2020-02-28,MANTENER,1,3.2925689060086785,3.109615518138582,-13.48561018143819
2020-02-29,MANTENER,1,3.176826301624609,3.168015360584936,-11.527094558489814
2020-03-01,MANTENER,1,3.0516061865995496,3.194098146012221,-8.710194895124879
2020-03-02,MANTENER,1,2.9237148109459405,3.178237052460274,0.5556478564390233
2020-03-03,MANTENER,1,3.008235366360873,3.0905903143079305,0.0374680141083771
2020-03-04,MANTENER,1,2.897770525046385,3.0116306381154714,0.9501154239023536
2020-03-05,MANTENER,1,2.7789495211014503,2.93205528201084,5.423283221461617
2020-03-06,MANTENER,1,2.895881311654847,2.900910307021899,6.336207748749523
2020-03-07,MANTENER,1,2.774910595315402,2.8711494638957915,0.4531507366994702
2020-03-08,MANTENER,1,2.779015636968005,2.8253055180172177,-8.049725659047802
2020-03-09,MANTENER,1,4.088382500714209,3.063427913150783,-9.980180621192504
2020-03-10,MANTENER,1,3.9697049545680696,3.3015789998441063,-13.784433330352996
2020-03-11,MANTENER,1,3.780473890161361,3.478497515545409,-14.24403491832784
2020-03-12,MANTENER,1,3.601598880236794,3.643835172529688,-58.35906939927025
2020-03-13,MANTENER,2,15.510770953775944,6.190186235891276,-37.66009430259292
2020-03-14,MANTENER,2,15.116288350066068,8.39576740576165,-42.11222197806581
2020-03-15,MANTENER,2,14.477430415370325,10.4973124979221,-38.31188020696281
2020-03-16,MANTENER,2,13.747216037948656,12.490660927479556,-45.59788482670744
2020-03-17,MANTENER,2,13.229197124440226,14.416180576320244,4.999685274289156
2020-03-18,MANTENER,2,12.58732154811385,13.831490695187824,-6.02411650685859
2020-03-19,MANTENER,2,11.91352574805502,13.190938174785614,17.439872922760102
2020-03-20,MANTENER,2,12.49575069700056,12.794602231111664,13.937744660544205
2020-03-21,MANTENER,2,11.826907097029167,12.410540442927765,20.980801923843195
2020-03-22,MANTENER,2,11.195287700977111,12.003758558235145,10.948546970571016
2020-03-23,MANTENER,2,10.777194636268712,11.641733175866117,20.282050297110565
2020-03-24,MANTENER,2,10.654075217145037,11.38984306968412,8.416088729513227
2020-03-25,MANTENER,2,10.20195748549875,10.931084427383755,7.492487734672437
2020-03-26,MANTENER,2,9.663754080501883,10.4984538240783,8.24205737842707
2020-03-27,MANTENER,2,9.151476571881272,10.089691598259131,10.408422094748817
2020-03-28,MANTENER,2,8.756989154621705,9.68565050192973,-2.7512257494764825
2020-03-29,MANTENER,2,8.380744806435173,9.230984419787756,-12.860717937406996
2020-03-30,MANTENER,2,8.129096662967427,8.816412255281493,-3.8327170831562896
2020-03-31,MANTENER,2,8.137513277881245,8.511164094757365,-4.224027478336545
2020-04-01,MANTENER,2,7.708835234291162,8.222635827239342,2.0950905081623006
2020-04-02,MANTENER,2,7.347282754589571,7.940694547232916,8.465290183837304
2020-04-03,MANTENER,2,7.016148871715797,7.66777536028904,12.839683131469036
2020-04-04,MANTENER,2,6.658273395931452,7.373610706881846,6.585418655629205
2020-04-05,MANTENER,2,6.340758317070593,7.014259714719715,5.32992183269716
2020-04-06,MANTENER,2,6.026301861980743,6.677753040257632,9.590543067494472
2020-04-07,MANTENER,2,6.117375586428396,6.4317716066253965,5.481529156822518
2020-04-08,MANTENER,2,5.820971014370646,6.192736035156366,8.54562015137823
2020-04-09,MANTENER,2,5.562348974025805,5.973551150775237,6.135639968543316
2020-04-10,MANTENER,2,5.281797321996551,5.761758951760428,1.08906143091545
2020-04-11,MANTENER,2,5.414047448255686,5.639308069015416,-5.842751481730524
2020-04-12,MANTENER,2,5.139333692534486,5.443699690236635,-2.9028037337239354
2020-04-13,MANTENER,2,4.904009909165409,5.260307469195587,-6.901056682151641
2020-04-14,MANTENER,2,4.70110265711657,5.0880582058137405,-6.5017919693914905
2020-04-15,MANTENER,2,4.46753128969837,4.925204999354104,-3.3078210574613465
2020-04-16,MANTENER,2,4.364697190321391,4.715334947767245,3.68850157646321
2020-04-17,MANTENER,2,4.697603681465277,4.626988945553404,1.7785400329842105
2020-04-18,MANTENER,2,4.465959596494195,4.539378883019161,5.853420569851586
2020-04-19,COMPRAR,1,4.301535020387834,4.459465355673413,4.94685685975913
2020-04-20,MANTENER,1,4.10591562349223,4.387142222432185,3.54736130552169
2020-04-21,MANTENER,1,4.170925542203044,4.348387892808516,-3.379314251926324
2020-04-22,MANTENER,1,3.9686564230940458,4.20259844113427,0.2958191037953028
2020-04-23,MANTENER,1,3.92357559287551,4.094121640410533,2.3430636213607414
2020-04-24,MANTENER,1,3.973731060970549,4.028560848527076,4.905570866731779
2020-04-25,MANTENER,1,3.813882280088252,3.970154179846281,9.528134106672326
2020-04-26,MANTENER,1,3.6330481999625737,3.862578711398186,10.993661999809843
2020-04-27,MANTENER,1,3.489291860475838,3.7667057988745447,9.104416358439238
2020-04-28,MANTENER,1,3.3577428942410603,3.6535392591476543,4.953947903803346
2020-04-29,MANTENER,1,3.2048131423537534,3.499755675424295,15.320280098589656
2020-04-30,SALIR,2,4.918380096390496,3.7206552386847447,13.43630830196254
2020-05-01,MANTENER,2,4.706527341642303,3.93535106702069,14.34823573828652
2020-05-02,MANTENER,2,4.530432849753478,4.143579264876219,14.239712861387233
2020-05-03,COMPRAR,1,4.325994548974715,4.337229595822949,13.073855377979982
2020-05-04,MANTENER,1,4.130940466280106,4.522455060608221,1.260241916489946
2020-05-05,MANTENER,1,3.9307922290327073,4.324937487136661,3.901796434046824
2020-05-06,MANTENER,1,3.753625792915305,4.134357177391263,4.456518013372346
2020-05-07,MANTENER,1,3.688558309152065,3.96598226927098,10.176841970935158
2020-05-08,MANTENER,1,4.182434733666821,3.937270306209401,10.095978474123156
2020-05-09,MANTENER,1,3.999011589028758,3.910884530759132,7.365501539764807
2020-05-10,MANTENER,1,3.905277467491461,3.905781578450882,-2.7777301518343123
2020-05-11,SALIR,2,4.78143743990151,4.111343907848124,-7.467878437418562
2020-05-12,MANTENER,2,4.584843036859057,4.290600853389522,-12.246475474632312
2020-05-13,MANTENER,2,4.416081866210679,4.337330279898293,-5.99446008430391
2020-05-14,MANTENER,2,4.504843419394505,4.438496645971442,1.4469205007683783
2020-05-15,MANTENER,2,4.552247425529232,4.567890637578997,6.325341359739767
2020-05-16,MANTENER,2,4.554774830721437,4.5225581157429815,8.629033360053029
2020-05-17,COMPRAR,1,4.3313850574346615,4.471866519858103,9.384435178699135
2020-05-18,MANTENER,1,4.229763764724346,4.434602899560836,4.807984012752087
2020-05-19,MANTENER,1,4.026344432945145,4.338903102270964,-0.0481287740980107
2020-05-20,MANTENER,1,3.83257762724792,4.194969142614702,2.066619973061101
2020-05-21,MANTENER,1,3.723755742233772,4.028765324917169,-3.1993144776556903
2020-05-22,MANTENER,1,3.88432543574308,3.939353400578853,-5.179685477012086
2020-05-23,MANTENER,1,3.712599230599841,3.835920493753952,-5.464940690450426
2020-05-24,MANTENER,1,3.538112922009435,3.73827419156681,-10.14584354260748
2020-05-25,MANTENER,1,3.713762900633986,3.7145112462440224,-6.687783825208626
2020-05-26,MANTENER,1,3.559886557244788,3.681737409246226,-2.75411211252532
2020-05-27,MANTENER,1,3.407940438622713,3.586460409822153,-0.0169854577981354
2020-05-28,MANTENER,1,3.4683291480467884,3.5376063933115427,3.378631729385262
2020-05-29,MANTENER,1,3.5045610893067978,3.530896026771015,7.120658648321054
2020-05-30,MANTENER,1,3.3594464033260287,3.460032727309423,8.53384329038267
2020-05-31,MANTENER,1,3.3160342709961723,3.4112622700597,6.845720433405056
2020-06-01,MANTENER,1,3.278288978228437,3.3853319779808446,10.203554951369398
2020-06-02,MANTENER,1,3.882138462109018,3.46809384079329,0.0425359901884192
2020-06-03,MANTENER,1,4.272895884198154,3.621760799771562,2.279063375696566
2020-06-04,MANTENER,1,4.082803525298614,3.766432224166079,1.0278783413053103
2020-06-05,MANTENER,1,3.910285292077333,3.885282428382311,2.138200070338492
2020-06-06,MANTENER,1,3.7556507601002926,3.9807547847566815,-5.18344378575577
2020-06-07,MANTENER,1,3.579036986739672,3.920134489682813,2.3750705303914543
2020-06-08,MANTENER,1,3.426488994917399,3.750853111826662,1.1815070667401173
2020-06-09,MANTENER,1,3.269254993023393,3.5881434053716177,-0.0503821052227237
2020-06-10,MANTENER,1,3.1221349017799604,3.4305133273121435,2.094317122774214
2020-06-11,MANTENER,1,2.9911375021228337,3.277610675716652,-3.4985425754936017
2020-06-12,MANTENER,1,3.432687722623576,3.2483408228934323,-2.8901510323429136
2020-06-13,MANTENER,1,3.314306514140899,3.2259043267381324,-3.078286450047329
2020-06-14,MANTENER,1,3.164661116242072,3.2049855513818684,-4.264035598506588
2020-06-15,MANTENER,1,3.0435739516349214,3.18927336135286,-4.342041065468472
2020-06-16,MANTENER,1,2.91613165034701,3.174272190997695,2.293264785462412
2020-06-17,MANTENER,1,2.8033140053276377,3.048397447538508,-0.0062113192814905
2020-06-18,MANTENER,0,2.6965603207607325,2.9248482088624748,-0.6717463345164987
2020-06-19,SALIR,0,2.6010841632860826,2.8121328182712766,-1.0577935730742285
2020-06-20,MANTENER,0,2.541362885757319,2.7116906050957565,-1.2603164995676153
2020-06-21,MANTENER,0,2.4444336349987896,2.6173510020261124,-2.488174554749812
2020-06-22,COMPRAR,0,2.355793341773289,2.5278468693152427,1.7613831025428794
2020-06-23,MANTENER,0,2.5401372235125006,2.496562249865596,2.2879173951279697
2020-06-24,SALIR,0,2.442895167692666,2.464924450746913,0.2751566881645573
2020-06-25,MANTENER,0,2.60508969972061,2.4776698135395714,-0.7262147686429188
2020-06-26,MANTENER,0,2.510046920894072,2.4907924707186275,-1.5239950489535303
2020-06-27,MANTENER,0,2.445514894168587,2.508736781197688,-6.456972854526022
2020-06-28,MANTENER,0,2.397095658077532,2.480128468110693,-5.179551642492974
2020-06-29,MANTENER,0,2.328273711269353,2.457204176826031,-1.3267896283926106
2020-06-30,MANTENER,0,2.2472240711224925,2.385631051106407,-1.3782932422570229
2020-07-01,MANTENER,0,2.180405574033095,2.319702781734212,0.7112896256408874
2020-07-02,MANTENER,0,2.1248850816134284,2.25557681922318,0.8588350078492013
2020-07-03,MANTENER,0,2.096024898332254,2.1953626672741247,-0.6173973099944163
2020-07-04,MANTENER,0,2.035537372787944,2.1368153995778427,-0.6370716202106053
2020-07-05,MANTENER,0,1.9762573437233684,2.0826220540980183,-0.703396354217567
2020-07-06,MANTENER,0,1.9340652745451177,2.0333539942004224,1.5819615820275246
2020-07-07,MANTENER,0,2.138225668479067,2.0360221115735504,1.402606570979259
2020-07-08,COMPRAR,0,2.1202705475228725,2.040871241411674,3.684106287168021
2020-07-09,SALIR,0,2.1289334416513643,2.059550455184358,1.5804336390427665
2020-07-10,MANTENER,0,2.134381408677678,2.09117526817522,2.232621749486974
2020-07-11,MANTENER,0,2.064290750305239,2.1172203633272444,-1.45177911786174
2020-07-12,MANTENER,0,2.006840098487383,2.0909432493289075,0.2614599938215889
2020-07-13,MANTENER,0,1.9480106503885368,2.05649126990204,-1.9786342985259608
2020-07-14,MANTENER,0,1.8982974768098728,2.0103640769337416,-0.3752886582971015
2020-07-15,MANTENER,0,1.8465933930650416,1.9528064738112143,-0.9308464521494032
2020-07-16,MANTENER,0,1.8117627291779,1.902300869585747,-1.1769759365810373
2020-07-17,MANTENER,0,1.784982716161235,1.8579293931205167,-1.357825844714533
2020-07-18,MANTENER,0,1.742264612343387,1.816780185511488,-0.9191588650708128
2020-07-19,MANTENER,0,1.7029748735763313,1.777715664864779,-0.6228940542429839
2020-07-20,MANTENER,0,1.6678604968744024,1.741969085626651,-0.3116564294872503
2020-07-21,COMPRAR,0,1.639102098821288,1.7074369595553285,2.622494758741212
2020-07-22,MANTENER,0,1.7531839378430918,1.7010772038917,4.005199801159343
2020-07-23,MANTENER,0,1.7778666222156545,1.7081976058661534,4.504813927238693
2020-07-24,MANTENER,0,1.7418752446976562,1.7159776800904187,3.750700107707772
2020-07-25,MANTENER,0,1.7132160434459005,1.7250487894047182,5.445562186767639
2020-07-26,MANTENER,0,1.7313817729734513,1.743504724235151,5.502194677322692
2020-07-27,MANTENER,0,1.8378989627265767,1.760447729211848,14.310714532710378
2020-07-28,MANTENER,1,3.785669125803375,2.162008229929392,13.01490287666045
2020-07-29,MANTENER,1,3.616566929609474,2.5369465669117552,15.1819542344791
2020-07-30,MANTENER,1,3.485475822236403,2.8913985226698555,13.81912145892592
2020-07-31,MANTENER,1,3.324585484211344,3.2100392649174347,13.382074063842708
2020-08-01,MANTENER,1,3.225129833978894,3.487485439167898,6.760410838551145
2020-08-02,MANTENER,1,3.3009724107273177,3.3905460961526863,1.281891463480811
2020-08-03,MANTENER,1,3.759882126711304,3.4192091355730527,1.3056260813796072
2020-08-04,MANTENER,1,3.619705641681481,3.446055099462068,0.8484906337734799
2020-08-05,MANTENER,1,3.454111714889107,3.4719603455976205,3.672252086754391
2020-08-06,MANTENER,1,3.616416455260728,3.550217669853988,0.1714631466782634
2020-08-07,MANTENER,1,3.447780474724253,3.5795792826533743,4.837458654042059
2020-08-08,MANTENER,1,3.332574514725631,3.49411776025624,4.415400310822726
2020-08-09,MANTENER,1,3.2042348553954207,3.411023602999028,4.107335828361514
2020-08-10,MANTENER,1,3.071808791713988,3.334563018364004,1.1097521284668233
2020-08-11,MANTENER,1,2.9821857723654666,3.207716881784952,-3.184773590950485
2020-08-12,MANTENER,1,3.154038718859226,3.1489685306119464,-0.1426533104543992
2020-08-13,MANTENER,1,3.047635105999199,3.0919806488666604,0.2556850926824339
2020-08-14,MANTENER,1,2.9591493931178228,3.0429635564111406,0.7944881524814207
2020-08-15,MANTENER,1,2.8328541812350587,2.995172634315354,-0.104558512665065
2020-08-16,MANTENER,1,2.7229610125780046,2.943327682357862,4.139727770198753
2020-08-17,MANTENER,0,2.611259649947148,2.834771868575447,5.6179737356099935
2020-08-18,MANTENER,0,2.674365974816327,2.7601180423388723,1.7421468645684612
2020-08-19,MANTENER,0,2.6718086937287424,2.702649902461056,-0.090005711750507
2020-08-20,MANTENER,0,2.6513628835757754,2.6663516429292,0.1067536371129662
2020-08-21,MANTENER,0,2.5606456355187004,2.6338885675173387,-2.557607638784632
2020-08-22,MANTENER,0,2.5964849712784512,2.6309336317835994,-4.785101551733817
2020-08-23,MANTENER,0,2.5018254769821247,2.596425532216758,-2.7595987189311444
2020-08-24,MANTENER,0,2.406584813838831,2.5433807562387765,0.1386358437290624
2020-08-25,MANTENER,0,2.331307650253186,2.4793697095742586,-4.4080973713001015
2020-08-26,MANTENER,0,2.540674590001138,2.4753755004707463,-0.902277615591096
2020-08-27,MANTENER,0,2.460306021057665,2.448139710426589,-3.116307511026584
2020-08-28,MANTENER,0,2.420726392152997,2.431919893460764,-1.0543970087690369
2020-08-29,MANTENER,0,2.4009908448646367,2.430801099665925,-2.300046997038052
2020-08-30,MANTENER,0,2.315500347632164,2.42763963914172,2.993346564682575
2020-08-31,MANTENER,0,2.294205879583525,2.378345897058197,1.6613572691136724
2020-09-01,MANTENER,0,2.215611401367617,2.329406973120188,5.557233821013874
2020-09-02,MANTENER,0,2.2682827128185883,2.2989182372533064,-1.1192208748278532
2020-09-03,SALIR,1,2.702242188238492,2.359168505928077,-11.612507533050652
2020-09-04,MANTENER,2,4.393163689185723,2.774701174238789,-10.807204763360543
2020-09-05,MANTENER,1,4.251974134997222,3.1662548253215284,-13.854853657599977
2020-09-06,MANTENER,1,4.195497435194479,3.562232032086901,-15.220903688451592
2020-09-07,MANTENER,1,4.0035624218151975,3.9092879738862223,-9.596874013016432
2020-09-08,MANTENER,1,3.818561551821905,4.132551846602905,-1.1167737890593443
2020-09-09,MANTENER,1,3.72299074640934,3.9985172580476287,-2.5968861086409945
2020-09-10,MANTENER,1,3.561196203108594,3.860361671669904,1.8855480961232016
2020-09-11,MANTENER,1,3.412570264953229,3.703776237621653,1.1659328673129463
2020-09-12,MANTENER,1,3.257123645084105,3.554488482275435,0.6977574780670182
2020-09-13,MANTENER,1,3.111756945580353,3.413127561027125,1.8796612774835355
2020-09-14,MANTENER,1,3.002651375226561,3.2690596867905684,4.192042799284046
2020-09-15,MANTENER,1,3.062726137060505,3.1693656735809506,4.10086438221402
2020-09-16,MANTENER,1,2.944905816320269,3.0758327838543584,5.371754099996196
2020-09-17,MANTENER,1,2.860593629317253,2.9965267807009885,4.7394734670302086
2020-09-18,MANTENER,1,2.742055721621611,2.92258653590924,5.839726535245937
2020-09-19,MANTENER,0,2.6294134973237866,2.8479389603286847,3.798438580753327
2020-09-20,MANTENER,0,2.5553807372154345,2.7464698803596708,1.3003989534617233
2020-09-21,MANTENER,0,2.505361597477783,2.658561036591174,-4.78368537196765
2020-09-22,MANTENER,1,2.82930050763772,2.652302412255267,-3.82158172970204
2020-09-23,MANTENER,1,2.7173040270859503,2.647352073348135,-6.593930919370017
2020-09-24,MANTENER,1,2.7748087742848666,2.676431128740351,-3.059394414141714
2020-09-25,MANTENER,1,3.0770317985436244,2.780761341005989,-2.270494839505588
2020-09-26,MANTENER,1,2.95204839206259,2.8700986999229503,2.719859290593085
2020-09-27,MANTENER,1,2.8282239012077643,2.869883378636959,2.222223150359781
2020-09-28,MANTENER,1,2.709508979346982,2.8683243690891658,4.423983316771718
2020-09-29,MANTENER,0,2.609464889383529,2.835255592108898,0.7829280040112963
2020-09-30,MANTENER,0,2.5317935112669154,2.7262079346535564,0.8546266592803775
2020-10-01,MANTENER,0,2.44291407600258,2.6243810714415545,-1.228563928135351
2020-10-02,MANTENER,0,2.4117070565757097,2.5410777025151434,-1.8668767849369767
2020-10-03,MANTENER,0,2.327662649938301,2.464708436633407,-1.5083157400720637
2020-10-04,MANTENER,0,2.2464325796187024,2.392101974680442,-1.6274022594119586
2020-10-05,MANTENER,0,2.1922785133751725,2.3241989751020933,0.0820159661653718
2020-10-06,MANTENER,0,2.1436594934367577,2.2643480585889284,-0.141782899937759
2020-10-07,MANTENER,0,2.161556066253697,2.214317860524526,0.8754528829520325
2020-10-08,COMPRAR,0,2.0949319508841784,2.1677717207137017,3.4138530174534054
2020-10-09,MANTENER,0,2.14534716182241,2.147554637154443,3.634100598360668
2020-10-10,MANTENER,0,2.112063925234519,2.1315117195263125,4.555140473260089
2020-10-11,MANTENER,0,2.1389842277829976,2.13057666639556,7.095521773485558
2020-10-12,MANTENER,0,2.07890375207705,2.114046203560231,7.98102713858615
2020-10-13,MANTENER,0,2.06098544526731,2.1072569024368573,4.568186120768125
2020-10-14,MANTENER,0,2.0370553338599384,2.0855985368443632,3.246034068495618
2020-10-15,MANTENER,0,1.974230382204731,2.0580318282384056,1.746190428886507
2020-10-16,MANTENER,0,1.921572401494917,2.0145494629807894,-0.5466212941932724
2020-10-17,MANTENER,0,1.942266267551915,1.9872219660757624,-1.7218399193664524
2020-10-18,MANTENER,0,1.887612577910172,1.9525473926043344,0.5016319555117832
2020-10-19,MANTENER,0,1.863156205147105,1.917767566861768,2.6976987619717008
2020-10-20,MANTENER,0,1.9379137687552703,1.910504244171876,3.596757284732988
2020-10-21,MANTENER,0,1.9327611800472555,1.912741999882344,12.45355954439944
2020-10-22,MANTENER,1,3.0013543603682256,2.124559618445605,13.239090316089452
2020-10-23,MANTENER,1,2.888582610444596,2.32475362495249,11.87702394876009
2020-10-24,MANTENER,1,2.768595142458563,2.5058414124147816,11.005218087232116
2020-10-25,MANTENER,1,2.68351795375996,2.65496224941572,8.943432901956072
2020-10-26,MANTENER,0,2.584659596677785,2.785341932741826,1.9426781906785704
2020-10-27,MANTENER,0,2.483063158507528,2.681683692369686,5.172635330264264
2020-10-28,MANTENER,1,2.7505237314623763,2.6540719165732427,2.593347433956339
2020-10-29,MANTENER,1,2.8074875483458284,2.661850397750696,2.485029494842728
2020-10-30,MANTENER,1,2.714486468475412,2.6680441006937854,3.878539577924656
2020-10-31,MANTENER,0,2.6124752195314787,2.6736072252645244,5.256949672678246
2020-11-01,MANTENER,0,2.560618783190334,2.689118350201086,0.6052344570605328
2020-11-02,MANTENER,0,2.463941021208387,2.6318018081502883,2.081996386594476
2020-11-03,MANTENER,0,2.418795103584787,2.55406331919808,3.742327556066982
2020-11-04,MANTENER,0,2.4968221469167298,2.510530454886344,4.243264467308094
2020-11-05,MANTENER,0,2.43072579544313,2.4741805700686736,12.268784733669593
2020-11-06,MANTENER,1,3.900437194788123,2.742144252388232,12.498051022217105
2020-11-07,MANTENER,1,3.714780320614128,2.992312112269379,9.048259907099164
2020-11-08,MANTENER,1,3.886436390931909,3.2858403697388034,10.401985150946302
2020-11-09,MANTENER,1,3.9369699748494726,3.5738699353253525,8.14002064864443
2020-11-10,MANTENER,1,3.764845131153242,3.840693802467375,-1.8720291427415603
2020-11-11,MANTENER,1,3.58906587400984,3.778419538311718,0.8664654472447353
2020-11-12,MANTENER,1,3.518425071643759,3.739148488517644,9.28074966380077
2020-11-13,MANTENER,1,3.5396098429043903,3.669783178912141,5.273614225187906
2020-11-14,MANTENER,1,3.375612579053968,3.5575116997530394,4.687562617612784
2020-11-15,MANTENER,1,3.2667017847646425,3.45788303047532,4.25510723596485
2020-11-16,MANTENER,1,3.131059271144661,3.366281709902284,6.262695545824748
2020-11-17,MANTENER,1,3.334361971051934,3.329469089783919,8.07627304111218
2020-11-18,MANTENER,1,3.615741572826322,3.3446954357683056,8.716641708176809
2020-11-19,MANTENER,1,3.4558246706067446,3.3607378540788604,10.331975350170095
2020-11-20,MANTENER,1,3.29680685945656,3.366758869017244,15.449775712598957
2020-11-21,MANTENER,1,3.441897622817514,3.428926539351815,10.905656267075514
2020-11-22,MANTENER,1,3.283706150908906,3.418795375323209,4.024352516687024
2020-11-23,MANTENER,1,3.177961758274298,3.331239412412805,3.097534019079795
2020-11-24,MANTENER,1,3.036807671119891,3.2474360125154336,6.992098793947754
2020-11-25,MANTENER,1,3.1607841676701662,3.2202314741581546,0.5932892866646
2020-11-26,MANTENER,1,3.096935075213624,3.151238964637377,-8.339506499231852
2020-11-27,MANTENER,1,4.146959862477875,3.323889706951171,-7.1149297588599225
2020-11-28,MANTENER,1,3.9476732329505486,3.4778320018864206,-3.585081918862265
2020-11-29,MANTENER,1,3.914676761355436,3.6534058199335298,-4.98953822517727
2020-11-30,MANTENER,1,3.8105926633288334,3.783367519065264,4.660710246301747
2020-12-01,SALIR,2,4.377961791775931,4.0395728623777245,9.198182548437472
2020-12-02,MANTENER,2,4.4021721520157255,4.090615320285295,11.53974338777104
2020-12-03,MANTENER,2,4.234413866624965,4.147963447020178,9.306245662362578
2020-12-04,COMPRAR,1,4.044992657412539,4.1740266262316,2.832728439698151
2020-12-05,MANTENER,1,4.066705100477288,4.225249113661289,-2.432325486729603
2020-12-06,MANTENER,1,3.9402466682228927,4.137706088950681,2.842392012503048
2020-12-07,MANTENER,1,3.762049886150108,4.009681635777559,-0.0492850573595049
2020-12-08,MANTENER,1,3.5966143290774246,3.882121728268051,-5.955462617602159
2020-12-09,MANTENER,1,3.7618645621011866,3.82549610920578,-0.7830117622209087
2020-12-10,MANTENER,1,3.602920163327037,3.7327391217757295,-4.753737091889043
2020-12-11,MANTENER,1,3.4785411850444263,3.640398025140037,-6.880137183894064
2020-12-12,MANTENER,1,3.3431882852085133,3.556625704951718,-2.0422958954164017
2020-12-13,MANTENER,1,3.43499012151813,3.52430086343986,4.384904042936633
2020-12-14,MANTENER,1,3.321223278796236,3.436172606778869,3.665586273776533
2020-12-15,MANTENER,1,3.173476407855823,3.350283855684625,6.116666143577376
2020-12-16,MANTENER,1,3.042095968140573,3.2629948123038552,16.556561554270388
2020-12-17,MANTENER,1,4.164429097724149,3.4272429748069824,19.293558632999463
2020-12-18,SALIR,2,4.51253011490306,3.642750973483968,18.9569727228033
2020-12-19,MANTENER,2,4.311166865427037,3.840739690810128,21.52786680368948
2020-12-20,MANTENER,2,4.213456140786378,4.04873563739624,18.98808866140751
2020-12-21,COMPRAR,1,4.049951738318805,4.250306791431886,6.769121210496998
2020-12-22,MANTENER,1,3.978875305360518,4.213196032959159,4.198535293999761
2020-12-23,MANTENER,1,4.012917006627835,4.113273411304116,0.4458235551664913
2020-12-24,MANTENER,1,3.9003709144276257,4.031114221104232,-0.5624659944782451
2020-12-25,MANTENER,1,3.769280156927469,3.942279024332451,4.934298117141367
2020-12-26,MANTENER,1,3.787810626521386,3.889850801972967,14.787024415392304
2020-12-27,SALIR,2,4.232200210309272,3.9405157829627178,9.954268733802074
2020-12-28,COMPRAR,1,4.033347178786871,3.944601817394525,15.30401672952717
2020-12-29,MANTENER,1,3.9543269238052674,3.9553930192700535,14.218043513115395
2020-12-30,MANTENER,1,3.775935279824288,3.956724043849417,15.641959884992572
2020-12-31,MANTENER,1,3.964878193762425,3.992137557297625,9.25892150287968
2021-01-01,MANTENER,1,3.777258308759738,3.901149176987718,11.160015674714783
2021-01-02,MANTENER,1,3.617749652240925,3.818029671678529,17.073212460171305
2021-01-03,SALIR,2,4.485005661494769,3.924165419216429,18.07091205188307
2021-01-04,MANTENER,2,4.307817345001989,4.030541832251969,10.306147127366394
2021-01-05,COMPRAR,1,4.184949104283977,4.074556014356279,15.8782680757815
2021-01-06,SALIR,2,4.432735073631718,4.205651367330676,22.60445561404687
2021-01-07,MANTENER,2,4.929534936525629,4.468008424187616,20.33254692501885
2021-01-08,MANTENER,2,5.14399983238212,4.599807258365087,21.874318672624504
2021-01-09,MANTENER,2,5.009924970749532,4.740228783514596,23.036513146154647
2021-01-10,MANTENER,2,4.781767697528037,4.859592502163407,12.078463379147664
2021-01-11,MANTENER,2,4.81952724233847,4.936950935904758,-3.47510950431289
2021-01-12,MANTENER,2,5.212903729466353,4.993624694492903,-14.893849716048637
2021-01-13,MANTENER,2,5.19433688208395,5.003692104433268,-8.919166630367847
2021-01-14,MANTENER,2,5.800826864855008,5.161872483254364,-2.68695309043121
2021-01-15,MANTENER,2,5.716854624701775,5.348889868689112,-4.07355439197552
2021-01-16,MANTENER,2,5.801824492574339,5.545349318736285,1.7046509540351806
2021-01-17,MANTENER,2,5.538819667112302,5.610532506265474,5.361211519984366
2021-01-18,MANTENER,2,5.27088099597232,5.625841329043149,-1.856221667718572
2021-01-19,MANTENER,2,5.054207326326452,5.476517421337437,-8.289735233623041
2021-01-20,MANTENER,2,4.830159940773916,5.299178484551866,-3.531007033926059
2021-01-21,MANTENER,2,4.617428738100689,5.062299333657135,-16.01063540140011
2021-01-22,MANTENER,2,6.4063547667869285,5.235806353592062,-8.102207033936004
2021-01-23,MANTENER,2,6.453086928529925,5.472247540103583,-13.30221005928589
2021-01-24,MANTENER,2,6.196196890016062,5.7006454528415045,-11.071773036092123
2021-01-25,MANTENER,2,5.879225601103863,5.910458584907493,-9.375624474879274
2021-01-26,MANTENER,2,5.577534941097089,6.102479825506774,5.503826953025026
2021-01-27,MANTENER,2,5.295452194176113,5.88029931098461,-8.116948716946126
2021-01-28,MANTENER,2,5.505151916314538,5.690712308541533,4.268541377197899
2021-01-29,MANTENER,2,6.046612220826431,5.660795374703606,6.0884637268053154
2021-01-30,MANTENER,2,5.78723320452554,5.642396895387942,5.713581131836065
2021-01-31,MANTENER,2,5.491325114948599,5.625154930158244,1.6580004468105258
2021-02-01,MANTENER,2,5.337866855573389,5.633637862437699,9.714189176050958
2021-02-02,MANTENER,2,5.080615041704842,5.54873048751576,5.928957109276034
2021-02-03,MANTENER,2,5.154729283372644,5.370353900025003,8.797339804648097
2021-02-04,MANTENER,2,5.182867297813315,5.249480718682558,7.466127865555983
2021-02-05,MANTENER,2,4.948083021468947,5.140832299986628,14.140955535356523
2021-02-06,MANTENER,2,4.807705740417824,5.034800076955515,15.77047545667014
2021-02-07,MANTENER,2,4.655426099214728,4.949762288457492,9.12602275038754
2021-02-08,MANTENER,2,4.437401216098104,4.806296675002583,20.93068915904599
2021-02-09,MANTENER,2,6.960902771250888,5.161903769690098,23.012818767973545
2021-02-10,MANTENER,2,6.5998622200433,5.492259609404969,16.346613094167317
2021-02-11,MANTENER,2,6.362202225966305,5.803158906514665,19.895100571893565
2021-02-12,MANTENER,2,6.372382271360122,6.146550140943743,19.974912924441668
2021-02-13,MANTENER,2,6.050843924265907,6.469238682577304,1.9486822104472168
2021-02-14,MANTENER,2,5.747896006589106,6.226637329644948,4.698808262525844
2021-02-15,MANTENER,2,5.55399254036372,6.017463393709032,6.52130501260757
2021-02-16,MANTENER,2,5.300358764236818,5.805094701363134,2.6580694808430394
2021-02-17,MANTENER,2,5.094563986623387,5.549531044415788,9.327331163587615
2021-02-18,MANTENER,2,5.17905769982502,5.3751737995276105,9.267683029839269
2021-02-19,MANTENER,2,4.928726518660193,5.211339901941828,13.731808582908656
2021-02-20,MANTENER,2,5.3074652060768885,5.162034435084461,15.707150527827627
2021-02-21,MANTENER,2,5.039055480974514,5.109773778432,15.658840424806009
2021-02-22,MANTENER,2,4.848994966601673,5.060659974427658,3.871080482328537
2021-02-23,MANTENER,2,5.0129573290212335,5.0274399002669,-5.683621308842035
2021-02-24,MANTENER,2,5.871067252025242,5.21590804693991,-11.72398527872307
2021-02-25,MANTENER,2,5.595809659911418,5.273576937706816,-17.498479555966107
2021-02-26,MANTENER,2,5.604588604424992,5.386683562396912,-21.647903072708097
2021-02-27,MANTENER,2,5.348352413278951,5.486555051732367,-16.00861259518176
2021-02-28,MANTENER,2,5.079049182321233,5.499773422392368,-7.851135801756826
2021-03-01,MANTENER,2,4.887054872471318,5.302970946481582,-0.1491693428551599
2021-03-02,MANTENER,2,5.549001693110152,5.2936093531213295,2.6923140615009444
2021-03-03,MANTENER,2,5.3374753066724505,5.240186693570822,8.672994376579801
2021-03-04,MANTENER,2,5.250364829774559,5.220589176869942,5.00943640466609
2021-03-05,MANTENER,2,5.160539920949978,5.236887324595691,8.061626078995765
2021-03-06,MANTENER,2,4.904148837008183,5.2403061175030645,-1.4589926576759282
2021-03-07,MANTENER,2,4.658689826023951,5.062243744085825,5.680462199241276
2021-03-08,MANTENER,2,4.657829740734285,4.926314630898192,3.324303081401503
2021-03-09,MANTENER,2,4.468560795639949,4.769953824071269,12.130599326637714
2021-03-10,MANTENER,2,4.5128975520259695,4.640425350286468,13.516875288786956
2021-03-11,MANTENER,2,4.339485772617542,4.527492737408339,16.704678031774556
2021-03-12,COMPRAR,1,4.242616402737463,4.4442780527510415,11.299028410394918
2021-03-13,MANTENER,1,4.0474719660939416,4.322206497822973,15.887760885015824
2021-03-14,SALIR,2,4.388147939644897,4.306123926623963,7.851817593763499
2021-03-15,MANTENER,2,4.311689120012003,4.26588224022117,-0.1811212277216256
2021-03-16,MANTENER,2,4.542673749164353,4.306519835530532,-1.7454741119903971
2021-03-17,MANTENER,2,4.344278186728551,4.326852192328749,2.6486318813567777
2021-03-18,COMPRAR,1,4.280234355472681,4.373404670204496,-5.684329436475721
2021-03-19,MANTENER,1,4.115655110069466,4.318906104289411,-1.6246382654889755
2021-03-20,MANTENER,1,3.923245489410253,4.24121737816906,4.214294663655771
2021-03-21,MANTENER,1,3.7360206221178287,4.079886752759756,1.2569570949102271
2021-03-22,MANTENER,1,3.592398253239429,3.929510766061932,-7.661149717568705
2021-03-23,MANTENER,1,3.857953762644632,3.8450546474963216,-5.543222982613116
2021-03-24,MANTENER,1,3.675171511732922,3.7569579278290135,-10.037830665436864
2021-03-25,MANTENER,1,3.711337257712042,3.7145762814893706,-12.029786044454838
2021-03-26,MANTENER,1,3.6062422900117297,3.688620615068151,-4.23655369848106
2021-03-27,MANTENER,1,4.000685452907031,3.770278055001671,2.614325303444609
2021-03-28,MANTENER,1,3.834568409848146,3.7656009844423743,2.189633346879916
2021-03-29,MANTENER,1,3.652644545968149,3.76109559128942,9.010312063977466
2021-03-30,MANTENER,1,3.6185783194252026,3.742543803632052,13.060316347531398
2021-03-31,MANTENER,1,3.5027911024415395,3.721853566118014,6.633410360301539
2021-04-01,MANTENER,1,3.3410542469243936,3.5899273249214865,5.428142750687925
2021-04-02,MANTENER,1,3.189666401839647,3.4609469233197863,5.955832248367088
2021-04-03,MANTENER,1,3.0495966087648645,3.3403373358791293,-0.2536688077613647
2021-04-04,MANTENER,1,3.092389004686104,3.235099472931309,-0.2704654865221201
2021-04-05,MANTENER,1,3.0172455004245458,3.137990352527911,0.2357193013398983
2021-04-06,MANTENER,1,2.8886427860290014,3.0475080603488327,-1.5405937414909587
2021-04-07,MANTENER,1,2.814196634315204,2.972414106843944,-5.780489911216336
2021-04-08,MANTENER,1,2.9756338865982457,2.95762156241062,1.2422757760031544
2021-04-09,MANTENER,1,3.1096971878799,2.96108319904938,-0.8778435208460778
2021-04-10,MANTENER,1,2.973678237767952,2.9523697465180603,1.237455556199052
2021-04-11,MANTENER,1,2.9585117026591035,2.966343529844081,3.400075749901532
2021-04-12,MANTENER,1,2.8368935691426658,2.970882916809573,6.6342009354036335
2021-04-13,MANTENER,1,2.72543536986243,2.9208432134624105,8.50814771000774
2021-04-14,MANTENER,1,3.207149950999888,2.9403337660864075,8.021608878702224
2021-04-15,MANTENER,1,3.0733022576069207,2.9602585700542017,5.721414180733397
2021-04-16,MANTENER,1,2.939114088014035,2.956379047125188,2.246521554536152
2021-04-17,MANTENER,1,2.967703802215135,2.9825410937396817,1.3109908442100249
2021-04-18,SALIR,1,2.88557065976796,3.014568151720788,-12.188966610628782
2021-04-19,MANTENER,1,3.7415476708538935,3.1214476956915886,-12.445870707491302
2021-04-20,MANTENER,1,3.579763887612561,3.2227400216927173,-11.434345763292342
2021-04-21,MANTENER,1,3.4355269792289787,3.3220225999357056,-13.297658130018242
2021-04-22,MANTENER,1,3.6260695581039823,3.453695751113475,-15.90155389455834
2021-04-23,MANTENER,1,3.713689413705956,3.6193195019010735,-9.554441053266949
2021-04-24,MANTENER,1,3.568858792057604,3.5847817261418164,-10.737586859498371
2021-04-25,MANTENER,1,3.476091234859062,3.5640471955911166,-14.185609243291708
2021-04-26,MANTENER,1,3.394469162165326,3.555835632178386,0.2143359910865783
2021-04-27,MANTENER,2,4.49986979321263,3.7305956792001154,6.12735628063259
2021-04-28,MANTENER,2,4.314474866393927,3.85075276973771,7.048061011779616
2021-04-29,MANTENER,1,4.106637944199394,3.958308600166068,6.767137347277163
2021-04-30,COMPRAR,1,3.989213371189898,4.060933027432235,16.421928447270062
2021-05-01,SALIR,2,4.496252265836409,4.281289648166451,6.808715003105803
2021-05-02,MANTENER,1,4.274396190221632,4.236194927568252,2.862278329217993
2021-05-03,COMPRAR,1,4.128870386081729,4.199074031505812,4.241814087131779
2021-05-04,SALIR,1,3.939063918032391,4.165559226272412,-0.414582152732379
2021-05-05,MANTENER,2,4.406172160611454,4.248950984156723,-0.566392277380956
2021-05-06,MANTENER,2,4.807614049111679,4.311223340811777,-2.506658869176448
2021-05-07,MANTENER,2,4.610310289467963,4.378406160661044,1.2726555679895668
2021-05-08,MANTENER,2,4.4109920222027865,4.434830487885255,2.764707317728288
2021-05-09,COMPRAR,1,4.263945311754432,4.499806766629662,8.787508136703082
2021-05-10,SALIR,1,4.07158290563421,4.432888915634214,-2.761754626716062
2021-05-11,MANTENER,1,4.117037878116187,4.294773681435116,0.5447504634771505
2021-05-12,MANTENER,1,3.943056328294312,4.161322889200385,-15.439673891970074
2021-05-13,MANTENER,2,6.000827220903563,4.479289928940541,-16.787543051239773
2021-05-14,MANTENER,2,5.701696890665917,4.766840244722838,-15.48096157186034
2021-05-15,MANTENER,2,5.410420238067287,5.034607711209453,-17.78127777541716
2021-05-16,MANTENER,2,5.562549789153696,5.323710093416955,-19.93479921886969
2021-05-17,MANTENER,2,5.284862761902121,5.592071380138518,-12.126482990212573
2021-05-18,MANTENER,2,5.457129005813722,5.483331737120548,-14.72396920968464
2021-05-19,MANTENER,2,5.204737239661382,5.383939806919642,-29.86469552084987
2021-05-20,MANTENER,2,6.922817678052675,5.686419294916719,-13.67732358892546
2021-05-21,MANTENER,2,7.264618988205813,6.026833134727143,-21.938779563581257
2021-05-22,MANTENER,2,7.48384555897824,6.466629694142367,-14.83055737121024
2021-05-23,MANTENER,2,7.093420779099735,6.793888048799569,-21.03192854258076
2021-05-24,MANTENER,2,7.1817074179291245,7.189282084453117,4.501022775272112
2021-05-25,MANTENER,2,7.626175387957987,7.32995362643418,-6.01435709522633
2021-05-26,MANTENER,2,7.232065088063698,7.323442846405757,5.195781169729763
2021-05-27,MANTENER,2,6.890034265852335,7.204680587780575,2.37023931885183
2021-05-28,MANTENER,2,6.574757686459773,7.1009479692525845,2.6311927485409115
2021-05-29,MANTENER,2,6.694329274069385,7.003472340480636,-11.16762008833856
2021-05-30,MANTENER,2,6.430921362916908,6.76442153547242,-7.357747422337546
2021-05-31,MANTENER,2,6.169881633370881,6.551984844533857,-5.120312280367756
2021-06-01,MANTENER,2,6.023964049624007,6.378770801288191,-4.6653795305260815
2021-06-02,MANTENER,2,5.746285225804346,6.213076309157105,5.12601048984962
2021-06-03,MANTENER,2,5.50172306955143,5.974555068253514,12.45824133920177
2021-06-04,MANTENER,2,5.390855083545893,5.766541812379311,3.352208204590568
2021-06-05,MANTENER,2,5.499656563407283,5.632496798386592,-4.887857776133586
2021-06-06,MANTENER,2,5.365700350163216,5.500844058494434,-2.2677124338029486
2021-06-07,MANTENER,2,5.0989957186096415,5.371386157055492,-11.298776867568703
2021-06-08,MANTENER,2,5.315801812992754,5.3342019057437575,-15.817216069051376
2021-06-09,MANTENER,2,5.047821046087552,5.265595098252089,1.214232895875078
2021-06-10,MANTENER,2,5.9430615128808135,5.354276088146795,3.1852328540397323
2021-06-11,MANTENER,2,5.669886607899517,5.415113339694055,4.022630710619524
2021-06-12,MANTENER,2,5.404451015358339,5.476204399043795,5.765496770113288
2021-06-13,MANTENER,2,5.381983064922275,5.489440649429699,15.53395440592471
2021-06-14,MANTENER,2,5.947190710987965,5.669314582409783,7.412422964342902
2021-06-15,MANTENER,2,5.7092041592374105,5.622543111681101,9.613742596408592
2021-06-16,MANTENER,2,5.418217865359577,5.572209363173114,2.67628159519564
2021-06-17,MANTENER,2,5.4287126675383846,5.577061693609123,6.798225020469317
2021-06-18,MANTENER,2,5.1608294044585,5.532830961516368,-8.84761424817011
2021-06-19,MANTENER,2,5.305522923457919,5.404497404010359,-12.153515026531636
2021-06-20,MANTENER,2,5.040393995326573,5.270735371228191,-12.388197827905143
2021-06-21,MANTENER,2,4.786871681600851,5.1444661344764455,-19.10967425315864
2021-06-22,MANTENER,2,6.004481428321041,5.2596198866329775,-15.757893413452528
2021-06-23,MANTENER,2,5.751151530186628,5.377684311778602,-5.9410667587174615
2021-06-24,MANTENER,2,5.577073252282386,5.431994377543496,-2.713474791223547
2021-06-25,MANTENER,2,5.360521193299615,5.496019817138104,-12.075102720029207
2021-06-26,MANTENER,2,5.909206741722627,5.720486829162459,1.5959007049309193
2021-06-27,MANTENER,2,5.629498602013548,5.64549026390096,6.387323391922628
2021-06-28,MANTENER,2,5.837256933767262,5.662711344617088,2.087329630785817
2021-06-29,MANTENER,2,5.543168625183733,5.6559304191973565,3.4182717574353205
2021-06-30,MANTENER,2,5.414791587758424,5.666784498089119,10.21621685827654
2021-07-01,MANTENER,2,5.201105630033004,5.525164275751194,4.215568458096719
2021-07-02,MANTENER,2,5.141217570781738,5.4275080695048326,-2.195956898490259
2021-07-03,MANTENER,2,4.88930408256966,5.237917499265311,0.6778641492196869
2021-07-04,MANTENER,2,4.695378524618888,5.068359479152343,-1.6302561621024836
2021-07-05,MANTENER,2,4.49366218421012,4.8841335984426815,-3.7652114916840063
2021-07-06,MANTENER,2,4.52463614053041,4.748839700542163,1.9558340763497384
2021-07-07,MANTENER,1,4.322196618357292,4.585035510057273,-0.1231506800243309
2021-07-08,MANTENER,1,4.130328714632764,4.433240436469895,-5.304823335955256
2021-07-09,MANTENER,1,4.053496343222479,4.304864000190613,-4.313478792259673
2021-07-10,MANTENER,1,3.9517285608852175,4.196477275525632,-0.6704232894524154
2021-07-11,MANTENER,1,3.774929918159253,4.046536031051401,0.0145809699889198
2021-07-12,MANTENER,1,3.654292154192886,3.91295513821852,-2.08772899976406
2021-07-13,MANTENER,1,3.648152651200432,3.8165199255320537,-0.5347597885476674
2021-07-14,MANTENER,1,3.511298429020845,3.7080803426917273,-2.9292361496919384
2021-07-15,MANTENER,1,3.349713498597448,3.5876773302341727,-5.329762862016807
2021-07-16,MANTENER,1,3.377181827731947,3.508127712148712,-8.590641215253036
2021-07-17,MANTENER,1,3.248960483324089,3.4270613779749524,-5.018231658735317
2021-07-18,MANTENER,1,3.1037607894646744,3.3181830056278008,-2.8071027048376607
2021-07-19,MANTENER,1,2.9757902151878364,3.2110813628611994,-6.301612987351923
2021-07-20,MANTENER,1,3.0366676931969674,3.148472201781103,-6.410521725088714
2021-07-21,MANTENER,1,3.113667160508831,3.09576926833648,2.169548596453197
2021-07-22,MANTENER,1,3.807932344174,3.2075636405064616,2.443610562935384
2021-07-23,MANTENER,1,3.630900390393372,3.3129915606922014,5.461084478808331
2021-07-24,MANTENER,1,3.666144468402512,3.451062411335136,10.68315921334655
2021-07-25,COMPRAR,1,3.5520937494494573,3.554147622585634,17.05487676653341
2021-07-26,MANTENER,1,3.516524383426785,3.634719067169225,15.08100240000143
2021-07-27,MANTENER,1,3.7757744668830537,3.628287491711036,19.84690886058829
2021-07-28,MANTENER,1,3.982919364075756,3.698691286447513,17.480027285043143
2021-07-29,MANTENER,1,3.817167643441088,3.728895921455228,15.416490219435808
2021-07-30,MANTENER,1,3.6360309948493503,3.745683370535207,17.795851304931887
2021-07-31,MANTENER,1,3.86814587098908,3.8160076680476656,10.873053898255591
2021-08-01,MANTENER,1,3.719260317976853,3.8047048382664257,1.4309641738805112
2021-08-02,MANTENER,1,3.794039691232295,3.766928903697733,-2.005073424245829
2021-08-03,MANTENER,1,3.6765848491944806,3.7388123448484114,-4.748609914818758
2021-08-04,MANTENER,1,3.62295025933828,3.736196197746197,-6.071516516232833
2021-08-05,MANTENER,1,3.6860226615649903,3.69977155586138,-1.8344262415931567
2021-08-06,MANTENER,1,3.617193381579389,3.6793581685818872,6.867192196619776
2021-08-07,MANTENER,1,3.74838707709792,3.670227645755012,12.801598288978331
2021-08-08,MANTENER,1,3.784345199183841,3.691779715752884,13.798695019282547
2021-08-09,MANTENER,1,3.654249631619023,3.698039590209032,15.40064976444171
2021-08-10,MANTENER,1,3.924380522722312,3.7457111624404975,10.91939988805617
2021-08-11,MANTENER,1,3.78317915476883,3.778908317078385,6.284461882648884
2021-08-12,MANTENER,1,3.604147386016436,3.7500603788620888,-0.2865946176488165
2021-08-13,MANTENER,1,3.547102904324218,3.702611919890164,8.729505744451949
2021-08-14,MANTENER,1,4.106774983513434,3.793116990269046,1.5654601596477136
2021-08-15,MANTENER,1,3.942116254147928,3.796664136554169,3.156778450266096
2021-08-16,MANTENER,1,3.7540370126068967,3.790835708121782,0.8970717009152196
2021-08-17,MANTENER,1,3.6581627375321024,3.8016387784249153,0.5993271518766718
2021-08-18,MANTENER,1,3.6211257835138895,3.81644335426285,-6.465124155013946
2021-08-19,MANTENER,1,3.4520308256700307,3.6854945226941696,-0.8087644459816801
2021-08-20,MANTENER,1,3.547492950594544,3.606569861983493,4.757122101046107
2021-08-21,MANTENER,1,3.800159522679678,3.6157943639980488,6.115082669616001
2021-08-22,MANTENER,1,3.6346952721337455,3.611100870918378,9.849350112801147
2021-08-23,MANTENER,1,3.4724934761265125,3.5813744094409024,10.066988116128073
2021-08-24,MANTENER,1,3.314114033293623,3.5537910509656205,2.0939133497980933
2021-08-25,MANTENER,1,3.408984222363427,3.5260893053193967,-0.7698651535442025
2021-08-26,MANTENER,1,3.3502391656678383,3.4361052339170293,-4.09722477523502
2021-08-27,MANTENER,1,3.4937724823391267,3.4079206759581053,-0.5346292847347556
2021-08-28,MANTENER,1,3.6109256732692936,3.435607115386662,-1.3078003969202
2021-08-29,MANTENER,1,3.4452924444598065,3.461842797619899,2.328180560334125
2021-08-30,MANTENER,1,3.288089619873062,3.437663877121825,-3.970295629436471
2021-08-31,MANTENER,1,3.376474866094628,3.442911017207184,0.4770413016741415
2021-09-01,MANTENER,1,3.2225682607695068,3.388670172893259,-0.4323363497508836
2021-09-02,MANTENER,1,3.2673049297536907,3.319946024190139,0.8659725729236456
2021-09-03,MANTENER,1,3.1323421029074874,3.2573559558796754,2.4188938493830747
2021-09-04,MANTENER,1,3.022316714849933,3.204201374875049,5.959809344437339
2021-09-05,MANTENER,1,2.8922150299219904,3.107349407640521,9.28024566023158
2021-09-06,MANTENER,1,2.984787331555004,3.059793221797621,7.465994319452029
2021-09-07,MANTENER,1,2.900214291418592,2.9863750941306018,-5.236527689095105
2021-09-08,SALIR,2,4.743614648977579,3.3086296033446203,-8.190419847012897
2021-09-09,MANTENER,2,4.539914037802804,3.6121490679351935,-7.380032293944261
2021-09-10,MANTENER,1,4.31882867686449,3.8974717973236936,-14.24109446005808
2021-09-11,COMPRAR,1,4.255599816920745,4.151634294396842,-15.222414557044672
2021-09-12,MANTENER,1,4.052358150920597,4.382063066297243,-1.6105095744908482
2021-09-13,SALIR,1,3.899125592721216,4.21316525504597,-2.4784598224036003
2021-09-14,COMPRAR,1,3.803536700157928,4.065889787516996,1.4999018019921095
2021-09-15,MANTENER,1,3.906684771381102,3.9834610064203178,7.078880597889459
2021-09-16,MANTENER,1,3.784892581835543,3.889319559403277,5.554812713259949
2021-09-17,MANTENER,1,3.618602443047056,3.8025684178285695,2.580749289508333
2021-09-18,MANTENER,1,3.471795124613432,3.717102324207012,7.1141915101225806
2021-09-19,MANTENER,1,3.374185391908056,3.631232062557038,0.3555313620751121
2021-09-20,SALIR,1,3.3025001799658527,3.510395144273988,-11.73072260637138
2021-09-21,MANTENER,2,4.510472510433273,3.655511129993534,-16.06047544911
2021-09-22,MANTENER,2,4.616939436499416,3.855178528684006,-8.135107278503995
2021-09-23,MANTENER,2,4.899471799921278,4.140713863745575,-7.265488991584057
2021-09-24,MANTENER,2,4.7457107968938175,4.415018944742728,-9.820249050314978
2021-09-25,MANTENER,2,4.77205288871932,4.708929486493421,-0.2973504871603083
2021-09-26,MANTENER,2,4.536002871577007,4.714035558722168,5.996544503621948
2021-09-27,MANTENER,1,4.324488548222621,4.655545381066808,-3.120573979013308
2021-09-28,MANTENER,1,4.186077342014921,4.512866489485537,-8.991438176109767
2021-09-29,MANTENER,1,4.100760641656305,4.383876458438034,-3.0223261656651346
2021-09-30,MANTENER,1,3.920435485973241,4.213552977888819,2.483845119992268
2021-10-01,COMPRAR,1,4.082587048320507,4.122869813237519,10.759618808670446
2021-10-02,SALIR,2,4.919322282923316,4.241836560177658,12.190565699513378
2021-10-03,MANTENER,2,4.683338416345564,4.341288775043787,16.094382512201122
2021-10-04,MANTENER,2,4.459924086988278,4.413121464110182,16.687862890086613
2021-10-05,MANTENER,1,4.27813026629746,4.484660420175025,16.244347931738723
2021-10-06,MANTENER,2,4.340027486558631,4.53614850782265,14.02491617634194
2021-10-07,MANTENER,2,4.723460511876398,4.496976153613266,12.021248135121354
2021-10-08,MANTENER,2,4.591001713937153,4.478508813131585,11.303040691624489
2021-10-09,MANTENER,2,4.363939501341745,4.459311896002277,11.26334712336341
2021-10-10,COMPRAR,1,4.186908702481785,4.441067583239143,6.130202438207277
2021-10-11,MANTENER,1,3.986485064057836,4.370359098738983,3.763688571233459
2021-10-12,MANTENER,1,4.09130437079137,4.243927870521977,4.069991653959626
2021-10-13,MANTENER,1,3.98872879628021,4.123473286990589,6.167497061191085
2021-10-14,MANTENER,1,3.8680712741021495,4.02429964154267,4.192093199919711
2021-10-15,MANTENER,1,3.684715333846751,3.923860967815664,11.739222669065263
2021-10-16,MANTENER,1,4.193756447595925,3.9653152445232807,5.758437935049088
2021-10-17,MANTENER,1,4.011115072290687,3.949277384823144,9.382400792411616
2021-10-18,MANTENER,1,3.8306879537142176,3.917669216309946,7.749148545692464
2021-10-19,MANTENER,1,3.654495913603729,3.8749541442102617,11.429217481932064
2021-10-20,MANTENER,1,3.655389778711623,3.869089033183237,6.898255098677808
2021-10-21,MANTENER,1,3.579658307465918,3.7462694051572334,2.141376722863697
2021-10-22,MANTENER,1,3.934087847442127,3.730863960187522,-1.4092348921607822
2021-10-23,MANTENER,1,3.839334192571928,3.732593207959065,-1.0249036382322885
2021-10-24,MANTENER,1,3.671784454212302,3.7360509160807793,-5.322897138770877
2021-10-25,MANTENER,1,3.511086095379913,3.707190179414437,-4.57795325957413
2021-10-26,MANTENER,1,3.5135136545786825,3.6939612488369904,-3.012905030607449
2021-10-27,MANTENER,1,3.650648674236712,3.6372734141959073,-3.709064308705301
2021-10-28,MANTENER,1,3.6399251372243113,3.597391603126384,-1.2645756387604123
2021-10-29,MANTENER,1,3.647544551577629,3.5925436225994494,2.106511046243753
2021-10-30,MANTENER,1,3.569280572975635,3.604182518118594,-1.842691325205692
2021-10-31,MANTENER,1,3.4101731292266684,3.583514413048191,1.5699574199647517
2021-11-01,MANTENER,1,3.2717757319951364,3.507739824599876,4.22204679983107
2021-11-02,MANTENER,1,3.131139260937652,3.405982649342545,4.206185375876004
2021-11-03,MANTENER,1,3.1954630874101912,3.3155663565090565,1.1854672636454566
2021-11-04,MANTENER,1,3.0576412469675454,3.2132384913074388,-0.7079611237664096
2021-11-05,MANTENER,1,3.040032025628729,3.139210270587851,-0.3157041776272962
2021-11-06,MANTENER,1,2.9151271109497587,3.067880546378776,0.8537816729694114
2021-11-07,MANTENER,1,2.7957866935352835,3.0008100328983014,0.1589620921004453
2021-11-08,MANTENER,1,2.824571405368236,2.9266316964899106,7.045798749971333
2021-11-09,MANTENER,1,3.4025482534517195,2.995613097786745,8.601192257212098
2021-11-10,MANTENER,1,3.26331699982357,3.0402700926257133,6.138188633964425
2021-11-11,MANTENER,1,3.276884391516006,3.112621548738963,5.413322979141455
2021-11-12,MANTENER,1,3.1296725759339554,3.179398725218697,1.300511073291588
2021-11-13,MANTENER,1,3.0233572650520752,3.2191558971554657,-4.692448652036596
2021-11-14,MANTENER,1,2.8940758754592704,3.117461421556976,-2.272830270009507
2021-11-15,MANTENER,1,2.808349397946226,3.026467901181507,-2.236304312636684
2021-11-16,MANTENER,1,2.8710174600937783,2.945294514897061,-7.658874927066783
2021-11-17,MANTENER,1,3.299051498079458,2.979170299326161,-6.085734682972088
2021-11-18,SALIR,1,3.1505935666349774,3.004617559642742,-12.415706094130565
2021-11-19,MANTENER,1,3.5801212099062734,3.1418266265321426,-11.904117253306978
2021-11-20,MANTENER,1,3.469866476062403,3.2741300421553783,-6.266580706831348
2021-11-21,MANTENER,1,3.412081572335382,3.382342864603699,-2.406960845558359
2021-11-22,MANTENER,1,3.3053825265804098,3.383609070303889,-6.995508785526461
2021-11-23,MANTENER,1,3.4600095742806403,3.4454922718330216,1.0949910651255834
2021-11-24,MANTENER,1,3.3718388030710686,3.4038357904659806,-3.2155782359687635
2021-11-25,MANTENER,1,3.310161471066015,3.371894789466704,-4.14264038169474
2021-11-26,MANTENER,1,3.2039700055236926,3.3302724761043647,-9.19739491993763
2021-11-27,MANTENER,1,3.776061964125221,3.424408363613328,-2.653896511450604
2021-11-28,MANTENER,1,3.665773738160547,3.4655611963893085,-0.5584826939829313
2021-11-29,MANTENER,1,3.752464580757906,3.541686351926677,2.6755577243033457
2021-11-30,MANTENER,1,3.585637812886703,3.596781620290814,-0.4712183338822839
2021-12-01,MANTENER,1,3.45401019858568,3.646789658903212,6.60903984173018
2021-12-02,MANTENER,1,3.2962052953500947,3.550818325148186,2.988262670113784
2021-12-03,MANTENER,1,3.182048737066616,3.4540733249294,-6.588434524209319
2021-12-04,MANTENER,1,3.5026300245211885,3.4041064136820567,-16.11944603154818
2021-12-05,MANTENER,2,4.371512885588387,3.5612814282223937,-14.382684142195856
2021-12-06,MANTENER,1,4.157613438016678,3.702002076108593,-12.346709530537224
2021-12-07,MANTENER,1,4.025883420761144,3.847937701190802,-10.792032545976404
2021-12-08,MANTENER,1,3.8321623954353328,3.9779604328645455,-5.94480260158079
2021-12-09,MANTENER,1,3.653759163012564,4.008186260562821,-3.156115096911982
2021-12-10,MANTENER,1,3.973971404955529,3.9286779644362495,-4.400866686318317
2021-12-11,MANTENER,1,3.797935889428064,3.856742454718527,-2.4416952997887265
2021-12-12,MANTENER,1,3.8733997745969937,3.826245725485697,-1.1939812896589077
2021-12-13,MANTENER,1,3.714822583936761,3.802777763185982,-7.75218969833773
2021-12-14,MANTENER,1,4.218563758156329,3.915738682214736,-2.247516879532796
2021-12-15,MANTENER,1,4.015184389841882,3.923981279192006,3.439942872626922
2021-12-16,MANTENER,1,4.110213984997508,3.9864368983058944,-3.498487618891488
2021-12-17,MANTENER,1,4.00656341724583,4.013069626835661,-8.096157728311937
2021-12-18,MANTENER,1,3.956501133871673,4.061405336822645,0.2378488681364032
2021-12-19,MANTENER,1,3.78909593124927,3.975511771441232,0.2022786117654718
2021-12-20,MANTENER,1,3.612216972431746,3.894918287959205,-4.211331160333565
2021-12-21,MANTENER,1,3.444398644805829,3.7617552199208695,2.631954548259152
2021-12-22,MANTENER,1,3.5535987148484467,3.671162279441393,5.11838043321422
2021-12-23,MANTENER,1,3.3973761381897964,3.559337280305017,8.066704800542013
2021-12-24,MANTENER,1,3.518558949003565,3.505229883855877,8.443879385711206
2021-12-25,MANTENER,1,3.3556459642053174,3.453915682210591,7.298638627912801
2021-12-26,MANTENER,1,3.216148741021136,3.408265701453652,3.755779832149564
2021-12-27,MANTENER,1,3.0788202217798832,3.31331000283994,4.0540011761292405
2021-12-28,MANTENER,1,2.947341454849547,3.2233030661718898,-6.499335408027207
2021-12-29,MANTENER,1,3.491687904285327,3.2179288572282423,-9.007058170417004
2021-12-30,MANTENER,1,3.432430484786935,3.2332857613445656,-6.665311579204314
2021-12-31,MANTENER,1,3.3080770491294533,3.251671422966229,-9.28024934787448
2022-01-01,MANTENER,1,3.223665098032308,3.280640398216714,-6.009513936428235
2022-01-02,MANTENER,1,3.2116130456294703,3.333494716372699,-0.5132767252325365
2022-01-03,MANTENER,1,3.0801087913649203,3.251178893788617,0.0288608008252921
2022-01-04,MANTENER,1,3.0166815695863014,3.1680291107484906,-2.751806536874213
2022-01-05,MANTENER,1,2.9180123205850004,3.0900161650396,-6.093518106668938
2022-01-06,MANTENER,1,3.285970504951535,3.102477246423445,-9.971921151804786
2022-01-07,MANTENER,1,3.15658502973515,3.091471643244581,-13.037814576840212
2022-01-08,MANTENER,1,3.272538500553601,3.1299575850823174,-10.7236460740042
2022-01-09,MANTENER,1,3.1264491881752523,3.151911108800108,-9.084959087006794
2022-01-10,MANTENER,1,2.98973098212446,3.166254841108,-4.094111418145552
2022-01-11,MANTENER,1,2.8623823661747214,3.081537213352637,-0.9897406240428452
2022-01-12,MANTENER,1,2.819896536080712,3.0141995146217497,5.594448966185972
2022-01-13,MANTENER,1,2.837537015038309,2.927199217518691,2.034161337719276
2022-01-14,MANTENER,1,2.9170906078545484,2.88532750145455,2.795334286690121
2022-01-15,MANTENER,1,2.8134684113851707,2.850074987306692,3.191231025531316
2022-01-16,MANTENER,0,2.695583403011929,2.816715194674134,0.8806687253473555
2022-01-17,MANTENER,0,2.587022109227884,2.770140309303568,-3.941479169748874
2022-01-18,MANTENER,0,2.58031708844494,2.7186963239848945,-0.5082854488806632
2022-01-19,MANTENER,0,2.478677730122364,2.6310137484384573,-3.1952429627498447
2022-01-20,MANTENER,0,2.4412102089223664,2.556562107945896,-5.957032834531262
2022-01-21,MANTENER,0,2.507598325942193,2.518965092531949,-16.770279889635198
2022-01-22,MANTENER,2,4.331178283192679,2.867796327324908,-18.740541603694894
2022-01-23,MANTENER,2,4.330591489814196,3.217851207598759,-15.539495151237936
2022-01-24,MANTENER,1,4.261426819434987,3.574401025461284,-13.003207396281091
2022-01-25,MANTENER,1,4.064214674378143,3.899001918552439,-9.607284404025584
2022-01-26,MANTENER,1,3.874492566636329,4.172380766691267,1.0771014425619896
2022-01-27,MANTENER,1,3.692051011890666,4.044555312430864,5.843504115605214
2022-01-28,MANTENER,1,3.524696882440981,3.883376390956221,4.071597246528569
2022-01-29,MANTENER,1,3.40121441775825,3.711333910620874,3.968435709779605
2022-01-30,MANTENER,1,3.25610315664354,3.549711607073953,2.574142381368993
2022-01-31,MANTENER,1,3.1179839565024867,3.3984098850471844,4.330665632964781
2022-02-01,MANTENER,1,3.012509121429936,3.2625015069550387,4.23101369414951
2022-02-02,MANTENER,1,2.887031693869453,3.134968469240733,-2.2248108108042786
2022-02-03,MANTENER,1,3.1821660513103933,3.091158795951162,-2.6128244015259483
2022-02-04,MANTENER,1,3.0433500059243213,3.048608165807318,9.029908589934266
2022-02-05,MANTENER,2,4.59071346784284,3.343154068075388,7.405485434921566
2022-02-06,MANTENER,2,4.364175233327553,3.613487290454912,9.04844123641606
2022-02-07,COMPRAR,1,4.210631701186783,3.878207291918378,17.090673503282083
2022-02-08,MANTENER,1,4.1370226887105765,4.069178619398415,17.17903281661677
2022-02-09,MANTENER,1,3.939922548608846,4.24849312793532,6.614555839071734
2022-02-10,MANTENER,1,3.753174136862492,4.080985261739249,4.998198809306231
2022-02-11,SALIR,1,3.627821133922376,3.933714441858215,-0.0106014479687388
2022-02-12,MANTENER,1,3.577025337728667,3.8069931691665913,-3.707971902209195
2022-02-13,COMPRAR,1,3.414499808151735,3.662488593054823,-4.451660819697345
2022-02-14,MANTENER,1,3.2589188545766707,3.5262878542483884,-4.031295356433873
2022-02-15,MANTENER,1,3.1228307069025827,3.400219168256406,2.292104470429024
2022-02-16,MANTENER,1,3.314172072605193,3.337489355992969,3.5986875709562938
2022-02-17,SALIR,1,3.201760127383745,3.2624363139239856,-4.123333317667388
2022-02-18,MANTENER,1,4.061847111885246,3.3919057746706875,-5.270777939089122
2022-02-19,MANTENER,1,3.891830832249592,3.518488170205272,-5.961840951363051
2022-02-20,MANTENER,1,3.706186211060899,3.635159271036936,-14.83034357473958
2022-02-21,MANTENER,1,3.813326276109128,3.734990111737722,-17.03719516458513
2022-02-22,MANTENER,1,3.8275283431318727,3.860143754887348,-5.715508658524016
2022-02-23,MANTENER,1,3.78092512499516,3.8039593575093305,-7.075219477690098
2022-02-24,MANTENER,1,3.710348332878904,3.767662857635193,-4.562775301724287
2022-02-25,MANTENER,1,3.6360244823899577,3.753630511901005,2.0165119324587977
2022-02-26,MANTENER,1,3.5352900530079663,3.698023267280772,5.330365794686465
2022-02-27,MANTENER,1,3.373849667648299,3.607287532184057,-1.5165394319069492
2022-02-28,COMPRAR,1,3.4433332089560342,3.5397691489762324,14.678249759967343
2022-03-01,SALIR,2,5.464008897862846,3.8905012619730206,14.591629798064789
2022-03-02,MANTENER,2,5.250450983326787,4.2133865621603865,11.342413144993555
2022-03-03,MANTENER,2,4.997453838043863,4.505819319167566,8.211492512359975
2022-03-04,MANTENER,2,4.88302820543134,4.8076550267241736,3.7164167482790944
2022-03-05,MANTENER,2,5.356709654852647,5.190330315903497,-9.190318359189751
2022-03-06,MANTENER,2,5.087869140958385,5.115102364522604,-14.363950097678035
2022-03-07,MANTENER,2,4.907209376412342,5.046454043139716,-14.324610031210838
2022-03-08,MANTENER,2,4.674014790869601,4.981766233704863,-9.156688344373444
2022-03-09,MANTENER,2,4.47323250229416,4.899807093077427,7.017922513536057
2022-03-10,MANTENER,2,4.969512451160733,4.822367652339044,0.0935462106196993
2022-03-11,MANTENER,2,5.154345631629352,4.835662950473237,0.9712916867908206
2022-03-12,MANTENER,2,4.927638749072032,4.839748825005176,2.187993894331086
2022-03-13,MANTENER,2,4.680809785682185,4.841107823967692,-2.318006924763516
2022-03-14,MANTENER,2,4.544820006316951,4.85542532477225,-5.674960285196029
2022-03-15,MANTENER,2,4.567031484267922,4.774929131393688,-0.2505217949607896
2022-03-16,MANTENER,2,4.35207906081468,4.614475817230754,5.878573201523807
2022-03-17,MANTENER,2,4.374146601701908,4.503777387756729,5.128810833277697
2022-03-18,COMPRAR,1,4.163976293526766,4.400410689325645,9.930189628269837
2022-03-19,MANTENER,1,4.010972216904225,4.293641131443101,6.168528430517739
2022-03-20,MANTENER,1,3.826857230729239,4.145606280735364,4.738743331738782
2022-03-21,MANTENER,1,3.7263445837252194,4.020459385317471,-0.1603796244276978
2022-03-22,MANTENER,1,3.554905441307825,3.856611153238655,3.3790911943489377
2022-03-23,MANTENER,1,3.521915593838133,3.728199013300929,2.578364005918488
2022-03-24,MANTENER,1,3.378640703187482,3.60173271055758,4.110267859295824
2022-03-25,MANTENER,1,3.312200495659027,3.4988013635435373,7.248571788659142
2022-03-26,MANTENER,1,3.1715509364646874,3.387842634091431,8.003519525962766
2022-03-27,MANTENER,1,3.0311927085425827,3.283100087538382,10.014457974203772
2022-03-28,MANTENER,1,3.315443284848051,3.2418056257403665,9.415974641477654
2022-03-29,MANTENER,1,3.1698193550973244,3.200041356122335,7.670662018817964
2022-03-30,MANTENER,1,3.034773926106578,3.144556042211845,5.939590854578292
2022-03-31,MANTENER,1,2.9196860356012704,3.094183062039161,2.3054183517629667
2022-04-01,MANTENER,1,3.00683982610428,3.0893124855515004,-1.1575538264736451
2022-04-02,MANTENER,1,2.9167758410003954,3.0095789967819693,-2.707898656877638
2022-04-03,MANTENER,0,2.8116418163327865,2.9379434890290623,-2.155474506491828
2022-04-04,MANTENER,0,2.7191625390221934,2.874821211612185,-0.9392964084055322
2022-04-05,MANTENER,0,2.6086464162562835,2.812613287743188,0.0380184852630804
2022-04-06,MANTENER,0,2.6267058542190176,2.7365864933661355,-6.874897425796078
2022-04-07,MANTENER,1,3.074444614446145,2.7681202480552853,-5.293901448575866
2022-04-08,MANTENER,1,2.9450937528541337,2.7948106353595548,-9.395782798774375
2022-04-09,MANTENER,1,2.977864041044675,2.846550935764051,-8.596637844394195
2022-04-10,MANTENER,1,2.8689600192055806,2.89861365635391,-7.634016441536318
2022-04-11,SALIR,0,2.788891683884919,2.931050822287091,-8.914145386963845
2022-04-12,MANTENER,1,3.4456930347574906,3.00530050634936,-8.079538629941041
2022-04-13,MANTENER,1,3.318279312828901,3.079937618344313,-2.6864996544981423
2022-04-14,MANTENER,1,3.26471733739523,3.1373082776144243,-6.885460518945585
2022-04-15,MANTENER,1,3.2822312499776007,3.219962523768828,-3.998077938500977
2022-04-16,MANTENER,1,3.167287847842668,3.2956417565603777,2.2580642330135348
2022-04-17,MANTENER,1,3.029813249779761,3.212465799564832,-1.0275872353567197
2022-04-18,MANTENER,1,2.962039675386045,3.141217872076261,-0.8306021484672854
2022-04-19,MANTENER,1,2.9600454767222995,3.0802834999416744,3.849364620910301
2022-04-20,MANTENER,1,2.875026029179205,2.9988424557819955,2.004059913576306
2022-04-21,MANTENER,0,2.756644530998106,2.916713792413084,0.2541732267149044
2022-04-22,MANTENER,0,2.7367570882174044,2.8581025601006123,0.0588169897170587
2022-04-23,MANTENER,0,2.7099244879043134,2.807679522604265,-3.3359717794793298
2022-04-24,MANTENER,0,2.610740216360401,2.7378184705318858,-5.023671371737315
2022-04-25,MANTENER,0,2.507012577658037,2.6642157802276527,-2.238979579506584
2022-04-26,MANTENER,0,2.5276031101527376,2.6184074960585786,-6.1304913075295175
2022-04-27,MANTENER,1,3.130792965581094,2.697214671531317,-1.2641092828854283
2022-04-28,MANTENER,1,3.125312139513736,2.780292201853201,0.7244433220249036
2022-04-29,MANTENER,1,3.01334931455552,2.860814021492225,-2.201621885723526
2022-04-30,MANTENER,1,3.0524689670543026,2.969905299371478,-7.0217447491250695
2022-05-01,MANTENER,1,3.0270907618953866,3.069802829720008,0.9182689697698976
2022-05-02,MANTENER,1,2.957106732335073,3.035065583070803,-1.8305483691003488
2022-05-03,MANTENER,1,2.8297519688319093,2.975953548934438,-5.221163225342984
2022-05-04,MANTENER,0,2.800565000019623,2.933396686027259,2.780339894039052
2022-05-05,MANTENER,1,3.120401789968229,2.946983250610044,-3.068578723076598
2022-05-06,MANTENER,1,4.023464599424987,3.1462580181159643,-6.52001475388051
2022-05-07,MANTENER,1,3.8646509282770887,3.3277668573043675,-8.183200820156245
2022-05-08,MANTENER,1,3.7184420226365273,3.50550486806529,-10.289536514765809
2022-05-09,MANTENER,1,3.8051242746211327,3.7064167229855927,-27.026300593880137
2022-05-10,MANTENER,2,5.280717431986633,4.138479851389273,-16.464294882324282
2022-05-11,MANTENER,2,5.0657521077913135,4.346937353062539,-21.955623240212496
2022-05-12,MANTENER,2,5.332547810288269,4.640516729464775,-20.0646617704674
2022-05-13,MANTENER,2,5.062726592475879,4.909373643432645,-15.109143592439269
2022-05-14,MANTENER,2,4.812873941343607,5.11092357677714,-0.6479932315384573
2022-05-15,MANTENER,2,4.651481588614788,4.9850764081027705,0.9055604907009852
2022-05-16,MANTENER,2,4.589019264138584,4.889729839372225,3.15187297675994
2022-05-17,MANTENER,2,4.636229576871793,4.750466192688931,4.635172509895469
2022-05-18,MANTENER,2,4.442282021705091,4.626377278534773,-1.940748092828315
2022-05-19,MANTENER,2,4.63678154953077,4.591158800172205,0.7053451231756824
2022-05-20,MANTENER,2,4.727791118908407,4.60642070623093,-6.958738837672307
2022-05-21,MANTENER,2,4.664512070695344,4.621519267542281,-1.4527293394266394
2022-05-22,MANTENER,2,4.438007378892287,4.58187482794638,-0.336248783034776
2022-05-23,MANTENER,2,4.3204046896700445,4.557499361539371,1.309752486693938
2022-05-24,MANTENER,2,4.334188610633823,4.496980773759981,-2.1970165876888714
2022-05-25,MANTENER,1,4.161739455104443,4.3837704409991884,1.230791599255454
2022-05-26,MANTENER,1,3.9623018323783583,4.243328393335792,-0.5621939708843726
2022-05-27,MANTENER,1,3.7900067104388406,4.113728259645102,-5.755994526719377
2022-05-28,MANTENER,1,3.689111275398021,3.987469576790697,-0.980809377661096
2022-05-29,MANTENER,1,3.5198123986782446,3.824594334399582,-0.7093885364719554
2022-05-30,MANTENER,1,3.421531084009756,3.676552660180645,7.064687092935884
2022-05-31,MANTENER,1,4.040384712519517,3.6921692362088754,8.275617795123758
2022-06-01,MANTENER,1,3.845728859164132,3.703313665953934,4.010713630296792
2022-06-02,MANTENER,1,4.24329631960124,3.8141506747945777,5.576752906003435
2022-06-03,MANTENER,1,4.093184486445632,3.928825092348055,0.873824917088406
2022-06-04,MANTENER,1,3.98995805065222,4.042510485676548,-6.153656362413074
2022-06-05,MANTENER,1,3.7995432521007344,3.994342193592792,-6.114318524405071
2022-06-06,MANTENER,1,3.619564284235565,3.949109278607078,5.139591655574982
2022-06-07,MANTENER,1,3.766574253980514,3.853764865482933,2.2329947985896936
2022-06-08,MANTENER,1,3.5980976619555154,3.7547475005849096,1.7022290712656485
2022-06-09,MANTENER,1,3.583372616840536,3.673430413822573,0.9311415797956356
2022-06-10,MANTENER,1,3.419743739779884,3.597470511358403,-2.789978929692971
2022-06-11,MANTENER,1,3.465835932992697,3.566724841109829,-10.08651578361981
2022-06-12,MANTENER,1,3.415633359412056,3.4965366621961373,-15.19829046961494
2022-06-13,MANTENER,1,3.784341564247694,3.5337854426545734,-29.53625094893884
2022-06-14,MANTENER,2,6.736351779079135,4.1643812751022935,-30.45254668846482
2022-06-15,MANTENER,2,6.40174447011102,4.760781421168521,-25.34340725629871
2022-06-16,MANTENER,2,6.0900351829340975,5.285621271156801,-33.03732764827885
2022-06-17,MANTENER,2,6.680049536227173,5.938504506519824,-26.79743840814055
2022-06-18,MANTENER,2,6.333717807661534,6.448379755202592,-16.758754352962413
2022-06-19,MANTENER,2,6.479788771290565,6.397067153644878,-7.7378107064497215
2022-06-20,MANTENER,2,6.625542875132801,6.441826834649234,-9.147880161578216
2022-06-21,MANTENER,2,6.281543191991516,6.480128436460719,1.6010527922418305
2022-06-22,MANTENER,2,5.958393065380917,6.335797142291467,-2.3949288284775605
2022-06-23,MANTENER,2,5.77703783637114,6.224461148033388,10.323637259266505
2022-06-24,MANTENER,2,5.737613226644649,6.076026039104205,3.2473162682356005
2022-06-25,MANTENER,2,5.446950134523458,5.840307490982336,4.289306319640396
2022-06-26,MANTENER,2,5.183114244516407,5.620621701487314,1.517581862101025
2022-06-27,MANTENER,2,4.980453639383069,5.425033816287746,3.6762643100844974
2022-06-28,MANTENER,2,4.756047814094701,5.2208358118324565,-3.893699934712736
2022-06-29,MANTENER,2,4.58252381870714,4.989817930244955,-5.457332122077752
2022-06-30,MANTENER,2,4.367671605779997,4.773962224496263,-8.325141402368352
2022-07-01,MANTENER,1,4.191045679135762,4.575548511420133,-8.730470932434997
2022-07-02,MANTENER,1,4.087034190893193,4.396864621722158,-7.473748433592675
2022-07-03,MANTENER,1,3.890447354543735,4.223744529811965,-4.971288756399339
2022-07-04,MANTENER,1,3.705098046615303,4.048259375393598,0.6309051878902849
2022-07-05,MANTENER,1,3.833689977988693,3.941463049835337,2.028288550887858
2022-07-06,MANTENER,1,3.6529831096460255,3.8338505359373896,6.425894643472496
2022-07-07,MANTENER,1,3.521852115967093,3.72081412095217,11.732329567971789
2022-07-08,MANTENER,1,3.7359740930829983,3.689919468660024,11.879161441562758
2022-07-09,MANTENER,1,3.5610386268474623,3.661107584706455,6.510344606877538
2022-07-10,MANTENER,1,3.404566856686196,3.575282960445955,3.2661844470053936
2022-07-11,MANTENER,1,3.449543654032805,3.5345950693233106,-2.8516568182595847
2022-07-12,MANTENER,1,3.5985232217289256,3.549929290475677,-11.308858296023594
2022-07-13,MANTENER,1,3.6054805488188135,3.5238305816228404,-7.246504572783685
2022-07-14,MANTENER,1,3.718145723024024,3.5552520008581525,-4.850265330075132
2022-07-15,MANTENER,1,3.582181882101483,3.59077500594121,-0.1156976532831421
2022-07-16,MANTENER,1,3.436039292840593,3.588074133702768,5.92852831539048
2022-07-17,MANTENER,1,3.31704829255138,3.531779147867258,7.26160048331792
2022-07-18,MANTENER,1,3.2381105938583805,3.458305156875172,10.659892311848653
2022-07-19,COMPRAR,1,3.990040935329515,3.5126841993362703,12.845455385866344
2022-07-20,MANTENER,1,3.995100163676221,3.5952678556512176,10.88211131794008
2022-07-21,MANTENER,1,3.811974108191689,3.670454818721437,8.908219511738302
2022-07-22,MANTENER,1,3.633519187184634,3.733748997648088,8.906514906224672
2022-07-23,SALIR,1,3.529021315647644,3.7919311420059407,-0.0899239765070447
2022-07-24,COMPRAR,1,3.389017147973888,3.671726384534815,-3.392905097823018
2022-07-25,SALIR,1,3.2383912307542926,3.5203845979504296,-8.39194671238932
2022-07-26,MANTENER,1,3.621084240250117,3.482206624362115,-8.675188918068777
2022-07-27,COMPRAR,1,3.4592307517028984,3.447348937265768,0.9445478133557116
2022-07-28,MANTENER,1,4.107382887778446,3.5630212516919286,5.95480196227598
2022-07-29,MANTENER,1,4.096714573143815,3.704560736725914,5.152490414106126
2022-07-30,MANTENER,1,3.899725691707813,3.8368276289166174,10.202588045691208
2022-07-31,MANTENER,1,3.7214466465166782,3.85690011016993,9.416103822414712
2022-08-01,MANTENER,1,3.5786029613953767,3.880774552108426,1.6592551966494895
2022-08-02,MANTENER,1,3.412704447506036,3.741838864053944,-3.698552600813265
2022-08-03,MANTENER,1,3.296343938428004,3.581764737110782,-4.108194302423485
2022-08-04,MANTENER,1,3.155452741078037,3.432910146984826,-4.430678512657416
2022-08-05,MANTENER,1,3.035367137887399,3.2956942452589706,-0.2040999978806468
2022-08-06,MANTENER,1,3.036319891416365,3.1872376312631685,-1.525329508356954
2022-08-07,MANTENER,1,2.946746278993576,3.094045997560676,0.8570204729087649
2022-08-08,MANTENER,0,2.832124928842427,3.0012021956435606,4.12858117812096
2022-08-09,MANTENER,0,2.8384752120656485,2.937806689841083,2.3294343853354604
2022-08-10,MANTENER,1,2.8743241697353694,2.905598096210677,2.787523981907647
2022-08-11,MANTENER,1,2.941874449810662,2.8867090078895368,4.247336169949811
2022-08-12,MANTENER,0,2.815626807911453,2.860485113673112,5.1586091026351255
2022-08-13,MANTENER,0,2.7544591654286883,2.844951960990364,2.548496781063037
2022-08-14,MANTENER,0,2.640467856163758,2.805350489809986,4.865857822967534
2022-08-15,MANTENER,0,2.540514936410552,2.7385886431450226,0.7874911991338607
2022-08-16,MANTENER,0,2.4575800872609728,2.6417297706350844,-0.3103556350165348
2022-08-17,MANTENER,0,2.3947493923614567,2.557554287525085,-4.470148329092716
2022-08-18,MANTENER,0,2.438041221055617,2.494270698650471,-5.086786245056452
2022-08-19,SALIR,0,2.355258789313404,2.4372288852804003,-15.259712127492088
2022-08-20,MANTENER,1,4.156194571441515,2.760364812286593,-13.134581878780338
2022-08-21,MANTENER,1,3.975171602556592,3.0638831153457167,-10.354038900111108
2022-08-22,MANTENER,1,3.8197535469417065,3.348883946261767,-8.66572466888691
2022-08-23,MANTENER,1,3.646583254718256,3.5905923529942947,-7.534269580342823
2022-08-24,MANTENER,1,3.4791744196851835,3.8153754790686505,2.4483612819729217
2022-08-25,MANTENER,1,3.327473026232936,3.649631170026935,2.0336198170022968
2022-08-26,MANTENER,1,3.1879023102943083,3.4921773115744776,-6.098924190219712
2022-08-27,MANTENER,1,3.711424331029268,3.47051146839199,-6.552288914450166
2022-08-28,MANTENER,1,3.558301110349324,3.452855039518204,-9.297141730641911
2022-08-29,MANTENER,1,3.47187254577105,3.451394664735377,-5.26360923979059
2022-08-30,MANTENER,1,3.479548156676774,3.481809690824145,-8.721443683442942
2022-08-31,MANTENER,1,3.426691187302075,3.5295674662256986,-1.0432096105972732
2022-09-01,MANTENER,1,3.2904731493685526,3.4453772298935554,0.4252171071490451
2022-09-02,MANTENER,1,3.142894447343972,3.362295897292485,1.783262568758559
2022-09-03,MANTENER,1,3.0180488555664584,3.271531159251566,-2.3220843877895803
2022-09-04,MANTENER,1,2.898887477451609,3.155399023406533,0.9546954727941426
2022-09-05,MANTENER,0,2.7833553656506864,3.026731859076256,-1.19108214370236
2022-09-06,MANTENER,0,2.687149696310341,2.906067168464613,-6.6210703472920684
2022-09-07,MANTENER,1,3.075850197312733,2.8926583184583654,-3.461607003262479
2022-09-08,MANTENER,1,3.030059534548149,2.895060454254704,-2.565152179358954
2022-09-09,MANTENER,1,2.8980706567781023,2.894897090120003,6.744210505203085
2022-09-10,MANTENER,2,4.260499444290303,3.1903259058479256,9.010849546160138
2022-09-11,MANTENER,1,4.073349432048425,3.467565852995542,14.46402120970074
2022-09-12,COMPRAR,1,3.877710459506447,3.6279379054342855,14.81372222195354
2022-09-13,SALIR,1,3.787897835042034,3.779505565533062,4.880895299257482
2022-09-14,MANTENER,2,4.8219503752316495,4.164281509223772,-5.479511335068921
2022-09-15,MANTENER,2,4.58284205859725,4.228750032085161,-9.573493800535005
2022-09-16,MANTENER,2,4.45162874563313,4.304405894802102,-9.620236179496189
2022-09-17,MANTENER,1,4.233097687588069,4.375483340418427,-10.565003295088893
2022-09-18,MANTENER,1,4.062460053038158,4.430395784017651,-4.418064007496625
2022-09-19,MANTENER,1,4.049280333573535,4.275861775686027,-3.5039759376680024
2022-09-20,MANTENER,1,3.857611099292305,4.130815583825039,-4.200565068250484
2022-09-21,MANTENER,1,3.847998915220197,4.0100896177424525,-6.396669237116193
2022-09-22,MANTENER,1,3.719672404112297,3.907404561047298,-3.611950753776938
2022-09-23,MANTENER,1,3.82601064171906,3.860114678783479,-0.6295277786980691
2022-09-24,MANTENER,1,3.651784816005831,3.7806155752699375,-3.155663051922275
2022-09-25,MANTENER,1,3.541355602348073,3.717364475881092,-0.4706011009222521
2022-09-26,MANTENER,1,3.387992216471372,3.625363136131327,3.5760770663296526
2022-09-27,MANTENER,1,3.3033544928431766,3.5420995538775024,-1.573094105600248
2022-09-28,MANTENER,1,3.162253823787078,3.409348190291106,0.6666734397899887
2022-09-29,MANTENER,1,3.06144991948121,3.291281210986182,3.3035360862321284
2022-09-30,MANTENER,1,2.9343439999215524,3.1698788905008777,3.2941895407656574
2022-10-01,MANTENER,0,2.821968963259085,3.0566742398584203,0.4641210743811186
2022-10-02,MANTENER,0,2.714208990845524,2.93884513945889,-0.3482643022296727
2022-10-03,MANTENER,0,2.6494043724933087,2.836275249200136,1.008243412785781
2022-10-04,COMPRAR,0,2.7079720264607725,2.7655796705960483,3.828054407554404
2022-10-05,SALIR,0,2.827555332795451,2.7442219371708285,3.682566149226929
2022-10-06,MANTENER,0,2.7278783013629737,2.725403804791606,3.2770336240224296
2022-10-07,MANTENER,0,2.6420853877164663,2.7109790841657944,2.605639610902699
2022-10-08,MANTENER,0,2.6337594167702045,2.707850093021174,-1.0605167615480582
2022-10-09,MANTENER,0,2.5409729443707367,2.6744502766031664,-4.4770915329117145
2022-10-10,MANTENER,0,2.441436916008098,2.597226593245696,-5.1878061401179565
2022-10-11,MANTENER,0,2.413195927030813,2.534290118379264,-4.636042335528856
2022-10-12,MANTENER,0,2.330615185480709,2.471996077932112,-2.0122698913342063
2022-10-13,MANTENER,0,2.250149222108469,2.395274038999765,-0.1735284973882755
2022-10-14,MANTENER,0,2.197484233867935,2.326576296899205,-1.350035919239545
2022-10-15,MANTENER,0,2.1548449260449734,2.26925789890658,-0.3865553720897807
2022-10-16,MANTENER,0,2.096779351467516,2.20597458379392,1.1309021478624004
2022-10-17,MANTENER,0,2.051044822023469,2.1500605111024726,2.03226192356194
2022-10-18,MANTENER,0,2.033336012065958,2.10669786909397,-0.25047346360072
2022-10-19,MANTENER,0,2.0111318201912547,2.069427386358634,-0.2406830302577489
2022-10-20,MANTENER,0,1.9847794332786968,2.035414287805379,-0.0728962786116227
2022-10-21,MANTENER,0,1.934778483432618,2.0030141141983995,-0.4975223619540614
2022-10-22,MANTENER,0,1.886564945474684,1.9701181388886424,-1.7677326356954737
2022-10-23,MANTENER,0,1.835427266939886,1.930536389863428,1.1958151946547702
2022-10-24,MANTENER,0,1.87397675157076,1.903105376139329,1.0707470587220769
2022-10-25,COMPRAR,0,1.8693014437592468,1.8800097782354388,5.325027534621363
2022-10-26,MANTENER,0,2.1764587007643605,1.928345821701788,8.00555590517682
2022-10-27,MANTENER,0,2.342040379359301,2.019440908478712,5.458618333609344
2022-10-28,MANTENER,0,2.3964162883744744,2.1316387127656284,5.122052496133911
2022-10-29,MANTENER,0,2.350580275957125,2.226959417642901,7.337731886987164
2022-10-30,MANTENER,0,2.285357175695283,2.310170564030109,2.6504214550383765
2022-10-31,MANTENER,0,2.22796774674385,2.320472373226006,-1.331219866146327
2022-11-01,MANTENER,0,2.166437708992192,2.2853518391525847,0.9783353644364112
2022-11-02,MANTENER,0,2.09439728997118,2.224948039471926,-2.138956295090999
2022-11-03,MANTENER,0,2.1031891042690205,2.1754698051343047,-2.9663937113387107
2022-11-04,MANTENER,0,2.035498392071215,2.1254980484094914,2.449103985390977
2022-11-05,MANTENER,0,2.4368156801550303,2.1672676350917275,3.7675441226520334
2022-11-06,MANTENER,0,2.3504092149996705,2.2040619362932232,2.130938597426102
2022-11-07,MANTENER,0,2.3394609135506137,2.25307466100911,2.175195012489084
2022-11-08,SALIR,0,2.3193918723005096,2.296315214615408,-8.617781317735762
2022-11-09,MANTENER,1,4.121788215890454,2.713573179379256,-28.6399359595178
2022-11-10,MANTENER,2,6.408803099652239,3.507970663278698,-19.07471331036046
2022-11-11,MANTENER,2,6.90156764709232,4.418202349697228,-20.578709943685247
2022-11-12,MANTENER,2,6.629980875488396,5.276306342084784,-20.40973793190073
2022-11-13,MANTENER,2,6.304863139929874,6.073400595610657,-12.556543749224502
2022-11-14,MANTENER,2,6.048318153638084,6.458706583160182,4.538884308250246
2022-11-15,MANTENER,2,5.756997326072344,6.328345428444203,-4.074424874926663
2022-11-16,MANTENER,2,5.482816294388419,6.044595157903423,-2.1651475518702057
2022-11-17,MANTENER,2,5.223696237273845,5.763338230260513,-0.6669416350671753
2022-11-18,MANTENER,2,4.9594540515387004,5.49425641258228,2.084191647972844
2022-11-19,MANTENER,2,4.710550905458086,5.226702962946279,0.5601476834808494
2022-11-20,MANTENER,2,4.476132835871235,4.9705300649060575,-3.5738870639127285
2022-11-21,MANTENER,2,4.342760985094468,4.742519003047266,-5.437225285546354
2022-11-22,MANTENER,2,4.264306151678932,4.550640985928284,-3.028145719572173
2022-11-23,MANTENER,1,4.129825672582824,4.384715310137109,-0.5228128055685843
2022-11-24,MANTENER,1,4.008824713797292,4.24437007180495,-0.6428284447622445
2022-11-25,MANTENER,1,3.8163404693022462,4.1124115984911525,1.4019370951695365
2022-11-26,MANTENER,1,3.640769663317831,3.9720133341358257,4.198844441714478
2022-11-27,MANTENER,1,3.4736950498535686,3.813891113770752,1.561926253217294
2022-11-28,MANTENER,1,3.3144766435211137,3.6508213079584095,-2.396754269453538
2022-11-29,MANTENER,1,3.2023588126113083,3.4895281277212136,-0.9651214951931664
2022-11-30,MANTENER,1,3.086813379234897,3.343622709707744,3.8396926527115127
2022-12-01,MANTENER,1,3.248107009481347,3.265090178940447,3.008484705337011
2022-12-02,MANTENER,1,3.1308904762198098,3.196529264213696,3.841629990375672
2022-12-03,MANTENER,1,2.998395018504362,3.1333129392103447,4.172091327693117
2022-12-04,MANTENER,1,2.894098523227956,3.071660881333674,4.083929162995048
2022-12-05,MANTENER,0,2.797210464516241,3.013740298389944,-1.1348744171147729
2022-12-06,MANTENER,0,2.701450802542088,2.904409057002092,0.7186359675040777
2022-12-07,MANTENER,0,2.5970760044036005,2.7976461626388494,-1.4175604203202852
2022-12-08,MANTENER,0,2.543794901650084,2.7067261392679938,1.9052830745632576
2022-12-09,MANTENER,0,2.540489522011149,2.6360043390246326,0.0155617776378846
2022-12-10,MANTENER,0,2.451803843668041,2.5669230148549924,0.9025422788218052
2022-12-11,MANTENER,0,2.358951127136171,2.4984230797738087,0.0859190740008841
2022-12-12,MANTENER,0,2.2738128187901565,2.4337704426511206,2.104409648475248
2022-12-13,MANTENER,0,2.198425711055263,2.364696604532156,3.1294685134442446
2022-12-14,MANTENER,0,2.358167400303859,2.328232180190698,3.906198628250124
2022-12-15,MANTENER,0,2.271515996581604,2.2921746107734107,1.3692069466792134
2022-12-16,MANTENER,0,2.358364417870121,2.292057268920201,-2.7064542717319284
2022-12-17,MANTENER,0,2.67373133524105,2.3720409722103795,-2.419689827673288
2022-12-18,MANTENER,0,2.576879875948968,2.4477318051891204,-5.92740181788205
2022-12-19,MANTENER,0,2.477417647132682,2.471581854554885,-8.037940071584515
2022-12-20,MANTENER,0,2.4728563517067745,2.511849925579919,-2.676231461234835
2022-12-21,MANTENER,0,2.531415117122475,2.54646006543039,1.0162984948975051
2022-12-22,MANTENER,0,2.441707688419492,2.500055336066078,0.2096628007162593
2022-12-23,MANTENER,0,2.3491051206846736,2.45450038501322,0.2323150749699465
2022-12-24,MANTENER,0,2.2654370990379453,2.412104275394272,2.451955879927681
2022-12-25,MANTENER,0,2.1860963354562486,2.354752272144167,-0.3811655957166593
2022-12-26,MANTENER,0,2.1124504418669283,2.2709593370930574,0.6062709447682835
2022-12-27,MANTENER,0,2.0465598857989526,2.1919297765689496,-0.6746752831775282
2022-12-28,MANTENER,0,2.0292465063399483,2.1279580537000045,-1.4655994703204556
2022-12-29,MANTENER,0,1.9998085760991469,2.0748323491122447,-1.2267306032407888
2022-12-30,MANTENER,0,1.9443051045201047,2.026474102925016,-1.4316492237197664
2022-12-31,MANTENER,0,1.8921686592850144,1.9824177464086328,-2.225001387142811
2023-01-01,MANTENER,0,1.846465234156044,1.942398816080052,-0.5524160691471991
2023-01-02,MANTENER,0,1.80189641330046,1.8969287974721536,0.8176590293484054
2023-01-03,MANTENER,0,1.7595090090186225,1.8488688840560488,0.2251690568465747
2023-01-04,COMPRAR,0,1.7196701846771016,1.8039419000874488,1.5577540409260848
2023-01-05,MANTENER,0,1.7113394711079886,1.767776062452043,1.7328388340381196
2023-01-06,MANTENER,0,1.6771438526904086,1.7339117861589162,1.9471574264356304
2023-01-07,MANTENER,0,1.6532912986665438,1.704190763232133,1.5849279407955663
2023-01-08,MANTENER,0,1.6219944516425588,1.6766878517569204,2.435861665647465
2023-01-09,MANTENER,0,1.60804120424396,1.6543620556702918,1.9573051881746293
2023-01-10,MANTENER,0,1.5883539090302785,1.62976494325475,3.556400347107136
2023-01-11,MANTENER,0,1.619849591009926,1.6183060909186535,5.636436173324988
2023-01-12,MANTENER,0,1.8067202021677893,1.6489918716189027,10.698413639513229
2023-01-13,MANTENER,0,2.385667535589801,1.801726488408351,15.264026684978129
2023-01-14,MANTENER,1,2.8580662630923355,2.0517315001780263,19.868411822331566
2023-01-15,MANTENER,1,3.197820852388947,2.37362488884976,17.97028315750655
2023-01-16,MANTENER,1,3.0608047890856613,2.661815928464907,16.581940102961035
2023-01-17,MANTENER,1,2.95463696998969,2.891399282029287,11.463289616009044
2023-01-18,MANTENER,1,2.82792491418579,2.9798507577484847,3.839085220312022
2023-01-19,MANTENER,1,2.817451658942129,2.9717278369184434,0.5253745745177341
2023-01-20,MANTENER,0,2.760397524502832,2.884243171341221,8.250145113358798
2023-01-21,MANTENER,1,3.518135764994861,2.9757093665230605,7.321095417576373
2023-01-22,MANTENER,1,3.356807767062976,3.056143525937718,7.107948832466526
2023-01-23,MANTENER,1,3.2062644855638704,3.131811440213334,10.304776167653529
2023-01-24,MANTENER,1,3.074203712837975,3.183161850992503,7.091534837273095
2023-01-25,MANTENER,1,2.975843806487626,3.2262511073894613,1.927398046300688
2023-01-26,MANTENER,1,2.9188102898907102,3.106386012368632,1.113960887471066
2023-01-27,MANTENER,0,2.798537006920105,2.9947318603400577,1.5647445579308084
2023-01-28,MANTENER,0,2.681690475657092,2.8898170583587017,0.4205689067644513
2023-01-29,MANTENER,0,2.5748076746236666,2.78993785071584,4.905410365359586
2023-01-30,MANTENER,0,2.663951260481712,2.727559341514657,-1.208599571367941
2023-01-31,MANTENER,1,2.8870206519871315,2.721201413933941,0.4613441419678565
2023-02-01,MANTENER,0,2.79045229074159,2.719584470698238,2.7566129535516737
2023-02-02,MANTENER,0,2.782419611723613,2.7397302979115428,1.8957693971241696
2023-02-03,MANTENER,0,2.694505817885794,2.763669926563968,-1.3774777661474502
2023-02-04,MANTENER,0,2.585502967412181,2.747980267950062,2.1299823261612616
2023-02-05,MANTENER,0,2.491239150574788,2.668823967667593,-0.7966953509177088
2023-02-06,MANTENER,0,2.4616352426200736,2.60306055804329,-4.146806452046548
2023-02-07,MANTENER,0,2.3889021694695955,2.524357069592486,-0.888311892816418
2023-02-08,MANTENER,0,2.395701554901319,2.4645962169955915,-2.198570516449827
2023-02-09,MANTENER,0,2.3592751720876715,2.4193506579306896,-6.703633934275111
2023-02-10,MANTENER,1,2.817778713860984,2.4846585705879285,-5.850466883637928
2023-02-11,MANTENER,0,2.715232597543108,2.535378041572536,-3.9853571793269538
2023-02-12,MANTENER,0,2.619604231574993,2.5815184539936147,-6.555092827114706
2023-02-13,MANTENER,0,2.519988128874028,2.606375768788157,-5.057435599290372
2023-02-14,MANTENER,0,2.421908419547852,2.618902418280193,1.824605797835055
2023-02-15,MANTENER,0,2.3988149649302217,2.5351096684940404,11.573888356645057
2023-02-16,MANTENER,1,3.686157240203221,2.729294597026063,7.708506146306071
2023-02-17,MANTENER,1,3.643740159870396,2.934121782685144,11.997847165210551
2023-02-18,MANTENER,1,3.6839977888485738,3.166923714680053,12.214144550668138
2023-02-19,MANTENER,1,3.511353990516492,3.3848128288737813,9.058426036210676
2023-02-20,MANTENER,1,3.3798206517042577,3.5810139662285883,2.121929724322591
2023-02-21,MANTENER,1,3.2848560736098764,3.5007537329099194,3.3831017187067047
2023-02-22,MANTENER,1,3.1858099878359134,3.4091676985030226,-1.5455629120035397
2023-02-23,MANTENER,1,3.0662754253328743,3.2856232257998825,-2.8559369530867684
2023-02-24,MANTENER,1,2.9546234238224605,3.1742771124610765,-4.7541717842873865
2023-02-25,MANTENER,1,3.024061413728077,3.1031252648658403,-6.892801067035315
2023-02-26,MANTENER,1,2.893256518038013,3.0248053537514674,-3.647008329875945
2023-02-27,MANTENER,1,2.8139786443436163,2.9504390850530084,-2.791833890945128
2023-02-28,MANTENER,0,2.697625392298036,2.8767090784460403,-3.3983153022536072
2023-03-01,MANTENER,0,2.6479764453112,2.815379682743788,1.914571932307041
2023-03-02,MANTENER,0,2.623395444523991,2.7352464889029706,1.2865617196753831
2023-03-03,SALIR,0,2.5333283479314708,2.6632608548816625,-5.220835436688809
2023-03-04,MANTENER,1,2.922454876280682,2.6849561012690755,-5.099700539731344
2023-03-05,MANTENER,0,2.797868731612484,2.7050047691319654,-3.1235319846885545
2023-03-06,MANTENER,0,2.682104678491148,2.7118304157679547,-5.282870896424008
2023-03-07,MANTENER,0,2.573404028486815,2.70183213256052,-5.4973497720801845
2023-03-08,MANTENER,0,2.495729933149101,2.6943124496040456,-2.9248387052161817
2023-03-09,MANTENER,0,2.5235355734070644,2.614528589029322,-9.32555968585742
2023-03-10,MANTENER,1,3.229050158449194,2.7007648743966644,-10.55942084170134
2023-03-11,MANTENER,1,3.100999557152736,2.784543850128982,-8.352540299470945
2023-03-12,MANTENER,1,3.038513049150401,2.877565654261699,-0.2515352183337427
2023-03-13,COMPRAR,1,3.6957650794484014,3.11757268352156,10.810559724627922
2023-03-14,SALIR,2,4.504764263753591,3.513818421590865,19.494627537231857
2023-03-15,MANTENER,2,4.337147028294489,3.735437795559924,18.85465124298147
2023-03-16,COMPRAR,1,4.15859019148842,3.946955922427061,19.41220131553525
2023-03-17,MANTENER,1,4.046672777850128,4.148587868167006,21.29489186648108
2023-03-18,SALIR,2,4.8180493253071806,4.373044717338762,10.832162838137904
2023-03-19,MANTENER,2,4.614875344371222,4.395066933462287,12.491797598083563
2023-03-20,MANTENER,2,4.554068412067059,4.438451210216802,13.02593371293792
2023-03-21,MANTENER,2,4.343462371101681,4.475425646139454,11.747887461704032
2023-03-22,COMPRAR,1,4.153312933649908,4.4967536772994094,-0.4256877523772573
2023-03-23,MANTENER,1,4.090688991475402,4.351281610533055,4.948920931261647
2023-03-24,MANTENER,1,4.061258403482073,4.240558222355224,-1.9643036269902936
2023-03-25,MANTENER,1,3.997172005192088,4.12917894098023,-0.986326175656238
2023-03-26,MANTENER,1,3.805222254089162,4.021530917577726,-0.6462043310401455
2023-03-27,MANTENER,1,3.665253985481456,3.923919127944037,-0.6154548580408203
2023-03-28,MANTENER,1,3.646763908452812,3.835134111339518,-3.834287940793679
2023-03-29,MANTENER,1,3.4777190832524125,3.7184262472935856,3.063025309030998
2023-03-30,MANTENER,1,3.5346855788834493,3.625928962031858,1.9408938512711416
2023-03-31,MANTENER,1,3.3947732610825083,3.5438391634305275,1.7146875497694225
2023-04-01,MANTENER,1,3.2734943855346503,3.4654872434411663,4.577307913232431
2023-04-02,MANTENER,1,3.128070375454105,3.361748536841425,3.3578807193435978
2023-04-03,MANTENER,1,3.003083604539953,3.2668214410989327,-1.9887866269650445
2023-04-04,MANTENER,1,2.918535975974547,3.1435915205171527,0.478731834632029
2023-04-05,MANTENER,1,2.821841376184689,3.029005143537589,-1.0607890837427192
2023-04-06,MANTENER,0,2.703502815625721,2.9150068295558027,-1.299791176260534
2023-04-07,MANTENER,0,2.6002372143062327,2.8094401973262286,-0.9744340813925944
2023-04-08,MANTENER,0,2.502952563922765,2.709413989202792,0.565411727612819
2023-04-09,MANTENER,0,2.406075007095786,2.6069217954270387,0.5839223930397708
2023-04-10,MANTENER,0,2.35084191288411,2.5127219027669225,5.102166498308058
2023-04-11,MANTENER,0,2.6822200203150164,2.508465343704782,7.522241189399281
2023-04-12,MANTENER,0,2.639885448403122,2.51639499052416,7.626864497415475
2023-04-13,MANTENER,0,2.537658515307306,2.523336180801068,8.407359480277776
2023-04-14,MANTENER,0,2.449932655528855,2.532107710487682,7.3228700235887345
2023-04-15,MANTENER,0,2.357265518564218,2.533392431623704,2.21953163109756
2023-04-16,MANTENER,0,2.28113340494467,2.453175108549634,0.265223362425715
2023-04-17,MANTENER,0,2.200345812867281,2.365267181442466,-2.329612183642915
2023-04-18,MANTENER,0,2.3427254606110703,2.326280570503219,-0.0049794606894693
2023-04-19,MANTENER,0,2.4657268644286168,2.329439412283171,-5.609512919758508
2023-04-20,MANTENER,1,2.9576801591164665,2.449522340393621,-7.0806518649343175
2023-04-21,MANTENER,1,2.914778261198093,2.576251311644306,-10.561380279867016
2023-04-22,MANTENER,1,3.0270721033936936,2.7415965697495883,-5.686032296545207
2023-04-23,MANTENER,1,2.9559330306623166,2.8642380837598376,-9.685852519064753
2023-04-24,MANTENER,1,2.84510295781399,2.940113302436912,-4.605553712154453
2023-04-25,MANTENER,0,2.7276447644740074,2.8941062235084205,0.2178797271689347
2023-04-26,MANTENER,0,2.755979189090553,2.862346409086912,4.114760041198196
2023-04-27,MANTENER,0,2.6434237655614305,2.78561674152046,5.783597671787888
2023-04-28,MANTENER,0,2.780427581593534,2.750515651706703,6.145711505550544
2023-04-29,MANTENER,0,2.6713084265275047,2.7157567454494056,6.072086038719249
2023-04-30,MANTENER,0,2.5668223763944664,2.6835922678334976,3.339209210223615
2023-05-01,SALIR,0,2.465559295566828,2.6255082891287524,-1.171868997735892
2023-05-02,COMPRAR,0,2.740205494694079,2.6448646349552822,-2.728255254853273
2023-05-03,MANTENER,0,2.7022746307686565,2.6292340447903064,-1.1447348833751647
2023-05-04,MANTENER,0,2.61215894051698,2.617404147588202,-1.3797243431243444
2023-05-05,MANTENER,0,2.5172476735473026,2.607489207018769,0.9032840715111234
2023-05-06,MANTENER,0,2.525021907154737,2.619381729336351,2.8532076416979635
2023-05-07,SALIR,0,2.536999643016706,2.5787405590008765,-0.789560619413443
2023-05-08,MANTENER,0,2.4989182547758566,2.5380692838023164,-4.6287687331751926
2023-05-09,MANTENER,0,2.5725256337681497,2.5301426224525505,-4.208759462002298
2023-05-10,MANTENER,0,2.4721766281076345,2.521128413364617,-6.695145186692919
2023-05-11,MANTENER,0,2.378880611895949,2.49190015431286,-6.813545923058584
2023-05-12,MANTENER,0,2.4194219469982845,2.468384615109175,-5.97350640665173
2023-05-13,MANTENER,0,2.344745413723617,2.437550046898727,-3.341804555618566
2023-05-14,MANTENER,0,2.25991100831994,2.375027121809085,-2.6678429056593345
2023-05-15,MANTENER,0,2.184483748897714,2.317488545967101,-1.5655407265315446
2023-05-16,MANTENER,0,2.127984405731623,2.267309304734236,0.1327277300797291
2023-05-17,MANTENER,0,2.070566322250289,2.1975381797846363,2.191124365519137
2023-05-18,MANTENER,0,2.04275163869734,2.137139424779381,0.1795382518956501
2023-05-19,MANTENER,0,2.1058111863648064,2.1063194603883546,-0.1505358436819648
2023-05-20,MANTENER,0,2.0377307461976977,2.076968859848351,-0.232344633110948
2023-05-21,MANTENER,0,1.9900140726810367,2.049374793238234,-1.0515869838956249
2023-05-22,MANTENER,0,1.9926562957689065,2.033792787941957,-2.018592346628268
2023-05-23,MANTENER,0,1.9345718878129377,2.012156837765077,1.4559362115635466
2023-05-24,MANTENER,0,1.923447353079208,1.9756840711079573,-2.086730850243157
2023-05-25,MANTENER,0,2.179463631560752,2.004030648180568,-2.4378382582726843
2023-05-26,MANTENER,0,2.1098736664012026,2.0280025669246013,-0.1291683106131813
2023-05-27,MANTENER,0,2.0572597842113245,2.040923264613085,0.0635751667573458
2023-05-28,MANTENER,0,1.997554989419961,2.05351988493449,3.109628877774817
2023-05-29,MANTENER,0,2.388994110766574,2.146629236471963,5.219557685831155
2023-05-30,MANTENER,0,2.3409714335868808,2.1789307968771885,4.527075123113988
2023-05-31,MANTENER,0,2.2573040849781685,2.2084168805925817,1.8553625845816768
2023-06-01,MANTENER,0,2.2619715856500013,2.2493592408803176,-0.1802286490219629
2023-06-02,MANTENER,0,2.2434407612868554,2.298536395253696,-3.022017517802311
2023-06-03,MANTENER,0,2.2164715359587954,2.26403188029214,-2.447197850510996
2023-06-04,MANTENER,0,2.1544150855538087,2.226720610685526,-2.1280195107776123
2023-06-05,MANTENER,0,2.082517161126848,2.191763225915262,-5.511274808340261
2023-06-06,MANTENER,0,2.6432263815636703,2.268014185097996,1.5494952470120893
2023-06-07,MANTENER,1,3.0937665196806665,2.438079336776758,-3.3722082716485247
2023-06-08,MANTENER,1,3.163403875839446,2.6274658047528883,-2.116080121835928
2023-06-09,MANTENER,1,3.0269010598234685,2.80196299960682,-2.383314533140002
2023-06-10,MANTENER,1,2.895969351690304,2.964653437719511,0.353188569001972
2023-06-11,MANTENER,1,2.891658944464269,3.014339950299631,-4.8849156647971625
2023-06-12,MANTENER,0,2.7694664888591114,2.94947994413532,-1.6976897530216917
2023-06-13,MANTENER,0,2.655899976953035,2.847979164358038,-2.24889366379486
2023-06-14,MANTENER,0,2.548583142000436,2.7523155807934314,-5.255343053282857
2023-06-15,MANTENER,0,2.664436936518511,2.7060090977590727,-1.0688740445239375
2023-06-16,MANTENER,0,2.6123961108541662,2.650156531037052,1.481995659578672
2023-06-17,MANTENER,0,2.6641319311535088,2.6290896194959315,2.3208022392047667
2023-06-18,MANTENER,0,2.562818391679221,2.610473302441169,1.5979091997760264
2023-06-19,MANTENER,0,2.474939397876468,2.595744553616375,6.645369323212158
2023-06-20,COMPRAR,0,2.4514449765557043,2.553146161623814,10.216281310714592
2023-06-21,MANTENER,1,2.905146710459067,2.611696281544794,13.14942530485954
2023-06-22,MANTENER,1,3.340750299497123,2.7470199552135166,12.072162867569425
2023-06-23,MANTENER,1,3.1931599273990967,2.8730882623574923,15.317013788216194
2023-06-24,MANTENER,1,3.153316339464081,3.0087636506750144,12.901782277792684
2023-06-25,MANTENER,1,3.0196901224870154,3.1224126798612764,7.324666677035729
2023-06-26,MANTENER,1,2.890487455196826,3.119480828808828,0.8087617625360366
2023-06-27,MANTENER,1,2.780051108937476,3.007340990696899,2.560790462029772
2023-06-28,MANTENER,0,2.69469380499446,2.9076477662159714,-2.004691906089384
2023-06-29,MANTENER,0,2.6735816293818417,2.811700824199524,-0.3388653620669757
2023-06-30,MANTENER,0,2.588009509183188,2.725364701538758,-0.0098749619075633
2023-07-01,MANTENER,0,2.485237562412377,2.6443147229818686,1.0481230682179543
2023-07-02,MANTENER,0,2.390854667155519,2.566475434625477,-0.2198523263919227
2023-07-03,MANTENER,0,2.30179249798578,2.487895173223741,3.495282096707797
2023-07-04,MANTENER,0,2.2796910370013523,2.409117054747643,1.085324437890378
2023-07-05,MANTENER,0,2.241742307064654,2.3398636143239364,0.1210467578445673
2023-07-06,MANTENER,0,2.1868745455085947,2.28019101094318,-2.2504976424579937
2023-07-07,MANTENER,0,2.222546565932153,2.246529390698507,-0.9136875913425158
2023-07-08,MANTENER,0,2.1874174958670167,2.223654390274754,-2.8119436777091167
2023-07-09,MANTENER,0,2.115125891903099,2.190741361255103,-1.9897602513987425
2023-07-10,MANTENER,0,2.0532644678825327,2.15304579341868,-0.3272530187528488
2023-07-11,MANTENER,0,2.0010835576109827,2.115887595839157,2.35137178180036
2023-07-12,MANTENER,0,1.9490277070721216,2.0611838240671503,0.16261382987377
2023-07-13,MANTENER,0,1.914107086276142,2.0065217421489754,3.8325390843908735
2023-07-14,MANTENER,0,2.160122881406135,2.015521140049583,0.5382482861486793
2023-07-15,MANTENER,0,2.428399550311431,2.0905481565353625,-0.3909196887537547
2023-07-16,MANTENER,0,2.3381037196174552,2.1579521889366573,-1.2216936781609178
2023-07-17,MANTENER,0,2.2546060567102213,2.2190678588642774,-0.811923253675495
2023-07-18,MANTENER,0,2.1805844864167776,2.272363338892404,-5.282223703112976
2023-07-19,MANTENER,0,2.136206205085565,2.2675800036282903,-1.3947397311085297
2023-07-20,MANTENER,0,2.0657459202665547,2.1950492776193147,-1.6768882674872645
2023-07-21,MANTENER,0,2.007981827667769,2.129024899229377,-1.1316632893219492
2023-07-22,MANTENER,0,1.949070890501128,2.0679178659875586,-1.2486822818237542
2023-07-23,MANTENER,0,1.902334104485318,2.0122677896012666,0.7606722460064219
2023-07-24,MANTENER,0,1.8737516474460945,1.9597768780733729,-2.4946202655076632
2023-07-25,MANTENER,0,2.0968357715113504,1.965994848322332,-1.913412086719113
2023-07-26,MANTENER,0,2.02928077708247,1.9702546382052724,-1.8688925786893409
2023-07-27,MANTENER,0,1.9693925246487085,1.9743189650347883,-1.9027009152056351
2023-07-28,MANTENER,0,1.9220817163627653,1.9782684874102776,-2.5767223730913003
2023-07-29,MANTENER,0,1.86969863596552,1.9774578851141629,0.6150375203016978
2023-07-30,SALIR,0,1.8198151736734045,1.9220537655465737,0.1638145935338286
2023-07-31,MANTENER,0,1.778835598979018,1.871964729925883,-0.4262570220568307
2023-08-01,COMPRAR,0,1.738792305207212,1.825844686037584,1.5794902189814053
2023-08-02,SALIR,0,1.7584061016744754,1.793109563099926,-0.5722049531630802
2023-08-03,MANTENER,0,1.8257470966882965,1.784319255244481,-0.6089929521527537
2023-08-04,MANTENER,0,1.779477495694825,1.7762517196487653,-0.6896989280384958
2023-08-05,MANTENER,0,1.744110460148976,1.769306691882757,-0.6451958347863496
2023-08-06,MANTENER,0,1.7063226625162466,1.7628127633445636,-2.1591540168481416
2023-08-07,MANTENER,0,1.670548566477469,1.7452412563051627,0.0981241150805445
2023-08-08,MANTENER,0,1.641328824368271,1.7083576018411577,1.9911447350683176
2023-08-09,MANTENER,0,1.7200595461064194,1.6964740119234765,1.6625179479918373
2023-08-10,MANTENER,0,1.703182327697743,1.6882883854332298,1.3253262380510833
2023-08-11,MANTENER,0,1.6775050229705757,1.6825248575240956,1.2178863453234712
2023-08-12,MANTENER,0,1.6454698952949072,1.6775091232875834,0.8034193587992178
2023-08-13,MANTENER,0,1.614620127754656,1.6721673839648603,-1.6345534115503213
2023-08-14,MANTENER,0,1.5974655300679703,1.6476485807571706,-0.5190818623725946
2023-08-15,MANTENER,0,1.5738271937599388,1.6217775539696095,-0.8847989753151708
2023-08-16,MANTENER,0,1.5789287023030842,1.6020622898361114,-2.395782767004917
2023-08-17,MANTENER,0,1.6539049320933832,1.6037492971958067,-9.82025517032472
2023-08-18,MANTENER,1,2.922188261433065,1.8652629239314884,-11.700345963261505
2023-08-19,MANTENER,1,2.9087430407069244,2.127518426059279,-11.9491917756541
2023-08-20,MANTENER,1,2.7845814471290926,2.3696692767331102,-10.77909282176801
2023-08-21,MANTENER,0,2.66961448551808,2.587806433376109,-9.409930224358298
2023-08-22,MANTENER,0,2.564189924207447,2.769863431798922,-2.4021651666771504
2023-08-23,MANTENER,0,2.4679657313905947,2.679018925790428,1.456105253619988
2023-08-24,MANTENER,0,2.4165496578539267,2.580580249219828,0.2532330824283946
2023-08-25,MANTENER,0,2.3553974652145246,2.494743452836915,-0.5433531032762673
2023-08-26,MANTENER,0,2.276234468663428,2.4160674494659844,-0.4437834154602527
2023-08-27,MANTENER,0,2.197188077683785,2.3426670801612515,0.2227000405643053
2023-08-28,MANTENER,0,2.122949646110576,2.273663863105248,-1.239086731839656
2023-08-29,MANTENER,0,2.0534697739130827,2.20104788631708,5.80985910135805
2023-08-30,MANTENER,1,2.761152033158864,2.2821987999059474,4.685829407919684
2023-08-31,MANTENER,0,2.7028652719276143,2.3675249605587845,-0.2964589383946503
2023-09-01,MANTENER,1,3.103780288608057,2.548843402743639,-1.1137768725612671
2023-09-02,MANTENER,1,2.973994474516385,2.7190523684248005,-0.913336967225753
2023-09-03,MANTENER,1,2.845876299273728,2.87753367349693,-6.549549670142163
2023-09-04,MANTENER,0,2.727130988945964,2.87072946465435,-5.593091983413245
2023-09-05,MANTENER,0,2.6257229304187897,2.8553009963525846,-0.5859075808972491
2023-09-06,MANTENER,0,2.521689534407318,2.7388828455124368,-0.1842275309893892
2023-09-07,MANTENER,0,2.4246091137668344,2.6290057733625267,1.4254843313580068
2023-09-08,MANTENER,0,2.401136619245167,2.5400578373568146,-0.2464072088615765
2023-09-09,MANTENER,0,2.35612306951186,2.465856253469994,0.3220454852339571
2023-09-10,MANTENER,0,2.270135815891827,2.3947388305646014,0.2024488371912269
2023-09-11,MANTENER,0,2.193008151684831,2.329002554020104,-2.319937889397572
2023-09-12,MANTENER,0,2.298831229692837,2.3038469772053043,-1.5626356443007694
2023-09-13,MANTENER,0,2.3607842563112915,2.295776504618529,1.2378646376186353
2023-09-14,MANTENER,0,2.318296426674262,2.2882111760510098,2.456466707023708
2023-09-15,MANTENER,0,2.2604623459279045,2.2862764820582253,2.961517638441258
2023-09-16,MANTENER,0,2.1811671084295874,2.2839082734071763,5.435714709777528
2023-09-17,MANTENER,0,2.109173089459871,2.245976645360583,2.6767944958207224
2023-09-18,MANTENER,0,2.04229223044076,2.1822782401864766,1.985460338927325
2023-09-19,COMPRAR,0,1.991855099174507,2.116989974686526,2.4984870920734537
2023-09-20,SALIR,0,1.9981692946904752,2.0645313644390404,1.9476150612023344
2023-09-21,MANTENER,0,1.9428236044389304,2.0168626636409086,-0.0024406750554817
2023-09-22,MANTENER,0,2.0208774634709776,1.99920353844313,0.1708817976950882
2023-09-23,MANTENER,0,1.959236780484577,1.9825924484518933,-0.6558380314817924
2023-09-24,MANTENER,0,1.9026599096421613,1.964753410545424,-3.5699610052565944
2023-09-25,MANTENER,0,1.901050630472688,1.9453296777018667,-3.120297036695696
2023-09-26,MANTENER,0,1.8486766985133685,1.9265002965167544,-1.3276072245783863
2023-09-27,MANTENER,0,1.8060221010260973,1.8835292240277783,-0.857143993385101
2023-09-28,COMPRAR,0,1.7658853402574466,1.844858935982352,1.6498453203126928
2023-09-29,MANTENER,0,1.889800392165288,1.8422870324869776,2.463590570814312
2023-09-30,MANTENER,0,1.8464122784351915,1.8313593620794784,2.51367030426124
2023-10-01,MANTENER,0,1.798621105313294,1.821348243439464,6.520639349451862
2023-10-02,MANTENER,0,2.103087076577487,1.8807612385497408,4.373346485321505
2023-10-03,MANTENER,0,2.11344291454061,1.9502727534063744,1.5001941552309717
2023-10-04,MANTENER,0,2.0508126035707743,1.9824751956874715,3.2452335425091405
2023-10-05,MANTENER,0,2.025297012752101,2.0182521425508533,1.6475715048562378
2023-10-06,MANTENER,0,2.0237614540628948,2.0632802123007736,-0.1328522019663935
2023-10-07,MANTENER,0,2.0461233253075948,2.051887462046795,1.5786188989032723
2023-10-08,MANTENER,0,1.9824236901617671,2.025683617171026,1.8247077371915663
2023-10-09,MANTENER,0,1.925250685618444,2.00057123358056,-0.7790029658494291
2023-10-10,MANTENER,0,1.924660378094972,1.9804439066491344,-0.0908373415242635
2023-10-11,MANTENER,0,1.889510038339896,1.9535936235045348,-3.916147804566883
2023-10-12,MANTENER,0,1.9529697799990475,1.9349629144428253,-4.430242491302927
2023-10-13,MANTENER,0,1.9051368189893805,1.919505540208348,-3.915699044673637
2023-10-14,MANTENER,0,1.8544518984860008,1.90534578278186,-2.6522469360537926
2023-10-15,MANTENER,0,1.8062814766065896,1.8816700024841828,-0.8482703032075989
2023-10-16,MANTENER,0,1.7899365389684077,1.8617553026098848,5.945291511496009
2023-10-17,MANTENER,0,2.3319355545953844,1.9375484575291528,6.015489732936352
2023-10-18,MANTENER,0,2.252668683328636,2.007054830397004,5.313617179644581
2023-10-19,MANTENER,0,2.1780555116692963,2.071775553033663,6.688526959964669
2023-10-20,MANTENER,0,2.1429426998543946,2.139107797683224,8.884027826632845
2023-10-21,MANTENER,0,2.3137708413497906,2.2438746581595006,4.78871808776411
2023-10-22,MANTENER,0,2.240601038410104,2.225607754922444,5.405041026565094
2023-10-23,MANTENER,0,2.16270656588688,2.2076153314340927,15.525453554449877
2023-10-24,MANTENER,1,3.77570115267535,2.527144459635304,16.587305617080084
2023-10-25,MANTENER,1,3.674205389601292,2.833396997584684,15.0468288313375
2023-10-26,MANTENER,1,3.5415402964549,3.078950888605705,13.248316996336484
2023-10-27,MANTENER,1,3.3971597938319795,3.3102626396900803,12.271017075155832
2023-10-28,MANTENER,1,3.2534976921199106,3.528420864936687,2.987428018379568
2023-10-29,MANTENER,1,3.109878495295196,3.395256333460656,1.861401061415968
2023-10-30,MANTENER,1,2.997333236619884,3.259881902864374,-0.0013246287487334
2023-10-31,MANTENER,1,2.868320225987468,3.125237888770888,1.4853510948137585
2023-11-01,MANTENER,1,2.7491436846449924,2.9956346669334897,4.405955582539889
2023-11-02,MANTENER,1,2.719771315675284,2.8888893916445646,2.4590397825861032
2023-11-03,MANTENER,0,2.6557667350046583,2.7980670395864573,0.559670865257722
2023-11-04,MANTENER,0,2.558970622627,2.71039451678788,1.666592312278148
2023-11-05,MANTENER,0,2.4746025025073983,2.631650972091866,1.0946463004094298
2023-11-06,MANTENER,0,2.38070954393116,2.5579641439491003,-1.1348399629103056
2023-11-07,MANTENER,0,2.292937007653173,2.472597282344678,1.4359648712636286
2023-11-08,MANTENER,0,2.2358563182512543,2.388615198993997,2.6226380961256623
2023-11-09,MANTENER,0,2.163306832940614,2.30948244105672,4.489566209203844
2023-11-10,MANTENER,0,2.272512159458693,2.2690643724469792,6.261052945936818
2023-11-11,MANTENER,0,2.249083827435117,2.2427392291477704,5.822683415346752
2023-11-12,MANTENER,0,2.1788454120278,2.219920910022696,4.444868625778575
2023-11-13,MANTENER,0,2.1081741396326863,2.194384474298982,2.34796239092816
2023-11-14,MANTENER,0,2.1069530920494213,2.183113726120744,-3.199697375497834
2023-11-15,MANTENER,0,2.232524330494007,2.175116160327806,1.5070879470963303
2023-11-16,MANTENER,1,2.9616307525412617,2.317625545349036,-2.683319440129317
2023-11-17,MANTENER,1,3.2322295848396747,2.52830237991141,-1.243270484253145
2023-11-18,MANTENER,1,3.107387098867059,2.728144971758285,0.2280747196833132
2023-11-19,MANTENER,1,2.970738528509832,2.900902059050367,5.07184964281322
2023-11-20,MANTENER,1,2.9185839194078995,3.038113976833145,-1.0712368393150484
2023-11-21,MANTENER,1,2.793978542749727,3.0045835348748384,-0.947523412443374
2023-11-22,MANTENER,1,3.07584390499546,2.973306398905996,2.257740837672273
2023-11-23,MANTENER,1,3.254484341723015,3.002725847477187,1.9057493976953663
2023-11-24,MANTENER,1,3.112408064959999,3.03105975476722,0.8886983509080792
2023-11-25,MANTENER,1,2.99347843266074,3.046038657417788,0.8497991989687037
2023-11-26,MANTENER,1,2.8638524180638725,3.060013432480617,4.545036407054326
2023-11-27,MANTENER,1,2.7605786606830933,2.996960383618144,-0.4771202141213848
2023-11-28,MANTENER,0,2.656665178955988,2.8773965510647384,1.4416110885452582
2023-11-29,MANTENER,0,2.590049446635383,2.772924827399815,0.3657404990315527
2023-11-30,MANTENER,0,2.487188530198253,2.671666846907318,-0.2226126943757123
2023-12-01,MANTENER,0,2.3971067543172304,2.5783177141579894,3.176485301196408
2023-12-02,MANTENER,0,2.4386362725870074,2.5139292365387726,5.793747289460427
2023-12-03,MANTENER,0,2.425061828141293,2.4676085663758336,5.520792980386169
2023-12-04,MANTENER,0,2.3626456920481256,2.422127815458382,10.33403216619302
2023-12-05,MANTENER,1,2.750595875170872,2.4748092844529053,15.602274522013282
2023-12-06,MANTENER,1,3.0557003520189547,2.6065280039932506,12.2861499402104
2023-12-07,MANTENER,1,2.936079405903548,2.7060166306565585,9.228189622639782
2023-12-08,MANTENER,1,2.8355456959062386,2.788113404209548,9.96298089407084
2023-12-09,MANTENER,1,2.7833637904249824,2.872257023884919,4.074689286941791
2023-12-10,MANTENER,0,2.692434926645656,2.860624834179876,-0.6850653423891018
2023-12-11,MANTENER,0,2.582571072065201,2.765998978189125,-5.890878441732816
2023-12-12,MANTENER,1,3.1720700626886003,2.813197109546136,-4.348994621605051
2023-12-13,MANTENER,1,3.0332875335358214,2.8527454770720526,-2.931287987981257
2023-12-14,MANTENER,1,3.091396411501418,2.91435200128734,-1.6185069535882946
2023-12-15,MANTENER,1,2.955952712398912,2.9670555584379903,-4.317443661188847
2023-12-16,MANTENER,1,2.961475333323992,3.0428364106897487,2.386883863410638
2023-12-17,MANTENER,1,2.84077314644548,2.9765770274411247,-0.2066261938656666
2023-12-18,MANTENER,1,2.814812434641688,2.9328820076622977,-0.6249341997905944
2023-12-19,MANTENER,1,2.8534255626572,2.8852878378934546,-1.7667373875722705
2023-12-20,MANTENER,1,2.750445762234438,2.8441864478605594,4.025904217861154
2023-12-21,MANTENER,1,2.821146002901013,2.816120581775964,3.784097926950203
2023-12-22,MANTENER,1,2.7053645998364555,2.789038872454159,6.17149674651678
2023-12-23,MANTENER,0,2.595201427474973,2.745116671020816,2.5845905554401583
2023-12-24,MANTENER,0,2.502695470529672,2.6749706525953103,1.748477367653578
2023-12-25,MANTENER,0,2.475204263291741,2.6199223528067703,-0.0896331921241611
2023-12-26,MANTENER,0,2.414702225093079,2.5386335972451843,-3.1227377101121334
2023-12-27,MANTENER,0,2.479489364457652,2.493458550169424,-1.2695551683975737
2023-12-28,MANTENER,0,2.47278200034894,2.4689746647442163,-2.5744642548032104
2023-12-29,MANTENER,0,2.4666379950968738,2.461763169657657,-2.154131930356052
2023-12-30,MANTENER,0,2.4137336513479744,2.449469047268904,-3.396006771385096
2023-12-31,MANTENER,0,2.3230446680010086,2.43113753585049,-0.6020259221964253
2024-01-01,MANTENER,0,2.2392014625550063,2.3830799554699604,1.6539014411021569
2024-01-02,MANTENER,0,2.568499123397901,2.402223380079753,5.322010168766056
2024-01-03,MANTENER,0,2.5244407688193897,2.413783934824256,1.7629527460913508
2024-01-04,MANTENER,1,2.9066412267865487,2.5123654499119707,4.687200194251773
2024-01-05,MANTENER,1,2.941170488366984,2.635990613985165,4.39165901453098
2024-01-06,MANTENER,1,2.815342355662028,2.75121879260657,-0.4041378819525931
2024-01-07,MANTENER,1,2.702532634153173,2.7780254947576246,-2.283246363390745
2024-01-08,MANTENER,0,2.593067277112411,2.791750796416229,9.185675630072154
2024-01-09,MANTENER,1,3.271441928881291,2.864710936835177,4.3403981475997
2024-01-10,MANTENER,1,3.184861235832661,2.9134490863283125,5.431609707309804
2024-01-11,MANTENER,1,3.0576720121416545,2.961915017624238,5.267816005308568
2024-01-12,MANTENER,1,2.9321790107287007,3.0078442929393434,-2.511598797913273
2024-01-13,MANTENER,1,3.825691255534746,3.254369088623811,-9.199196299919166
2024-01-14,SALIR,1,3.64423631181158,3.3289279652098687,-9.886732124811282
2024-01-15,MANTENER,1,3.5744033029777973,3.4068363786388955,-9.241078995364129
2024-01-16,COMPRAR,1,3.446006643063063,3.484503304823177,-7.182518430031237
2024-01-17,SALIR,1,3.317745426792547,3.561616588035947,-0.2582268293179979
2024-01-18,MANTENER,1,3.186855354911121,3.4338494079112216,-3.758446563337437
2024-01-19,MANTENER,1,3.267204712426853,3.3584430880342766,-0.4264562539940897
2024-01-20,MANTENER,1,3.1290583513321173,3.2693740977051404,-2.0110143132814784
2024-01-21,MANTENER,1,2.990596515905198,3.178292072273567,-3.800094256317799
2024-01-22,MANTENER,1,2.8641929826999912,3.087581583455056,-7.871014001857191
2024-01-23,MANTENER,1,3.2132513129960087,3.092860775072034,-3.493264975626964
2024-01-24,MANTENER,1,3.078480305789057,3.0551158937444747,-3.773807176635735
2024-01-25,MANTENER,1,2.9469438385350464,3.0186929911850604,-4.245221250939757
2024-01-26,MANTENER,1,2.824597997850278,2.9854932875740765,0.65037969099766
2024-01-27,MANTENER,1,3.072266906334638,3.0271080723010058,6.403682004662947
2024-01-28,MANTENER,1,2.9438284955149245,2.9732235088047885,5.350597977139948
2024-01-29,COMPRAR,1,2.819309688111977,2.9213893852693724,7.7076689780327
2024-01-30,MANTENER,1,2.8509404019247824,2.90218869794732,7.287410207988465
2024-01-31,SALIR,1,2.746237722913723,2.8865166429600086,1.8145974776020424
2024-02-01,COMPRAR,0,2.6523298186174795,2.802529225416577,2.243675221486363
2024-02-02,MANTENER,0,2.5668716903949584,2.727137864392584,2.6996382762416005
2024-02-03,MANTENER,0,2.465898080155731,2.656455542801335,-0.6861278466649523
2024-02-04,SALIR,0,2.3788771676381533,2.562042895944009,-0.8628619705458362
2024-02-05,MANTENER,0,2.317347574938565,2.476264866348978,0.1784640635236201
2024-02-06,COMPRAR,0,2.233569485122292,2.39251279964994,0.0206555049695467
2024-02-07,MANTENER,0,2.1741422397479018,2.3139669095205284,2.588282672973108
2024-02-08,MANTENER,0,2.275912744061229,2.2759698423016284,5.23217435039971
2024-02-09,MANTENER,0,2.295515802290552,2.259297569232108,10.180582514115422
2024-02-10,MANTENER,0,2.5445578686032606,2.304739627965047,11.319407830456996
2024-02-11,MANTENER,0,2.4750627346014,2.353038277860869,11.413833785445426
2024-02-12,MANTENER,0,2.400500094823085,2.3983098488759054,11.979117017582652
2024-02-13,MANTENER,0,2.5418837359096944,2.4515040472455984,9.351691013359442
2024-02-14,MANTENER,0,2.448982698074837,2.482197426402456,9.46307642355908
2024-02-15,MANTENER,0,2.686684568706517,2.510622766423107,8.363681276963497
2024-02-16,MANTENER,0,2.5773738886266693,2.5310849972281604,7.701418112081271
2024-02-17,MANTENER,0,2.4772403093173567,2.5464330401270145,3.355467309137339
2024-02-18,MANTENER,0,2.407913475032993,2.519638987951675,4.673909613220317
2024-02-19,MANTENER,0,2.3307291190332107,2.4959882721433493,-0.0917917072250418
2024-02-20,MANTENER,0,2.260393655345544,2.4107300894711545,0.6645753035961377
2024-02-21,MANTENER,0,2.1979119074875464,2.3348376932433306,-0.6173583889029999
2024-02-22,MANTENER,0,2.14653544054728,2.268696719489315,-0.6954102031258458
2024-02-23,MANTENER,0,2.1091510767111554,2.208944239824948,-2.7041742427483584
2024-02-24,MANTENER,0,2.0804711018768702,2.15889263639368,-0.4025984603220678
2024-02-25,MANTENER,0,2.073272827359544,2.12146847079648,-1.0606650572302811
2024-02-26,MANTENER,0,2.0083771891995066,2.083561527138871,5.046544139987219
2024-02-27,MANTENER,0,2.5614652014556856,2.1665474793205526,10.676020548036114
2024-02-28,MANTENER,1,2.85616319154192,2.315949902286705,20.86873045729156
2024-02-29,MANTENER,1,3.988906324531939,2.697636946817719,17.115929617267867
2024-03-01,MANTENER,1,3.866101049874677,3.0562025913207456,18.811574859286573
2024-03-02,MANTENER,1,3.732314561249322,3.4009900657307086,12.90040136238293
2024-03-03,MANTENER,1,3.565347324218319,3.601766490283235,10.12400018423687
2024-03-04,MANTENER,1,3.443569442560935,3.719247740487038,8.911178971433387
2024-03-05,SALIR,2,4.134127626975814,3.748292000975813,4.165122216943296
2024-03-06,MANTENER,2,4.540209883491334,3.883113767699145,5.705545658187461
2024-03-07,MANTENER,2,4.456622967651025,4.027975448979485,7.596414394648221
2024-03-08,MANTENER,2,4.252267665241853,4.165359517184193,7.812325152445609
2024-03-09,MANTENER,2,4.091981022141457,4.295041833100297,0.2462467307468685
2024-03-10,COMPRAR,1,3.89450677925615,4.247117663556364,7.8621274779594685
2024-03-11,MANTENER,1,3.71422430754372,4.081920548366841,8.7113873161476
2024-03-12,MANTENER,1,3.801408991452053,3.950877753127047,6.585589705961148
2024-03-13,MANTENER,1,3.636220057135567,3.8276682315057897,6.769148388669954
2024-03-14,MANTENER,1,3.531857314525237,3.7156434899825457,4.143272579629809
2024-03-15,MANTENER,1,3.4614970742329203,3.6290415489779,0.5547976847092073
2024-03-16,MANTENER,1,3.4386998918077114,3.573936665830698,-9.91620469419523
2024-03-17,MANTENER,1,3.848336628897292,3.583322193319745,-4.419997018799471
2024-03-18,MANTENER,1,3.942625669602333,3.644603315813099,-7.875537680643774
2024-03-19,MANTENER,1,3.779796275023153,3.694191107912682,-14.25236472050635
2024-03-20,SALIR,2,4.60381650740949,3.922654994547996,-2.1703870944289605
2024-03-21,MANTENER,2,5.284012797251797,4.291717575636812,0.2695180035793498
2024-03-22,MANTENER,2,5.162428924165596,4.554536034690473,-6.981550732097475
2024-03-23,MANTENER,2,4.983817366087247,4.762774373987456,-5.299271110120607
2024-03-24,MANTENER,2,4.734578929297707,4.953730904842367,8.24551139064802
2024-03-25,MANTENER,2,4.751141512062084,4.983195905772886,2.966930863258632
2024-03-26,MANTENER,2,4.683862114833775,4.8631657692892825,6.640276146536372
2024-03-27,MANTENER,2,4.451067933365661,4.720893571129294,8.526376357457188
2024-03-28,MANTENER,2,4.241707575109425,4.572471612933731,9.922666488105136
2024-03-29,MANTENER,2,4.073113104560425,4.440178447986274,3.8781413718169233
2024-03-30,COMPRAR,1,3.90062928766578,4.270076003107013,-0.4491391025393199
2024-03-31,MANTENER,1,3.71757393364457,4.076818366869172,1.9046689064346367
2024-04-01,MANTENER,1,3.6181909766066327,3.910242975517367,0.3547131274038051
2024-04-02,MANTENER,1,3.538797301262546,3.769660920747991,-7.784096306772703
2024-04-03,MANTENER,1,3.96696940272376,3.748432180380658,-5.759906198220399
2024-04-04,MANTENER,1,3.783215174730233,3.724949357793548,-1.6452442221659425
2024-04-05,MANTENER,1,3.792192440207697,3.7398730591061735,-5.025093133625092
2024-04-06,MANTENER,1,3.630370842647478,3.742309032314343,-1.1631432640427877
2024-04-07,MANTENER,1,3.491202217392221,3.732790015540277,5.810692709308363
2024-04-08,MANTENER,1,3.334713617514152,3.606338858498357,8.216897811678514
2024-04-09,MANTENER,1,3.337811139192812,3.517258051390872,0.9156354201135032
2024-04-10,MANTENER,1,3.401192265086488,3.43905801636663,3.974128586195924
2024-04-11,MANTENER,1,3.3065900702089093,3.3743018618789167,1.676100691488358
2024-04-12,MANTENER,1,3.169623502232284,3.309986118846929,-3.1735418630178813
2024-04-13,SALIR,1,3.334784018919331,3.310000199127965,-11.544326244243486
2024-04-14,MANTENER,1,3.6149917426181535,3.3654363198130333,-5.043099974368737
2024-04-15,MANTENER,1,3.5667916135007127,3.398556189495878,-10.698130048273136
2024-04-16,MANTENER,1,3.607409478293686,3.4587200711128334,-9.342159772099023
2024-04-17,MANTENER,1,3.442508816333661,3.513297133933109,-9.221221288949977
2024-04-18,MANTENER,1,3.553443812667888,3.55702909268282,-0.4848961088118386
2024-04-19,MANTENER,1,3.569485719463228,3.5479278880518352,-2.925231970616516
2024-04-20,MANTENER,1,3.4057863671097683,3.515726838773646,2.4424551676847983
2024-04-21,MANTENER,1,3.2942721511135864,3.4530993733376265,1.7318969023051525
2024-04-22,MANTENER,1,3.1462076377592174,3.393839137622737,8.686745613227309
2024-04-23,MANTENER,1,3.13872156967354,3.3108946890238675,4.456585555621118
2024-04-24,MANTENER,1,3.0100750301306096,3.1990125511573444,0.6764411363027634
2024-04-25,MANTENER,1,3.0819233081826845,3.134239939371928,-0.7920177754286328
2024-04-26,MANTENER,1,2.947143569767099,3.06481422310263,-1.8205450496735047
2024-04-27,MANTENER,1,2.849843813608574,3.0055414582725013,-5.25012702123675
2024-04-28,MANTENER,1,2.7377438441685524,2.925345913171504,-5.087616801260708
2024-04-29,MANTENER,0,2.6322728912676845,2.849785485398919,-0.6802774908779341
2024-04-30,MANTENER,0,2.548131552107125,2.743027134183808,-6.147868739451212
2024-05-01,MANTENER,1,2.9874610041733587,2.751090621065059,-9.023967565615363
2024-05-02,MANTENER,1,3.157518892449904,2.812625636833325,-7.013836515010041
2024-05-03,MANTENER,1,3.049173064964164,2.874911480992447,-0.3545862361697516
2024-05-04,MANTENER,1,3.515555158518256,3.051567934442561,0.0788390239794267
2024-05-05,MANTENER,1,3.3858743727293965,3.219116498567016,5.446653101330057
2024-05-06,MANTENER,1,3.2313166517424,3.267887628080824,8.088908973023479
2024-05-07,MANTENER,1,3.1241215306418617,3.261208155719216,5.289276718488978
2024-05-08,MANTENER,1,3.0225205214636297,3.2558776470191093,-2.743442557185105
2024-05-09,MANTENER,1,2.961660731450272,3.1450987616055115,-1.3258461356720377
2024-05-10,MANTENER,1,2.983417657684021,3.064607418596437,-5.1898427049174245
2024-05-11,MANTENER,1,3.1057472574724314,3.0394935397424434,-3.821570541869335
2024-05-12,MANTENER,1,2.969047625600097,3.00847875873409,-1.4322411270251578
2024-05-13,MANTENER,1,2.8574347496943755,2.97546160438024,2.7619069226117787
2024-05-14,MANTENER,1,2.8291914025969813,2.948967738609581,-2.4032277489641984
2024-05-15,COMPRAR,1,2.810544385285884,2.9143930841299537,8.622847480734741
2024-05-16,MANTENER,1,3.5773008672904933,3.0087038060935667,7.045739354343716
2024-05-17,MANTENER,1,3.455121517952563,3.10591858456406,8.726886429569092
2024-05-18,MANTENER,1,3.4046082759755194,3.215353289820288,6.223951325252308
2024-05-19,MANTENER,1,3.2501143966938275,3.2995378886396574,7.396839181088488
2024-05-20,MANTENER,1,3.125169783727096,3.3624629683278995,7.527318297468355
2024-05-21,MANTENER,1,3.830027639531484,3.413008322776098,7.25000501895412
2024-05-22,MANTENER,1,3.704072744134152,3.462798568012416,3.041134577430782
2024-05-23,MANTENER,1,3.566863721344361,3.495249657086184,1.4662605991841104
2024-05-24,MANTENER,1,3.4544472688088748,3.536116231509193,3.3351160213108244
2024-05-25,MANTENER,1,3.304425519277689,3.571967378619312,-3.1019270226760653
2024-05-26,MANTENER,1,3.1698221609905657,3.439926282911129,-2.3345936102504794
2024-05-27,MANTENER,1,3.0541590909189007,3.3099435522680785,0.3930482401440116
2024-05-28,MANTENER,1,2.944081190735547,3.185387046146316,0.5383079943241498
2024-05-29,MANTENER,1,2.872395204774548,3.0689766333394504,-1.3930843818654282
2024-05-30,MANTENER,1,2.7772177274780216,2.9635350749795166,-1.309249229781173
2024-05-31,MANTENER,0,2.682687981595722,2.866108239100548,-1.5097462010579932
2024-06-01,MANTENER,0,2.6139487760222666,2.7780661761212206,-2.4619752899482705
2024-06-02,MANTENER,0,2.510182808592613,2.6912864996926342,-0.8006303893003164
2024-06-03,MANTENER,0,2.4128333998191662,2.5993741387015583,1.7989363858973206
2024-06-04,MANTENER,0,2.3673231196248223,2.517395217130918,3.171257920162596
2024-06-05,MANTENER,0,2.409820907177299,2.462821802247233,5.184528978903558
2024-06-06,MANTENER,0,2.3276156904437086,2.4055551851315213,4.406514141216178
2024-06-07,MANTENER,0,2.2510544873507987,2.3537295208831592,2.3211134371747377
2024-06-08,MANTENER,0,2.2808710205047964,2.327337045020285,0.7254976074714037
2024-06-09,MANTENER,0,2.2004241935587667,2.293957259807074,-1.3119590047622864
2024-06-10,MANTENER,0,2.12842359409495,2.237677797190604,-2.2342234910247782
2024-06-11,MANTENER,0,2.061060577049369,2.1843667745117363,-4.961771955611027
2024-06-12,MANTENER,0,2.267290060659271,2.1876138891734307,-1.6010928301918526
2024-06-13,MANTENER,0,2.222383658810919,2.175916416834655,-3.747806408417453
2024-06-14,SALIR,0,2.2743307481961543,2.190697727762133,-5.363105761615117
2024-06-15,COMPRAR,0,2.230697752053441,2.211152559353831,-4.895894355364305
2024-06-16,MANTENER,0,2.15366338878232,2.229673121700421,-1.0345375514562605
2024-06-17,MANTENER,0,2.089405518452553,2.1940962132590776,-2.59922794875962
2024-06-18,SALIR,0,2.025523233182577,2.154724128133409,-2.449989594958879
2024-06-19,MANTENER,0,2.0865440535565964,2.117166789205497,-1.6046549059526072
2024-06-20,MANTENER,0,2.023938273446257,2.0758148934840603,-2.0796770353724625
2024-06-21,MANTENER,0,1.964779443605129,2.0380381044486224,-3.890562755091586
2024-06-22,MANTENER,0,1.9508033578717725,2.0103176723324663,-3.4234175932104094
2024-06-23,MANTENER,0,1.894837938761982,1.9841806134483475,-3.0549845410952514
2024-06-24,MANTENER,0,1.9340808390817923,1.9536879705533867,-7.481879188903839
2024-06-25,MANTENER,0,2.4471716561483,2.038334647093796,-4.776927902146788
2024-06-26,MANTENER,0,2.477315711711289,2.140841900715027,-5.260981320953739
2024-06-27,MANTENER,0,2.4486461980976144,2.240410468760196,-4.208204716615782
2024-06-28,MANTENER,0,2.385975301139784,2.338637941235756,-4.633441781276915
2024-06-29,MANTENER,0,2.408867153626758,2.433595204144749,1.0068436245335377
2024-06-30,MANTENER,0,2.333398869060745,2.4108406467272383,1.4036730387202212
2024-07-01,MANTENER,0,2.421950201484134,2.399767544681807,3.300719117816797
2024-07-02,MANTENER,0,2.3311973265750696,2.376277770377298,0.6862467258418548
2024-07-03,MANTENER,0,2.2947118019018853,2.358025070529718,-0.2426923239585932
2024-07-04,MANTENER,0,2.438953708046205,2.364042381413608,-6.636589225862721
2024-07-05,MANTENER,1,2.9649118727876607,2.490344982158991,-10.090477283110388
2024-07-06,MANTENER,1,2.8456155503694767,2.5750780519360594,-7.5119649732920735
2024-07-07,MANTENER,1,2.865968033545986,2.682032193330243,-10.49486908659496
2024-07-08,MANTENER,1,3.097908041166532,2.842671441183172,-5.937495456867836
2024-07-09,MANTENER,1,2.995887263291644,2.9540581522322595,1.7942058497819602
2024-07-10,MANTENER,1,2.949616369426086,2.9509990515599447,1.8882992968725527
2024-07-11,MANTENER,1,2.829140403172165,2.947704022120482,-1.657863863463227
2024-07-12,MANTENER,1,2.723085101256093,2.919127435662504,3.605456311279198
2024-07-13,MANTENER,0,2.625257423219712,2.82459731207314,4.359703256472081
2024-07-14,MANTENER,0,2.614779327794309,2.7483757249736733,4.678691871557561
2024-07-15,COMPRAR,0,2.6348445346567217,2.6854213580198,11.639421248040271
2024-07-16,MANTENER,1,3.267502051995818,2.773093687784531,12.6796588241346
2024-07-17,MANTENER,1,3.121087440053903,2.852694155544093,10.202936122841775
2024-07-18,MANTENER,1,3.0302474213921387,2.9336921551785777,7.701664382548223
2024-07-19,MANTENER,1,2.9003766723265763,2.990811624085031,9.296821367211372
2024-07-20,MANTENER,1,3.07393284752058,3.078629286657803,3.47445396254642
2024-07-21,MANTENER,1,2.944460675151477,3.0140210112889347,4.589678521293372
2024-07-22,MANTENER,1,2.851239141145208,2.960051351507196,5.265226097764675
2024-07-23,MANTENER,1,2.748678707305112,2.9037376086897906,3.0080471591714897
2024-07-24,MANTENER,1,2.767753046507726,2.8772128835260204,-2.026114507549792
2024-07-25,MANTENER,0,2.6715301692419646,2.796732347870297,-2.085847774388405
2024-07-26,MANTENER,0,2.5680522848120613,2.7214506698024143,-0.3563860920829498
2024-07-27,MANTENER,0,2.6601562123332108,2.683234084040015,0.3369106873142513
2024-07-28,MANTENER,0,2.553984530996076,2.644295248778208,3.4705136059098862
2024-07-29,MANTENER,0,2.459447149495188,2.5826340693757,2.190508695258941
2024-07-30,MANTENER,0,2.475890989171904,2.543506233361688,0.6422127041970427
2024-07-31,MANTENER,0,2.4053942972290225,2.51097463584508,-4.970131572871495
2024-08-01,MANTENER,0,2.458126996394784,2.470568792657395,-3.688667072153251
2024-08-02,SALIR,0,2.386966867057585,2.4371652598696967,-10.560821022607492
2024-08-03,MANTENER,1,3.086487460985897,2.5625733221678386,-9.638545135407384
2024-08-04,MANTENER,1,2.9821379087356727,2.663822706080592,-13.02379878476092
2024-08-05,MANTENER,1,3.1966725233853004,2.822078351311848,-17.968652309132338
2024-08-06,MANTENER,1,3.903235521613048,3.1111000563555,-15.39079041032494
2024-08-07,MANTENER,1,3.894998296048547,3.412706342153693,-10.982283585980213
2024-08-08,MANTENER,1,3.762019411357362,3.547812732227986,1.6832508365240528
2024-08-09,MANTENER,2,5.136758984018019,3.978736947284456,4.644875753678335
2024-08-10,MANTENER,2,4.901124855545955,4.319627413716587,12.1159318787603
2024-08-11,MANTENER,2,4.655570211339201,4.470094351661817,4.680730716504833
2024-08-12,MANTENER,2,4.597182014491078,4.610531095350323,7.569585242707966
2024-08-13,MANTENER,2,4.380260381418309,4.734179289362513,-1.7995465728761315
2024-08-14,MANTENER,2,4.213906608834997,4.549608814325908,-3.5832133567760494
2024-08-15,MANTENER,2,4.146366563889423,4.398657155994601,-5.715557109451375
2024-08-16,MANTENER,2,4.006516743601382,4.268846462447037,0.296940553026559
2024-08-17,MANTENER,1,3.878053016998546,4.125020662948532,0.2094646526920485
2024-08-18,MANTENER,1,3.7036969496753023,3.98970797659993,-3.5700130676668
2024-08-19,MANTENER,1,3.5780506507015293,3.862536784973236,1.2791834271004277
2024-08-20,MANTENER,1,3.450042952570291,3.72327206270941,2.492467176338131
2024-08-21,MANTENER,1,3.3053548638094994,3.5830396867510337,3.8000729436792113
2024-08-22,MANTENER,1,3.351061304358078,3.47764134422294,1.506677469398454
2024-08-23,COMPRAR,1,3.232080052155212,3.383317964718922,9.16036904103823
2024-08-24,MANTENER,1,3.622847360645716,3.392277306707759,7.580965766746139
2024-08-25,MANTENER,1,3.453459004204768,3.3929605170346546,8.632690843276158
2024-08-26,MANTENER,1,3.2947568863054486,3.3908409215338446,2.7496908578875434
2024-08-27,SALIR,1,3.2415652195935056,3.36894170458093,-1.464385487648734
2024-08-28,MANTENER,1,3.5975240799067745,3.442030510131242,-8.235074717568125
2024-08-29,MANTENER,1,3.44293851373776,3.406048740749651,-7.758072124602755
2024-08-30,MANTENER,1,3.288426980824355,3.3730423360735693,-8.452073602659738
2024-08-31,MANTENER,1,3.145464917527021,3.343183942317883,-6.42115289970473
2024-09-01,MANTENER,1,3.008465773719222,3.296564053143027,-3.730042269386047
2024-09-02,MANTENER,1,3.0332672437989805,3.183712685921468,0.143652289805729
2024-09-03,MANTENER,1,3.0543274715930924,3.105990477492534,-3.3510576081386745
2024-09-04,MANTENER,1,3.0798771972703665,3.064280520781737,-1.960823849452176
2024-09-05,MANTENER,1,2.956318255236473,3.026451188323627,-4.881366359042971
2024-09-06,MANTENER,1,3.0249295025195617,3.0297439340836947,-6.071075223824884
2024-09-07,MANTENER,1,3.190489204200327,3.061188326163964,-8.78745654647286
2024-09-08,MANTENER,1,3.0490050502676658,3.060123841898879,-4.613621783232169
2024-09-09,MANTENER,1,2.940002681682179,3.032148938781241,-1.6558253133712952
2024-09-10,MANTENER,1,3.068225316999841,3.054530351133915,2.6154432171173525
2024-09-11,MANTENER,1,2.950578292821245,3.0396601091942514,6.101918165333231
2024-09-12,MANTENER,1,2.831669735836737,2.9678962155215336,7.1062961426562765
2024-09-13,COMPRAR,1,2.7418537032387458,2.9064659461157496,9.937277893811114
2024-09-14,MANTENER,1,2.9309422875420155,2.904653867287717,5.103597898412282
2024-09-15,SALIR,1,2.8264793984664967,2.856304683581048,2.62636800453091
2024-09-16,MANTENER,1,2.7514094584475126,2.816470916706302,1.4702838812509
2024-09-17,COMPRAR,1,2.7024452842873914,2.790626026396432,3.6843229843817937
2024-09-18,MANTENER,1,2.8230111483793814,2.8068575154245594,1.7646837504960544
2024-09-19,MANTENER,1,2.786969312684505,2.7780629204530576,4.775924284741961
2024-09-20,MANTENER,1,2.744516351025659,2.7616703109648904,6.556159827424324
2024-09-21,MANTENER,0,2.63267278121301,2.737922975517989,8.562585294690273
2024-09-22,MANTENER,0,2.5276290822070178,2.702959735101915,5.390536907422394
2024-09-23,MANTENER,0,2.430626371811204,2.62448277978828,2.688797086275052
2024-09-24,MANTENER,0,2.347607034406438,2.536610324132666,2.140109598101958
2024-09-25,MANTENER,0,2.3066788674333414,2.449042827414202,-0.0788880225274013
2024-09-26,MANTENER,0,2.3114157635295203,2.384791423877504,2.7785847413872133
2024-09-27,MANTENER,0,2.438192133581345,2.3669040341523697,3.309887227452002
2024-09-28,MANTENER,0,2.3603086791535817,2.3528404956208453,3.959499027336122
2024-09-29,MANTENER,0,2.273410437350144,2.3380011762095867,2.052348342356148
2024-09-30,MANTENER,0,2.198960587089057,2.3164575201407294,0.2946970932882209
2024-10-01,MANTENER,0,2.440086617939372,2.3421916910227,-6.897003013999203
2024-10-02,MANTENER,1,2.7050981625692114,2.395572896820273,-8.164218875460882
2024-10-03,MANTENER,0,2.5987078230320897,2.4432527255959746,-8.102915373659414
2024-10-04,MANTENER,0,2.4953419530701693,2.48763902873998,-5.589160749959277
2024-10-05,MANTENER,0,2.4856245764627527,2.544971826614719,-1.976712783352497
2024-10-06,MANTENER,0,2.390077467337295,2.534969996494304,3.205854436724209
2024-10-07,MANTENER,0,2.3257731223219893,2.45910498844486,2.6108461740109945
2024-10-08,MANTENER,0,2.267425368178875,2.3928484974742164,2.2338809828713835
2024-10-09,SALIR,0,2.189267439329764,2.3316335947261355,-2.42226291991372
2024-10-10,MANTENER,0,2.283196511119797,2.291147981657544,-2.9674998791589857
2024-10-11,COMPRAR,0,2.211429634750865,2.255418415140258,-0.5969221214661147
2024-10-12,MANTENER,0,2.405485317052797,2.27136085408642,1.5249688710667897
2024-10-13,MANTENER,0,2.3410490078381168,2.286085582018268,1.1512161118929498
2024-10-14,MANTENER,0,2.265898145489239,2.3014117232501627,8.635386587568306
2024-10-15,MANTENER,1,2.6904159470396136,2.3828556104341265,10.639687527367414
2024-10-16,MANTENER,0,2.6187129750493723,2.464312278493828,7.950850446067825
2024-10-17,MANTENER,0,2.524785844232379,2.4881723839297445,6.444867734119342
2024-10-18,MANTENER,0,2.430564628919185,2.506075508145958,8.487466852021619
2024-10-19,MANTENER,0,2.38090026790343,2.529075932628796,3.4474495510398384
2024-10-20,MANTENER,0,2.293516935735531,2.44969613036798,2.8825183270299704
2024-10-21,MANTENER,0,2.226773251230864,2.371308185604278,-0.362818819845323
2024-10-22,MANTENER,0,2.3000899954224936,2.326369015842301,-0.0570337404404597
2024-10-23,MANTENER,0,2.2179253784793644,2.2838411657543367,-2.9465672667766896
2024-10-24,MANTENER,0,2.197008252889079,2.2470627627514665,-0.2954500978786356
2024-10-25,MANTENER,0,2.265339512275537,2.241427278059468,-3.4789964633521464
2024-10-26,MANTENER,0,2.3176514771057057,2.259602923234436,-0.5255995978968642
2024-10-27,MANTENER,0,2.2381802496778054,2.247220974085498,0.8395166071776927
2024-10-28,MANTENER,0,2.1966671703467986,2.242969332458985,5.099481938803052
2024-10-29,MANTENER,0,2.3011775115514705,2.263803184191464,6.474986199834021
2024-10-30,MANTENER,0,2.5413895658493457,2.3190131949062254,8.2029632052949
2024-10-31,MANTENER,0,2.450925697617913,2.345668039008667,4.665270542277433
2024-11-01,MANTENER,0,2.5641633082903343,2.4108646507311726,2.260706012842739
2024-11-02,MANTENER,0,2.4923456262277432,2.4700003419073613,-0.8886517759657764
2024-11-03,MANTENER,0,2.399739784265533,2.4897127964501737,-5.627569444766856
2024-11-04,MANTENER,0,2.329246368569505,2.447284156994205,-6.463894239174728
2024-11-05,MANTENER,0,2.2958687094504824,2.41627275936072,-1.2260609003892142
2024-11-06,MANTENER,0,2.319211573619562,2.3672824124265657,8.489858350135115
2024-11-07,MANTENER,1,3.5613844340099665,2.58109017398301,9.119059597436063
2024-11-08,MANTENER,1,3.3965697044234875,2.780456158014601,10.75375054239256
2024-11-09,MANTENER,1,3.2495011799882008,2.9645071202983404,12.419752316752586
2024-11-10,MANTENER,1,3.103921896537521,3.126117757715748,14.863245604843913
2024-11-11,MANTENER,1,3.3179988366864674,3.3258752103291287,15.930356790493684
2024-11-12,SALIR,2,4.445371609155832,3.502672645358301,14.735385194835082
2024-11-13,MANTENER,2,4.238219588255739,3.671002622124752,16.83943790967959
2024-11-14,MANTENER,2,4.134185470828308,3.8479394802927738,12.785305039664864
2024-11-15,MANTENER,2,4.130033099929204,4.05316172097111,12.36481233162312
2024-11-16,MANTENER,2,4.154882392163447,4.2205384320665065,2.0719167947151007
2024-11-17,COMPRAR,1,3.9595118807015255,4.1233664863756445,2.1260883775939377
2024-11-18,MANTENER,1,3.7813258637866745,4.031987741481832,-0.0458501305747205
2024-11-19,MANTENER,1,3.6083596662344974,3.92682258056307,5.673596419671689
2024-11-20,MANTENER,1,3.491568174725136,3.799129595522256,3.5315290903723096
2024-11-21,MANTENER,1,3.393765137169272,3.646906144523421,8.41087405300538
2024-11-22,MANTENER,1,3.5132052363208794,3.557644815647292,9.700081306543318
2024-11-23,MANTENER,1,3.3527777788662774,3.4719351986632128,7.687134512956462
2024-11-24,MANTENER,1,3.230717990064873,3.396406863429287,5.959004227239184
2024-11-25,MANTENER,1,3.0860141803058925,3.3152960645454383,-1.3201040019330534
2024-11-26,MANTENER,1,3.4097914377074976,3.3185013246530835,-6.84755299358244
2024-11-27,MANTENER,1,3.282220633136917,3.272304404016292,-3.1138438725928808
2024-11-28,MANTENER,1,3.4058461148578822,3.2829180712146124,-2.1970746199269087
2024-11-29,MANTENER,1,3.2531674384983926,3.2874079609013167,-0.5650823618539746
2024-11-30,MANTENER,1,3.15821025051865,3.3018471749438683,3.5316083209652405
2024-12-01,MANTENER,1,3.0416762987756663,3.2282241471575013,5.596224736422428
2024-12-02,MANTENER,1,2.918516861802686,3.1554833928906554,-0.1013685739094327
2024-12-03,MANTENER,1,2.840946892358245,3.0425035483907275,0.3649227732600124
2024-12-04,MANTENER,1,2.7211926950549947,2.936108599702048,1.3321375697397997
2024-12-05,MANTENER,1,2.75424207891505,2.855314965381328,0.1497240850273584
2024-12-06,MANTENER,1,2.748416463182912,2.7966629982627778,2.678573099779236
2024-12-07,MANTENER,1,2.839483395072238,2.780856304916688,4.145912128097784
2024-12-08,MANTENER,1,2.7201122684890047,2.75668938014284,5.308384563215718
2024-12-09,MANTENER,0,2.636347030218178,2.739720247175476,-1.3616968706061885
2024-12-10,MANTENER,1,2.8372849313063098,2.7563288176537286,0.0847103052171505
2024-12-11,MANTENER,1,2.733622839085485,2.753370092834244,1.245525085512611
2024-12-12,MANTENER,1,2.98827913345847,2.7831292405114896,0.1196842220698712
2024-12-13,MANTENER,1,2.887470133368871,2.8166008134874625,0.2202737873254534
2024-12-14,MANTENER,1,2.7957087434723715,2.8484731561383017,3.964439954605048
2024-12-15,MANTENER,0,2.679814318696842,2.816979033616408,7.589957079656884
2024-12-16,MANTENER,1,2.718167769075372,2.813888019614385,4.688718866883512
2024-12-17,MANTENER,0,2.652897414233416,2.7468116757693744,5.916455145147381
2024-12-18,MANTENER,0,2.5457112778245627,2.678459904660513,-1.4071826674591392
2024-12-19,MANTENER,1,3.135335237018693,2.746385203369777,-3.9046890006318336
2024-12-20,MANTENER,1,3.122745045374176,2.834971348705244,-6.478499414966343
2024-12-21,MANTENER,1,2.9850605266758787,2.888349900225345,-8.66943527648143
2024-12-22,MANTENER,1,2.864148244480637,2.9306000662747898,-10.978375777986392
2024-12-23,MANTENER,1,2.8452134665248385,2.990500504014845,-5.501677857521514
2024-12-24,MANTENER,1,2.731372855732739,2.9097080277576537,1.2083120618207488
2024-12-25,MANTENER,1,2.9233744554604666,2.869833909774912,1.5663608627759729
2024-12-26,MANTENER,1,2.802980699655188,2.833417944370774,-1.4809193496923
2024-12-27,SALIR,1,2.94438335249938,2.849464965974522,-0.9933817979863592
2024-12-28,MANTENER,1,2.880599733467972,2.856542219363149,0.5032268376169213
2024-12-29,MANTENER,1,2.7746978568302407,2.8652072195826497,-5.355804306071121
2024-12-30,MANTENER,1,2.72679522689854,2.825891373870264,-6.938179381517706
2024-12-31,MANTENER,0,2.6379507443544825,2.7928853828101228,-2.501191046550133
2025-01-01,MANTENER,0,2.5425142851242004,2.712511569335087,0.2703280856399814
2025-01-02,COMPRAR,0,2.461404490663284,2.62867252077415,1.7943080643034293
2025-01-03,MANTENER,0,2.497784093370638,2.573289768082229,4.777843676512816
2025-01-04,MANTENER,0,2.4288969818384163,2.513710119070204,5.861937966021458
2025-01-05,MANTENER,0,2.337139376915607,2.453547845582429,5.097224863581573
2025-01-06,MANTENER,0,2.251930826667095,2.395431153891008,7.79877186956881
2025-01-07,SALIR,0,2.471864569937482,2.397523169745848,0.03697250234449
2025-01-08,MANTENER,1,2.935841062415207,2.485134563554761,-3.172817142661266
2025-01-09,MANTENER,1,2.890087390526865,2.5773726452924515,-6.033897430900481
2025-01-10,MANTENER,1,2.918194740389187,2.693583717987168,-3.744686770831862
2025-01-11,MANTENER,1,2.8867596558128645,2.820549483816321,-7.643378672300116
2025-01-12,MANTENER,1,2.765353096638397,2.879247189156504,-2.543631331330332
2025-01-13,MANTENER,0,2.651466771572741,2.822372330988011,-0.556025772767299
2025-01-14,MANTENER,0,2.5445581893042624,2.75326649074349,4.285968452292188
2025-01-15,COMPRAR,0,2.5283795346577533,2.6753034495972035,5.947308029998943
2025-01-16,MANTENER,1,2.740498060026182,2.646051130439867,5.343200687685368
2025-01-17,MANTENER,0,2.642615028678507,2.621503516847889,10.03462703328104
2025-01-18,MANTENER,1,2.9239947795716548,2.676009118447672,9.953230389928969
2025-01-19,MANTENER,1,2.7993721879850884,2.7269719181838368,4.611158155048223
2025-01-20,MANTENER,1,2.895060665058077,2.800308144263902,1.4933748218821208
2025-01-21,MANTENER,1,2.783501741878671,2.8089088806344,6.208171839858423
2025-01-22,MANTENER,1,2.9447764854572545,2.869341171990149,-0.777428248141554
2025-01-23,MANTENER,1,2.9329250623511096,2.8711272285460403,-0.4299111252745291
2025-01-24,MANTENER,1,2.8076735081993727,2.872787492588897,3.6232329187283696
2025-01-25,MANTENER,1,2.6996311212100856,2.833701583819299,2.6102843655714025
2025-01-26,MANTENER,0,2.590317612070628,2.79506475785769,-3.317630416697348
2025-01-27,MANTENER,0,2.5778260679121803,2.721674674348676,-1.5217335025379697
2025-01-28,MANTENER,0,2.48633811660116,2.6323572851986854,-2.560090532499082
2025-01-29,MANTENER,0,2.4071113906900736,2.5522448616968254,-1.0706595741241998
2025-01-30,MANTENER,0,2.4232211579661254,2.496962869048033,0.0197242823489318
2025-01-31,MANTENER,0,2.348700098820363,2.4486393663979804,-0.2705934784895447
2025-02-01,MANTENER,0,2.390402745542961,2.411154701924137,-1.412429390527592
2025-02-02,SALIR,0,2.378273201990576,2.38954171900202,-3.661823449642832
2025-02-03,COMPRAR,0,2.5036874537785936,2.408856931619724,-2.2406518578312884
2025-02-04,SALIR,1,2.676590094534105,2.45953071893332,-6.777759302665842
2025-02-05,MANTENER,1,2.8309845188301392,2.555987602935275,-5.81971506081036
2025-02-06,MANTENER,1,2.7506377521817624,2.6280346042630347,-4.119848315427177
2025-02-07,MANTENER,0,2.6373119383542813,2.6798423515357763,-1.1944351621384186
2025-02-08,MANTENER,0,2.531939795319939,2.685492819844045,-4.976540098547666
2025-02-09,MANTENER,0,2.433663135027948,2.636907427942814,-1.4114686707578985
2025-02-10,MANTENER,0,2.3418285547919693,2.53907623513518,0.8473090274168982
2025-02-11,MANTENER,0,2.2727043105154103,2.44348954680191,-0.8795564577217974
2025-02-12,MANTENER,0,2.2750307607757096,2.371033311286195,1.3957728015791204
2025-02-13,MANTENER,0,2.296092998188654,2.3238639518599387,0.1464624125718572
2025-02-14,MANTENER,0,2.261464682567272,2.289424261367803,1.0400381105668544
2025-02-15,MANTENER,0,2.1965443862189646,2.260367427653202,0.1464449119223942
2025-02-16,MANTENER,0,2.1215590146585663,2.230138368481833,0.4455989861151366
2025-02-17,MANTENER,0,2.1148960143364506,2.1981114191939817,-2.181729445885772
2025-02-18,MANTENER,0,2.053526281087428,2.149598075773736,-1.1285517862823724
2025-02-19,MANTENER,0,1.99282486781018,2.095870112822318,-0.899706059012928
2025-02-20,MANTENER,0,1.961070867753257,2.0487754091291763,0.7693054526354715
2025-02-21,MANTENER,0,1.974913319917023,2.019446270180868,-0.0514656550434367
2025-02-22,MANTENER,0,2.0685600794679195,2.010179083207161,0.8363659152422542
2025-02-23,MANTENER,0,2.006198995447512,2.000713626079178,0.7657216075566353
2025-02-24,MANTENER,0,1.950767178467608,1.992302088210664,-5.550302465084833
2025-02-25,MANTENER,0,2.5591846581607416,2.1119248462921605,-10.270160536387962
2025-02-26,MANTENER,0,2.65673477814176,2.248289137937108,-13.071559688060397
2025-02-27,MANTENER,1,3.0571291311536672,2.446002948274258,-13.118296352184975
2025-02-28,MANTENER,1,2.924871339055329,2.629737416995821,-13.19499434454059
2025-03-01,MANTENER,1,2.8046311776363404,2.800510216829568,-6.072595454649843
2025-03-02,MANTENER,1,2.751559113648101,2.83898510792704,6.026572976536393
2025-03-03,MANTENER,1,3.9350772136425607,3.094653595027199,2.017111115687697
2025-03-04,MANTENER,2,4.7927814474742725,3.441784058291321,2.929333113030097
2025-03-05,MANTENER,2,4.570426641302273,3.7708951187407096,7.146671317723374
2025-03-06,MANTENER,2,4.507177161717925,4.111404315557026,4.466599829949125
2025-03-07,MANTENER,2,4.293727891451672,4.4198380711177405,-8.298739492668261
2025-03-08,MANTENER,2,4.263196415582445,4.485461911505718,0.1032652952652313
2025-03-09,MANTENER,2,4.063559407384946,4.339617503487852,-7.89472909032547
2025-03-10,MANTENER,2,4.451158266598871,4.315763828547172,-14.32080659435666
2025-03-11,MANTENER,2,4.323479332956832,4.2790242627949535,-8.22052003631164
2025-03-12,MANTENER,2,4.449982922290472,4.310275268962713,-3.543986227799145
2025-03-13,MANTENER,2,4.241091642489664,4.305854314344157,-6.087097308878064
2025-03-14,MANTENER,2,4.178227694301257,4.32878797172742,4.093735160867595
2025-03-15,MANTENER,2,4.12491085866398,4.263538490140441,7.138692974722538
2025-03-16,MANTENER,1,3.926461398437625,4.1841349032366,-0.341538286009424
2025-03-17,MANTENER,1,3.808526129728655,4.055843544724236,0.4211355898174673
2025-03-18,MANTENER,1,3.6680594715986015,3.941237110546024,2.017096597689161
2025-03-19,MANTENER,1,3.5418955003678896,3.81397067175935,3.3782263954028835
2025-03-20,MANTENER,1,3.7132413062631184,3.731636761279178,-0.208787381555453
2025-03-21,MANTENER,1,3.6939096742368487,3.685126416439023,1.7567718090351292
2025-03-22,MANTENER,1,3.521275143873214,3.627676219267934,-0.2896860734770357
2025-03-23,MANTENER,1,3.3603762118563063,3.566139567319476,3.9536086765098233
2025-03-24,MANTENER,1,3.3075840902237728,3.519277285290652,0.7395225985785459
2025-03-25,MANTENER,1,3.197080584564227,3.4160451409508736,3.8510107235506297
2025-03-26,MANTENER,1,3.054703167826204,3.288203839668745,3.343673683492554
2025-03-27,MANTENER,1,2.931968152004173,3.1703424412949364,3.9121125589199215
2025-03-28,MANTENER,1,2.806925506846453,3.059652300292966,-1.996722972880427
2025-03-29,MANTENER,1,2.9093334837945064,2.9800021790071125,-5.764592841067895
2025-03-30,MANTENER,1,2.877498296460824,2.916085721386432,-6.052484564180283
2025-03-31,MANTENER,1,2.759105991335795,2.8569662860883502,-5.137717579331635
2025-04-01,MANTENER,0,2.645136087006251,2.799599873088766,-2.330216376498484
2025-04-02,MANTENER,1,2.718773946664226,2.7819695610523203,-2.23870565876414
2025-04-03,MANTENER,1,2.821950885627256,2.764493041418871,0.609827991252665
2025-04-04,MANTENER,1,2.7109245589270445,2.7311782939121145,1.8165097318746604
2025-04-05,MANTENER,0,2.6115646215875743,2.7016700199624704,1.1513062438057275
2025-04-06,MANTENER,0,2.513085220714788,2.675259846704178,-8.518468331860696
2025-04-07,MANTENER,1,3.2438573809390943,2.780276533559152,-4.02027174348234
2025-04-08,MANTENER,1,3.121334015383081,2.8401531595103164,-8.577345018861315
2025-04-09,MANTENER,1,3.245577428147272,2.9470837333543622,-1.5261306552739384
2025-04-10,MANTENER,2,4.005094756157729,3.2257897602683925,-4.756163906107069
2025-04-11,MANTENER,2,4.003130022044985,3.5237987205344323,6.425143995929972
2025-04-12,MANTENER,2,4.082265135275648,3.691480271401743,7.360096188706855
2025-04-13,MANTENER,1,3.944704405757877,3.8561543494767023,9.275418601194652
2025-04-14,COMPRAR,1,3.812627377407473,3.969564339328744,2.355877944501117
2025-04-15,SALIR,1,3.643211623456047,3.8971877127884063,4.952600639663984
2025-04-16,MANTENER,1,3.493063432795064,3.795174394938422,0.7513605845590021
2025-04-17,COMPRAR,1,3.333205467508157,3.645362461384924,-0.4599288862822348
2025-04-18,MANTENER,1,3.1950419255667946,3.495429965346708,0.9109701878161404
2025-04-19,MANTENER,1,3.059675945098551,3.344839678884923,0.6143953356220422
2025-04-20,MANTENER,1,2.9320813915363155,3.2026136325009764,1.7831355026407536
2025-04-21,MANTENER,1,2.806340547754311,3.0652690554928257,4.063494306072712
2025-04-22,MANTENER,1,2.8172425801745504,2.9620764780261046,9.59157192760678
2025-04-23,MANTENER,1,3.4105440056464054,3.0051768940420267,10.39195123542207
2025-04-24,MANTENER,1,3.2546658644287763,3.044174877908072,9.929967173895626
2025-04-25,MANTENER,1,3.1085267076673344,3.0794639411342755,10.623064966445206
2025-04-26,MANTENER,1,2.980000267215837,3.114195885026581,7.82985970875778
2025-04-27,MANTENER,1,2.8519017204663,3.12112771308493,0.3343577734943537
2025-04-28,MANTENER,1,2.7535145345549465,2.989721818866639,1.3564498239137637
2025-04-29,MANTENER,0,2.6668097771979085,2.872150601420465,0.3623175075453844
2025-04-30,MANTENER,0,2.573814375130163,2.765208134913031,-0.5432643879975885
2025-05-01,MANTENER,0,2.4729237588782444,2.663792833245512,1.931014631454176
2025-05-02,MANTENER,0,2.489733015411872,2.591359092234627,3.3100108108005344
2025-05-03,MANTENER,0,2.395791825895821,2.519814550502802,0.956725754064358
2025-05-04,MANTENER,0,2.3380490356913417,2.4540624022014885,0.0330725065520454
2025-05-05,MANTENER,0,2.325841678678315,2.404467862911119,0.5723506791129651
2025-05-06,MANTENER,0,2.243977026677497,2.3586785164709694,0.3208993424415496
2025-05-07,MANTENER,0,2.262511006519747,2.3132341146925444,0.1260683812313701
2025-05-08,MANTENER,0,2.182932596150975,2.270662268743575,7.385008572696172
2025-05-09,MANTENER,1,2.8877005341779123,2.380592568440889,8.779535563124341
2025-05-10,MANTENER,1,2.7677297196729738,2.4689701766398207,9.984273407302524
2025-05-11,MANTENER,1,2.699292883842817,2.560033348072885,7.274048457347604
2025-05-12,MANTENER,0,2.598653150286258,2.6272617768261872,5.786722614198325
2025-05-13,MANTENER,0,2.5347857511688536,2.697632407829763,0.8951854415760963
2025-05-14,MANTENER,0,2.465878203221493,2.6132679416384788,0.5506398772640253
2025-05-15,MANTENER,0,2.383419250440576,2.5364058477919995,-0.9131545672106612
2025-05-16,MANTENER,0,2.29498983864338,2.455545238752112,-0.5944942820681476
2025-05-17,MANTENER,0,2.216050173703114,2.379024643435484,0.3671124497365952
2025-05-18,MANTENER,0,2.1437788832396456,2.3008232698496416,2.1615507648249377
2025-05-19,MANTENER,0,2.2872667400858737,2.265100977222518,1.976453691500879
2025-05-20,MANTENER,0,2.225613201259205,2.233539767386244,2.894195688796408
2025-05-21,MANTENER,0,2.17233976584576,2.20900975282672,5.808139250349065
2025-05-22,MANTENER,0,2.255438228869569,2.2168873638600104,7.899500373507706
2025-05-23,MANTENER,0,2.243153842891534,2.2367623557903884,0.7877026437675738
2025-05-24,MANTENER,0,2.546481907319538,2.288605389237121,2.04787272843987
2025-05-25,MANTENER,0,2.4490758452536245,2.333297918036005,2.0798056125507003
2025-05-26,MANTENER,0,2.3791557351112624,2.3746611118891057,-0.2169703517338916
2025-05-27,MANTENER,0,2.292290698026933,2.3820316057205786,-2.427876403490714
2025-05-28,MANTENER,0,2.2170307912849934,2.3768069953992703,0.4784340810294551
2025-05-29,MANTENER,0,2.177116214932396,2.302933856921842,-2.014188967303632
2025-05-30,MANTENER,0,2.216250480385073,2.256368783948132,-4.729536211183394
2025-05-31,MANTENER,0,2.2092007538218,2.222377787690239,-4.487213869554729
2025-06-01,MANTENER,0,2.139079523599928,2.1917355528048383,-3.114707683652007
2025-06-02,MANTENER,0,2.0861423664472127,2.1655578678372818,-1.7978415567295514
2025-06-03,MANTENER,0,2.0195564188416024,2.134045908619123,-0.1983085613970203
2025-06-04,MANTENER,0,1.965980283437204,2.083991869229549,0.702740508561206
2025-06-05,MANTENER,0,1.9256745577930383,2.027286630023797,-2.9700845031742418
2025-06-06,MANTENER,0,2.1379444065407016,2.027059606611952,-1.201445725110517
2025-06-07,MANTENER,0,2.2338140699188385,2.056593947306277,-0.2514515039543141
2025-06-08,MANTENER,0,2.182367911859846,2.0891562459099253,0.3419842624753144
2025-06-09,MANTENER,0,2.1084075899562023,2.1176417072137257,5.174589137765118
2025-06-10,MANTENER,0,2.4251788864894093,2.217542572953,8.200930479776325
2025-06-11,MANTENER,0,2.334251632040825,2.256804018053024,4.033156312357811
2025-06-12,MANTENER,0,2.305513211387475,2.271143846346752,0.2963250291250219
2025-06-13,MANTENER,0,2.3885369269341634,2.312377649361616,0.2806437877275414
2025-06-14,MANTENER,0,2.2996413089342216,2.350624393157219,-4.47010819422573
2025-06-15,MANTENER,0,2.229029469945719,2.3113945098484807,-4.361218556058155
2025-06-16,MANTENER,0,2.1516517355051183,2.27487453054134,-1.7541172973867702
2025-06-17,MANTENER,0,2.1075042281536582,2.2352727338945764,-1.261534249034746
2025-06-18,MANTENER,0,2.1608191438482405,2.189729177277392,-1.144835018087775
2025-06-19,MANTENER,0,2.0889335379780376,2.147587623086155,-0.7500316665485229
2025-06-20,SALIR,0,2.0245083597622027,2.106683401049452,-2.147362439117373
2025-06-21,MANTENER,0,2.0178660504015054,2.079926264028729,-4.343434344181141
2025-06-22,MANTENER,0,1.9915293755511327,2.056731293508224,-3.516104395186304
2025-06-23,COMPRAR,0,1.9829064341413585,2.021148751566847,0.6599298660352915
2025-06-24,MANTENER,0,2.380824088308368,2.079526861632913,1.2920449798212277
2025-06-25,MANTENER,0,2.294761666966305,2.133577523073734,3.8469068857704514
2025-06-26,MANTENER,0,2.241565318336244,2.1783173766606816,4.496170773106556
2025-06-27,MANTENER,0,2.169288035889414,2.2138691087283378,5.866175063053092
2025-06-28,MANTENER,0,2.096251291883703,2.236538080276807,1.6438929836491312
2025-06-29,MANTENER,0,2.0289301845933307,2.1661592995337995,2.1825465241169795
2025-06-30,MANTENER,0,1.98599899196824,2.104406764534186,-0.2106531899588759
2025-07-01,SALIR,0,1.9715631092121653,2.0504063227093705,-1.1866300693030851
2025-07-02,COMPRAR,0,1.972636969920375,2.011076109515563,1.6401470480724711
2025-07-03,MANTENER,0,2.1223287635170984,2.016291603842242,2.1388220947930137
2025-07-04,MANTENER,0,2.061904183457949,2.022886403615165,-0.3245863002703686
2025-07-05,MANTENER,0,2.064034287303352,2.038493462682188,1.0176634973094068
2025-07-06,MANTENER,0,1.9989945482465896,2.043979750489073,3.2886072273793587
2025-07-07,MANTENER,0,1.9559736963037009,2.0406470957657383,-0.515262591004273
2025-07-08,MANTENER,0,1.925806270438812,2.0013425971500807,-0.6383449951597342
2025-07-09,MANTENER,0,1.8777248326249631,1.9645067269834835,3.0018714470653407
2025-07-10,MANTENER,0,1.9426191276706728,1.940223695056948,6.9210375065488
2025-07-11,MANTENER,0,2.286026850913698,1.9976301555903693,7.3108233115815935
2025-07-12,MANTENER,0,2.2377431051659733,2.053984037362824,8.098313489289488
2025-07-13,MANTENER,0,2.1605951608252045,2.1009418154401027,8.920722089809097
2025-07-14,MANTENER,0,2.130139844978998,2.1514248179109097,7.3770667408131985
2025-07-15,MANTENER,0,2.0661151256899486,2.176124017514764,1.531473083191237
2025-07-16,MANTENER,0,2.090867072420324,2.1370920618160896,1.0340724425565997
2025-07-17,MANTENER,0,2.035970928154758,2.096737626413846,1.566927517495209
2025-07-18,MANTENER,0,1.9760386098040423,2.059826316209614,-0.9386824195917852
2025-07-19,MANTENER,0,1.957505437418941,2.0252994346976028,-1.6062661974261871
2025-07-20,MANTENER,0,1.901512714820576,1.992378952523728,-0.4053115452544276
2025-07-21,MANTENER,0,1.86177457028056,1.946560452095776,-1.100002193386196
2025-07-22,MANTENER,0,1.8125338499289587,1.901873036450616,0.5897332446140879
2025-07-23,MANTENER,0,1.8858851104445256,1.8838423365787125,0.6350250516103273
2025-07-24,MANTENER,0,1.8732365470199253,1.866988558498909,0.3622593801631879
2025-07-25,MANTENER,0,1.8289571608425783,1.8524774477033088,0.2852632367364549
2025-07-26,MANTENER,0,1.7987593619857492,1.839874406044348,0.4314844194015066
2025-07-27,MANTENER,0,1.7552618785522554,1.828420011769007,-0.4568275173205904
2025-07-28,MANTENER,0,1.7542390070294798,1.8020907910859976,-0.70178279297064
2025-07-29,MANTENER,0,1.7739047390344391,1.7822244294889005,-0.3773767925361326
2025-07-30,MANTENER,0,1.7323911129646268,1.76291121991331,0.1658870873352924
2025-07-31,MANTENER,0,1.6951613099049274,1.7421916094971457,-1.8734924390301444
2025-08-01,MANTENER,0,1.7707673254441003,1.7452926988755144,-5.266881740944562
2025-08-02,MANTENER,0,1.8774756614835115,1.769940029766321,-4.685196128503755
2025-08-03,MANTENER,0,1.846621225456621,1.7844833270507574,-3.191861750956626
2025-08-04,MANTENER,0,1.8524530525458995,1.808495714967012,-2.369598472861334
2025-08-05,MANTENER,0,1.8151461433056515,1.8324926816471567,-1.4065132128065372
2025-08-06,MANTENER,0,1.795678027834157,1.837474822125168,1.495914366479134
2025-08-07,MANTENER,0,1.764448868822171,1.8148694635929,4.321950781603867
2025-08-08,MANTENER,0,1.841259298243047,1.813797078150185,2.1403902547380227
2025-08-09,MANTENER,0,1.8131213107593915,1.8059307297928835,1.2337356740506067
2025-08-10,MANTENER,0,1.770309725039777,1.7969634461397086,4.425954537841648
2025-08-11,MANTENER,0,1.8771832707058893,1.813264494714056,3.1688603718350805
2025-08-12,MANTENER,0,1.8373547811419924,1.82784567717802,2.2519654160179314
2025-08-13,MANTENER,0,1.824185341065182,1.8244308857424465,5.546777366721578
2025-08-14,MANTENER,0,1.9516471321255768,1.852136050015684,1.5832905423096122
2025-08-15,MANTENER,0,2.3442515624167832,1.9669244174910847,-1.6125106945898082
2025-08-16,MANTENER,0,2.2790440372706127,2.0472965708040296,-1.049945355452664
2025-08-17,MANTENER,0,2.198017236682026,2.119429061912036,-2.289280542893124
2025-08-18,MANTENER,0,2.123475276474134,2.1792870489938267,-5.921476968697981
2025-08-19,SALIR,0,2.0876804400288025,2.206493710574472,-4.7834546650531
2025-08-20,MANTENER,0,2.259249883307639,2.189493374752643,-2.696729794575603
2025-08-21,MANTENER,0,2.2111143497912926,2.175907437256779,-4.4131486854047
2025-08-22,COMPRAR,0,2.210329975509251,2.178369985022224,-0.4941618967825079
2025-08-23,SALIR,0,2.458749689922952,2.2454248677119875,-0.758106733862185
2025-08-24,MANTENER,0,2.4092140218378533,2.309731584073797,0.5543795035094945
2025-08-25,MANTENER,0,2.391319017895577,2.336145410991385,-3.699537210060555
2025-08-26,MANTENER,0,2.5135693855249404,2.3966364181381143,-0.5497920914571353
2025-08-27,MANTENER,0,2.457504962480362,2.446071415532337,-4.956840080861902
2025-08-28,MANTENER,0,2.3730284383663887,2.4289271652210247,-2.4830463156758853
2025-08-29,MANTENER,0,2.310819387742334,2.4092482384019207,-4.550846503991757
2025-08-30,MANTENER,0,2.556911323920111,2.4423666996068274,-1.2024688706452125
2025-08-31,MANTENER,0,2.4574997605312165,2.4311527746080825,-3.2414722738739243
2025-09-01,MANTENER,0,2.373191786845707,2.414290139481152,-1.7884497170493674
2025-09-02,MANTENER,0,2.3003274868903243,2.399749949185938,-1.201575522262921
2025-09-03,MANTENER,0,2.280990631290593,2.3937841978955903,3.009643506843851
2025-09-04,MANTENER,0,2.202594551011355,2.322920843313839,1.7451512566035277
2025-09-05,MANTENER,0,2.152919882293702,2.262004867666336,2.2060366107545804
2025-09-06,MANTENER,0,2.0820231508829075,2.2037711404737763,0.8876698264389304
2025-09-07,MANTENER,0,2.022357158893603,2.148177074874432,-0.0296523961413441
2025-09-08,MANTENER,0,1.974555460943047,2.086890040804923,0.3111951475219143
2025-09-09,MANTENER,0,1.9291671764398548,2.032204565890623,0.7261496480287732
2025-09-10,MANTENER,0,1.8849259138696173,1.978605772205806,2.9425824523357846
2025-09-11,COMPRAR,0,1.9481024605463269,1.95182163413849,4.68148340921104
2025-09-12,MANTENER,0,1.9334594195731536,1.9340420862744,4.3426354356080665
2025-09-13,MANTENER,0,1.8826817772817463,1.91566734954214,3.402701019732035
2025-09-14,MANTENER,0,1.833629647480759,1.8965598437503208,3.417218081022355
2025-09-15,MANTENER,0,1.7970792552214718,1.878990512020692,1.2986356028227064
2025-09-16,MANTENER,0,1.753402285444173,1.8400504770002608,1.149695694433639
2025-09-17,MANTENER,0,1.7485221435105736,1.8030630217877448,0.3155435837534526
2025-09-18,MANTENER,0,1.714788466283368,1.7694843595880692,1.0182480758379242
2025-09-19,MANTENER,0,1.6840480192633134,1.73956803394458,0.2433643475997726
2025-09-20,MANTENER,0,1.708548529731591,1.721861888846604,0.2397282197305728
2025-09-21,MANTENER,0,1.6723748873370738,1.705656409225184,-1.3242480908353116
2025-09-22,SALIR,0,1.646592969140733,1.685270574351216,-3.246117344064814
2025-09-23,MANTENER,0,1.789125788682164,1.7001380388309753,-4.471759683101517
2025-09-24,MANTENER,0,1.7640468244743823,1.716137799873189,-2.061248777171265
2025-09-25,MANTENER,0,1.7556843659463066,1.725564967116132,-5.939045224646122
2025-09-26,MANTENER,0,2.1462741647433,1.8203448225973773,-4.97239784509258
2025-09-27,MANTENER,0,2.080819345782617,1.907190097925754,-2.75749724640324
2025-09-28,MANTENER,0,2.0150357452091803,1.952372089231157,0.0964950593100866
2025-09-29,COMPRAR,0,2.0665612617918514,2.0128749766946514,0.9412572305055988
2025-09-30,MANTENER,0,2.0927574552991475,2.08028959456522,4.4890336064431935
2025-10-01,MANTENER,0,2.0301864449381086,2.057072050604181,7.830266340166858
2025-10-02,MANTENER,0,2.3261893280846864,2.1061460470645947,9.55680655931186
2025-10-03,MANTENER,0,2.299126404216429,2.1629641788660448,8.661006636765478
2025-10-04,MANTENER,0,2.2494264718326105,2.199537220874196,6.779768218093096
2025-10-05,MANTENER,0,2.1704990239350903,2.2150855346013847,7.965996275925491
2025-10-06,MANTENER,0,2.1118062672248805,2.2314094990587394,5.016306292017347
2025-10-07,MANTENER,0,2.0626105508834174,2.178693743618485,0.6361204296378986
2025-10-08,MANTENER,0,2.195619510054304,2.15799236478606,0.886195638534204
2025-10-09,MANTENER,0,2.170819172307788,2.142270904881096,-0.5897209204063003
2025-10-10,SALIR,0,2.151362682730362,2.13844363664015,-8.706719574513855
2025-10-11,MANTENER,1,3.1668566574015227,2.349453714675479,-11.853410870725869
2025-10-12,COMPRAR,1,3.1147065465198587,2.559872913802767,-5.31067785981616
2025-10-13,MANTENER,1,3.2146152221406816,2.7636720562200425,-6.777874493726088
2025-10-14,SALIR,1,3.0707259691473943,2.9436534155879635,-7.316750601580324
2025-10-15,MANTENER,1,3.0076499362041424,3.1149108662827194,-2.1708262459711136
2025-10-16,MANTENER,1,2.9652193789307546,3.0745834105885663,-2.394558720948403
2025-10-17,MANTENER,1,2.9508829180819403,3.0418186849009827,-7.85647733587318
2025-10-18,MANTENER,1,2.878984834679814,2.974692607408809,-7.260648597531372
2025-10-19,MANTENER,1,2.7626709820686592,2.913081609993062,-4.015189206545422
2025-10-20,MANTENER,1,2.678278916599138,2.8472074060720614,-0.1754823036215214
2025-10-21,MANTENER,1,2.6231499797137734,2.7787935262286654,0.2684831573468216
2025-10-22,MANTENER,1,2.6047278751502514,2.709562517642328,1.1401109107998408
2025-10-23,MANTENER,0,2.5161515711182023,2.6369958649300047,2.643397318306917
2025-10-24,MANTENER,0,2.5091943459027206,2.5863005376968173,2.1550257004065543
2025-10-25,MANTENER,0,2.4239851929713905,2.535441792971268,0.9474883158343772
2025-10-26,COMPRAR,0,2.3365614495040528,2.4781240869293235,5.37969810766441
2025-10-27,SALIR,0,2.380048821070554,2.433188276113384,5.800104049207988
2025-10-28,MANTENER,0,2.296071376719864,2.3891722372337165,2.58857719804908
2025-10-29,MANTENER,0,2.245012247363818,2.336335817525936,-0.8852747770539793
2025-10-30,MANTENER,0,2.3402893856940468,2.319596656070467,-3.0338503617777235
2025-10-31,MANTENER,0,2.3235368375022016,2.316991733670097,-4.38968101662951
2025-11-01,MANTENER,0,2.2637249902085945,2.293726967497705,-3.618248213842001
2025-11-02,MANTENER,0,2.186495889337416,2.271811870021215,-2.072151681828771
2025-11-03,MANTENER,0,2.116095211392307,2.246028462826913,-3.23918942535304
2025-11-04,MANTENER,0,2.405862417151249,2.2591430691183536,-6.400611283651969
2025-11-05,MANTENER,1,2.8074273476776312,2.35592117115344,-5.308701271105676
2025-11-06,MANTENER,1,2.7760774022594283,2.4583916535636066,-8.29630203753986
2025-11-07,MANTENER,1,2.796271577239404,2.580346791144004,-6.794023563998586
2025-11-08,MANTENER,1,2.749417861134608,2.707011321092464,-4.0856264953175625
2025-11-09,MANTENER,1,2.6636899327119066,2.7585768242045954,3.0336432284112647
2025-11-10,MANTENER,1,2.656272583966558,2.728345871462381,2.005664029882581
2025-11-11,MANTENER,0,2.573136433040489,2.6877576776185927,1.660527631383424
2025-11-12,MANTENER,1,2.655800319368355,2.659663426044383,-1.6672796297577008
2025-11-13,MANTENER,1,2.590301277498887,2.62784010931724,-2.5594327059963007
2025-11-14,MANTENER,0,2.5771938608970792,2.6105408949542737,-10.376903789623348
2025-11-15,MANTENER,1,3.0685874361061813,2.6930038653821984,-10.376620073394882
2025-11-16,MANTENER,1,2.955135994811932,2.769403777736487,-8.952759271902977
2025-11-17,MANTENER,1,2.8735520084006065,2.8129541155429374,-9.88568287926963
2025-11-18,MANTENER,1,2.8564906747603924,2.866191994995238,-7.009091225280351
2025-11-19,MANTENER,1,2.747962235464746,2.900345669908772,-3.155041881602294
2025-11-20,MANTENER,1,2.6938136802399466,2.8253909187355246,-9.79726684463813
2025-11-21,MANTENER,1,3.1508973666529414,2.864543193103726,-10.145922045674816
2025-11-22,MANTENER,1,3.074894532987172,2.90481169802104,-8.430271013408408
2025-11-23,MANTENER,1,2.9473864777653564,2.922990858622033,-6.838529711839136
2025-11-24,MANTENER,1,2.925426056407004,2.958483622810484,-3.5560561607741903
2025-11-25,MANTENER,1,2.844892662834008,2.988699419329296,0.8162104567116302
2025-11-26,MANTENER,1,2.7518020379272534,2.9088803535841588,6.183518295274126
2025-11-27,MANTENER,1,2.865419721459812,2.866985391278687,7.548486145491751
2025-11-28,MANTENER,1,2.7539359670287378,2.828295289131362,4.630760810149681
2025-11-29,MANTENER,1,2.645493475616272,2.7723087729732163,2.8822471663712435
2025-11-30,MANTENER,0,2.5396274504953515,2.7112557305054854,3.435115604733241
2025-12-01,MANTENER,0,2.4487273829650977,2.650640799513054,-4.747326992007928
2025-12-02,MANTENER,1,2.8127799510088534,2.640112845422862,0.0709917841728469
2025-12-03,MANTENER,1,3.239188963518516,2.737163444720818,2.828684662798153
2025-12-04,MANTENER,1,3.177301655198314,2.8435250806372268,1.4097652388993964
2025-12-05,MANTENER,1,3.0808925512362824,2.9517781007854125,-1.1197615013548656
2025-12-06,MANTENER,1,3.1189822140348564,3.085829066999364,3.361257697797093
2025-12-07,MANTENER,1,2.9823078826033256,3.119734653318259,-1.0393844666317875
2025-12-08,MANTENER,1,2.8770261880809267,3.047302098230741,-3.1360910698337463
2025-12-09,MANTENER,1,2.755232163386499,2.9628881998683783,0.5952254865793094
2025-12-10,MANTENER,1,2.7287385103879,2.8924573916987013,2.9032481994834214
2025-12-11,MANTENER,1,2.6310040936445627,2.794861767620642,3.5639098165537675
2025-12-12,MANTENER,0,2.528730613577052,2.704146313815388,-0.1496895512623552
2025-12-13,MANTENER,0,2.570031374181109,2.642747351035424,-0.3774672736803097
2025-12-14,MANTENER,0,2.468670210356936,2.585434960429512,-4.9953536452918
2025-12-15,MANTENER,0,2.5095377235544283,2.541594803062817,-6.279961831937087
2025-12-16,MANTENER,0,2.50985764430535,2.517365513194976,-5.176885149244015
2025-12-17,MANTENER,0,2.461685990813824,2.503956588642329,-4.679226308114792
2025-12-18,MANTENER,0,2.4620131752072743,2.482352948847562,-5.504541033455013
2025-12-19,MANTENER,0,2.386669339343785,2.465952774644932,-0.0814584348225011
2025-12-20,MANTENER,0,2.4854327356492587,2.4611317770638985,2.2021685487013443
2025-12-21,MANTENER,0,2.3902015280312856,2.437200553809085,0.8814976618863213
2025-12-22,MANTENER,0,2.301983957511487,2.405260147148618,2.687222470082773
2025-12-23,MANTENER,0,2.221034129505792,2.357064338008322,2.257767824564283
2025-12-24,MANTENER,0,2.188429491727232,2.31741636848501,-0.5593400618701949
2025-12-25,MANTENER,0,2.114228003929425,2.2431754221410443,-1.26356135964798
2025-12-26,MANTENER,0,2.053277730977129,2.175790662730213,-1.5010473382083944
2025-12-27,MANTENER,0,1.9890383598454,2.113201543196996,-0.7803668857318868
2025-12-28,MANTENER,0,1.9351249709660563,2.056019711489049,0.4814118654545396
2025-12-29,MANTENER,0,1.880221238433544,1.9943780608303112,-0.5422846332098885
2025-12-30,MANTENER,0,1.853855828480772,1.9423036257405808,1.3610109332319098
2025-12-31,MANTENER,0,1.8574029837436024,1.9031286762938755,0.237284170169616
2026-01-01,MANTENER,0,1.8481467926443675,1.8749503628536688,1.0534355796371742
2026-01-02,COMPRAR,0,1.8460820238841948,1.857141773437296,2.3725413367655435
2026-01-03,MANTENER,0,1.8420497583037527,1.849507477411338,3.899471187738434
2026-01-04,MANTENER,0,1.8050905099554384,1.839754413706272,3.3180304016200424
2026-01-05,MANTENER,0,1.7779119349439505,1.823856203946341,7.030490174686399
2026-01-06,MANTENER,0,1.9214113865613367,1.8385091227297348,5.478755837481408
2026-01-07,MANTENER,0,1.8697393990660536,1.8432405977661064,1.5044020994468
2026-01-08,MANTENER,0,2.0259001264354803,1.880010671392452,0.4668144474564428
2026-01-09,MANTENER,0,1.9687354334652096,1.9127396560944063,-0.9898475622549086
2026-01-10,MANTENER,0,1.9241198680004663,1.9419812427057093,-3.7948020663417736
2026-01-11,MANTENER,0,1.8718573695475504,1.932070439302952,-3.144630005081872
2026-01-12,MANTENER,0,1.8255651559242096,1.9232355906745835,-0.1260951837986468
2026-01-13,MANTENER,0,1.7815336961848065,1.8743623046244484,4.610080008624706
2026-01-14,MANTENER,0,2.2303131940926746,1.9266778567499407,6.848752805763247
2026-01-15,MANTENER,0,2.2105662946187974,1.983967142073608,5.556553644238171
2026-01-16,MANTENER,0,2.1935347842765687,2.048302625019411,5.042754698939156
2026-01-17,MANTENER,0,2.1192835337252185,2.1070463005796127,4.19500939687314
2026-01-18,MANTENER,0,2.0583574859427154,2.162411058531195,-1.786018472087214
2026-01-19,MANTENER,0,2.066771682826556,2.129702756277971,-4.619426830435813
2026-01-20,SALIR,0,2.044540001236863,2.0964974976015847,-7.8798485084425
2026-01-21,MANTENER,0,2.523837168995878,2.162557974545446,-6.652627877238615
2026-01-22,MANTENER,0,2.4504146426093425,2.228784196322271,-6.110912894530252
2026-01-23,MANTENER,0,2.3571677156223263,2.2885462422581933,-4.511623395625541
2026-01-24,MANTENER,0,2.2706274189721114,2.3293173894873043,-3.790806581820583
2026-01-25,MANTENER,0,2.1978423858585296,2.3599778664116373,-1.9884649125177845
2026-01-26,MANTENER,0,2.337514912728218,2.322713415158105,-1.2495036334014389
2026-01-27,MANTENER,0,2.327885597340801,2.298207606104397,-0.4030837538536502
2026-01-28,MANTENER,0,2.258896410357131,2.278553345051358,-0.3573874368916208
2026-01-29,MANTENER,0,2.1793065497876194,2.26028917121446,-5.239970624944235
2026-01-30,MANTENER,1,2.74970624698619,2.370661943439992,-2.863171531719644
2026-01-31,MANTENER,1,2.644144271134804,2.431987815121309,-11.572757514049492
2026-02-01,MANTENER,1,3.383788249796772,2.643168345612504,-14.63146938522879
2026-02-02,MANTENER,1,3.3102207223190288,2.8534332080048825,-12.520765019500857
2026-02-03,MANTENER,1,3.231398895048067,3.0638516770569724,-11.15801700659027
2026-02-04,MANTENER,1,3.3592716865841727,3.185764764976569,-14.161793857811311
2026-02-05,MANTENER,1,3.4173033469937684,3.340396580148361,-22.62454273365737
2026-02-06,MANTENER,2,5.95712333934903,3.8550635980588135,-8.707540375588607
2026-02-07,MANTENER,2,6.803981284873732,4.553815710569754,-12.731571472645696
2026-02-08,MANTENER,2,6.48073550988035,5.20368303353621,-7.3630009466732815
2026-02-09,MANTENER,2,6.158919854307215,5.763612667080819,-4.051010894694329
2026-02-10,MANTENER,2,5.842199725082036,6.248591942698473,9.272106149360582
2026-02-11,MANTENER,2,5.581753246444748,6.173517924117617,-5.182534115224513
2026-02-12,MANTENER,2,5.373234145948393,5.887368496332549,-4.517430661432975
2026-02-13,MANTENER,2,5.117315435502934,5.614684481457065,-2.02257731419202
2026-02-14,MANTENER,2,5.01157135781102,5.385214782157826,-0.5049124652101611
2026-02-15,MANTENER,2,4.775171132588998,5.171809063659219,-0.0083927131083072
2026-02-16,MANTENER,2,4.564383850018037,4.968335184373876,2.725807655954071
2026-02-17,MANTENER,2,4.338541640709387,4.761396683326074,1.9031571534089409
2026-02-18,MANTENER,2,4.182166257878532,4.574366847801195,-3.5965830083281247
2026-02-19,MANTENER,2,4.017992634054117,4.3756511030498135,-4.111163715642618
2026-02-20,MANTENER,1,3.830815849634108,4.186780046458836,-1.1444601430914858
2026-02-21,MANTENER,1,3.678024622958599,4.009508201046948,-1.226773888150845
2026-02-22,MANTENER,1,3.505494827934759,3.8428988384920233,0.2444210820474524
2026-02-23,MANTENER,1,3.349660680460322,3.676397723008381,-2.760483005495296
2026-02-24,MANTENER,1,3.5463179252445194,3.5820627812464614,-4.3925466488401455
2026-02-25,MANTENER,1,3.395959057388424,3.495091422797324,-0.0666299334161735
2026-02-26,MANTENER,1,3.740246520377106,3.507535802281025,-0.8120555174217614
2026-02-27,MANTENER,1,3.5749231465538096,3.521421466004836,-2.6623976975672647
2026-02-28,MANTENER,1,3.502519754283178,3.551993280769407,3.615733336095417
2026-03-01,MANTENER,1,3.378304206781468,3.5183905370767965,2.5545716544453256
2026-03-02,MANTENER,1,3.29012301062908,3.497223327724928,1.193155247583988
2026-03-03,MANTENER,1,3.4497903042246447,3.439132084494436,1.2374241886986326
2026-03-04,MANTENER,1,3.3020888438724803,3.3845652239581705,9.862469783036689
2026-03-05,MANTENER,1,3.7300778908165695,3.430076851264848,5.580887653869482
2026-03-06,MANTENER,1,3.6629416935766734,3.48700434862389,3.5834241564085545
2026-03-07,MANTENER,1,3.726781117563716,3.574335970010817,-2.2099759994546275
2026-03-08,MANTENER,1,3.580043321038395,3.6003865733735667,-3.4619989865754874
2026-03-09,MANTENER,1,3.4794934622071847,3.635867497040508,-6.107921727570442
2026-03-10,MANTENER,1,3.507567318563102,3.591365382589814,-1.2988970131333488
2026-03-11,MANTENER,1,3.41267434144844,3.541311912164168,2.9904932929545325
2026-03-12,MANTENER,1,3.2574919931139283,3.4474540872742105,4.67670242562761
2026-03-13,MANTENER,1,3.1122366203206693,3.353892747130665,7.303603676728265
2026-03-14,MANTENER,1,2.9801203153826643,3.254018117765761,4.029054416631972
2026-03-15,COMPRAR,1,2.852154448964699,3.12293554384608,4.012667899166011
2026-03-16,MANTENER,1,2.8124981982567725,3.0029003152077465,6.421634426956224
2026-03-17,MANTENER,1,2.831587021185546,2.91771932082207,4.74969771959266
2026-03-18,MANTENER,1,2.74956595556421,2.8451851878707783,0.3899941723965128
2026-03-19,SALIR,1,2.9121200538934104,2.831585135572928,-1.8449609856373783
2026-03-20,COMPRAR,1,2.8633042629193177,2.833815098363852,-3.1644376087948345
2026-03-21,SALIR,1,2.75265667082938,2.8218467928783726,-8.5717287827892
2026-03-22,MANTENER,1,2.7832775095250444,2.8121848905462725,-8.57881293506999
2026-03-23,COMPRAR,1,2.705460883311978,2.803363876095826,-0.4652762082583805
2026-03-24,MANTENER,1,2.946269247865814,2.810193714890307,0.861740743334849
2026-03-25,MANTENER,1,2.828403589472455,2.8032135802009344,1.110190026671276
2026-03-26,SALIR,1,2.7285177489986414,2.798385795834787,0.1165087090313932
2026-03-27,MANTENER,1,2.8815545157576987,2.818041197081317,-2.246026250880817
2026-03-28,MANTENER,1,3.0165955527041515,2.880268130959752,-6.699307712264613
2026-03-29,MANTENER,1,2.8857938060609247,2.8681730425987744,-6.68944954246502
2026-03-30,MANTENER,1,2.771807365293728,2.856853797763029,-6.695823817425328
2026-03-31,MANTENER,1,2.675803965641658,2.846311041091632,-0.8149109204259375
2026-04-01,MANTENER,1,2.661104128762984,2.8022209636926894,2.5893716226928376
2026-04-02,MANTENER,0,2.555916468240768,2.7100851468000124,0.8541188577192216
2026-04-03,MANTENER,0,2.5307312174178604,2.6390726290713995,1.4692248623394022
2026-04-04,MANTENER,0,2.431967115912964,2.571104579195247,0.8942611387713129
2026-04-05,COMPRAR,0,2.343776622591238,2.504699110585163,1.091123001998362
2026-04-06,MANTENER,0,2.3841442778882143,2.449307140410209,1.1410707480671078
2026-04-07,MANTENER,0,2.2976427537793125,2.397652397517918,7.2814106798198
2026-04-08,MANTENER,1,2.6099249673836047,2.413491147511067,6.075206999279459
2026-04-09,MANTENER,0,2.539233850091709,2.434944494346816,6.441699948517865
2026-04-10,MANTENER,0,2.4527887557032204,2.456746920969212,5.6328242143857565
2026-04-11,MANTENER,0,2.412281160639448,2.462374297519459,5.91296747558836
2026-04-12,MANTENER,0,2.3217031574276885,2.467186378249134,-1.6641531748778249
2026-04-13,MANTENER,0,2.4843485679944206,2.442071098371297,4.617711262635638
2026-04-14,MANTENER,1,2.890441849632744,2.512312698279504,3.307996797944668
2026-04-15,MANTENER,1,2.77283078963926,2.5763211050667123,2.471340120964705
2026-04-16,MANTENER,1,2.6676019712887085,2.6273852671965643,2.8311859878025203
2026-04-17,MANTENER,0,2.561754870836427,2.6753956098783123,8.625111287243925
2026-04-18,MANTENER,1,2.587921058244413,2.6961101079283103,1.653141001370173
2026-04-19,MANTENER,0,2.5651478908589045,2.6310513161735427,-0.439425582222519
2026-04-20,MANTENER,1,2.607179833222962,2.597921124890283,1.416883676630576
2026-04-21,MANTENER,1,2.638220660657833,2.592044862764108,1.5849859781180695
2026-04-22,MANTENER,0,2.537331721148772,2.5871602328265766,1.385751557612025
2026-04-23,MANTENER,0,2.5468554492378868,2.578947111025272,3.302666451494396
2026-04-24,MANTENER,0,2.446933926303684,2.555304318114227,4.757914560916632
2026-04-25,SALIR,0,2.3843742231056826,2.510743196090772,2.266764691695045
2026-04-26,MANTENER,0,2.295891136107333,2.442277291180672,2.9739124443143083
2026-04-27,MANTENER,0,2.248322923122933,2.384475531575504,-1.075382263813296
2026-04-28,MANTENER,0,2.2451196553092334,2.324128372789773,-2.481418099118926
2026-04-30,MANTENER,0,2.216858466892282,2.278113280907493,-2.3187232407300584
