Date,return_pct,volatility,shock_std,vol_trend_5,ret_5d,regime,vol_change,regime_future,regime_future_ml
2015-01-07,2.80729729527458,6.968862682779618,0.3845143379649355,7.270016702834499,-6.794887357406765,2,-0.252161504201049,2.0,2.0
2015-01-08,-3.804603850823263,6.662705552053594,-0.5901917013349448,7.199371853311574,0.8032905642347821,2,-0.30615713072602446,2.0,2.0
2015-01-09,2.4607444672523293,6.444247516456708,0.3620399103009799,6.962324051611981,9.459930005611472,2,-0.21845803559688548,2.0,2.0
2015-01-10,-5.525782685593139,6.157298497435795,-0.918170909268821,6.690827687141277,0.1172432538173673,2,-0.28694901902091363,2.0,2.0
2015-01-11,-3.3811658286022173,6.120932129205329,-0.573251823247188,6.470809275586208,-7.44351060249171,2,-0.036366368230465795,2.0,2.0
2015-01-12,0.800814975810038,5.916040845532652,0.1137830719815459,6.260244908136815,-9.449992921956252,2,-0.20489128367267728,2.0,2.0
2015-01-13,-17.03057269491355,5.616526841450607,-3.054955999270011,6.051009166016217,-22.675961766046537,2,-0.2995140040820443,2.0,2.0
2015-01-14,-23.755771549530547,7.705324996503502,-3.0996020589404507,6.303224662025577,-48.89247778282942,2,2.0887981550528947,2.0,2.0
2015-01-15,16.400235279402953,10.644372815598713,1.5287481833705994,7.200639525658161,-26.96645981783332,2,2.9390478190952107,2.0,2.0
2015-01-16,-0.83600518607998,11.376114262295363,-0.0847103710720438,8.251675952276168,-24.421299175311084,2,0.7317414466966508,2.0,2.0
2015-01-17,-4.339384068730556,10.77409971437982,-0.4146103954472933,9.2232877260456,-29.56149821985168,2,-0.6020145479155428,2.0,2.0
2015-01-18,5.411005929718193,10.302918344055158,0.5127999736433588,10.16056602656651,-7.119919595219937,2,-0.471181370324663,2.0,2.0
2015-01-19,2.1270735850477784,9.904579444767764,0.2018666134953324,10.600416916219364,18.76292553935839,2,-0.39833889928739374,2.0,2.0
2015-01-20,-1.664134942574513,9.401193173257887,-0.1905933198041725,10.351780987751198,0.6985553173809222,2,-0.5033862715098767,2.0,2.0
2015-01-21,7.114626123199219,8.922081906450236,0.7831083061130559,9.860974516582171,8.649186626660121,2,-0.47911126680765115,2.0,2.0
2015-01-22,2.828326756390531,8.748994073550085,0.3086820106688738,9.455953388416225,15.816897451781209,2,-0.17308783290015128,2.0,2.0
2015-01-23,-0.2260455630802127,8.333097276501038,-0.0424470308914674,9.061989174905404,10.179845958982805,2,-0.41589679704904725,2.0,2.0
2015-01-24,6.229262485473264,7.89489624654181,0.7728528178833136,8.660052535260212,14.282034859408288,2,-0.4382010299592274,2.0,2.0
2015-01-25,2.341180238004448,7.737492381955512,0.2860759603110578,8.327312376999737,18.28735003998725,2,-0.15740386458629807,2.0,2.0
2015-01-26,7.497944406522539,7.366585646719007,1.000500786326722,8.01621312505349,18.67066832331057,2,-0.3709067352365052,2.0,2.0
2015-01-27,-3.724435725045616,7.379138524396339,-0.5220264380113089,7.742242015222741,12.11790584187442,2,0.012552877677332042,2.0,2.0
2015-01-28,-11.900073718364457,7.103845856498755,-1.6931312469003308,7.4963917312222845,0.4438776865901772,2,-0.2752926678975838,2.0,2.0
2015-01-29,-0.1720020633391605,7.781520168298852,-0.0385106934499795,7.473716515573693,-5.957386862222247,2,0.6776743118000965,2.0,2.0
2015-01-30,-3.0823974429389445,7.373743631278337,-0.4353374999043012,7.400966765438258,-11.38096454316564,2,-0.4077765370205144,2.0,2.0
2015-01-31,-4.038043738172892,7.065161499247159,-0.5896133319887743,7.340681935943889,-22.91695268786107,2,-0.30858213203117835,2.0,2.0
2015-02-01,4.279332203631991,6.831611737365633,0.6077134779904664,7.231176578537747,-14.913184759183462,2,-0.23354976188152587,2.0,2.0
2015-02-02,4.840574994570179,6.614711322150549,0.7124884353382346,7.133349671668105,1.8274639537511737,2,-0.2169004152150844,2.0,2.0
2015-02-03,-4.710245086441045,6.455070153064079,-0.7494751638882846,6.868059668621152,-2.7107790693507106,2,-0.15964116908646986,2.0,2.0
2015-02-04,-0.1827744845303236,6.318740834710846,-0.0491306997846763,6.657059109307653,0.1888438890579102,2,-0.1363293183532326,2.0,2.0
2015-02-05,-4.389350799334935,5.993044946300278,-0.7537104283792303,6.4426357987182765,-0.1624631721041325,2,-0.32569588841056785,2.0,2.0
2015-02-06,2.346618327569683,5.870632077856497,0.3779744027056865,6.25043986681645,-2.095177048166441,2,-0.12241286844378152,2.0,2.0
2015-02-07,2.439119754380581,5.615751247491666,0.4116012227172605,6.050647851884674,-4.49663228835604,2,-0.2548808303648311,2.0,2.0
2015-02-08,-1.9248477480192427,5.381543249180719,-0.3813994104328245,5.835942471108002,-1.7112349499342372,2,-0.2342079983109464,2.0,2.0
2015-02-09,-1.4890187808608069,5.151447203710669,-0.3138318983708715,5.602483744907966,-3.0174792462647204,2,-0.23009604547005047,2.0,2.0
2015-02-10,-0.1231943361006848,4.919402789313069,-0.05099480999659,5.387755313510524,1.2486772169695293,2,-0.23204441439759993,2.0,2.0
2015-02-11,-0.297936986906766,4.673451115885922,-0.0910690303140393,5.148319121116409,-1.3958780975069196,2,-0.24595167342714674,2.0,2.0
2015-02-12,1.1697676548013014,4.4432371462497136,0.2345357553656228,4.913816300868019,-2.665230197086199,2,-0.23021396963620866,2.0,2.0
2015-02-13,5.978710744575189,4.23786313316069,1.380658338008742,4.685080277664013,5.238328295508232,2,-0.20537401308902314,2.0,2.0
2015-02-14,8.892349379425557,4.455409301894959,1.967199669233703,4.545872697300871,15.619696455794596,2,0.2175461687342688,2.0,2.0
2015-02-15,-9.148384584019986,5.101174071841025,-1.8184155505811368,4.582226953806462,6.594506207875295,2,0.6457647699460658,2.0,2.0
2015-02-16,-0.4190582960673872,5.702150980293936,-0.095881005675552,4.787966926688065,6.473384898714674,2,0.6009769084529113,2.0,2.0
2015-02-17,4.091862847771832,5.413456469223123,0.7322850374566137,4.982010791282747,9.395480091685204,2,-0.2886945110708137,2.0,2.0
2015-02-18,-3.0356363592726865,5.29673890507297,-0.597217663623187,5.193785945665202,0.3811329878373293,2,-0.11671756415015277,2.0,2.0
2015-02-19,1.6605190341726583,5.131906222403417,0.2986900565415537,5.329085329766894,-6.850697357415569,2,-0.16483268266955253,2.0,2.0
2015-02-20,1.444469055157871,4.898258814065752,0.2688300946735487,5.28850227821184,3.742156281762288,2,-0.2336474083376654,2.0,2.0
2015-02-21,0.3092238871982289,4.672381729492306,0.0388568878298661,5.082548428051514,4.470438465027904,2,-0.22587708457344569,1.0,2.0
2015-02-22,-3.561998071591699,4.44047609246505,-0.8309171514941041,4.887952352699899,-3.183422454335627,2,-0.23190563702725608,1.0,2.0
2015-02-23,1.2277195944320418,4.388072594742401,0.2506909118397548,4.706219090633786,1.0799334993691012,2,-0.05240349772264885,2.0,2.0
2015-02-24,-0.0657407084102779,4.187673129310421,-0.0461856445990465,4.517372472015186,-0.646326243213835,2,-0.20039946543198006,2.0,1.0
2015-02-25,-0.5312847871440596,3.984400278277348,-0.1653835999293695,4.334600764857505,-2.622080085515765,2,-0.20327285103307302,1.0,1.0
2015-02-26,-0.4406063968622753,3.798781390924646,-0.1495943074420988,4.159880697143973,-3.3719103695762698,1,-0.18561888735270227,2.0,1.0
2015-02-27,7.102164294766755,3.6230211450569954,1.9250493831219435,3.996389707662362,7.292251996782184,1,-0.1757602458676506,2.0,1.0
2015-02-28,0.1712282492501771,4.128114564061756,0.0105516874924829,3.944398101526233,6.23576065160032,2,0.5050934190047602,2.0,1.0
2015-03-01,2.308907017458761,3.927916346244946,0.5553166490184993,3.892446744913138,8.610408377469358,2,-0.2001982178168098,1.0,1.0
2015-03-02,5.774631039705636,3.8059921055701142,1.4837028581862295,3.856765110371691,14.916324204319054,1,-0.12192424067483154,1.0,2.0
2015-03-03,2.1645212985012208,4.061445856535831,0.5015089935980342,3.909298003493929,17.52145189968255,2,0.25545375096571643,1.0,1.0
2015-03-04,-3.104098668249211,3.921240619111407,-0.8241698627049806,3.9689418983048106,7.315188936666583,2,-0.1402052374244236,1.0,1.0
2015-03-05,1.1236844892018816,3.8777300659540974,0.2568551182842033,3.9188649986832793,8.267645176618288,2,-0.04351055315730967,1.0,1.0
2015-03-06,-1.2589019563884918,3.7066109757289984,-0.3740807006467189,3.8746039245800894,4.699836202771035,1,-0.17111909022509897,1.0,1.0
2015-03-07,1.288942303374352,3.5602690349131603,0.3261755270597539,3.8254593104486982,0.2141474664397513,1,-0.14634194081583818,1.0,1.0
2015-03-08,-0.6926764001895513,3.4151929856066734,-0.2402048956190555,3.696208736262868,-2.6430502322510208,1,-0.14507604930648688,1.0,1.0
2015-03-09,5.41055553911578,3.269090289283037,1.6160109991447713,3.565778670297193,5.87160397511397,1,-0.14610269632363648,1.0,1.0
2015-03-10,0.7406767027843486,3.560578006054562,0.1721650325607062,3.5023482583172862,5.488596188696437,1,0.2914877167715253,1.0,1.0
2015-03-11,1.570745332394985,3.400470032443566,0.424375349345739,3.4411200696602,8.318243477479914,1,-0.16010797361099627,1.0,1.0
2015-03-12,-0.6855895378802934,3.2780189725218345,-0.2480947240191443,3.3846700571819346,6.343711636225269,1,-0.12245105992173144,1.0,1.0
2015-03-13,-3.111218037934105,3.140727172241731,-1.0312540805826635,3.329776894508946,3.9251699984807153,1,-0.13729180028010335,1.0,1.0
2015-03-14,-1.2171736547596623,3.179530792015568,-0.4229691162525806,3.3118649950554526,-2.702559195394727,1,0.03880361977383684,2.0,1.0
2015-03-15,1.5865791211225222,3.068506176236996,0.4754461496553341,3.213450629091939,-1.8566567770565532,1,-0.11102461577857214,2.0,1.0
2015-03-16,1.455860602341552,2.9713032187150445,0.4470061889135989,3.1276172663462347,-1.9715415071099864,1,-0.0972029575219513,2.0,1.0
2015-03-17,-1.7664059044772529,2.874888742003184,-0.6588343928727192,3.0469912202425045,-3.0523578737069457,1,-0.09641447671186043,2.0,1.0
2015-03-18,-10.791478367740217,2.8199997773686176,-3.8720386185158,2.982845741267882,-10.732618203513056,1,-0.054888964634566495,1.0,1.0
2015-03-19,1.789976631377943,4.45371629549737,0.3732404236483308,3.2376828419642423,-7.72546791737545,2,1.633716518128752,1.0,2.0
2015-03-20,0.3141460438573773,4.268410275400553,0.0436875458048249,3.4776636617969543,-8.997900994640595,2,-0.1853060200968164,2.0,1.0
2015-03-21,-0.6608245488491704,4.060305520891434,-0.1941957863094716,3.695464122232232,-11.114586145831318,2,-0.2081047545091197,2.0,1.0
2015-03-22,3.005992698487692,3.8725793448175176,0.7432573403312135,3.8950022427950985,-6.342187542866373,2,-0.18772617607391595,2.0,1.0
2015-03-23,-0.4563319168048529,3.803982228285226,-0.1535237433286174,4.09179873297842,3.9929589080689887,1,-0.06859711653229184,1.0,1.0
2015-03-24,-8.25905218532661,3.628163442522596,-2.3115612051734096,3.9266881623834657,-6.056069908635564,1,-0.17581878576262966,1.0,1.0
2015-03-25,0.2448211017894941,4.399590197698378,0.0266278044290923,3.95292414684303,-6.125394850703447,2,0.7714267551757814,1.0,2.0
2015-03-26,0.943954680202186,4.1834602059630654,0.1951219721420155,3.977555083857356,-4.520615621652091,2,-0.2161299917353121,1.0,1.0
2015-03-27,-0.6065833740134252,3.988738687489337,-0.1840815119710491,4.000786952391721,-8.133191694153208,2,-0.19472151847372832,1.0,1.0
2015-03-28,2.3085000457077958,3.804303684683561,0.5732534918416128,4.000851243671387,-5.36835973164056,1,-0.18443500280577618,1.0,1.0
2015-03-29,-4.071110245965492,3.69189907400548,-1.1372954233678734,4.013598369967964,-1.1804177922794423,1,-0.11240461067808116,1.0,1.0
2015-03-30,1.9635966134509355,3.772290875988897,0.4866875326873146,3.888138505626068,0.5383577193819988,1,0.08039180198341711,1.0,1.0
2015-03-31,-1.3429797994593429,3.6424397949353926,-0.4037539552311142,3.7799344234205337,-1.74857676027953,1,-0.1298510810535043,1.0,1.0
2015-04-01,1.2403125199170972,3.5041100625563044,0.3175250850050001,3.683008698433927,0.0983191336509925,1,-0.1383297323790882,1.0,1.0
2015-04-02,2.2920312531112152,3.361087855732384,0.6439467433089662,3.594365532643692,0.0818503410544124,1,-0.14302220682392042,1.0,1.0
2015-04-03,0.5191934481623584,3.283413691341131,0.1192429009959472,3.512668456110822,4.672154035182263,1,-0.07767416439125308,1.0,1.0
2015-04-04,-0.2460539074355061,3.1372599421436886,-0.119124200341898,3.38566226934178,2.462503514295822,1,-0.14615374919744228,1.0,1.0
2015-04-05,2.683829306360952,3.0002103330711605,0.8519934765064665,3.257216376968934,6.489312620116117,1,-0.13704960907252817,1.0,1.0
2015-04-06,-1.978784394901289,2.986827185678374,-0.7052480570146873,3.153759801593348,3.27021570529773,1,-0.013383147392786565,1.0,1.0
2015-04-07,-0.9090445919443192,2.937498863069891,-0.3529241421724026,3.069042003060849,0.0691398602421955,1,-0.04932832260848308,1.0,1.0
2015-04-08,-3.275265389486304,2.830856676294135,-1.202086665997554,2.97853060005145,-3.7253189774064666,1,-0.10664218677575565,1.0,1.0
2015-04-09,-0.5508562383289117,2.9271527111806,-0.2318040702742407,2.9365091538588324,-4.030121308299872,1,0.09629603488646499,1.0,1.0
2015-04-10,-3.170258338758991,2.8097749396183627,-1.173733869818044,2.8984220751682725,-9.884208953419815,1,-0.1173777715622375,1.0,1.0
2015-04-11,0.2031195556136289,2.8961712987041404,0.0260515948108311,2.880290897773426,-7.702305002904897,1,0.0863963590857777,1.0,1.0
2015-04-12,-0.168816563569063,2.7722862292129804,-0.1069464743149058,2.847248371002044,-6.962076974529641,1,-0.12388506949115996,1.0,1.0
2015-04-13,-5.021671457956245,2.6581649706167063,-1.937178914519592,2.8127100298665577,-8.708483042999582,1,-0.11412125859627409,1.0,1.0
2015-04-14,-2.44657067673959,3.0481039210712706,-0.8445382499530696,2.836900271844692,-10.60419748141026,1,0.3899389504545643,1.0,1.0
2015-04-15,2.11027266361059,3.031517924094747,0.6539967893363497,2.8812488687399687,-5.323666479040679,1,-0.01658599697652363,1.0,1.0
2015-04-16,2.095542078042989,2.9692269063294536,0.6627558168124762,2.8958599902650315,-3.4312439566113184,1,-0.06229101776529333,1.0,1.0
2015-04-17,-2.521312519580743,2.9113073178333706,-0.9098943892976497,2.92366420798911,-5.783739912622998,1,-0.05791958849608303,1.0,1.0
2015-04-18,0.212442326608464,2.9157639419605617,0.0290739078536079,2.9751840022578806,-0.5496261280582893,1,0.004456624127191056,1.0,1.0
2015-04-19,-0.3390457413688708,2.790631181328892,-0.1672436755270727,2.9236894543094047,1.55789880731243,1,-0.12513276063166945,1.0,1.0
2015-04-20,0.90603622167853,2.6778393451087688,0.2906696208879118,2.852953738512209,0.3536623653803694,1,-0.11279183622012345,1.0,0.0
2015-04-21,4.629269993654095,2.5806416823624643,1.7443724752581875,2.7752366937188118,2.8873902809914758,1,-0.09719766274630448,1.0,0.0
2015-04-22,-0.465658091082588,2.875764135328452,-0.2063200379442287,2.768128057217828,4.94304470948963,1,0.29512245296598794,1.0,1.0
2015-04-23,0.9714594733087444,2.759818678672403,0.3057410276234579,2.736939004560196,5.702061856189911,1,-0.11594545665604938,1.0,1.0
2015-04-24,-2.2210307810531127,2.6589026371057,-0.88333450902391,2.7105932957155576,3.8200768165056687,1,-0.10091604156670275,1.0,0.0
2015-04-25,-2.1318061379512088,2.661910020052869,-0.8488175014808964,2.707407430704378,0.7822344568759299,1,0.0030073829471688462,1.0,0.0
2015-04-26,-3.1225931376802407,2.6564709742819232,-1.2235265672330025,2.722573289088269,-6.969628674458406,1,-0.005439045770945672,1.0,1.0
2015-04-27,4.393687124600199,2.757738572338865,1.5469259823802362,2.6989681764903524,-2.110283458775619,1,0.10126759805694174,1.0,1.0
2015-04-28,-1.507693138911126,2.9830766063413248,-0.5482134819708473,2.7436197620241365,-4.58943607099549,1,0.22533803400245977,1.0,1.0
2015-04-29,-0.0208106801160568,2.9023200188434166,-0.0511591945716092,2.7923032383716797,-2.3892159700584337,1,-0.08075658749790815,1.0,1.0
2015-04-30,4.476096650210959,2.7783438110622765,1.5651147847362146,2.8155899965735616,4.218686818103734,1,-0.12397620778114016,1.0,1.0
2015-05-01,-1.73682328997824,3.0125550687687834,-0.618907512677363,2.886806815470933,5.604456665805735,1,0.23421125770650697,1.0,1.0
2015-05-02,1.2209757927329257,2.943800128399449,0.3713927816459226,2.92401912668305,2.431745333938462,1,-0.0687549403693346,1.0,1.0
2015-05-03,2.284191943443492,2.838941650982971,0.7596219063747843,2.8951921356113792,6.22363041629308,1,-0.10485847741647802,1.0,1.0
2015-05-04,-0.5590600314612892,2.807208286873893,-0.2446308345231701,2.876169789217475,5.685381064947848,1,-0.03173336410907801,1.0,1.0
2015-05-05,-1.2194490570728966,2.698249626013745,-0.4992565248679718,2.8601509522077686,-0.010164642336008,1,-0.10895866086014783,1.0,0.0
2015-05-06,-2.7213371532452517,2.623937094567416,-1.0857755826467217,2.782427357367495,-0.9946785056030194,1,-0.0743125314463291,1.0,0.0
2015-05-07,3.233740691424458,2.6821609952650896,1.1580479406235051,2.730099530740623,1.0180863930885131,1,0.05822390069767369,0.0,0.0
2015-05-08,2.7138189042092087,2.762507335142719,0.9361601313679664,2.714812667572573,1.4477133538542295,1,0.08034633987762962,0.0,1.0
2015-05-09,-0.8363345997192795,2.77697984333284,-0.3471412572441805,2.708766978864362,1.1704387855962397,1,0.014472508190120692,0.0,0.0
2015-05-10,-0.6371754642038319,2.6791127342309538,-0.2854844922606113,2.704939600507804,1.7527123784653045,1,-0.09786710910188612,0.0,0.0
2015-05-11,0.771890674817044,2.5813990006638963,0.249562737187986,2.6964319817271,5.2459402065276,1,-0.09771373356705748,0.0,0.0
2015-05-12,-0.4328871534384326,2.4871236455272,-0.2253835786908136,2.6574245117795217,1.579312361664709,0,-0.09427535513669616,0.0,0.0
2015-05-13,-1.9833570375609175,2.397416078779308,-0.8805424851712929,2.58440626050684,-3.1178635801054178,0,-0.08970756674789193,0.0,0.0
2015-05-14,0.2332538373417847,2.406487767158963,0.0438747972649802,2.5103078452720644,-2.048275143044353,0,0.009071688379654663,0.0,0.0
2015-05-15,0.2849091256635461,2.315735229896237,0.0679004444016518,2.4376323444051207,-1.1261905531769756,0,-0.09075253726272603,0.0,0.0
2015-05-16,-0.6129713522271096,2.2317209976944405,-0.3318699010446582,2.36769674381123,-2.511052580221129,0,-0.08401423220179627,0.0,0.0
2015-05-17,0.2744457633568231,2.1665194357640565,0.0677474138920106,2.303575901858601,-1.8037196634258732,0,-0.06520156193038407,0.0,0.0
2015-05-18,-1.5636672562722609,2.0932670237294304,-0.8079890962481948,2.2427460908486254,-1.3840298821372166,0,-0.07325241203462607,0.0,0.0
2015-05-19,-0.5078760472612132,2.0978936455742967,-0.3029446812229908,2.181027266531692,-2.1251597667402145,0,0.0046266218448662855,0.0,0.0
2015-05-20,0.8889134295102963,2.039636310936336,0.3732252416725224,2.125807482739712,-1.5211554628934645,0,-0.05825733463796068,0.0,0.0
2015-05-21,0.5650190252098675,1.990701854860504,0.2196960583047651,2.0776036541729246,-0.3431650854564871,0,-0.04893445607583202,0.0,0.0
2015-05-22,2.103965439267608,1.9353508295191184,1.0211563374903103,2.0313699329239374,1.4863545904542974,0,-0.055351025341385585,0.0,0.0
2015-05-23,-0.6160084501104279,1.9853996215415963,-0.374573519848874,2.0097964524863707,2.4340133966161304,0,0.05004879202247792,0.0,0.0
2015-05-24,0.8674087312006584,1.940301489125575,0.3812495433877146,1.9782780211966264,3.809298175078002,0,-0.04509813241602134,0.0,0.0
2015-05-25,-1.6077734830485468,1.898877174845536,-0.913931232875421,1.9501261939784664,1.3126112625191588,0,-0.04142431428003901,0.0,0.0
2015-05-26,0.002529049072919,1.929415587852644,-0.064859341943737,1.9378689405768936,0.7501212863822104,0,0.030538413007108023,0.0,0.0
2015-05-27,0.0704080120142336,1.8740682235510964,-0.0305547373906664,1.9256124193832893,-1.2834361408711636,0,-0.05534736430154763,0.0,0.0
2015-05-28,0.0526658396228008,1.8227611276705693,-0.0411484717748407,1.893084720609084,-0.6147618511379349,0,-0.051307095880527065,0.0,0.0
2015-05-29,-0.1315106996626625,1.7756635382022057,-0.1459625478158454,1.8601571304244104,-1.6136812820012558,0,-0.04709758946836362,0.0,0.0
2015-05-30,-1.594704270682712,1.7343018482994732,-0.9931223603368544,1.8272420651151973,-1.600612069635421,0,-0.04136168990273248,0.0,0.0
2015-05-31,-1.3612984892928282,1.7840542199874834,-0.8345980447501785,1.7981697915421655,-2.964439608001168,0,0.049752371688010166,0.0,0.0
2015-06-01,-3.206521063768797,1.8057265986480655,-1.8464537990978875,1.7845014665615593,-6.241368683784199,0,0.021672378660582137,0.0,0.0
2015-06-02,1.2823055324273192,2.065510793926557,0.5590074190778322,1.833051399812757,-5.01172899097968,0,0.2597841952784916,0.0,0.0
2015-06-03,0.0314380179571749,2.034013980113347,-0.0473112070126935,1.8847214881949848,-4.848780273359843,0,-0.0314968138132099,0.0,0.0
2015-06-04,-0.6885832118475932,1.9703865556800837,-0.4142602800103312,1.931938429671107,-3.942659214524724,0,-0.06362742443326352,0.0,0.0
2015-06-05,0.2795569450764645,1.929646406200472,0.0787124885426572,1.961056866913705,-2.3018037801554314,0,-0.0407401494796118,0.0,0.0
2015-06-06,0.2960722881837796,1.8744887544747864,0.0898392232787409,1.9748092980790493,1.200789571797145,0,-0.05515765172568554,0.0,0.0
2015-06-07,-1.2209768590978776,1.823871336099192,-0.7394417066827356,1.926481406513576,-1.3024928197280516,0,-0.0506174183755943,0.0,0.0
2015-06-08,2.48500802334366,1.8295671937056213,1.288467762767464,1.8855920492320315,1.1510771856584334,0,0.005695857606429211,0.0,0.0
2015-06-09,0.2443544510369655,1.938843911777536,0.0601826562164864,1.8792835204515217,2.084014848542992,0,0.10927671807191475,0.0,0.0
2015-06-10,-0.1070262598419802,1.8826980216998992,-0.1246593620293402,1.8698938435514072,1.6974316436245471,0,-0.05614589007763682,0.0,0.0
2015-06-11,0.393454085390843,1.8321891164205768,0.1450638520727913,1.8614339159405653,1.7948134408316108,0,-0.05050890527932239,0.0,0.0
2015-06-12,0.1205136684347962,1.7862401216726778,-0.004006183667811,1.8539076730552624,3.1363039683642846,0,-0.04594899474789904,0.0,0.0
2015-06-13,1.0467578165981095,1.7419682422686371,0.5276147520141429,1.8363878827678652,1.698053761618734,0,-0.04427187940404065,0.0,0.0
2015-06-14,0.4897611391449175,1.72728788289631,0.2096300612615505,1.79407667699162,1.943460449726686,0,-0.014680359372327034,0.0,0.0
2015-06-15,1.3946807230270863,1.6920086729770123,0.7488206584430844,1.755938807247043,3.4451674325957526,0,-0.03527920991929778,0.0,0.0
2015-06-16,5.772152352003612,1.7058740322760415,3.308850812410516,1.730675790418136,8.823865699208522,0,0.013865359299029212,0.0,0.0
2015-06-17,-0.6441746888821598,2.4767585587746463,-0.3116348828531162,1.8687794778385296,8.059177341891566,0,0.7708845264986048,0.0,0.0
2015-06-18,-0.1111771339154188,2.3939871012646097,-0.0997694633468491,1.999183249637724,6.901242391378037,0,-0.08277145751003667,0.0,0.0
2015-06-19,-1.7832259441455278,2.305159406580992,-0.8289646317418,2.1147575543746604,4.628255308087592,0,-0.08882769468361751,0.0,0.0
2015-06-20,0.2474401130184489,2.306146345454518,0.0519353157346192,2.237585088870161,3.4810146980789547,0,0.0009869388735257445,0.0,0.0
2015-06-21,-0.5184473648919941,2.222572749541859,-0.2907068123921743,2.3409248323233247,-2.809585018816652,0,-0.08357359591265912,0.0,0.0
2015-06-22,1.240918046262518,2.154891268188085,0.5166146377128111,2.2765513742060124,-0.9244922836719738,0,-0.06768148135377361,0.0,0.0
2015-06-23,-1.0967245914400792,2.1130277870584275,-0.5794501489171631,2.2203595113647765,-1.910039741196634,0,-0.041863481129657654,0.0,0.0
2015-06-24,-1.5598171178905496,2.081426491481154,-0.810735713816516,2.1756129283448087,-1.6866309149416558,0,-0.031601295577273536,0.0,0.0
2015-06-25,0.9451468843974632,2.0869973500227683,0.3917001667259014,2.131783129258459,-0.9889241435626416,0,0.005570858541614321,0.0,0.0
2015-06-26,0.3268956967133363,2.0364470704569606,0.0978301990591886,2.0945579934414797,-0.1435810819573113,0,-0.05055027956580771,0.0,0.0
2015-06-27,2.991023864998521,1.973445197738083,1.4509418320019227,2.0582687793514785,1.6065247367786917,0,-0.0630018727188777,0.0,0.0
2015-06-28,-0.791604101802168,2.127578717327814,-0.4320750949200052,2.061178965405356,1.9116452264166028,0,0.15413351958973087,0.0,0.0
2015-06-29,3.1827984516985097,2.078161681159341,1.4701112069187603,2.0605260033409936,6.654260796005662,0,-0.049417036168472706,0.0,0.0
2015-06-30,2.3102661546717584,2.241788672312333,0.9735959982273662,2.0914842677989065,8.019380066279957,0,0.16362699115299195,0.0,0.0
2015-07-01,-1.7064046599051252,2.275402043735504,-0.8060440744490036,2.139275262454615,5.986079709661496,0,0.03361337142317078,0.0,0.0
2015-07-02,-1.2485740380607346,2.2729018324464847,-0.6055007272427673,2.1991665893962957,1.7464818066022405,0,-0.0025002112890191164,0.0,0.0
2015-07-03,0.3611140537128854,2.2363625062724,0.1043857507989452,2.220923347185212,2.8991999621172937,0,-0.03653932617408451,0.0,0.0
2015-07-04,1.7594399701258645,2.1587959577515377,0.755870553597099,2.237050202503652,1.4758414805446485,0,-0.07756654852086253,0.0,0.0
2015-07-05,4.13986636490371,2.151665603670208,1.8646934187277373,2.219025588775227,3.3054416907766004,0,-0.007130354081329671,0.0,0.0
2015-07-06,-1.0659248530481946,2.4525994334701746,-0.4866650914113651,2.254465066722161,3.945921497633531,0,0.30093382979996663,1.0,0.0
2015-07-07,-1.0548688624993474,2.389936422065456,-0.4947991611904018,2.277871984645955,4.139626673194918,0,-0.06266301140471864,1.0,0.0
2015-07-08,1.7050957210580364,2.33184506167489,0.6764712083777947,2.296968495726453,5.483608340540069,0,-0.05809136039056595,1.0,0.0
2015-07-09,-0.5766569135055022,2.303625056940334,-0.3057470597572055,2.3259343155642127,3.1475114569087026,0,-0.028220004734555992,1.0,0.0
2015-07-10,5.655863250545501,2.231613177187477,2.477218557687361,2.3419238302676666,4.663508342550493,0,-0.07201187975285706,1.0,0.0
2015-07-11,2.8447765197700647,2.8017922700859232,0.9697745526472268,2.411762397590816,8.574209715368752,1,0.5701790928984463,1.0,1.0
2015-07-12,5.880019194966213,2.824936401418736,2.03627576098359,2.498762393461472,15.509097772834313,1,0.0231441313328129,1.0,1.0
2015-07-13,-6.242651475623262,3.2864280523624854,-1.9383723144284009,2.689678991598991,7.561350576153014,1,0.4614916509437492,1.0,1.0
2015-07-14,-1.5841069719805922,3.756628259198744,-0.4556683622410724,2.980279632050673,6.553900517677924,1,0.4702002068362585,1.0,1.0
2015-07-15,-0.5703832709607504,3.621535892065096,-0.1927505252473784,3.258264175026197,0.3276539961716729,1,-0.1350923671336477,1.0,1.0
2015-07-16,-2.745259721551641,3.459289297762905,-0.8304970034875577,3.3897635805615933,-5.262382245150032,1,-0.16224659430219113,1.0,1.0
2015-07-17,0.4960886812377829,3.4286354749134285,0.1074535363984866,3.510503395260532,-10.646312758878462,1,-0.030653822849476597,1.0,1.0
2015-07-18,-1.6491018120761147,3.2730364263704037,-0.5428511189786774,3.507825070062116,-6.052763095331315,1,-0.15559904854302475,1.0,1.0
2015-07-19,-0.4692632405765451,3.177646253175886,-0.1878537972617225,3.392028668857544,-4.937919363927268,1,-0.09539017319451792,1.0,1.0
2015-07-20,1.9425230515445868,3.04175302254606,0.5966471845858337,3.2760720949537365,-2.42501304142193,1,-0.13589323062982572,1.0,1.0
2015-07-21,-1.1347996066651156,2.967310199689741,-0.4254591519397426,3.177676275339104,-0.8145529265354057,1,-0.07444282285631898,1.0,1.0
2015-07-22,0.5022936197976335,2.868075730119945,0.130618568201104,3.0655643263804078,-0.8083479879755551,1,-0.09923446956979598,1.0,1.0
2015-07-23,-0.4240147770213198,2.7486027684131527,-0.2007145076757865,2.960677594788957,0.4167390470792398,1,-0.11947296170679245,0.0,0.0
2015-07-24,4.334691796585766,2.6403798747449447,1.593339716905366,2.853224319102769,5.220694084241551,1,-0.10822289366820792,0.0,1.0
2015-07-25,0.1452319075485597,2.8773749582371084,0.0061035608380666,2.8203487062409787,3.4234029402455235,1,0.2369950834921637,0.0,1.0
2015-07-26,1.3722713943767673,2.7546138107878133,0.4518243955161844,2.7778094284605928,5.930473941287406,1,-0.12276114744929512,0.0,1.0
2015-07-27,0.3199635296651237,2.6706029797874047,0.0720039094854156,2.738314878394085,5.748143851154897,1,-0.08401083100040863,0.0,0.0
2015-07-28,0.2731088083621102,2.5622734325518297,0.0567617538695836,2.70104901122182,6.445267436538327,0,-0.10832954723557497,0.0,0.0
2015-07-29,-1.6564984356815415,2.4609609584908774,-0.7249883847050821,2.6651652279710065,0.4540772042710195,0,-0.10131247406095234,0.0,0.0
2015-07-30,-0.6471433314072073,2.4358829584168524,-0.3180830192054095,2.5768668280069558,-0.3382980346847475,0,-0.025078000074024942,0.0,0.0
2015-07-31,-1.0734349613804817,2.356262006275329,-0.5097500331536403,2.497196467104459,-2.7840043904419964,0,-0.07962095214152365,0.0,0.0
2015-08-01,-1.0769111724396652,2.3019862847383656,-0.5232788982552966,2.4234731280946504,-4.180879092546785,0,-0.05427572153696314,0.0,0.0
2015-08-02,0.359083515518499,2.2525059298715573,0.1027361739707671,2.361519627558596,-4.094904385390397,0,-0.04948035486680835,0.0,0.0
2015-08-03,-0.4919921450150966,2.1737397636626348,-0.2850671592849872,2.304075388592948,-2.930398094723952,0,-0.07876616620892252,0.0,0.0
2015-08-04,1.4091618850608612,2.1090115110952805,0.607626939863552,2.2387010991286336,-0.8740928782558832,0,-0.06472825256735426,1.0,0.0
2015-08-05,-1.176525184182431,2.081396633187981,-0.6265960258722457,2.183728024511164,-0.9771831010578323,0,-0.02761487790729955,1.0,0.0
2015-08-06,-1.1794015540393945,2.0578725824992747,-0.6351565396186939,2.1349052840633456,-1.0796734826575616,0,-0.02352405068870622,1.0,0.0
2015-08-07,0.3611842885058003,2.036786362416986,0.1146485553799889,2.0917613705724314,-1.0775727096702603,0,-0.021086220082288776,1.0,0.0
2015-08-08,-6.879738173945338,1.974153807209464,-3.5495754296305746,2.051844179281797,-7.465318738600501,0,-0.06263255520752198,1.0,0.0
2015-08-09,1.5534065416502152,2.9717717984840584,0.4797598752166882,2.224396236759553,-7.3210740820111475,1,0.9976179912745944,1.0,1.0
2015-08-10,-0.2315186034841154,2.880231209356144,-0.12470814035844,2.3841631519931856,-6.376067501312832,1,-0.09154058912791418,0.0,1.0
2015-08-11,2.212268918500637,2.7597373167410386,0.7553614727815112,2.524536098841538,-2.984397028772801,1,-0.12049389261510557,0.0,0.0
2015-08-12,-1.4941646019162036,2.729750176749367,-0.5941328588114763,2.663128861708014,-4.8397459191948045,1,-0.029987139991671796,0.0,0.0
2015-08-13,-0.8656834399337399,2.6690508623847564,-0.3721746664217646,2.802108272743073,1.1743088148167935,1,-0.0606993143646104,0.0,0.0
2015-08-14,0.6040512802955256,2.580256781417161,0.1846256579148882,2.723805269329693,0.2249535534621038,1,-0.08879408096759533,2.0,0.0
2015-08-15,-1.566327593274064,2.482081030173478,-0.6824907193270386,2.64417523349316,-1.1098554363278446,0,-0.09817575124368316,2.0,0.0
2015-08-16,-1.1706545070411245,2.4482556409304843,-0.5303058062125872,2.581878898331049,-4.492778861869606,0,-0.03382538924299361,2.0,0.0
2015-08-17,-0.2056120054692911,2.391693165381652,-0.1393496811089219,2.5142674960575064,-3.204226265422694,0,-0.056562475548832314,2.0,0.0
2015-08-18,-20.06341623244268,2.304261094806141,-8.76249915966159,2.441309542541783,-22.40195905793163,0,-0.08743207057551095,2.0,0.0
2015-08-19,7.13245563578564,6.914463870831019,1.013062775683682,3.3081509604245545,-15.873554702441515,2,4.610202776024878,2.0,2.0
2015-08-20,3.7516791304678776,6.9369608744392215,0.5224203396309064,4.199126929277703,-10.555547978699575,2,0.02249700360820217,2.0,2.0
2015-08-21,-1.1886837538968464,6.67988152506527,-0.1970623915101569,5.04545210610466,-10.573577225555296,2,-0.25707934937395116,2.0,2.0
2015-08-22,-0.94134337891445,6.347384572224272,-0.1684178800240668,5.836590387473184,-11.309308599000456,2,-0.332496952840998,2.0,2.0
2015-08-23,-0.9686912182081286,6.029203425941356,-0.1818417484352804,6.581578853700227,7.785416415234092,2,-0.3181811462829165,2.0,2.0
2015-08-24,-8.062473359634037,5.730071474005256,-1.4293265051275614,6.344700374335075,-7.409512580185584,2,-0.29913195193609976,2.0,2.0
2015-08-25,5.145266189809483,6.051026317879254,0.8292141286093441,6.167513463023082,-6.015925520843979,2,0.32095484387399775,2.0,2.0
2015-08-26,1.8872365248561171,5.965836096100232,0.2949405283811412,6.024704377230075,-2.940005242091015,2,-0.08519022177902169,2.0,2.0
2015-08-27,-0.4713708157641605,5.687951028549218,-0.1053174486198034,5.892817668495064,-2.4700326789407256,2,-0.27788506755101405,2.0,2.0
2015-08-28,2.9057315980820952,5.400656233089316,0.5143934003101585,5.767108229924655,1.4043901373494982,2,-0.28729479545990166,2.0,2.0
2015-08-29,-0.7008187531501342,5.2048480834332524,-0.1591762937758352,5.662063551810254,8.766044743833401,2,-0.19580814965606397,2.0,2.0
2015-08-30,-0.4444526744575405,4.949008156223191,-0.1156034362511907,5.441659919479042,3.1763258795663774,2,-0.25583992721006155,2.0,2.0
2015-08-31,0.5644959118663806,4.704294080201266,0.0928569154015689,5.189351516299249,1.8535852665766408,2,-0.24471407602192485,1.0,2.0
2015-09-01,-0.8446556918348946,4.472380785136743,-0.2174066594470881,4.946237467616754,1.4803003905059064,2,-0.23191329506452263,1.0,2.0
2015-09-02,0.5085195369725959,4.263473405254032,0.0893285418565601,4.718800902049697,-0.9169116706035928,2,-0.20890737988271102,1.0,1.0
2015-09-03,-0.9205540744851248,4.057091166062566,-0.2583683003454574,4.489249518575559,-1.1366469919385835,2,-0.20638223919146625,1.0,1.0
2015-09-04,1.361828629261641,3.876041594665316,0.318407046127475,4.274656206263985,0.6696343117805981,2,-0.1810495713972502,1.0,1.0
2015-09-05,2.029220950741273,3.7125611963783873,0.5121939210481461,4.076309629499409,2.1343593506554903,1,-0.16348039828692862,1.0,1.0
2015-09-06,2.03056690919432,3.590698959806297,0.5299517603837063,3.89997326443332,5.009581951684705,1,-0.1218622365720905,1.0,1.0
2015-09-07,0.0029201476094975,3.4781135964541683,-0.0358670076085815,3.742901302673346,4.503982562321607,1,-0.11258536335212854,1.0,1.0
2015-09-08,1.5555028445460195,3.3175168468185032,0.4303921384689517,3.5949864388245336,6.980039481352751,1,-0.16059674963566506,1.0,1.0
2015-09-09,-2.2579945075460905,3.2003345478050536,-0.7454421237365094,3.459845029452482,3.3602163445450195,1,-0.11718229901344968,1.0,1.0
2015-09-10,0.1296586674883748,3.153233649059588,0.0006307788361759,3.347979519988722,1.4606540612921215,1,-0.047100898745465525,1.0,1.0
2015-09-11,0.681174434529197,3.0127207125742705,0.1837225594068476,3.232383870542317,0.1112615866269983,1,-0.14051293648531749,1.0,1.0
2015-09-12,-2.052511060196771,2.8867696755988703,-0.7552319650099952,3.114115086371257,-1.9441696211792705,1,-0.12595103697540022,0.0,1.0
2015-09-13,-2.025663112683329,2.852412311782236,-0.75491638366086,3.021094179364004,-5.525335578408619,1,-0.03435736381663412,0.0,1.0
2015-09-14,0.0572490829461536,2.819144407540896,-0.0249794197496621,2.944856151311172,-3.2100919879163747,1,-0.03326790424134041,0.0,1.0
2015-09-15,-0.1475205016576275,2.7002896012476145,-0.1019113564587708,2.8542673417487774,-3.487271157062377,1,-0.11885480629328127,0.0,0.0
2015-09-16,-0.5280859583558062,2.5907517586702937,-0.2531140355683493,2.769873550967982,-4.69653154994738,1,-0.1095378425773208,0.0,0.0
2015-09-17,0.3133550493113368,2.4961264247373207,0.0743894111428459,2.691744900795672,-2.3306654404392724,0,-0.09462533393297301,0.0,0.0
2015-09-18,1.3678307924647193,2.3996510353591103,0.5168089441980457,2.601192645511047,1.062828464708776,0,-0.09647538937821043,0.0,0.0
2015-09-19,-0.6381558728588921,2.3438898664950165,-0.3267327352889302,2.5061417373018715,0.3674235089037303,0,-0.05576116886409377,0.0,0.0
2015-09-20,-0.121455628971212,2.270915222423622,-0.1097025996163628,2.4202668615370726,0.3934883815901457,0,-0.07297464407139431,0.0,0.0
2015-09-21,-1.8010636554186554,2.191016699365098,-0.8802914785700101,2.3403198496760336,-0.8794893154727035,0,-0.07989852305852407,0.0,0.0
2015-09-22,1.543821932437428,2.2059662966022784,0.6419645940110756,2.282287824049025,0.3509775676533877,0,0.014949597237180257,0.0,0.0
2015-09-23,-0.1453637607019331,2.178250467457272,-0.1253452893586119,2.2380077104686573,-1.162216985513265,0,-0.027715829145006587,0.0,0.0
2015-09-24,1.827026927081565,2.1054570874774,0.8071203458630339,2.190321154665134,1.3029658144271927,0,-0.0727933799798719,0.0,0.0
2015-09-25,0.2618803211655418,2.1094590320707365,0.0636232534920408,2.1580299165945567,1.6863017645639466,0,0.004001944593336582,0.0,0.0
2015-09-26,-0.3425043884538681,2.0403599883508265,-0.2304368178043564,2.1278985743917027,3.144861031528734,0,-0.06909904371990994,0.0,0.0
2015-09-27,-0.6778029461708357,1.9818771086419864,-0.4064190544890992,2.083080736799644,0.9232361529204702,0,-0.05848287970884014,0.0,0.0
2015-09-28,2.706250346100969,1.9396735784446304,1.329388975711898,2.035365358997116,3.774850259723373,0,-0.04220353019735601,0.0,0.0
2015-09-29,-1.031893239891879,2.060422519850448,-0.5627791888107853,2.0263584454717254,0.915930092749928,0,0.1207489414058176,0.0,0.0
2015-09-30,-0.2652578554447338,2.029686273693447,-0.1935902779530299,2.010403893796268,0.3887919161396524,0,-0.0307362461570011,0.0,0.0
2015-10-01,0.6287901367532989,1.9702667723779568,0.2543414269284233,1.9963852506016937,1.3600864413468194,0,-0.05941950131549012,0.0,0.0
2015-10-02,-0.1078239631161714,1.9181887881928976,-0.1227687488336626,1.983647586511876,1.930065424401484,0,-0.052077984185059156,0.0,0.0
2015-10-03,0.603752692685422,1.8648497421839696,0.255292964081299,1.968682819259744,-0.1724322290140634,0,-0.053339046008928026,0.0,0.0
2015-10-04,-0.1974859783494764,1.820744522864838,-0.1785838972481942,1.920747219862622,0.6619750325283391,0,-0.04410521931913158,0.0,0.0
2015-10-05,0.8875137866671601,1.7767765054453564,0.4276531741056942,1.870165266213004,1.814746674640233,0,-0.04396801741948164,0.0,0.0
2015-10-06,2.3354148687660725,1.7507146540416345,1.2610537012598393,1.8262548425457392,3.521371406653006,0,-0.02606185140372186,0.0,0.0
2015-10-07,-1.265377602231954,1.8532856618864124,-0.7516635483226244,1.8132742172844425,2.363817767537224,0,0.1025710078447779,0.0,0.0
2015-10-08,-0.2740699397022261,1.859275318994765,-0.2160732248930517,1.8121593326466008,1.485995135149576,0,0.005989657108352642,0.0,0.0
2015-10-09,0.6692257742013652,1.813744817849321,0.2985845056232852,1.8107593916434976,2.3527068877004176,0,-0.0455305011454441,0.0,0.0
2015-10-10,0.4131944378731766,1.775921499501458,0.160775554277765,1.810588390454718,1.8783875389064344,0,-0.0378233183478629,0.0,0.0
2015-10-11,0.8573415850475996,1.7349732037754966,0.4205666744723904,1.8074401004014904,0.4003142551879612,0,-0.04094829572596148,0.0,0.0
2015-10-12,-0.7076199258949423,1.711406630290314,-0.4880719669703969,1.779064294082271,0.958071931524973,0,-0.02356657348518265,0.0,0.0
2015-10-13,1.6976402807395097,1.6951756802167768,0.9261403550230932,1.7462443663266731,2.929782151966709,0,-0.016230950073537143,0.0,0.0
2015-10-14,0.9894468274496582,1.734936693886337,0.4967196532584759,1.7304827415340764,3.250003205215002,0,0.03976101366956031,0.0,0.0
2015-10-15,0.9207915934275056,1.717821860144113,0.4617020759789017,1.7188628136626076,3.757600360769331,0,-0.017114833742224,0.0,0.0
2015-10-16,3.3062418315287445,1.698847779675711,1.8710164589899063,1.7116377288426503,6.206500607250476,0,-0.018974080468401988,0.0,0.0
2015-10-17,2.9133814880569098,1.9556500026518555,1.4244429268235437,1.760486403314959,9.827502021202328,0,0.2568022229761444,0.0,0.0
2015-10-18,-3.38085789053455,2.1018786955730784,-1.6692340868010835,1.8418270063862188,4.749003849928268,0,0.14622869292122287,0.0,0.0
2015-10-19,0.6833295002768303,2.329664012786575,0.2385150059364827,1.9607724701662663,4.44288652275544,0,0.2277853172134967,0.0,0.0
2015-10-20,2.2616842061920828,2.251300091529468,0.9479031870448088,2.067468116443337,5.783779135520017,0,-0.078363921257107,0.0,0.0
2015-10-21,-1.1912782119455123,2.278955519406604,-0.5787510441300633,2.183489664389516,1.2862590920457606,0,0.027655427877135708,0.0,0.0
2015-10-22,2.8693727253368277,2.238243168587042,1.224935292723614,2.240008297576553,1.242250329325678,0,-0.04071235081956193,0.0,0.0
2015-10-23,0.8984280367577924,2.335127436630241,0.3300712201955978,2.286658045787986,5.52153625661802,0,0.09688426804319894,0.0,0.0
2015-10-24,1.8482975533646415,2.262999313022225,0.7603307120008449,2.273325105835116,6.686504309705832,0,-0.07212812360801601,0.0,0.0
2015-10-25,0.716747871519452,2.252398559082668,0.2615337302126206,2.273544799345756,5.141567975033201,0,-0.010600753939556729,0.0,0.0
2015-10-26,0.5694398925500721,2.1807286797834062,0.2025791755794762,2.2538994314211163,6.9022860795287855,0,-0.07166987929926183,1.0,0.0
2015-10-27,2.9317184247969585,2.110758590419942,1.3284554487124245,2.2284025157876965,6.964631778988917,0,-0.06997008936346427,1.0,0.0
2015-10-28,3.620017059679181,2.2345177921164314,1.562908739220359,2.2082805868849347,9.686220801910306,0,0.12375920169648946,1.0,0.0
2015-10-29,2.987256054086007,2.4351796024447268,1.1742815095766157,2.242716644769435,10.825179302631671,0,0.20066181032829533,2.0,0.0
2015-10-30,4.41282528852005,2.5190938197374506,1.7010702739644827,2.296055696900391,14.52125671963227,0,0.08391421729272386,2.0,1.0
2015-10-31,-4.31379224712698,2.7908996668879147,-1.5914086680574258,2.418089894321293,9.638024579955218,1,0.2718058471504641,2.0,1.0
2015-11-01,3.522899562797299,3.0371156645093675,1.1179126063704763,2.6033613091391783,10.229205717955558,1,0.24621599762145285,2.0,1.0
2015-11-02,10.42508973339027,3.105758442018721,3.31558949325756,2.777609439119636,17.034278391666646,1,0.06864277750935344,2.0,1.0
2015-11-03,11.056939286686609,4.468043934495957,2.4460971674582503,3.184182305529882,25.10396162426725,2,1.3622854924772358,2.0,2.0
2015-11-04,1.9991331284303195,5.532319777220027,0.3382782502376776,3.7868274970263975,22.690269464177515,2,1.0642758427240704,2.0,2.0
2015-11-05,-6.32080206022696,5.285372345470299,-1.220060066381226,4.285722032742875,20.68325965107753,2,-0.246947431749728,2.0,2.0
2015-11-06,-3.1242361543841746,5.435989728891766,-0.5982178022775938,4.765496845619355,14.03612393389606,2,0.15061738342146658,2.0,2.0
2015-11-07,3.157358504810137,5.266269170001584,0.5753007931366706,5.197598991215926,6.768392705315929,2,-0.169720558890182,2.0,2.0
2015-11-08,-3.452072206175405,5.095235714140291,-0.7025664918068345,5.323037347144793,-7.740618787546083,2,-0.17103345586129315,2.0,2.0
2015-11-09,1.8282750549876603,4.975744997204555,0.3417790464555668,5.2117223911416986,-7.911476860988742,2,-0.11949071693573554,2.0,2.0
2015-11-10,-12.130161493200742,4.757897125457022,-2.576312779453032,5.106227347139043,-13.720836293962524,2,-0.21784787174753273,2.0,2.0
2015-11-11,-7.9482674757560545,6.0199292244426985,-1.3415335710928933,5.22301524624923,-18.544867615334404,2,1.2620320989856761,2.0,2.0
2015-11-12,8.343250231798294,6.2822877028979685,1.3077370769841508,5.426218952828507,-13.358975888346247,2,0.26235847845526994,2.0,2.0
2015-11-13,-0.4145825976570982,6.526449087769473,-0.0830853446953728,5.712461627554343,-10.32148627982794,2,0.24416138487150452,2.0,2.0
2015-11-14,-1.1489510937649603,6.190703284396911,-0.2062157899603416,5.955453284992816,-13.29871242858056,2,-0.33574580337256155,2.0,2.0
2015-11-15,-3.9020620675381146,5.885970711426547,-0.6846333322984685,6.18106800218672,-5.070613002917934,2,-0.30473257297036405,2.0,2.0
2015-11-16,3.2526283053829985,5.734816775027921,0.544909934098244,6.1240455123037645,6.130282778221119,2,-0.15115393639862607,2.0,2.0
2015-11-17,1.3045224166090108,5.534933057315517,0.2126227598392604,5.974574583187274,-0.908445036968164,2,-0.19988371771240399,2.0,2.0
2015-11-18,-0.1505181264756849,5.266719656768945,-0.0528199370845911,5.722628696987169,-0.6443805657867507,2,-0.26821340054657217,2.0,2.0
2015-11-19,-2.555159898797488,5.000837454634363,-0.536476059774407,5.484655531034659,-2.050589370819278,2,-0.26588220213458236,2.0,2.0
2015-11-20,-1.2734415693713252,4.828502943098082,-0.2901750833166872,5.273161977368966,0.5780311273475114,2,-0.1723345115362811,1.0,2.0
2015-11-21,1.511703431131739,4.609568078364969,0.3002523735771857,5.048112238036375,-1.162893746903748,2,-0.21893486473311263,1.0,2.0
2015-11-22,-0.7340407360659995,4.403876209552954,-0.1956708975229127,4.821900868483863,-3.2014568995787585,2,-0.20569186881201507,2.0,2.0
2015-11-23,-0.460180604072935,4.196636616675367,-0.1400765260861847,4.607884260465147,-3.5111193771760085,2,-0.20723959287758742,2.0,1.0
2015-11-24,-0.932999277102109,3.9968870002233743,-0.2653737650025786,4.407094169582949,-1.8889587554806295,2,-0.1997496164519923,1.0,1.0
2015-11-25,2.5176736497360963,3.820022941944087,0.6256517334115131,4.205398169352151,1.902156463626792,1,-0.1768640582792873,1.0,1.0
2015-11-26,7.193100419943921,3.719935908504582,1.899342063758083,4.0274717353800735,7.583553452438974,1,-0.1000870334395052,1.0,1.0
2015-11-27,1.507783125161044,4.220474716689482,0.3270043166628818,3.9907914368073785,9.825377313666015,2,0.5005388081849005,1.0,1.0
2015-11-28,-0.1847803072712039,4.039633482859637,-0.077346121383035,3.959390810044232,10.100777610467748,2,-0.1808412338298453,1.0,1.0
2015-11-29,3.819174564629346,3.846025989639852,0.959823178557874,3.929218607927528,14.852951452199203,1,-0.1936074932197851,1.0,1.0
2015-11-30,1.610210351494601,3.853413629642192,0.3847343730901869,3.935896745467149,13.945488153957708,1,0.007387640002340046,1.0,1.0
2015-12-01,-4.0104933740255255,3.7010237926586806,-1.118113062842498,3.9321143222979686,2.7418943599882617,1,-0.15238983698351127,1.0,1.0
2015-12-02,-0.9148211621262448,3.773246419208321,-0.276284854139477,3.842668662801736,0.3192900727009728,1,0.07222262654964018,1.0,1.0
2015-12-03,0.5162169451390142,3.610208844697938,0.1076245966414426,3.756783735169397,1.020287325111191,1,-0.16303757451038292,1.0,1.0
2015-12-04,0.5901531467588761,3.4435463148685206,0.1343044147032197,3.6762878002151305,-2.208734092759279,1,-0.16666252982941732,1.0,1.0
2015-12-05,6.854136502537322,3.2882640385044946,2.0455981482434407,3.563257881987591,3.0351920582834424,1,-0.15528227636402603,1.0,1.0
2015-12-06,-0.042692245829734,3.822780313165529,-0.0445649256066437,3.5876091860889603,7.002993186479234,1,0.5345162746610344,1.0,1.0
2015-12-07,1.72205138958752,3.641296438867475,0.4378610041555359,3.561219190020791,9.639865738193,1,-0.18148387429805402,2.0,1.0
2015-12-08,4.939236490664456,3.508735337455349,1.371310843785936,3.5409244885722737,14.06288528371844,1,-0.13256110141212574,2.0,1.0
2015-12-09,0.4801203895183015,3.691983124421725,0.0954637936316341,3.5906118504829143,13.952852526477866,1,0.18324778696637578,2.0,1.0
2015-12-10,-0.5003322142095534,3.519875552070108,-0.1784159352671555,3.636934153196037,6.59838380973099,1,-0.17210757235161678,2.0,1.0
2015-12-11,8.41128954484418,3.362628957954174,2.4634355957747154,3.544903882153766,15.052365600404904,1,-0.157246594115934,2.0,2.0
2015-12-12,-3.820582051168042,4.185040609063322,-0.9434201706560628,3.653652716192936,9.509732159649342,2,0.8224116511091482,1.0,1.0
2015-12-13,-0.2859286011326567,4.182270571849288,-0.0988932371696852,3.7883597630717234,4.28456706785223,2,-0.00277003721403446,1.0,1.0
2015-12-14,2.3754533912740072,3.981085320712137,0.5646158109555143,3.846180202329806,6.179900069607935,2,-0.2011852511371508,1.0,1.0
2015-12-15,4.649311721861515,3.859126872728016,1.1716748882702936,3.914030466461388,11.329544005679004,2,-0.12195844798412114,1.0,1.0
2015-12-16,-2.2575188405546958,3.9567962381846487,-0.6028080223019101,4.032863922507483,0.6607356202801284,2,0.09766936545663274,1.0,1.0
2015-12-17,0.2511521386751703,3.8454247156338495,0.0321115282106845,3.9649407438215873,4.732469810123341,1,-0.11137152255079918,1.0,1.0
2015-12-18,1.639276364644271,3.662372096244196,0.4127397900823378,3.8609610487005694,6.657674775900269,1,-0.18305261938965334,1.0,1.0
2015-12-19,-0.2795019118873476,3.524474696341267,-0.1155268859631932,3.769638923826395,4.002719472738914,1,-0.13789739990292915,1.0,1.0
2015-12-20,-4.340314781103682,3.3633644309506243,-1.3284270994915282,3.6704864354709175,-4.986907030226284,1,-0.16111026539064266,1.0,1.0
2015-12-21,-0.9181682084783204,3.521572031690973,-0.2969804034970044,3.583441594172182,-3.647556398149909,1,0.15820760074034856,1.0,1.0
2015-12-22,-0.4723479133980746,3.3751331483507085,-0.1777759754836069,3.489383280715553,-4.371056450223154,1,-0.14643888334026434,2.0,1.0
2015-12-23,1.3263423371260965,3.2265503693851345,0.3715028514857774,3.402218935343741,-4.683990477741329,1,-0.14858277896557404,2.0,1.0
2015-12-24,2.804770636831311,3.1058261743482194,0.8619609766010456,3.318489230945132,-1.5997179290226704,1,-0.12072419503691512,1.0,1.0
2015-12-25,0.1467168962047793,3.092696416898882,0.0061587751269968,3.2643556281347834,2.887313748285792,1,-0.013129757449337198,1.0,1.0
2015-12-26,-8.798853937524775,2.9560415747372537,-3.019755773480701,3.15124953674404,-4.993371980760664,1,-0.1366548421616285,1.0,1.0
2015-12-27,1.3210598374460147,4.047151306354403,0.2948716449358469,3.2856531683447785,-3.1999642299165743,2,1.091109731617149,1.0,1.0
2015-12-28,-0.1287433775797097,3.8711551241179327,-0.0662368321071001,3.4145741192913386,-4.65504994462238,2,-0.17599618223646996,1.0,1.0
2015-12-29,2.503225684419075,3.687268406541342,0.6442590416709904,3.530862565729963,-4.956594897034616,1,-0.1838867175765908,1.0,1.0
2015-12-30,-1.4804794390454568,3.597065238793022,-0.4470725457351153,3.631736330108791,-6.583791232284852,1,-0.09020316774831993,1.0,1.0
2015-12-31,0.9209236604592164,3.46833876782822,0.2287129485101884,3.734195768726984,3.13598636569914,1,-0.12872647096480216,1.0,1.0
2016-01-01,0.87109452403622,3.318087764484021,0.2240521958329803,3.588383060352908,2.6860210522893446,1,-0.1502510033441986,1.0,1.0
2016-01-02,-0.2065120622682492,3.176355250424792,-0.1052091817061669,3.449423085614279,2.608252367600805,1,-0.14173251405922915,1.0,1.0
2016-01-03,-0.7937979079086332,3.036311753700478,-0.3034825331169083,3.319231755046107,-0.6887712247269029,1,-0.14004349672431404,1.0,1.0
2016-01-04,0.7137117514959712,2.918598465095665,0.2007957189272803,3.183538400306636,1.505419965814525,1,-0.11771328860481312,1.0,1.0
2016-01-05,-0.261490389365715,2.799604956003413,-0.1390053489397633,3.0497916379416736,0.3230059159895937,1,-0.11899350909225204,1.0,1.0
2016-01-06,-0.6631301754832286,2.6849080440605677,-0.2945351710162404,2.923155693856983,-1.211218783529855,1,-0.11469691194284515,1.0,0.0
2016-01-07,6.527232134918748,2.587601996013256,2.4731633652863105,2.805405042974676,5.522525413657142,1,-0.09730604804731158,1.0,1.0
2016-01-08,-1.0574244034119218,3.2370289046588674,-0.3661054975886422,2.845548473166354,5.258898918153854,1,0.6494269086456113,1.0,1.0
2016-01-09,-1.2475212401744429,3.1150211859699626,-0.4414708062999138,2.884833017341213,3.29766592648344,1,-0.12200771868890481,1.0,1.0
2016-01-10,0.0848602191526382,3.010159797248725,-0.0142216553830529,2.926943985590276,3.644016535001793,1,-0.10486138872123751,1.0,1.0
2016-01-11,0.0975016705973885,2.8788203768773406,-0.0104792935613318,2.9657264521536306,4.40464838108241,1,-0.13133942037138446,2.0,1.0
2016-01-12,-2.881716674744528,2.755976332121026,-1.0919492718812664,2.9994013193751847,-5.004300428580866,1,-0.12284404475631439,2.0,1.0
2016-01-13,-0.7646965823602692,2.815751220891272,-0.316919424619778,2.915145782621665,-4.711572607529213,1,0.05977488877024584,2.0,1.0
2016-01-14,-0.4787438127617172,2.712506003172888,-0.223562081149096,2.83464274606225,-3.9427951801164873,1,-0.10324521771838402,2.0,0.0
2016-01-15,-16.643380526657747,2.608040956716353,-6.430516421877946,2.754218977955776,-20.671035925926876,1,-0.10446504645653487,2.0,1.0
2016-01-16,6.174599774960399,5.9874266155632,1.0099380733628536,3.375940225692948,-14.593937821563864,2,3.3793856588468465,2.0,2.0
2016-01-17,-1.3605721094879897,6.008658560505565,-0.2476828678046569,4.026476671369855,-13.072793256307325,2,0.021231944942365466,2.0,2.0
2016-01-18,1.265565113903655,5.7200477468838455,0.1989311085884772,4.60733597656837,-11.0425315600434,2,-0.2886108136217196,2.0,2.0
2016-01-19,-1.829545901698637,5.43996117893523,-0.3597848425305777,5.152827011720839,-12.39333364898032,2,-0.28008656794861597,2.0,2.0
2016-01-20,10.023896012970912,5.20220096334673,1.902315271605222,5.671659013046914,14.27394289064834,2,-0.2377602155884997,2.0,2.0
2016-01-21,-2.4006242647882203,5.8903776226156666,-0.429224423493335,5.652249214457408,5.69871885089972,2,0.6881766592689367,2.0,2.0
2016-01-22,-7.008821442776636,5.647913164367547,-1.263562471575784,5.580100135229804,0.0504695176110736,2,-0.24246445824811946,2.0,2.0
2016-01-23,1.2984866282222285,5.837800882170709,0.2005578774296675,5.603650762287176,0.0833910319296471,2,0.1898877178031615,2.0,2.0
2016-01-24,3.917200387198161,5.551486229906342,0.6826155295759534,5.625955772481399,5.830137320826445,2,-0.2863146522643669,2.0,2.0
2016-01-25,-2.8301970204966054,5.409926309722909,-0.5467480563677279,5.667500841756635,-7.023955712641072,2,-0.14155992018343255,2.0,2.0
2016-01-26,0.1089458908665186,5.223848566165608,-0.0035842891181386,5.534195030466623,-4.514385556986333,2,-0.1860777435573011,2.0,2.0
2016-01-27,0.7162729626808861,4.959620319297003,0.1186791025017993,5.396536461452515,3.2107088484711888,2,-0.2642282468686048,2.0,2.0
2016-01-28,-3.788334415456074,4.714497542041893,-0.8306302113792271,5.171875793426752,-1.8761121952071136,2,-0.24512277725511034,2.0,2.0
2016-01-29,-0.2145413118275208,4.656290531405589,-0.0734943371674121,4.9928366537266005,-6.007853894232795,2,-0.058207010636303735,1.0,2.0
2016-01-30,-0.32174964557381,4.426325469435994,-0.1015332747476668,4.796116485669218,-3.49940651931,2,-0.22996506196959476,1.0,2.0
2016-01-31,-2.5403580608563736,4.210971915361462,-0.6335895344161623,4.5935411555083885,-6.148710471032892,2,-0.21535355407453238,1.0,1.0
2016-02-01,1.156353811667632,4.0982080965715,0.2510082731258043,4.421258710963288,-5.708629622046146,2,-0.11276381878996222,1.0,1.0
2016-02-02,0.372439452940565,3.9140110277407367,0.0625368137107222,4.261161408103057,-1.5478557536495074,2,-0.18419706883076303,1.0,1.0
2016-02-03,-1.2087764139590895,3.727449932384894,-0.3585416605558632,4.075393288298917,-2.542090855781076,1,-0.18656109535584253,1.0,1.0
2016-02-04,5.173998404095492,3.577678499958109,1.4105036910716124,3.905663894403341,2.953657193888226,1,-0.14977143242678537,1.0,1.0
2016-02-05,-0.784648837057933,3.783031042927709,-0.2411607256568834,3.820075719916589,4.709366417686667,1,0.20535254296960037,1.0,1.0
2016-02-06,-2.6282180931772814,3.615660770195393,-0.7622086093727707,3.723566254641368,0.9247945128417534,1,-0.1673702727323163,1.0,1.0
2016-02-07,0.0260221695602247,3.5603662457385488,-0.0285497327693376,3.652837298240931,0.5783772294614131,1,-0.05529452445684413,1.0,1.0
2016-02-08,-0.8460639214486143,3.3946148559640963,-0.2868465605677958,3.5862702829567707,0.9410897219718884,1,-0.16575138977445247,1.0,1.0
2016-02-09,0.6890176622256661,3.254305043557443,0.172493967306457,3.5215955916766384,-3.543891019897938,1,-0.1403098124066533,1.0,1.0
2016-02-10,1.483505749508396,3.1127370341897898,0.4355768123613032,3.3875367899290545,-1.275736433331609,1,-0.14156800936765324,1.0,1.0
2016-02-11,-0.5241013735836297,3.007120456949224,-0.2167425806021395,3.2658287272798203,0.8283802862620426,1,-0.10561657724056595,1.0,1.0
2016-02-12,1.2066925497951964,2.883700664680961,0.3741799169982658,3.130495611068303,2.0090506664970142,1,-0.12341979226826272,1.0,1.0
2016-02-13,1.957738050316582,2.782612669451612,0.6576798833594817,3.0080951737658057,4.8128526382622105,1,-0.1010879952293493,1.0,1.0
2016-02-14,3.8473567610243897,2.7313337105573923,1.361857422331697,2.903500907165796,7.971191737060934,1,-0.05127895889421952,1.0,1.0
2016-02-15,-1.7451229283921066,2.882737406962755,-0.6496577171079576,2.857500981720389,4.742563059160432,1,0.1514036964053629,0.0,1.0
2016-02-16,1.8084566484096063,2.825668634381458,0.5948280536229622,2.821210617206836,7.075121081153668,1,-0.05706877258129728,1.0,1.0
2016-02-17,2.144747704066585,2.7606396978409173,0.7306560255607067,2.7965984238388266,8.013176235425057,1,-0.06502893654054054,1.0,1.0
2016-02-18,1.44297987573756,2.72522738246685,0.4826423695001638,2.785121366441875,7.498418060846035,1,-0.035412315374067305,0.0,1.0
2016-02-19,-0.3766753265905365,2.647085699687308,-0.1905283992456849,2.768271764267858,3.2743859732311087,1,-0.07814168277954225,1.0,0.0
2016-02-20,3.818639098201349,2.544838984333765,1.4503744427392948,2.70069207974206,8.838147999824564,0,-0.10224671535354268,1.0,1.0
2016-02-21,0.3730765878716902,2.7216367121664646,0.09016887240594,2.679885695299061,7.402767939286647,1,0.17679772783269954,0.0,0.0
2016-02-22,-0.2395809974120588,2.610351065486092,-0.1406901457450899,2.649827968828096,5.018439237808003,1,-0.11128564668037244,0.0,0.0
2016-02-23,-3.963782937665261,2.508150856297354,-1.6312625701239831,2.6064126635941967,-0.3883235755948178,0,-0.10220020918873818,0.0,0.0
2016-02-24,0.9977708754210112,2.7512240673131227,0.3162596646785414,2.62724033711936,0.98612262641673,1,0.24307321101576873,0.0,0.0
2016-02-25,-0.0967582681318468,2.651815002134399,-0.0846318247646381,2.6486355406794866,-2.9292747399164654,1,-0.09940906517872383,0.0,0.0
2016-02-26,1.776173016747684,2.54502921945654,0.647734544541957,2.6133140421375014,-1.5261783110404714,0,-0.10678578267785888,0.0,0.0
2016-02-27,0.0848887976735213,2.5022241653920667,-0.0170971399586038,2.5916886621186963,-1.2017085159548913,0,-0.042805054064473325,0.0,0.0
2016-02-28,0.2274733499286974,2.404613080211235,0.0415050871647508,2.5709811069014727,2.9895477716390677,0,-0.09761108518083184,0.0,0.0
2016-02-29,0.96258511960281,2.3139650200345647,0.3608159319337111,2.483529297445761,2.954362015820866,0,-0.09064806017667015,0.0,0.0
2016-03-01,-0.5898152327930006,2.2458768898943715,-0.3194676032593112,2.402341674997756,2.4613050511597123,0,-0.06808813014019321,0.0,0.0
2016-03-02,-2.592117345278666,2.178754886498978,-1.248321707306001,2.329086808406243,-1.906985310866638,0,-0.06712200339539365,0.0,0.0
2016-03-03,-0.5529583775895297,2.2814705702808187,-0.2983286573548847,2.2849360893839936,-2.544832486129689,0,0.10271568378184082,0.0,0.0
2016-03-04,-2.5733186267470565,2.210373027978308,-1.2219603962750645,2.246088078937408,-5.345624462805443,0,-0.07109754230251086,0.0,0.0
2016-03-05,-2.555622265816382,2.3062024284252534,-1.1635110201863967,2.244535560615546,-8.863831848224635,0,0.09582940044694555,0.0,0.0
2016-03-06,1.7660229918132764,2.3865969827161018,0.6864809304802246,2.272679579179892,-6.507993623618358,0,0.08039455429084841,0.0,0.0
2016-03-07,1.609228951048891,2.3576402241197325,0.6284077025217144,2.308456646704043,-2.306647327290801,0,-0.02895675859636926,0.0,0.0
2016-03-08,-0.0842768348840117,2.3203635884844167,-0.0913419389844322,2.316235250344762,-1.8379657845852824,0,-0.0372766356353158,0.0,0.0
2016-03-09,0.2142776485375641,2.2364935874663527,0.03872489265603,2.321459362242372,0.949630490699338,0,-0.08387000101806397,0.0,0.0
2016-03-10,0.545927121582146,2.157772396863811,0.1938376113036885,2.2917733559300832,4.051179878097866,0,-0.07872119060254157,0.0,0.0
2016-03-11,1.087010289601853,2.089031941010614,0.4592273561411996,2.2322603475889853,3.3721671758864424,0,-0.06874045585319699,0.0,0.0
2016-03-12,-2.41601586229514,2.044805970329618,-1.243974036481385,2.1696934968309627,-0.6530776374575886,0,-0.044225970680995985,0.0,0.0
2016-03-13,0.5912678130918003,2.145082700979017,0.2161213357616392,2.1346373193298827,0.0224670105182234,0,0.1002767306493988,0.0,0.0
2016-03-14,0.5714590613499659,2.0783168552719777,0.213533074029205,2.103001972891008,0.3796484233306252,0,-0.06676584570703925,0.0,0.0
2016-03-15,0.0940869760420959,2.0162315800810124,-0.0166561712090557,2.074693809534448,-0.0721917222094248,0,-0.062085275190965294,0.0,0.0
2016-03-16,0.0434134959985677,1.9537451214089008,-0.0431254709302628,2.0476364456141054,-1.11578851581271,0,-0.06248645867211167,0.0,0.0
2016-03-17,0.8619628357029008,1.8962515494076728,0.3872340468200224,2.017925561429716,2.1621901821853307,0,-0.057493572001227955,0.0,0.0
2016-03-18,-2.667807324424576,1.858404014692888,-1.5042353421323051,1.9605898241724904,-1.0968849553310456,0,-0.03784753471478486,0.0,0.0
2016-03-19,0.2185378505023649,2.0228039780824267,0.0449218891449263,1.94948724873458,-1.4498061661786463,0,0.16439996338953877,0.0,0.0
2016-03-20,0.8034521831448593,1.960006097220682,0.3447859216693759,1.938242152162514,-0.7404409590758831,0,-0.06279788086174465,0.0,0.0
2016-03-21,-0.1083348247997939,1.914414562565211,-0.1232776347671483,1.930376040393776,-0.8921892798742448,0,-0.045591534655471166,0.0,0.0
2016-03-22,1.1503628063921134,1.861382875105518,0.5494265288634445,1.923402305533345,-0.6037893091850322,0,-0.053031687459693,0.0,0.0
2016-03-23,-0.0114824613194564,1.8411187608803852,-0.0755802062925842,1.9199452547708449,2.052535553920088,0,-0.020264114225132746,0.0,0.0
2016-03-24,-0.3947520896867118,1.7929338366646923,-0.2913781610009535,1.8739712264872976,1.4392456137310106,0,-0.04818492421569287,0.0,0.0
2016-03-25,0.1878639536898596,1.7563006376019985,0.0342733345100967,1.833230134563561,0.8236573842760109,0,-0.0366331990626938,0.0,0.0
2016-03-26,0.1839265590103167,1.7146202728121551,0.032810112807671,1.7932712766129495,1.1159187680861216,0,-0.04168036478984338,0.0,0.0
2016-03-27,2.088368232159521,1.6764311304275077,1.1695670177769195,1.756280927677348,2.053924193853529,0,-0.038189142384647434,0.0,0.0
2016-03-28,-0.5955455919149699,1.7602700524317936,-0.4108547238833531,1.7401111859876297,1.4698610632580156,0,0.08383892200428589,0.0,0.0
2016-03-29,-1.8353233713113148,1.734083294903154,-1.1320062026535902,1.728341077635322,0.0292897816334125,0,-0.026186757528639637,0.0,0.0
2016-03-30,-0.4089783762666776,1.8098178052167757,-0.2965204835297934,1.739044511158277,-0.5675525483231247,0,0.07573451031362177,0.0,0.0
2016-03-31,0.4601068441725253,1.772175914817808,0.1875870036128281,1.7505556395594075,-0.2913722631609161,0,-0.0376418903989677,0.0,0.0
2016-04-01,0.2949573908685998,1.7324229428588993,0.0965628613504195,1.761754002045686,-2.084783104451837,0,-0.0397529719589087,0.0,0.0
2016-04-02,0.6945378098913935,1.6935005229702031,0.3347315975197589,1.748400096153368,-0.7946997026454738,0,-0.03892241988869616,0.0,0.0
2016-04-03,0.0073667634579166,1.6671768091988883,-0.0721596595605966,1.735018799012515,1.0479904321237576,0,-0.026323713771314816,0.0,0.0
2016-04-04,0.1282150902153667,1.6334141671617994,0.0003339115022396,1.6997380714015198,1.585183898605802,0,-0.0337626420370889,0.0,0.0
2016-04-05,0.6117294209925461,1.602124758222133,0.3021361127286203,1.6657278400823845,1.7368064754258228,0,-0.031289408939666474,0.0,0.0
2016-04-06,-0.1456155773385425,1.581410301715602,-0.1728110987256739,1.6355253118537252,1.2962335072186804,0,-0.02071445650653092,0.0,0.0
2016-04-07,-0.1578899956363066,1.5572603500243594,-0.1833731078228954,1.6082772772645566,0.4438057016909802,0,-0.024149951691242677,0.0,0.0
2016-04-08,-0.5683832552028534,1.5355633961402133,-0.4532883053799535,1.5819545946528213,-0.1319443169697898,0,-0.021696953884146053,0.0,0.0
2016-04-09,-0.2233944604240534,1.529800438837675,-0.229483614952953,1.5612318489879966,-0.4835538676092099,0,-0.005762957302538396,0.0,0.0
2016-04-10,0.5120221902404687,1.5121133249732903,0.2541823482775192,1.5432295623382282,-0.5832610983612874,0,-0.017687113864384596,0.0,0.0
2016-04-11,0.2177619762901095,1.4969695366279,0.0601831230687718,1.5263414093206875,-0.2198835447326352,0,-0.015143788345390208,0.0,0.0
2016-04-12,0.6386920242425376,1.4783293716976011,0.3456755710797304,1.510555213655336,0.576698475146209,0,-0.018640164930298964,0.0,0.0
2016-04-13,-0.3430212977198366,1.4705250679173962,-0.3200836098792073,1.4975475480107725,0.8020604326292258,0,-0.007804303780204913,0.0,0.0
2016-04-14,0.1292438380009919,1.4620828792775062,0.0010766582293471,1.4840040360987388,1.1546987310542711,0,-0.008442188639889991,0.0,0.0
2016-04-15,1.271921454071201,1.4464544937472967,0.7910734728126729,1.47087226985354,1.9145979948850036,0,-0.01562838553020951,0.0,0.0
2016-04-16,0.1996962758353149,1.4796173119551763,0.0486792096958559,1.4674018249189953,1.8965322944302088,0,0.033162818207879585,0.0,0.0
2016-04-17,-0.7396563983103732,1.4625087369711869,-0.593039925726263,1.4642376979737126,0.518183871877298,0,-0.017108574983989433,0.0,0.0
2016-04-18,0.2785119886191012,1.4739287619003072,0.102340301703315,1.4649184367702948,1.1397171582162358,0,0.01142002492912031,0.0,0.0
2016-04-19,1.60123759529327,1.4579935135876112,1.010682082686572,1.4641005636323157,2.611710915508514,0,-0.015935248312695993,0.0,0.0
2016-04-20,1.3411121805217086,1.519845531445252,0.7983985747096226,1.478778771171907,2.680901641959021,0,0.06185201785764072,0.0,0.0
2016-04-21,1.8042370819081557,1.549589526499782,1.0819429137845047,1.492773214080828,4.285442448031862,0,0.02974399505453018,0.0,0.0
2016-04-22,-0.8239869878303274,1.6197831361613055,-0.587521033539509,1.5242280939188515,4.201111858511908,0,0.07019360966152344,0.0,0.0
2016-04-23,1.0144991001068249,1.6193759740276197,0.5476365216560075,1.553317536344314,4.937098969999632,0,-0.00040716213368585663,0.0,0.0
2016-04-24,1.8206143015635057,1.6151355291350156,1.0481749652508296,1.584745939453795,5.156475676269867,0,-0.004240444892604112,0.0,0.0
2016-04-25,0.6241458369899533,1.6778315848383918,0.2959034548159037,1.616343150132423,4.439509332738112,0,0.06269605570337622,0.0,0.0
2016-04-26,1.005489668755022,1.6505564765869951,0.5318327526320938,1.6365365401498655,3.6407619195849774,0,-0.027275108251396674,0.0,0.0
2016-04-27,-4.700588971564468,1.642627438642802,-2.9393510253248776,1.6411054006461647,-0.235840064149162,0,-0.007929037944193196,0.0,0.0
2016-04-28,0.9676665628468584,2.246274190863518,0.373951181839878,1.7664850440133442,-0.2826726014091285,0,0.6036467522207161,0.0,0.0
2016-04-29,1.3463193902922832,2.183721376755677,0.5580609911259755,1.8802022135374767,-0.756967512680351,0,-0.06255281410784086,0.0,0.0
2016-04-30,-1.5007762991123386,2.14538212038817,-0.7590470518392917,1.9737123206474323,-2.881889648782643,0,-0.0383392563675069,0.0,0.0
2016-05-01,0.7902806121518502,2.139360172912716,0.3097238819832205,2.0714730599125764,-3.0970987053858146,0,-0.006021947475454148,0.0,0.0
2016-05-02,-1.60753934680109,2.078710075467705,-0.8347527833325685,2.158689587277557,-0.0040490806224369,0,-0.06065009744501104,0.0,0.0
2016-05-03,1.2592678802025858,2.0886899301372,0.5417741472479949,2.127172735132293,0.2875522367332905,0,0.009979854669495136,0.0,0.0
2016-05-04,-0.7986434929728503,2.053737130923132,-0.4510378438712422,2.1011758859657848,-1.857410646531843,0,-0.03495279921406835,0.0,0.0
2016-05-05,0.2803245663338671,2.010930606473048,0.0759125607842713,2.07428558318276,-0.0763097810856372,0,-0.04280652445008393,0.0,0.0
2016-05-06,2.562337748220056,1.9494486083675096,1.2489008755259492,2.036303270273719,1.6957473549825686,0,-0.06148199810553834,0.0,0.0
2016-05-07,-0.2324237518540606,2.050237904478863,-0.1756349472929194,2.03060883607595,3.070862949929598,0,0.10078929611135345,0.0,0.0
2016-05-08,0.0026155527756976,1.98856244219076,-0.0628866959407937,2.0105833384866623,1.81421062250271,0,-0.061675462288103056,0.0,0.0
2016-05-09,0.4210957857927688,1.9285984017745508,0.1521447446424046,1.985555592656946,3.033949901268329,0,-0.059964040416209174,0.0,0.0
2016-05-10,-2.104147026328995,1.8752917759506929,-1.190117041725195,1.9584278265524755,0.6494783086054667,0,-0.05330662582385792,0.0,0.0
2016-05-11,0.4057024567579503,1.9621707991438349,0.1416965242996358,1.9609722647077408,-1.507156982856639,0,0.086879023193142,0.0,0.0
2016-05-12,0.4491484985559069,1.9059584905145277,0.1686704226344883,1.932116381914873,-0.8255847324466714,0,-0.05621230862930715,0.0,0.0
2016-05-13,0.1985911166300979,1.854952968504502,0.0382335527623894,1.9053944871776216,-0.6296091685922711,0,-0.05100552201002562,0.0,0.0
2016-05-14,0.0002143133023047,1.80523083481953,-0.0706033592360321,1.8807209737866173,-1.0504906410827353,0,-0.049722133684972025,0.0,0.0
2016-05-15,0.4154456691545682,1.7598828105237103,0.1635199758737918,1.8576391807012207,1.4691020544008282,0,-0.045348024295819744,0.0,0.0
2016-05-16,-0.7469340532431978,1.7203263501566746,-0.5083940774380253,1.809270290903789,0.31646554439968,0,-0.03955646036703575,0.0,0.0
2016-05-17,-0.0837065005506509,1.7053098191325735,-0.1239517726434016,1.769140556627398,-0.2163894547068778,0,-0.015016531024101054,0.0,0.0
2016-05-18,0.1840592142777986,1.6692201001039075,0.0337819679006131,1.731993982947279,-0.2309213570591772,0,-0.03608971902866598,0.0,0.0
2016-05-19,-3.560968804456888,1.6349172023638738,-2.2561622530857437,1.697931256456148,-3.7921044748183697,0,-0.0343028977400337,0.0,0.0
2016-05-20,0.8988122730631432,2.000566712855349,0.3854620761561529,1.7460680369224757,-3.3087378709097948,0,0.3656495104914752,0.0,0.0
2016-05-21,0.1155918910685116,1.9553113765930212,-0.0061769104977863,1.793065042209745,-2.4462119265980853,0,-0.045255336262327805,0.0,0.0
2016-05-22,-0.8759131625917682,1.8975028909625424,-0.5288966050110802,1.8315036565757388,-3.2384185886392025,0,-0.0578084856304788,0.0,0.0
2016-05-23,1.0938696675652615,1.872734970906473,0.5159299143437018,1.872206630736252,-2.32860813535174,0,-0.024767920056069537,0.0,0.0
2016-05-24,0.4102724435104399,1.8481969758675216,0.1529072781545697,1.9148625854369812,1.642633112615588,0,-0.024537995038951266,2.0,0.0
2016-05-25,0.8079749908501022,1.801205795937187,0.3776943855874624,1.8749904020533488,1.551795830402547,0,-0.04699117993033464,2.0,0.0
2016-05-26,0.8383382240354287,1.769510655755659,0.4016186889221708,1.8378302578858765,2.274542163369464,0,-0.03169514018152797,1.0,0.0
2016-05-27,4.333640303418651,1.741935506253882,2.4145386633898798,1.806716780944144,7.484095629379883,0,-0.027575149501777085,1.0,0.0
2016-05-28,11.287657646153535,2.18064357874414,5.117749677434074,1.8682985025116776,17.67788360796816,0,0.4387080724902581,1.0,0.0
2016-05-29,-0.7208408249861797,4.187357777438667,-0.2026362552526449,2.336130662825907,16.54677033947154,2,2.0067141986945267,1.0,1.0
2016-05-30,1.439712479280164,3.993103223166397,0.328577232171506,2.774510148271749,17.1785078279016,2,-0.19425455427226979,1.0,1.0
2016-05-31,-0.4652488737150406,3.8246902235770888,-0.1550239401081576,3.1855460618360345,15.874920730151132,1,-0.16841299958930822,1.0,1.0
2016-06-01,1.0360414042520638,3.647743510769086,0.2490229170810076,3.566707662739076,12.577321830984545,1,-0.1769467128080029,1.0,1.0
2016-06-02,0.1957410271090864,3.4889383943349066,0.0195106204175418,3.828366625857229,1.485405211940094,1,-0.15880511643417927,1.0,1.0
2016-06-03,5.64147858021844,3.3274995461269934,1.657042722124229,3.6563949795948942,7.8477246171447135,1,-0.1614388482079132,1.0,1.0
2016-06-04,0.6187873623702878,3.6448215759379834,0.1347439587099322,3.586738650149212,7.026799500234837,1,0.31732202981099,1.0,1.0
2016-06-05,0.3920876676725804,3.477384873180404,0.0760393234798064,3.5172775800698743,7.884136041622458,1,-0.1674367027575796,1.0,1.0
2016-06-06,1.8199331047312304,3.317694898405785,0.5100720476459016,3.4512678575972147,8.668027742101625,1,-0.159689974774619,1.0,1.0
2016-06-07,-1.5385797185729189,3.214027983844681,-0.5184302692401421,3.3962857754991687,6.93370699641962,1,-0.10366691456110377,1.0,1.0
2016-06-08,0.8716773544991341,3.1168705498994997,0.2387034264499992,3.3541599762536705,2.163905770700314,1,-0.09715743394518128,2.0,1.0
2016-06-09,-1.2133965657505463,2.988425585584812,-0.4487534327963332,3.222880778183036,0.3317218425794799,1,-0.12844496431468766,2.0,1.0
2016-06-10,0.4930078348693634,2.8913511970374843,0.1263555118474239,3.1056740429544525,0.4326420097762629,1,-0.09707438854732775,2.0,1.0
2016-06-11,4.942247784544396,2.7702072609938218,1.737984799151858,2.99617651547206,3.554956689589428,1,-0.12114393604366258,2.0,1.0
2016-06-12,10.334540197584108,3.0796663997574663,3.3142779763259105,2.9693041986546165,15.428076605746456,1,0.3094591387636445,2.0,1.0
2016-06-13,4.588794913443195,4.429866874489228,1.0070562762725326,3.231903463572563,19.145194164690515,2,1.350200474731762,2.0,2.0
2016-06-14,-2.707767672920092,4.453350957729449,-0.6366974833716622,3.52488853800149,17.65082305752097,2,0.023484083240220777,2.0,2.0
2016-06-15,1.2912921843862613,4.33259551182856,0.2685740006821285,3.813137400959705,18.449107407037868,2,-0.1207554459008886,2.0,2.0
2016-06-16,9.843663970118577,4.1374908109483775,2.348281782275304,4.0865941109506165,23.35052359261205,2,-0.19510470088018295,2.0,2.0
2016-06-17,-2.2966679788031463,5.042480294770159,-0.48078277187411,4.479156889953154,10.719315416224797,2,0.9049894838217813,2.0,2.0
2016-06-18,0.9724105855092092,4.852816797227958,0.1740722855135835,4.563746874500901,7.102931088290809,2,-0.1896634975422007,2.0,2.0
2016-06-19,0.993952443153745,4.618151847637846,0.1875821318347972,4.59670705248258,10.804651204364646,2,-0.23466494959011186,2.0,2.0
2016-06-20,-3.538659489137963,4.398006262407112,-0.8336343663067779,4.60978920259829,5.974699530840422,2,-0.22014558523073458,2.0,2.0
2016-06-21,-10.06263747004592,4.347555191659905,-2.343916683112256,4.651802078740596,-13.931601909324076,2,-0.050451070747207005,2.0,2.0
2016-06-22,-11.183281125116816,5.2928839470481375,-2.1370109212128123,4.701882809196191,-22.818215055637747,2,0.9453287553882328,2.0,2.0
2016-06-23,4.567816659395874,6.2212360931086845,0.7137081632181155,4.975566668372337,-19.222808981751083,2,0.9283521460605471,2.0,2.0
2016-06-24,6.41230882631163,6.073379269599414,1.0347845693307278,5.266612152764651,-13.804452598593198,2,-0.14785682350927054,2.0,2.0
2016-06-25,-0.0264615876826468,6.110639468612012,-0.0252234259460715,5.60913879400563,-10.29225469713788,2,0.03726019901259825,2.0,2.0
2016-06-26,-5.525740531723855,5.7960703087337615,-0.9753867543052556,5.898841817420402,-5.755357758815816,2,-0.31456915987825074,2.0,2.0
2016-06-27,4.034047275833963,5.79672467028235,0.6738939355570012,5.999609962067245,9.461970642134965,2,0.0006543615485883336,2.0,2.0
2016-06-28,-1.270722824007109,5.643774194806407,-0.2477761246598043,5.884117582406789,3.6234311587319823,2,-0.15295047547594276,2.0,2.0
2016-06-29,-1.105149439629649,5.374669694953019,-0.2293757912647794,5.7443756674775095,-3.894027107209297,2,-0.26910449985338847,2.0,2.0
2016-06-30,5.094960079975497,5.117421844019295,0.970662680729304,5.545732142558967,1.2273945604488468,2,-0.25724785093372393,2.0,2.0
2016-07-01,0.4384970078765704,5.11938916984497,0.0607157071141268,5.410395914781208,7.191632100049272,2,0.001967325825675381,2.0,2.0
2016-07-02,3.972412820578164,4.862216611537479,0.790738762443862,5.2234943030322345,7.129997644793473,2,-0.25717255830749064,2.0,2.0
2016-07-03,-6.61414652854635,4.784218267988719,-1.40917822418199,5.051583117668696,1.7865739402542324,2,-0.07799834354876012,2.0,2.0
2016-07-04,3.7250081600358698,5.043938107230232,0.7132003623205122,4.985436800124139,6.616731539919751,2,0.2597198392415123,2.0,2.0
2016-07-05,-1.9250508084877715,4.930102561541146,-0.4163646612420824,4.94797294362851,-0.4032793485435171,2,-0.11383554568908583,2.0,2.0
2016-07-06,0.994694898291204,4.729906629270407,0.1833070484919727,4.870076435513597,0.1529185418711165,2,-0.20019593227073873,2.0,2.0
2016-07-07,-5.581413144886582,4.503044021592293,-1.267827450042307,4.798241917524559,-9.40090742359363,2,-0.22686260767811373,2.0,2.0
2016-07-08,3.972872871268418,4.663924675161587,0.8244565392124749,4.7741831989591335,1.186111976221138,2,0.16088065356929349,2.0,2.0
2016-07-09,-2.3626432892049465,4.604219550252955,-0.5408762411221593,4.686239487563677,-4.901539473019678,2,-0.059705124908632,1.0,2.0
2016-07-10,-0.2460990247985073,4.44981306402852,-0.0839964946521047,4.590181588061153,-3.222587689330414,2,-0.15440648622443476,1.0,2.0
2016-07-11,-0.2622921897702746,4.232290876855347,-0.0921396651491619,4.490658437578141,-4.479574777391893,2,-0.21752218717317273,1.0,1.0
2016-07-12,2.574734485411767,4.027861957485525,0.6075344281417149,4.395622024756787,3.6765728529064567,2,-0.2044289193698221,1.0,1.0
2016-07-13,-1.5288944121917505,3.914906540069605,-0.423142690553049,4.245818397738391,-1.825194430553712,2,-0.11295541741592041,1.0,1.0
2016-07-14,0.5500751056055186,3.76596428611336,0.1121639503396431,4.078167344910471,1.0875239642567536,1,-0.14894225395624483,1.0,1.0
2016-07-15,0.783606920163038,3.5901170717366138,0.1827063665666806,3.90622814645209,2.117229909218299,1,-0.17584721437674622,1.0,1.0
2016-07-16,-0.3758213895677542,3.42898449260882,-0.1468338702289438,3.745566869602784,2.0037007094208192,1,-0.16113257912779355,1.0,1.0
2016-07-17,2.7895545199186245,3.275255122063185,0.8127259545524473,3.595045502518317,2.2185207439276766,1,-0.1537293705456353,1.0,1.0
2016-07-18,-0.9394022492954512,3.244018109851559,-0.3289352548593845,3.460867816474708,2.808012906823976,1,-0.031237012211625892,1.0,1.0
2016-07-19,-0.0359598492436497,3.117039131565262,-0.0524951778832854,3.331082785565088,2.2219779519748077,1,-0.12697897828629712,1.0,1.0
2016-07-20,-1.0726667292042968,2.979299005399588,-0.402892224468197,3.208919172297682,0.3657043026074724,1,-0.13774012616567388,0.0,1.0
2016-07-21,-0.1011460429114485,2.8763793344635578,-0.0795499100577263,3.0983981406686305,0.6403796492637781,1,-0.10291967093603027,0.0,1.0
2016-07-22,-2.188087564058528,2.7546770338775453,-0.8406637910782033,2.994282523031502,-4.337262434713374,1,-0.1217023005860125,0.0,1.0
2016-07-23,0.7559530760041788,2.7447316730258566,0.2289052178548711,2.894425235666362,-2.641907109413744,1,-0.009945360851688623,0.0,0.0
2016-07-24,0.8701094514186991,2.638576096737544,0.2813789520414649,2.7987326287008183,-1.7358378087513948,1,-0.10615557628831285,0.0,0.0
2016-07-25,-1.0929235856856678,2.543065083111073,-0.4799693363055727,2.711485844243116,-1.7560946652327658,0,-0.09551101362647074,0.0,0.0
2016-07-26,-0.3542421909612514,2.474480475227476,-0.1947527451611757,2.631106072395899,-2.0091908132825687,0,-0.06858460788359722,0.0,0.0
2016-07-27,0.3932203843779902,2.383872539405027,0.1113946763308229,2.5569451735013957,0.5721171351539489,0,-0.09060793582244875,0.0,0.0
2016-07-28,0.1043211028877166,2.2960691386141105,-0.010168932266302,2.467212666619046,-0.0795148379625132,0,-0.08780340079091653,1.0,0.0
2016-07-29,0.2983220215593718,2.2128892039116104,0.0771174385146297,2.38207528805386,-0.6513022678218405,0,-0.08317993470250018,2.0,0.0
2016-07-30,-0.2964864225579511,2.136416923208594,-0.1985361997404323,2.3007456560733632,0.1451348953058762,0,-0.07647228070301626,2.0,0.0
2016-07-31,-4.746581641342207,2.0694245593180427,-2.3553655502114537,2.219734472891477,-4.247204555075079,0,-0.06699236389055141,2.0,0.0
2016-08-01,-2.991248274860503,2.551537242281981,-1.2223681855837276,2.2532674134668675,-7.631673214313572,0,0.48211268296393817,1.0,1.0
2016-08-02,-10.203010339079022,2.651059747637396,-3.896811462933898,2.324265535271525,-17.93900465628031,1,0.09952250535541518,1.0,1.0
2016-08-03,3.392247382401425,4.206337920047429,0.7761092356382973,2.722955278498689,-14.845079295438255,2,1.5552781724100329,1.0,1.0
2016-08-04,2.085269066225681,4.1391598251721975,0.4729460746800737,3.123503858891409,-12.463323806654625,2,-0.06717809487523141,1.0,1.0
2016-08-05,-0.5628873840730186,3.9891230453131543,-0.1731099920122515,3.507443556090432,-8.279629549385437,2,-0.15003677985904318,1.0,1.0
2016-08-06,2.190447893396641,3.8038036350093303,0.542293561101387,3.757896834635901,-3.0979333811282928,1,-0.18531941030382404,1.0,1.0
2016-08-07,0.8322149488365405,3.684294150901697,0.1912293767931313,3.9645437152887615,7.937291906787269,1,-0.1195094841076334,1.0,1.0
2016-08-08,-0.2764089776312595,3.5182263727224203,-0.1148529427217077,3.82692140582376,4.2686355467545845,1,-0.16606777817927654,1.0,1.0
2016-08-09,-0.5518912614127736,3.357466263444619,-0.2024029081836857,3.670582693478244,1.6314752191161297,1,-0.16076010927780127,1.0,1.0
2016-08-10,0.7292153979075344,3.211681633333943,0.1872993005368527,3.5150944110824023,2.9235780010966828,1,-0.145784630110676,1.0,1.0
2016-08-11,-0.5050762660932406,3.0736677782594213,-0.2058602250398664,3.36906723973242,0.2280538416068012,1,-0.1380138550745218,1.0,1.0
2016-08-12,-0.2653187514032318,2.9453790376514606,-0.133425416836543,3.221284217082373,-0.8694798586329711,1,-0.1282887406079607,1.0,1.0
2016-08-13,-0.3360209928904289,2.821069281286082,-0.1643669903477413,3.081852798795105,-0.9290918738921404,1,-0.12430975636537855,0.0,1.0
2016-08-14,-2.6150611665026524,2.70617285655223,-1.0135091091091752,2.951594117416628,-2.9922617789820194,1,-0.11489642473385198,0.0,1.0
2016-08-15,-0.5683403271326881,2.742937550812345,-0.2537462077339634,2.857845300912308,-4.289817504022242,1,0.03676469426011497,0.0,0.0
2016-08-16,1.7820376550906405,2.6386942380679868,0.6269646390954771,2.770850592874021,-2.002703582838361,1,-0.10424331274435827,0.0,0.0
2016-08-17,-0.7340238932528997,2.587977751764916,-0.3329601914476595,2.6993703356967123,-2.471408724688029,1,-0.050716486303070685,0.0,0.0
2016-08-18,0.1920622984813214,2.500132131221613,0.0257556883654896,2.6351829056838185,-1.9433254333162784,0,-0.08784562054330314,0.0,0.0
2016-08-19,0.2281863684742369,2.40271581488468,0.0418346162348921,2.574491497350308,0.8999221016606107,0,-0.09741631633693304,0.0,0.0
2016-08-20,1.048462887476198,2.312204071982603,0.3982318101574972,2.48834480158436,2.516725316269497,0,-0.09051174290207697,0.0,0.0
2016-08-21,-0.0669022229165428,2.2477837664710014,-0.0865616614266455,2.4101627072649627,0.6677854382623138,0,-0.0644203055116015,0.0,0.0
2016-08-22,0.9323223506195076,2.1689808507704504,0.3709819180269177,2.326363327066069,2.3341316821347213,0,-0.07880291570055098,0.0,0.0
2016-08-23,-0.5705201028606055,2.111196261493758,-0.3307081345453111,2.2485761531204984,1.5715492807927944,0,-0.05778458927669261,0.0,0.0
2016-08-24,-0.5556871584669665,2.0540220973262957,-0.3326920551602229,2.1788374096088217,0.787675753851591,0,-0.05717416416746213,0.0,0.0
2016-08-25,-0.418159451696809,2.0009388053551653,-0.2727865163457384,2.116584356283334,-0.678946585321416,0,-0.053083291971130375,0.0,0.0
2016-08-26,0.3265935292063204,1.947656299398379,0.1021349890279598,2.0565588628688096,-0.2854508331985528,0,-0.0532825059567863,0.0,0.0
2016-08-27,-1.688278823394196,1.8915413916842572,-0.9600363522652168,2.001070971051571,-2.9060520072122564,0,-0.056114907714121864,0.0,0.0
2016-08-28,0.6932640596470918,1.9307601157175815,0.2929387139322868,1.964983741896336,-1.642267844704559,0,0.03921872403332438,0.0,0.0
2016-08-29,0.0339728400249761,1.8838193066861288,-0.0497376972831212,1.9309431837683024,-1.0526078462126165,0,-0.0469408090314527,0.0,0.0
2016-08-30,0.5897840381638986,1.8318913700198824,0.2522607897442373,1.8971336967012455,-0.0446643563519089,0,-0.0519279366662464,0.0,0.0
2016-08-31,-0.3523073792798925,1.7901699560885125,-0.2681181482710522,1.8656364280392723,-0.7235652648381219,0,-0.041721413931369966,0.0,0.0
2016-09-01,-0.5522013463223452,1.752499723754663,-0.3879435822693187,1.8378280944533536,0.4125122122337288,0,-0.037670232333849585,0.0,0.0
2016-09-02,0.5634962090119267,1.7251735768888563,0.2526276430461318,1.7967107866876084,0.2827443615985636,0,-0.02732614686580659,0.0,0.0
2016-09-03,3.864166859006168,1.6919071166303126,2.2084529037332348,1.7583283486764454,4.112938380579756,0,-0.03326646025854374,0.0,0.0
2016-09-04,1.7271891548303664,2.0516571935591617,0.7796231677566617,1.802281513384301,5.250343497246224,0,0.3597500769288491,0.0,0.0
2016-09-05,-0.3363902032143429,2.05305813024174,-0.2260334818657724,1.8548591482149468,5.266260673311773,0,0.0014009366825784575,0.0,0.0
2016-09-06,0.6320259493134195,1.993426151846617,0.2530097613142966,1.9030444338333372,6.450487968947538,0,-0.05963197839512313,0.0,0.0
2016-09-07,0.6707126144461562,1.9395700656421824,0.2799810894324805,1.9459237315840028,6.557704374381768,0,-0.053856086204434606,0.0,0.0
2016-09-08,1.8974462843429407,1.891205081055232,0.93579307058462,1.9857833244689864,4.59098379971854,0,-0.048364984586950266,0.0,0.0
2016-09-09,-0.5531585770423675,1.9259498671269373,-0.3535025823361812,1.9606418591825416,2.310636067845806,0,0.03474478607170517,0.0,0.0
2016-09-10,0.1039738247327726,1.883422822654664,-0.0125812692823051,1.9267147976651269,2.751000095792921,0,-0.04252704447227318,0.0,0.0
2016-09-11,-2.729741326030144,1.8312905622343192,-1.5603263946169783,1.894287679742667,-0.610767179550642,0,-0.05213226042034491,0.0,0.0
2016-09-12,0.250870010242199,2.009736650323483,0.0613017311424055,1.908320996678927,-1.030609783754599,0,0.17844608808916362,0.0,0.0
2016-09-13,0.1639523954911403,1.948127226140431,0.0186244104426343,1.9197054256959671,-2.7641036726063994,0,-0.06160942418305182,0.0,0.0
2016-09-14,0.2365709005539784,1.8909116757490312,0.057591915853928,1.9126977874203857,-1.9743741950100533,0,-0.057215550391399805,0.0,0.0
2016-09-15,-0.5795513908027239,1.8385064439496623,-0.3846715183224658,1.9037145116793852,-2.65789941054555,0,-0.052405231799368845,0.0,0.0
2016-09-16,-0.0299814895203809,1.8045997273599876,-0.0873607379892739,1.8983763447045188,0.041860425964213,0,-0.0339067165896747,0.0,0.0
2016-09-17,-0.1630748436377338,1.7595608597213872,-0.1652369774358365,1.8483411865841,-0.3720844279157198,0,-0.04503886763860043,0.0,0.0
2016-09-18,0.6398819300182268,1.7200841459005427,0.2977832548494481,1.802732570536122,0.1038451066113665,0,-0.0394767138208445,0.0,0.0
2016-09-19,-0.106149325636462,1.6895195253461872,-0.138393783892839,1.7624541404555536,-0.2388751195790739,0,-0.030564620554355493,0.0,0.0
2016-09-20,-0.1502996123306843,1.6551070722914456,-0.1679464074688983,1.72577426612391,0.1903766588929656,0,-0.03441245305474161,0.0,0.0
2016-09-21,-1.8521286090436464,1.6244275699426065,-1.2187667336565986,1.6897398346404338,-1.6317704606302996,0,-0.030679502348839094,0.0,0.0
2016-09-22,-0.1426143525493195,1.7183901956526262,-0.1572890881652747,1.6815057018266817,-1.611309969541885,0,0.09396262571001968,0.0,0.0
2016-09-23,1.0914608078407717,1.6820680944362096,0.5729798553290925,1.673902491533815,-1.1597310917193404,0,-0.03632210121641655,0.0,0.0
2016-09-24,-0.035999324148328,1.6759618938334484,-0.0976567541228494,1.671190965231267,-1.0895810902312064,0,-0.006106200602761236,0.0,0.0
2016-09-25,-0.2989756271450261,1.6418336620250678,-0.2598590292367523,1.6685362831779915,-1.2382571050455482,0,-0.03412823180838065,0.0,0.0
2016-09-26,1.1940295680518354,1.6157427175525474,0.6599812470329917,1.66679931269998,1.8079010720499331,0,-0.02609094447252036,0.0,0.0
2016-09-27,-0.3091750407291371,1.6232765316554274,-0.2691129371042347,1.64777657990054,1.6413403838701155,0,0.00753381410288001,0.0,0.0
2016-09-28,-0.2375086351408484,1.5991662409674343,-0.2283554393675542,1.631196209206785,0.3123709408884956,0,-0.024110290687993086,0.0,0.0
2016-09-29,0.1594430381481437,1.575361837783883,0.0201689306856704,1.6110761979968715,0.5078133031849674,0,-0.02380440318355137,0.0,0.0
2016-09-30,0.6651166765530903,1.5492660664357636,0.3469042624502251,1.5925626788790113,1.4719056068830838,0,-0.026095771348119357,0.0,0.0
2016-10-01,0.694278102342416,1.535427179346159,0.3690233151575892,1.5764995712377334,0.9721541411736644,0,-0.013838887089604679,0.0,0.0
2016-10-02,-0.5046962251340936,1.5240486098159758,-0.4149250197783914,1.556653986869843,0.776632956768708,0,-0.011378569530183125,0.0,0.0
2016-10-03,0.2029340688840086,1.5165308076042765,0.0496293211252837,1.540126900197211,1.217075660793565,0,-0.007517802211699287,0.0,0.0
2016-10-04,-0.3156278103338295,1.495977163878954,-0.2963263714677457,1.5242499654162258,0.7420048123115919,0,-0.020553643725322424,0.0,0.0
2016-10-05,0.3773585239511767,1.4841210413776549,0.1682402193303382,1.511220960404604,0.4542466597096783,0,-0.011856122501299193,0.0,0.0
2016-10-06,0.08323076058101,1.468634548715921,-0.0302586602602223,1.4978624342785565,-0.1568006820517276,0,-0.015486492661733964,0.0,0.0
2016-10-07,0.6665882271895462,1.4524529581432024,0.3710402803278825,1.4835433039440018,1.0144837702719125,0,-0.016181590572718507,0.0,0.0
2016-10-08,0.3214616894831934,1.4483311150326008,0.1338036675693466,1.4699033654296665,1.133011390871097,0,-0.004121843110601597,0.0,0.0
2016-10-09,-0.3812664724327952,1.4353977297173464,-0.3545610643887832,1.457787478597345,1.0673727287721313,0,-0.012933385315254453,0.0,0.0
2016-10-10,0.3628588391386245,1.4318819809350138,0.1642517804072208,1.4473396665088167,1.052873043959579,0,-0.0035157487823325173,0.0,0.0
2016-10-11,3.504619905906736,1.421210931914941,2.376107694949686,1.437854943148621,4.474262189285305,0,-0.010671049020072765,0.0,0.0
2016-10-12,-0.7641377949792805,1.7849974957709729,-0.4996127286056067,1.504363850674175,3.0435361671164785,0,0.3637865638560318,0.0,0.0
2016-10-13,0.0933235564128054,1.7646891607171296,-0.0194629846370605,1.5676354598110809,2.8153980340460905,0,-0.02030833505384333,0.0,0.0
2016-10-14,0.5624946282864585,1.72223546878414,0.252477063520475,1.6250030076244393,3.759159134765344,0,-0.042453691932989646,0.0,0.0
2016-10-15,-0.2708308374872459,1.6891993526330258,-0.2359108836402977,1.6764664819640416,3.1254694581394737,0,-0.033036116151114125,0.0,0.0
2016-10-16,0.4663039034061178,1.6581205716614589,0.2042277472197161,1.7238484099133455,0.0871534556388553,0,-0.03107878097156691,0.0,0.0
2016-10-17,-0.3806910666838803,1.628383717310331,-0.3121873153832507,1.692525654221217,0.4706001839342555,0,-0.02973685435112783,0.0,0.0
2016-10-18,-0.1930812611864674,1.606020739723088,-0.1997178041914962,1.6607919700224087,0.1841953663349826,0,-0.02236297758724315,0.0,0.0
2016-10-19,-1.1730713161854034,1.5805754892844863,-0.822954043916794,1.632459974122478,-1.5513705781368792,0,-0.025445250438601574,0.0,0.0
2016-10-20,0.0534297203595102,1.6102165356733906,-0.0461055717866373,1.6166634107305509,-1.227110020290123,0,0.029641046388904302,0.0,0.0
2016-10-21,0.3119463953313861,1.5811555861659576,0.1165455964654286,1.6012704136314508,-1.3814675283648548,0,-0.029060949507432987,0.0,0.0
2016-10-22,3.793274874151731,1.555652713132427,2.356313313871784,1.58672421279587,2.7924984124707564,0,-0.025502873033530715,0.0,0.0
2016-10-23,-0.0339361539199778,1.938595210986006,-0.0833623375530842,1.6532391070484536,2.951643519737246,0,0.38294249785357914,0.0,0.0
2016-10-24,-0.5050234765233697,1.882818046360813,-0.3360352064732408,1.7136876184637189,3.61969135939928,0,-0.055777164625193,0.0,0.0
2016-10-25,0.5836794377413135,1.8421810500314932,0.247537973152252,1.7600805213353392,4.149941076781083,0,-0.04063699632931983,0.0,0.0
2016-10-26,3.101697407941284,1.7994298295961093,1.6527611605570574,1.8037353700213696,6.939692089390981,0,-0.04275122043538393,0.0,0.0
2016-10-27,1.4648070528238577,2.0017634488079565,0.6679797151771796,1.892957517156476,4.611224268063108,0,0.20233361921184723,0.0,0.0
2016-10-28,0.1942014633561584,1.988224271715008,0.0334629195838853,1.902883329302276,4.839361885339244,0,-0.013539177092948496,0.0,0.0
2016-10-29,3.5367937275241346,1.9279805863500947,1.7682356747901684,1.9119158373001324,8.881179089386748,0,-0.06024368536491331,0.0,0.0
2016-10-30,-1.7813938679665853,2.17438087451546,-0.8779802861488247,1.9783558021969256,6.516105783678849,0,0.24640028816536508,1.0,0.0
2016-10-31,-0.1271750838661489,2.189375207830794,-0.1164006778699554,2.0563448778438627,3.2872332918714164,0,0.014994333315334174,1.0,0.0
2016-11-01,4.02930513962616,2.1155183492815675,1.844292897064273,2.079095857938585,5.851731378673719,0,-0.07385685854922652,1.0,0.0
2016-11-02,1.5008828651200012,2.405242813099796,0.5709249740624817,2.1624995662155424,7.158412780437562,0,0.28972446381822836,1.0,0.0
2016-11-03,-7.296402147635561,2.356784650284357,-3.150084935073233,2.248260379002395,-3.674783094722134,0,-0.04845816281543902,1.0,0.0
2016-11-04,2.088531649560199,3.308584170593626,0.5926589362758605,2.4751010382180283,0.1951424228046505,1,0.9517995203092693,1.0,1.0
2016-11-05,0.0260255276399945,3.2216702580663488,-0.0315501397272241,2.681560048265139,0.348343034310794,1,-0.08691391252727731,1.0,1.0
2016-11-06,1.1454947164835083,3.07700537711252,0.330784290991916,2.873857453831329,-2.535467388831858,1,-0.14466488095382868,1.0,1.0
2016-11-07,-1.1863106911188304,2.959810576643425,-0.443940695369087,2.9847710065400554,-5.22266094507069,1,-0.11719480046909503,0.0,1.0
2016-11-08,0.950770194981132,2.8635714438014817,0.2874384441588822,3.0861283652434803,3.024511397546004,1,-0.09623913284194341,0.0,1.0
2016-11-09,1.8735864175560837,2.7546710339506686,0.6338022658971044,2.975345737914889,2.809566165541888,1,-0.10890040985081306,0.0,1.0
2016-11-10,-1.0757646118391584,2.700015832936525,-0.4457137886363203,2.871014852888924,1.707776026062735,1,-0.05465520101414345,0.0,0.0
2016-11-11,0.1224927305629286,2.618211631519484,-0.0019772824365221,2.7792561037703165,0.6847740401421554,1,-0.08180420141704126,0.0,0.0
2016-11-12,-1.5979621136042788,2.51265087700716,-0.6867773807464744,2.689824163843064,0.273122617656707,0,-0.10556075451232383,0.0,0.0
2016-11-13,-0.4296847536326531,2.4782982832654232,-0.2248940056300685,2.612769531735852,-1.1073323309570782,0,-0.034352593741736825,0.0,0.0
2016-11-14,0.4250013120778995,2.3891451972945354,0.1244510538654441,2.5396643644046253,-2.555917436435262,0,-0.08915308597088778,0.0,0.0
2016-11-15,0.9315097840551624,2.301376660519761,0.3492866349989778,2.4599365299212725,-0.5486430405409415,0,-0.08776853677477447,0.0,0.0
2016-11-16,4.476444393221435,2.2330736777695304,1.9474389770820768,2.3829089391712817,3.8053086221175647,0,-0.06830298275023061,0.0,0.0
2016-11-17,-0.433755399513025,2.5750026831609727,-0.2180289277449884,2.3953793004020443,4.9695153362088185,0,0.34192900539144233,0.0,0.0
2016-11-18,1.4214767311386822,2.4790667265993847,0.5218927924850206,2.395532989068837,6.820676820980154,0,-0.09593595656158804,0.0,0.0
2016-11-19,0.0041253110332206,2.4196720810957806,-0.0510583084249419,2.401638365829086,6.399800819935475,0,-0.05939464550360407,0.0,0.0
2016-11-20,-2.777656409281981,2.32808926161962,-1.2479444545428708,2.4069808860490576,2.690634626598332,0,-0.09158281947616054,0.0,0.0
2016-11-21,1.1184405960807275,2.432512975368757,0.4073034477826378,2.446868745568903,-0.6673691705423757,0,0.10442371374913684,0.0,0.0
2016-11-22,1.623414137531043,2.361650616348706,0.6333470551230601,2.404198332206449,1.3898003665016925,0,-0.070862359020051,0.0,0.0
2016-11-23,-0.9028479985516036,2.324965555318289,-0.4432399743004173,2.373378097950231,-0.9345243631885936,0,-0.03668506103041702,0.0,0.0
2016-11-24,-0.57984430428073,2.264509726444625,-0.3124358312333622,2.34234562702,-1.5184939785025442,0,-0.060455828873664075,0.0,0.0
2016-11-25,0.1835415171355769,2.1956047810960317,0.0254471310955407,2.315848730915281,1.442703947915014,0,-0.06890494534859304,0.0,0.0
2016-11-26,-0.8485949660177461,2.11975440286464,-0.460555543196632,2.253297016414458,-0.5243316141834597,0,-0.07585037823139196,0.0,0.0
2016-11-27,-0.4561827647719063,2.073736034756517,-0.2815461704977742,2.19571410009602,-2.603928516486409,0,-0.046018368108122765,0.0,0.0
2016-11-28,0.514770409300791,2.015765195100627,0.1920366200411734,2.133874028052488,-1.1863101086340144,0,-0.05797083965589023,0.0,0.0
2016-11-29,-0.0284058669317133,1.957314338304574,-0.0797396403400059,2.0724349504244777,-0.6348716712849978,0,-0.058450856796052886,0.0,0.0
2016-11-30,1.3619341360082693,1.900020146894243,0.6496059863305962,2.0133180235841204,0.5435209475876945,0,-0.057294191410330875,0.0,0.0
2016-12-01,1.4753367423404384,1.8894408224913903,0.713262385284125,1.96725530750947,2.867452655945879,0,-0.010579324402852697,0.0,0.0
2016-12-02,2.758985869159414,1.8880967657916647,1.3936341835843844,1.9301274537165,6.082621289877199,0,-0.0013440566997255932,0.0,0.0
2016-12-03,-0.8765074276257501,2.024247787173631,-0.4960742002167971,1.931823972131101,4.691343452950658,0,0.13615102138196633,0.0,0.0
2016-12-04,0.3517068262671508,1.9879746728252672,0.112696180133786,1.9379560390352395,5.071456146149522,0,-0.03627311434836389,0.0,0.0
2016-12-05,-1.9800038791605523,1.9289983669821635,-1.0926258879601587,1.9437516830528236,1.7295181309807006,0,-0.05897630584310365,0.0,0.0
2016-12-06,0.7254480199637037,1.9940607745568577,0.2997794014876595,1.9646756734659168,0.979629408603966,0,0.06506240757469417,0.0,0.0
2016-12-07,0.5100679537056507,1.9429426193994097,0.1968139848550057,1.975644844187466,-1.2692885068497972,0,-0.051118155157448,0.0,0.0
2016-12-08,0.3480288652593089,1.8901684590018848,0.1165817733191044,1.9488289785531163,-0.0447522139647382,0,-0.052774160397524916,0.0,0.0
2016-12-09,0.2570620284196856,1.8388722833973368,0.0703650575142726,1.9190085006675304,-0.1393970118122034,0,-0.05129617560454802,0.0,0.0
2016-12-10,0.2398818851632178,1.790792722070333,0.0626606358978605,1.8913673716851644,2.0804887525115667,0,-0.04807956132700375,0.0,0.0
2016-12-11,-0.6370219326260695,1.7465234964993694,-0.437836426819223,1.8418599160736664,0.7180187999217935,0,-0.04426922557096358,0.0,0.0
2016-12-12,1.336429337041345,1.7234847579702852,0.7013463026083547,1.7979683437878418,1.5443801832574875,0,-0.023038738529084224,0.0,0.0
2016-12-13,0.0601105042332683,1.7294613667858043,-0.0390637059036017,1.7658269253446257,1.2564618222314472,0,0.005976608815519091,0.0,0.0
2016-12-14,0.1184335419024407,1.6900610526615156,-0.0054649697536336,1.7360646791974617,1.1178333357142023,0,-0.03940031412428868,0.0,0.0
2016-12-15,-0.4351215826300603,1.6538669158765649,-0.3402881160899248,1.7086795179587078,0.4428298679209241,0,-0.03619413678495076,0.0,0.0
2016-12-16,0.8725572393617043,1.6310364031562747,0.4566958551527216,1.6855820992900887,1.952409039908698,0,-0.02283051272029013,0.0,0.0
2016-12-17,0.7516519385485587,1.618090615563984,0.3856287516345554,1.6645032708088288,1.3676316414159118,0,-0.012945787592290703,0.0,0.0
2016-12-18,-0.0378092763518189,1.6009907402350498,-0.1033603422119445,1.6388091454986775,1.2697118608308244,0,-0.0170998753289342,0.0,0.0
2016-12-19,0.2758843640726205,1.5734813329232833,0.0941953911586803,1.6154932015510313,1.4271626830010042,0,-0.027509407311766543,1.0,0.0
2016-12-20,1.0243612033812075,1.5482671210008878,0.5791581548050347,1.594373242575896,2.8866454690122723,0,-0.02521421192239548,1.0,0.0
2016-12-21,4.0864183761444295,1.5520813684635213,2.5506064193183065,1.5785822356373451,6.1005066057949975,0,0.00381424746263348,1.0,0.0
2016-12-22,3.5627265068140623,1.9958200317626535,1.721125541235942,1.6541281188770791,8.911581174060501,0,0.44373866329913225,1.0,0.0
2016-12-23,6.433033120214748,2.232664620709619,2.8241426801369087,1.780462894971993,15.382423570627068,0,0.23684458894696547,1.0,0.0
2016-12-24,-2.544283836463368,2.970107048247531,-0.8996152217735539,2.0597880380368427,12.56225537009108,1,0.7374424275379119,1.0,1.0
2016-12-25,-0.2940426327735501,2.9705197062669013,-0.1419658338979857,2.344238555090045,11.243851533936322,1,0.00041265801937040436,1.0,1.0
2016-12-26,1.2670140107804428,2.844992032967036,0.4004736474271222,2.6028206879907483,8.424447168572335,1,-0.12552767329986514,1.0,1.0
2016-12-27,2.780264011368238,2.749287415891148,0.964829767014884,2.753514164816447,7.641984673126512,1,-0.09570461707588818,1.0,1.0
2016-12-28,4.476426663918254,2.7718273795188755,1.5689133535566946,2.861346716578298,5.685378216830017,1,0.022539963627727477,1.0,1.0
2016-12-29,-0.2486908854591796,3.0072290646438744,-0.1251519428037915,2.868771119857567,7.980971167834205,1,0.23540168512499893,1.0,1.0
2016-12-30,-1.2672740567105656,2.8786336683450573,-0.4845853595360596,2.8503939122731987,7.00773974389719,1,-0.1285953962988171,1.0,1.0
2016-12-31,0.2602629691137004,2.792671101523239,0.0474790227192698,2.839929725984439,6.000988702230448,1,-0.08596256682181824,2.0,1.0
2017-01-01,3.5254245031350884,2.675809014559827,1.2698046871842952,2.8252340457181746,6.746149193997297,1,-0.11686208696341227,2.0,1.0
2017-01-02,2.319323561568165,2.7929416665153566,0.784711658466385,2.829456903117471,4.589046091647209,1,0.1171326519555298,2.0,1.0
2017-01-03,2.1389344804025434,2.7685135109441377,0.7264782339023579,2.7817137923775235,6.976671457508932,1,-0.024428155571218912,2.0,1.0
2017-01-04,10.09603452320036,2.7319146680872,3.648856593219605,2.752369992325952,18.339980037419856,1,-0.03659884285693771,2.0,1.0
2017-01-05,-13.05752503587252,4.160431178654465,-3.1691894767921154,3.0259220077521976,5.022192032433637,2,1.4285165105672655,2.0,1.0
2017-01-06,-11.620924119418063,5.826943478672476,-2.0162532615696005,3.656148900574728,-10.124156590119515,2,1.6665123000180104,2.0,2.0
2017-01-07,0.7051147530085622,6.714108768735344,0.0860047250441399,4.440382321018725,-11.738365398679118,2,0.8871652900628684,2.0,2.0
2017-01-08,0.2872818355796447,6.368071214660032,0.0250644434966696,5.160293861761904,-13.590018043502017,2,-0.34603755407531267,2.0,2.0
2017-01-09,-0.9229224484763598,6.038969302876389,-0.1739687801381915,5.821704788719741,-24.608975015178736,2,-0.3291019117836429,2.0,2.0
2017-01-10,0.5358747291348998,5.738365985921957,0.0711361136078331,6.13729175017324,-11.015575250171317,2,-0.3006033169544313,2.0,2.0
2017-01-11,-15.447664907682237,5.446314238497551,-2.859793596194692,6.061165902138255,-14.842316038435488,2,-0.29205174742440665,2.0,2.0
2017-01-12,3.422186501689417,7.22753742736618,0.4558284008019252,6.163851633864422,-12.125244289754631,2,1.781223188868629,2.0,2.0
2017-01-13,2.3515097351718417,6.932821955631302,0.3207698214330255,6.2768017820586754,-10.061016390162436,2,-0.2947154717348779,2.0,2.0
2017-01-14,-0.6785261137378207,6.611221345243696,-0.1219435481092841,6.391252190532137,-9.816620055423895,2,-0.32160061038760546,2.0,2.0
2017-01-15,0.4128728905042678,6.273660264568283,0.0454604176891723,6.498311046261402,-9.939621894054527,2,-0.337561080675413,2.0,2.0
2017-01-16,1.1777592965048989,5.950381573705196,0.176474333462618,6.599124513302931,6.685802310132605,2,-0.3232786908630869,2.0,2.0
2017-01-17,8.790389778017538,5.654939003131544,1.5318856841397124,6.284604828456004,12.054005586460724,2,-0.29544257057365275,2.0,2.0
2017-01-18,-2.376187851963607,6.056994007699882,-0.4133828633836583,6.1094392388697205,7.326307999325277,2,0.4020550045683384,2.0,2.0
2017-01-19,1.3950027432390044,5.80234828685728,0.2184172693791186,5.947664627192437,9.399836856302102,2,-0.2546457208426016,2.0,2.0
2017-01-20,-0.4511461114076631,5.520369651531972,-0.1048509107871181,5.797006504585175,8.53581785439017,2,-0.2819786353253084,2.0,2.0
2017-01-21,2.946357940678101,5.2425026699570925,0.5376608165397732,5.655430723835554,10.304416498563372,2,-0.27786698157487955,2.0,2.0
2017-01-22,0.3123784353015857,5.060449351248604,0.0365004662716327,5.536532793458965,1.8264051558474212,2,-0.18205331870848873,2.0,2.0
2017-01-23,-0.3967041519034708,4.806005231024199,-0.1091080431946913,5.286335038123829,3.8058888559075577,2,-0.254444120224405,2.0,2.0
2017-01-24,-3.1237062820324013,4.569092303081336,-0.7116021609536639,5.039683841368641,-0.7128201693638481,2,-0.23691292794286234,1.0,2.0
2017-01-25,0.987059326696027,4.469015990543127,0.1922995250134591,4.829413109170871,0.7253852687398421,2,-0.10007631253820914,1.0,2.0
2017-01-26,1.7639684998949967,4.257760679750041,0.3843097225356565,4.632464711129462,-0.4570041720432627,2,-0.2112553107930859,1.0,1.0
2017-01-27,0.2355587075202336,4.084456736648471,0.0264145368746719,4.437266188209435,-0.5338238998246148,2,-0.17330394310156993,1.0,1.0
2017-01-28,0.1998574343793357,3.886993649796017,0.01857161766809,4.253463871963798,0.0627376864581918,2,-0.1974630868524545,1.0,1.0
2017-01-29,-0.2274805283906111,3.701288243602849,-0.0959531329237781,4.0799030600681006,2.958963440099982,1,-0.185705406193168,1.0,1.0
2017-01-30,0.0963158901019944,3.5286377372746704,-0.0088855208920515,3.8918274094144096,2.068220003505949,1,-0.17265050632817847,1.0,1.0
2017-01-31,5.292264278631098,3.3646932014455886,1.5349377476600778,3.713213913753519,5.596515782242051,1,-0.16394453582908186,1.0,1.0
2017-02-01,1.9006132801863809,3.621496202884133,0.4895610837137951,3.620621807000652,7.261570354908198,1,0.2568030014385445,1.0,1.0
2017-02-02,2.2768592259201803,3.4993978548143336,0.6141598185317453,3.5431026480043144,9.338572146449042,1,-0.12209834806979947,1.0,1.0
2017-02-03,1.7740542159063288,3.4092513001498093,0.4829167452094109,3.484695259313707,11.340106890745982,1,-0.09014655466452437,1.0,1.0
2017-02-04,1.2533864584718837,3.2962070948220745,0.3415188280503407,3.438209130823188,12.497177459115871,1,-0.11304420532773474,1.0,1.0
2017-02-05,-1.503241332347116,3.167788784704795,-0.5148420925848218,3.3988282474750293,5.701671848137657,1,-0.12841831011727933,1.0,1.0
2017-02-06,1.0467402259395795,3.0722262439631614,0.299154579942964,3.2889742556908352,4.847798793890856,1,-0.09556254074163384,1.0,1.0
2017-02-07,2.2101353214739383,2.9519592401529096,0.7054520329112125,3.17948653275855,4.781074889444614,1,-0.1202670038102518,1.0,1.0
2017-02-08,0.1619238325925032,2.9039691889951493,0.0117956341566164,3.078430110527618,3.1689445061307886,1,-0.04799005115776023,1.0,1.0
2017-02-09,-6.679373711864844,2.779490482586489,-2.449025614208075,2.975086788080501,-4.763815664205939,1,-0.12447870640866032,1.0,1.0
2017-02-10,-0.5757777136341957,3.4591806367143763,-0.203356650590927,3.0333651584824173,-3.836352045493019,1,0.6796901541278872,1.0,1.0
2017-02-11,1.5830756402560375,3.3073854765472843,0.4400472748457387,3.080397004999242,-3.300016631176561,1,-0.15179516016709194,1.0,1.0
2017-02-12,-0.5259445444450783,3.192247328936592,-0.2047504944110461,3.1284546227559784,-6.036096497095578,1,-0.11513814761069252,1.0,1.0
2017-02-13,-0.8582726834247545,3.056622597774276,-0.3225594021910696,3.1589853045118037,-7.056293013112835,1,-0.135624731162316,1.0,1.0
2017-02-14,1.3941699990017042,2.939708889777877,0.4308250823639786,3.191028985950081,1.0172506977537132,1,-0.11691370799639866,0.0,1.0
2017-02-15,0.2912476248507545,2.842716598490993,0.0575428273435898,3.0677361783054047,1.8842760362386637,1,-0.09699229128688414,0.0,1.0
2017-02-16,1.9618070354986197,2.722734240125063,0.6736380415068869,2.95080593102096,2.2630074314812454,1,-0.11998235836593008,0.0,1.0
2017-02-17,1.8103858479592283,2.6770828939011406,0.6285633430909882,2.847773044013869,4.599337823885552,1,-0.04565134622392231,1.0,1.0
2017-02-18,0.7816821423608289,2.624915420741952,0.2491556347895344,2.761431608607405,6.239292649671135,1,-0.05216747315918857,0.0,0.0
2017-02-19,-0.6231366653728365,2.527815632122483,-0.2970178403317536,2.679052957076326,4.221985985296595,0,-0.09709978861946889,1.0,0.0
2017-02-20,3.0182976618057467,2.4405836890060253,1.1844002729306038,2.5986263751793333,6.949036022251587,0,-0.08723194311645788,1.0,0.0
2017-02-21,3.2180966437300285,2.527485971303829,1.2227276449327908,2.559576721415086,8.205325630482996,0,0.08690228229780361,1.0,1.0
2017-02-22,0.1916831554673592,2.626823544163157,0.0243691591590032,2.5495248514674893,6.586622937991127,1,0.0993375728593282,1.0,0.0
2017-02-23,4.315606560435903,2.5207660517778985,1.6613746773704436,2.5286949776746783,10.1205473560662,0,-0.10605749238525863,0.0,1.0
2017-02-24,0.5947789654450197,2.7766926461250034,0.1682250614449032,2.5784703804751823,11.338462986884055,1,0.25592659434710496,0.0,1.0
2017-02-25,-2.575316445722109,2.664849678973681,-1.014310916479216,2.623323578468714,5.744848879356201,1,-0.11184296715132236,1.0,1.0
2017-02-26,1.8501711042905988,2.702283875224265,0.637424308247636,2.658283159252801,4.376923339916772,1,0.03743419625058397,1.0,0.0
2017-02-27,1.2596285399297358,2.6506106930033924,0.4270558737579411,2.663040589020848,5.444868724379148,1,-0.05167318222087269,0.0,0.0
2017-02-28,0.0,2.569227658367417,-0.0496918496191794,2.672732910338752,1.1292621639432454,0,-0.08138303463597518,0.0,0.0
2017-03-01,3.540895276981093,2.467336753652472,1.3833643086989904,2.610861731844245,4.075378475479319,0,-0.10189090471494522,0.0,0.0
2017-03-02,2.305329049724314,2.617666083597475,0.8319087713030657,2.6014250127690044,8.956023970925742,1,0.15032932994500303,0.0,1.0
2017-03-03,1.8987094918869296,2.6095276060871617,0.6786821543173758,2.582873758941584,9.004562358522072,1,-0.008138477510313269,1.0,1.0
2017-03-04,-1.5683220977968482,2.569570091009976,-0.6600293870821266,2.5666656385429003,6.1766117207954885,0,-0.03995751507718559,1.0,0.0
2017-03-05,0.9491498113520792,2.527873771097969,0.3249688122513503,2.5583948610890106,7.125761532147568,0,-0.04169631991200706,1.0,0.0
2017-03-06,0.4496128401150656,2.4430307336491084,0.1317802356080699,2.5535336570883382,4.03447909528154,0,-0.08484303744886068,1.0,0.0
2017-03-07,-3.9494404934135474,2.3517940133959008,-1.733617036452689,2.500359243048023,-2.220290447856321,0,-0.09123672025320761,2.0,0.0
2017-03-08,-6.198638601041129,2.622393870093394,-2.4124172755379623,2.5029324958492696,-10.31763854078438,1,0.2705998566974932,2.0,1.0
2017-03-09,3.2921643223535746,3.246922587487676,0.9746135186934312,2.63840299514481,-5.457152120633957,1,0.624528717394282,1.0,1.0
2017-03-10,-6.228779461108402,3.2659308941737653,-1.9462901517251867,2.7860144197599688,-12.635081393094438,1,0.019008306686089327,1.0,1.0
2017-03-11,5.157845284233975,3.7381156032054217,1.345644742897621,3.0450313936712314,-7.926848948975529,1,0.47218470903165644,1.0,1.0
2017-03-12,3.800712718862531,3.917202847661104,0.937669859659837,3.3581131605242724,-0.1766957366994503,2,0.17908724445568236,1.0,1.0
2017-03-13,0.8592592591656789,3.915219099724582,0.186857891242948,3.61667820645051,6.881202123507357,2,-0.0019837479365221178,2.0,1.0
2017-03-14,0.6537416006713315,3.735282999618261,0.1408385726832652,3.714350288876626,4.242779401825114,1,-0.1799361001063211,2.0,1.0
2017-03-15,0.7720111292730536,3.562771544234265,0.1808539915725945,3.773718418888727,11.24356999220657,1,-0.17251145538399593,2.0,1.0
2017-03-16,-5.072016609052099,3.403134171667406,-1.5279110435253511,3.706722132581123,1.013708098920496,1,-0.15963737256685873,2.0,1.0
2017-03-17,-7.659209371416775,3.6587274581915263,-2.1283025682658483,3.655027054687209,-10.44621399135881,1,0.25559328652412017,2.0,1.0
2017-03-18,-12.205008924073011,4.305262061461364,-2.8645593282012385,3.733035647034564,-23.510482174597502,2,0.6465346032698376,2.0,2.0
2017-03-19,6.261202328713988,5.723836538640692,1.071577186537469,4.130746354839051,-17.903021446554845,2,1.4185744771793285,2.0,2.0
2017-03-20,1.6729458954285903,5.783825519921619,0.2671719981297951,4.574957149976521,-17.00208668039931,2,0.059988981280926446,2.0,2.0
2017-03-21,6.100012272536581,5.510414531278365,1.0838281882786092,4.996413221898714,-5.830057798810628,2,-0.27341098864325364,2.0,2.0
2017-03-22,-6.58399519210997,5.576911459149132,-1.2034734486480438,5.380050022090234,-4.754843619503824,2,0.06649692787076678,2.0,2.0
2017-03-23,-1.0106803783773266,5.722585960433782,-0.1989223160097481,5.663514801884718,6.439484926191863,2,0.14567450128464987,2.0,2.0
2017-03-24,-10.238115832507775,5.442359370790147,-1.904649215665421,5.607219368314609,-10.059833235029902,2,-0.2802265896436351,2.0,2.0
2017-03-25,3.691880349154797,6.163176562903191,0.5783074098787184,5.683089576910923,-8.040898781303696,2,0.720817192113044,2.0,2.0
2017-03-26,-0.6242870215820595,5.958614690141856,-0.1261965633158246,5.772729608683621,-14.765198075422337,2,-0.2045618727613343,2.0,2.0
2017-03-27,7.859470878677666,5.657699487067134,1.3665980708085796,5.788887214267222,-0.3217320046347005,2,-0.3009152030747222,2.0,2.0
2017-03-28,0.1318736553550969,5.925359509332298,0.0007094895949259,5.829441924046925,0.8208220290977231,2,0.26766002226516417,2.0,2.0
2017-03-29,-0.68803730046616,5.621072541128739,-0.1451158953980323,5.865184558114644,10.37090056113934,2,-0.3042869682035594,2.0,2.0
2017-03-30,-1.3105023821427864,5.340650476466418,-0.2692878073405333,5.70067934082729,5.368517829841757,2,-0.28042206466232056,2.0,2.0
2017-03-31,4.32433697911625,5.091120711491533,0.824311098184457,5.527180545097225,10.317141830540066,2,-0.2495297649748851,2.0,2.0
2017-04-01,0.8093712582577517,5.022461695186079,0.1357305690303457,5.4001329867210135,3.2670422101201524,2,-0.06865901630545412,2.0,2.0
2017-04-02,1.9857106712705352,4.77495929577819,0.3891218504158357,5.170052944010192,5.120879226035591,2,-0.24750239940788887,2.0,2.0
2017-04-03,3.7083842797371434,4.576530282281804,0.7824081529981289,4.961144492240805,9.517300806238891,2,-0.1984290134963862,2.0,2.0
2017-04-04,-0.927523563605881,4.502181004701209,-0.2343737928219836,4.793450597887763,9.900279624775798,2,-0.07434927758059473,1.0,2.0
2017-04-05,-0.7502123814714601,4.293505758894702,-0.2044674224763326,4.633927607368397,4.825730264188088,2,-0.2086752458065071,1.0,2.0
2017-04-06,5.019560806332191,4.093378613756011,1.195074190170366,4.448110991082383,9.035919812262527,2,-0.20012714513869145,1.0,2.0
2017-04-07,-0.4899211441568241,4.205921235399553,-0.1468384175613751,4.3343033790066565,6.560287996835168,2,0.11254262164354234,1.0,1.0
2017-04-08,-0.0807593602383249,4.00608106179301,-0.0520281620517354,4.220213534908897,2.7711443568597005,2,-0.19984017360654338,1.0,1.0
2017-04-09,1.0085493189349035,3.813745825494152,0.2309749219807371,4.082526499067486,4.707217239400485,1,-0.19233523629885774,1.0,1.0
2017-04-10,-0.0623149691217683,3.643606026352365,-0.0521419281296428,3.952546552559018,5.395114651750177,1,-0.17013979914178723,1.0,1.0
2017-04-11,1.4949240225947236,3.473140584617643,0.3936651324202627,3.8284989467313446,1.8704778680127097,1,-0.17046544173472178,1.0,1.0
2017-04-12,-0.3858035232978452,3.3421501955615662,-0.153635584186724,3.6557447387637465,1.9745954888716888,1,-0.13099038905607685,1.0,1.0
2017-04-13,-2.6241638711645088,3.194094350120936,-0.8615379647433861,3.493347396429333,-0.568809022054495,1,-0.14805584544063022,1.0,1.0
2017-04-14,-0.1489195149853017,3.178842320968278,-0.0870094082987049,3.3663666955241576,-1.7262778559747003,1,-0.015252029152657887,1.0,1.0
2017-04-15,0.4256290746533331,3.03803105665225,0.0980764826494692,3.2452517015841345,-1.238333812199599,1,-0.14081126431602797,0.0,1.0
2017-04-16,0.8847520245842233,2.906474220857277,0.2604813573484538,3.131918428832061,-1.8485058102100995,1,-0.13155683579497301,0.0,1.0
2017-04-17,0.92308482079142,2.792624940056176,0.2848270582079631,3.022013377730983,-0.5396174661208342,1,-0.11384928080110113,0.0,1.0
2017-04-18,1.4765945740239594,2.6878279470597533,0.5018643031309106,2.920760097118747,3.561140979067634,1,-0.10479699299642276,0.0,0.0
2017-04-19,-0.1139577024277471,2.614446397282645,-0.0924200921143059,2.80788091238162,3.5961027916251886,1,-0.0733815497771082,0.0,0.0
2017-04-20,1.540585369344072,2.510363004155067,0.5628332207606757,2.702347301882184,4.711059086315927,0,-0.1040833931275782,0.0,0.0
2017-04-21,-0.5736069884235917,2.4552899705368527,-0.2856186728556899,2.6121104518180984,3.2527000733081124,0,-0.05507303361821414,0.0,0.0
2017-04-22,0.7873599679879106,2.371812186746643,0.2781376608304562,2.527947901156192,3.116975220504603,0,-0.08347778379020987,0.0,0.0
2017-04-23,-2.009153636734684,2.293243722871115,-0.9317907599007558,2.4490310563184643,-0.3687729902540404,0,-0.07856846387552796,0.0,0.0
2017-04-24,3.495168393262293,2.3163475612975395,1.4537968200846787,2.389411289121443,3.240353105436,0,0.023103838426424606,0.0,0.0
2017-04-25,1.219582759624238,2.484602225465893,0.4394719903233046,2.3842591333836087,2.9193504957161664,0,0.16825466416835333,0.0,0.0
2017-04-26,1.2244046631327166,2.414278105611796,0.4542703618719044,2.376056760398597,4.717362147272475,0,-0.0703241198540967,0.0,0.0
2017-04-27,2.820710655915448,2.3498030545635893,1.1460709340079462,2.3716549339619863,6.750712835200012,0,-0.06447505104820683,1.0,0.0
2017-04-28,-0.0949051223979147,2.425491903643025,-0.0917648071719569,2.3981045701163684,8.664961349536782,0,0.07568884907943563,1.0,0.0
2017-04-29,0.4025414930822535,2.334274387563811,0.1177547164590603,2.401689935369623,5.572334449356742,0,-0.09121751607921391,1.0,0.0
2017-04-30,1.9553509516994083,2.2501255443764685,0.8122574679577917,2.354794599151738,6.308102641431912,0,-0.0841488431873425,1.0,0.0
2017-05-01,5.324256303040009,2.249724955189316,2.3098764213893355,2.3218839690672417,10.407954281339205,0,-0.0004005891871523559,1.0,0.0
2017-05-02,2.1723477635178234,2.747473232820928,0.7442030971058632,2.401418004718709,9.75959138894158,1,0.497748277631612,1.0,1.0
2017-05-03,2.5330039559928963,2.715466949903196,0.8857902990281705,2.459413013970744,12.38750046733239,1,-0.03200628291773233,0.0,1.0
2017-05-04,3.143181439131037,2.71773925127085,1.1095662555868504,2.536105986712152,15.128140413381177,1,0.002272301367653995,1.0,1.0
2017-05-05,1.1496549171071455,2.7829932540322533,0.3672251958172627,2.6426795286433085,14.322444378788912,1,0.06525400276140347,1.0,1.0
2017-05-06,1.4900234291777892,2.686945132738375,0.5070270092758942,2.7301235641531205,10.488211504926692,1,-0.09604812129387819,1.0,1.0
2017-05-07,1.128014206288519,2.614366767479119,0.3826335861880858,2.7035022710847585,9.443877947697388,1,-0.0725783652592562,1.0,1.0
2017-05-08,7.632481902191035,2.5299526358033035,2.9663844775382917,2.6663994082647804,14.543355893895528,0,-0.08441413167581535,2.0,1.0
2017-05-09,1.8403898923351925,3.439582724692498,0.4979441853811732,2.81076810294911,13.24056434709968,1,0.9096300888891946,2.0,1.0
2017-05-10,1.7937028143165,3.327807631117784,0.5006398579955965,2.919730978366216,13.884612244309036,1,-0.11177509357471394,1.0,1.0
2017-05-11,3.380135427898434,3.221932109497481,1.009476811716149,3.0267283737180373,15.77472424302968,1,-0.10587552162030311,1.0,1.0
2017-05-12,-6.962597013852268,3.2528483146481686,-2.1797102116199314,3.154424683151847,7.684113022888894,1,0.030916205150687492,1.0,1.0
2017-05-13,4.572437995723799,3.8645879866608657,1.1501273451732688,3.4213517533233597,4.6240691164216585,2,0.6117396720126971,2.0,1.0
2017-05-14,0.2213724843994846,3.952402099412662,0.0237078130224601,3.5239156282673925,3.0050517084859507,2,0.08781411275179618,1.0,1.0
2017-05-15,-3.974203487147232,3.76281025834623,-1.0901089557959935,3.610916153713082,-2.762854592977781,1,-0.18959184106643168,2.0,1.0
2017-05-16,-0.2292105846447789,3.823427287377725,-0.0933404069851092,3.7312151892891303,-6.3722006055209945,1,0.060617029031494685,2.0,1.0
2017-05-17,5.858053337167224,3.643323985002329,1.5728449312548662,3.809310323359963,6.448449745498497,1,-0.18010330237539574,2.0,1.0
2017-05-18,2.6591435579729428,3.938382403887281,0.6427699557659219,3.8240692068052455,4.53515530774764,2,0.29505841888495166,2.0,1.0
2017-05-19,5.112090162962346,3.83833948364906,1.2985877121496017,3.801256683652525,9.425872986310502,1,-0.10004292023822092,2.0,1.0
2017-05-20,4.765613840375238,3.996968646035666,1.1603654110567727,3.848088361190412,18.16569031383297,2,0.1586291623866063,2.0,2.0
2017-05-21,-2.1101494807389543,4.09112227620033,-0.5469939552269705,3.901627358954933,16.284751417738796,2,0.0941536301646635,2.0,1.0
2017-05-22,6.275487042773875,3.960173745311483,1.552411021262729,3.964997311016764,16.702185123345448,2,-0.13094853088884673,2.0,2.0
2017-05-23,6.545545339360448,4.264755976504682,1.5048635139456197,4.030272025540244,20.588586904732956,2,0.3045822311931987,2.0,2.0
2017-05-24,5.174051688319104,4.559247909563338,1.1068452766731414,4.174453710723099,20.65054843008971,2,0.29449193305865595,2.0,2.0
2017-05-25,-5.841669584305009,4.632308304325263,-1.2886316856691875,4.301521642381019,10.043265005409465,2,0.07306039476192527,2.0,2.0
2017-05-26,-4.551527081265316,4.809214476023049,-0.9729648737919836,4.445140082345563,7.601887404883101,2,0.17690617169778644,2.0,2.0
2017-05-27,-7.716098991381948,4.814371409114329,-1.6292404551442676,4.6159796151061325,-6.389698629272722,2,0.005156933091279292,2.0,2.0
2017-05-28,5.576617659363858,5.233621673260928,1.0411428882538498,4.809752754457381,-7.358626309269312,2,0.4192502641465996,2.0,2.0
2017-05-29,4.525858696050733,5.273719293065713,0.8339823902642631,4.9526470311578565,-8.006819301537682,2,0.04009761980478466,2.0,2.0
2017-05-30,-3.617577429230323,5.205846674772372,-0.7194309278866949,5.067354705247278,-5.782727146462996,2,-0.06787261829334046,2.0,2.0
2017-05-31,4.97381437480966,5.08970722310782,0.9521460641921818,5.123453254664232,3.74261430961198,2,-0.11613945166455242,2.0,2.0
2017-06-01,5.176378021810457,5.082319361648239,0.9933866780335678,5.177042845171014,16.635091322804385,2,-0.007387861459580591,2.0,2.0
2017-06-02,3.2953587511441285,5.096424081400564,0.6215513124717392,5.149603326798942,14.353832414584655,2,0.014104719752324968,2.0,2.0
2017-06-03,1.0711766542318202,4.947367744141916,0.1907088837113389,5.084333017014183,10.899150372765742,2,-0.14905633725864842,2.0,2.0
2017-06-04,-0.1408365573248637,4.709040168683707,-0.057019312247011,4.9849717157964495,14.375891244671202,2,-0.23832757545820904,2.0,2.0
2017-06-05,6.735100598126653,4.475453094216192,1.4763713940446994,4.862120890018124,16.137177467988195,2,-0.2335870744675148,2.0,2.0
2017-06-06,6.3585225304761295,4.763850938516405,1.3079445466401516,4.798427205391756,17.319321976653868,2,0.28839784430021265,2.0,2.0
2017-06-07,-4.684739043749975,4.956824935987311,-0.9708651768692046,4.770507376309107,9.339224181759764,2,0.19297399747090616,2.0,2.0
2017-06-08,2.6532117208717843,4.959950269519916,0.509186969465161,4.773023881384706,10.921259248399728,2,0.0031253335326049125,2.0,2.0
2017-06-09,0.6462467476990419,4.781615251853291,0.1084522793968038,4.787538898018623,11.708342553423634,2,-0.17833501766662518,2.0,2.0
2017-06-10,4.29415267947828,4.54606664302602,0.9165028434928298,4.801661607780588,9.26739463477526,2,-0.2355486088272709,2.0,2.0
2017-06-11,0.3522002741267016,4.527500868025179,0.0495926132837182,4.754391593682342,3.2610723784258333,2,-0.018565775000841,2.0,2.0
2017-06-12,-10.636361588757026,4.304296455447911,-2.500764381498424,4.623885897574463,-2.690550166581218,2,-0.22320441257726742,2.0,2.0
2017-06-13,2.1348727352916264,5.3799793006644805,0.3730875062301237,4.7078917038033765,-3.208889152161376,2,1.0756828452165692,2.0,2.0
2017-06-14,-8.070016068395969,5.148106347684268,-1.5923691526925232,4.781189922969572,-11.925151968256388,2,-0.23187295298021215,2.0,2.0
2017-06-15,-1.6814098700645983,5.564445848108931,-0.3251140533816933,4.984865763986154,-17.900714517799265,2,0.4163395004246624,2.0,2.0
2017-06-16,2.16658936081684,5.313192149654414,0.383746649650611,5.142004020312001,-16.086325431109127,2,-0.2512536984545166,2.0,2.0
2017-06-17,5.308867285766628,5.086987828479705,1.0185197578658347,5.29854229491836,-0.1410965565854738,2,-0.22620432117470912,2.0,2.0
2017-06-18,-4.135344442773459,5.114545378159614,-0.8335079272958693,5.245455510417387,-6.411313734650559,2,0.02755754967990942,2.0,2.0
2017-06-19,1.6080900021749225,5.049561891935271,0.2931779745292939,5.225746619267587,3.266792335920332,2,-0.06498348622434325,2.0,2.0
2017-06-20,4.978630510902349,4.8193482141604616,1.0065595223461905,5.076727092477894,9.92683271688728,2,-0.2302136777748096,2.0,2.0
2017-06-21,-1.2083164993093476,4.841245080386132,-0.2759592112283274,4.982337678624236,6.551926856761092,2,0.021896866225670664,2.0,2.0
2017-06-22,0.6046838033450186,4.619483002726786,0.1032613668296683,4.888836713473653,1.8477433743394835,2,-0.22176207765934652,2.0,2.0
2017-06-23,1.449481602903635,4.39300172246251,0.3008903733654033,4.744527982334232,7.432569420016577,2,-0.2264812802642755,2.0,2.0
2017-06-24,-5.088858716688893,4.199026780202493,-1.242318438101117,4.574420959987677,0.7356207011527616,2,-0.19397494226001744,2.0,2.0
2017-06-25,-0.7429651761239775,4.338070714453516,-0.2006963251337144,4.478165460046287,-4.985974985873565,2,0.13904393425102324,1.0,2.0
2017-06-26,-4.37966715092255,4.135048103329527,-1.0900325008868186,4.336926064634967,-8.157325637486768,2,-0.20302261112398856,1.0,1.0
2017-06-27,2.9420318014429903,4.197191282957225,0.6705346354915324,4.252467720681055,-5.819977639388796,2,0.06214317962769744,1.0,1.0
2017-06-28,0.8714329466792847,4.095852508500133,0.1815893689283783,4.193037877888579,-6.398026295613146,2,-0.1013387744570915,1.0,1.0
2017-06-29,-1.3871636990232084,3.9050089123315344,-0.3879205931327282,4.134234304314387,-2.6963312779474613,2,-0.19084359616859903,1.0,1.0
2017-06-30,-2.329910763998555,3.7504603546496527,-0.6552743412922062,4.016712232353615,-4.283276865822039,1,-0.1545485576818817,1.0,1.0
2017-07-01,-1.883529334869305,3.6607574316645146,-0.5493942297050424,3.921854098020612,-1.7871390497687931,1,-0.08970292298513804,1.0,1.0
2017-07-02,2.9113422496171992,3.549148102877284,0.784321334160007,3.792245462004624,-1.8178286015945844,1,-0.1116093287872304,1.0,1.0
2017-07-03,2.271658549222177,3.502280528156264,0.6121693729410722,3.67353106593585,-0.4176029990516916,1,-0.04686757472102032,1.0,1.0
2017-07-04,1.4550011544241848,3.411554884065631,0.389069361359751,3.574840260282669,2.424561854395701,1,-0.09072564409063277,1.0,1.0
2017-07-05,0.0134559015403823,3.2831768354040407,-0.0347875788063033,3.481383556433547,4.767928519934639,1,-0.12837804866159042,1.0,1.0
2017-07-06,0.2521834270758916,3.1346861548887146,0.0397212819677897,3.376169301078387,6.903641281879835,1,-0.1484906805153261,1.0,1.0
2017-07-07,-3.5071388234270806,2.995623084624789,-1.213373109761364,3.265464297427888,0.4851602088355555,1,-0.1390630702639255,1.0,1.0
2017-07-08,2.07002188153087,3.098208560231197,0.6269275193497289,3.1846499038428746,0.2835235411442482,1,0.10258547560640796,1.0,1.0
2017-07-09,-2.078755903474594,3.027456158511617,-0.7288051295832357,3.107830158732072,-3.2502335167545304,1,-0.07075240171957997,1.0,1.0
2017-07-10,-5.967007329199792,2.982096957705992,-2.04375548148683,3.0476141831924624,-9.230696747494704,1,-0.045359200805624944,1.0,1.0
2017-07-11,-1.4763510291642137,3.470420000788045,-0.4621978617104013,3.114760952372328,-10.95923120373481,1,0.4883230430820529,2.0,1.0
2017-07-12,2.577926845050005,3.3506801265623163,0.731271586084481,3.1857723607598336,-4.874165535257724,1,-0.11973987422572874,2.0,1.0
2017-07-13,-1.721397283791859,3.2950054059056395,-0.5611726629992186,3.225131729894722,-8.665584700580453,1,-0.05567472065667678,2.0,1.0
2017-07-14,-5.427308882536774,3.202205957701264,-1.7347349390860238,3.260081689732652,-12.014137679642634,1,-0.09279944820437569,2.0,1.0
2017-07-15,-11.092125143308351,3.5497286881912755,-3.1607471452874054,3.373608035829708,-17.139255493751193,1,0.3475227304900117,2.0,1.0
2017-07-16,-3.5150304233180663,4.96940082556535,-0.7330260177474576,3.673404200785169,-19.17793488790505,2,1.4196721373740742,2.0,2.0
2017-07-17,14.38615807515662,4.8654484832985245,2.930559937005656,3.976357872132411,-7.369703657798432,2,-0.10395234226682515,2.0,2.0
2017-07-18,3.979597271764046,6.537999005910755,0.5891600157547646,4.624956592133434,-1.668709102242527,2,1.6725505226122301,2.0,2.0
2017-07-19,-1.9794585747284543,6.323723326823946,-0.3332100631644455,5.24926006595797,1.779141205565793,2,-0.21427567908680878,2.0,2.0
2017-07-20,21.45958192106443,6.035711165280791,3.53428314617421,5.746456561375874,34.33084826993857,2,-0.288012161543155,2.0,2.0
2017-07-21,-5.464632077387588,8.979932690789528,-0.6227554197104939,6.54856293442071,32.38124661586905,2,2.9442215255087376,2.0,2.0
2017-07-22,5.198805611682555,8.696343385811492,0.5831342798076868,7.314741914923303,23.19389415239499,2,-0.2835893049780367,2.0,2.0
2017-07-23,-2.8779145918047533,8.399779959673381,-0.357817023859117,7.687098105675827,16.33638228882619,2,-0.2965634261381105,2.0,2.0
2017-07-24,0.8918580766257733,8.016532846917563,0.0953265478707021,8.025660009694551,19.207698940180418,2,-0.3832471127558179,2.0,2.0
2017-07-25,-6.694254490338292,7.599099523641602,-0.8977279667875904,8.338337681366713,-8.946137471222304,2,-0.4174333232759615,2.0,2.0
2017-07-26,-1.8422250208638855,7.5330530750009,-0.2615001747217453,8.048961758208987,-5.323730414698602,2,-0.06604644864070153,2.0,2.0
2017-07-27,5.474305942230462,7.166997250503581,0.7460078580911632,7.743092531147406,-5.048230084150696,2,-0.36605582449731955,2.0,2.0
2017-07-28,5.008718365744613,7.010658406654652,0.6962325659276736,7.465268220543659,2.838402873398671,2,-0.15633884384892927,2.0,2.0
2017-07-29,-2.983173280053908,6.831185454837242,-0.4553884497877472,7.228198742127596,-1.0366284832810102,2,-0.1794729518174094,2.0,2.0
2017-07-30,1.12080146966278,6.553941753671672,0.1515319837362567,7.0191671881336095,6.778427476720061,2,-0.2772437011655704,2.0,2.0
2017-07-31,4.196256521949504,6.222492311561445,0.6538516471853255,6.757055035445719,12.816909019533451,2,-0.33144944211022676,2.0,2.0
2017-08-01,-5.617898537460686,6.047098507095308,-0.950136367905402,6.533075286764064,1.724704539842303,2,-0.17539380446613695,2.0,2.0
2017-08-02,-0.2796165333308842,6.030985330961084,-0.0675322829384183,6.337140671625351,-3.563630359233194,2,-0.01611317613422436,2.0,2.0
2017-08-03,3.411146270777809,5.722234752023451,0.5738101875634695,6.115350531062592,2.8306891915985237,2,-0.3087505789376328,2.0,2.0
2017-08-04,3.198518258855554,5.532932218849948,0.555012868937118,5.911148624098248,4.908405980791297,2,-0.1893025331735032,2.0,2.0
2017-08-05,11.625750003820023,5.344595091153615,2.151347320663195,5.735569180016681,12.337899462661817,2,-0.18833712769633237,2.0,2.0
2017-08-06,-1.2052372736404138,6.296421753627423,-0.2116927677707651,5.785433829323105,16.75056072648209,2,0.9518266624738079,2.0,2.0
2017-08-07,5.0064452917007785,5.986766331428426,0.8149266811453598,5.776590029416573,22.03662255151375,2,-0.3096554221989969,2.0,2.0
2017-08-08,1.2060956427120573,5.89529607163776,0.1829299080436908,5.811202293339434,19.831571923448,2,-0.09147025979066647,2.0,2.0
2017-08-09,-2.291294405722333,5.603640387393149,-0.4316772513813438,5.825343927048075,14.341759258870113,2,-0.29165568424461075,2.0,2.0
2017-08-10,1.154429882536867,5.375213018286428,0.1910175847183744,5.831467512474637,3.870439137586956,2,-0.22842736910672112,2.0,2.0
2017-08-11,7.664270358758429,5.113145878493972,1.4739655123122035,5.594812337447947,12.7399467699858,2,-0.2620671397924559,2.0,2.0
2017-08-12,6.2151276619637486,5.435808409492278,1.1198808951574706,5.484620753060717,13.94862914024877,2,0.322662530998306,2.0,2.0
2017-08-13,4.739533913409311,5.524237261212849,0.8348418108963959,5.410408990975735,17.482067410946023,2,0.08842885172057091,2.0,2.0
2017-08-14,5.999850660356998,5.451962706063597,1.077076514002748,5.380073454709825,25.773212477025357,2,-0.07227455514925207,2.0,2.0
2017-08-15,-3.3669266143826704,5.51396276737218,-0.6337721954704347,5.407823404526975,21.251855980105816,2,0.062000061308583376,2.0,2.0
2017-08-16,4.550609057771382,5.354418801988889,0.826035382531426,5.456077989225959,18.13819467911877,2,-0.15954396538329085,2.0,2.0
2017-08-17,-1.0321242503652073,5.281219376566804,-0.2196072236552673,5.425160182640864,10.890942766789813,2,-0.0731994254220858,2.0,2.0
2017-08-18,-4.029362277580262,5.027779804915062,-0.8268126515710684,5.325868691381307,2.1220465758002405,2,-0.25343957165174125,2.0,2.0
2017-08-19,0.7919315940434046,4.961528955376285,0.1338825038774759,5.227781941243844,-3.0858724905133528,2,-0.06625084953877725,2.0,2.0
2017-08-20,-2.561078804917827,4.717351077420357,-0.5699699757825055,5.06845960325348,-2.280024681048509,2,-0.24417787795592805,2.0,2.0
2017-08-21,-2.124339359223626,4.566462019682747,-0.4931627645108748,4.91086824679225,-8.954973098043517,2,-0.15088905773761052,2.0,2.0
2017-08-22,2.438453560504428,4.401378133676339,0.5250137152240699,4.734899998214158,-5.484395287173882,2,-0.1650838860064079,1.0,2.0
2017-08-23,1.2360737249258236,4.251541084681611,0.2607064187812734,4.579652254167468,-0.2189592846677968,2,-0.14983704899472805,1.0,1.0
2017-08-24,4.317329334896414,4.059930288891811,1.0319535958345194,4.399332520870573,3.3064384561852123,2,-0.19161079578979923,1.0,1.0
2017-08-25,0.8481266861428693,4.095727152318914,0.1759045426885752,4.275007735850284,6.715643947245908,2,0.03579686342710264,1.0,1.0
2017-08-26,-0.4401702501784399,3.904431644590512,-0.145434720416273,4.142601660831837,8.399813056291094,2,-0.1912955077284022,1.0,1.0
2017-08-27,0.6978621159060339,3.722160281807211,0.1531885782178514,4.006758090458012,6.6592216116927005,1,-0.1822713627833008,1.0,1.0
2017-08-28,-0.005013417577615,3.551177186051298,-0.0373631292000332,3.866685310731949,5.418134469189262,1,-0.17098309575591308,1.0,1.0
2017-08-29,4.38291240560158,3.3861039274706526,1.2566781239768756,3.7319200384477176,5.483717539894428,1,-0.16507325858064537,2.0,1.0
2017-08-30,-0.3000819175898783,3.513348284716351,-0.1217504093994037,3.6154442649272047,4.3355089361616805,1,0.1272443572456985,1.0,1.0
2017-08-31,2.979936786414683,3.3532011473491736,0.8506102039934207,3.5051981654789373,7.7556159727548035,1,-0.16014713736717745,2.0,1.0
2017-09-01,3.931965968186724,3.331124402065154,1.1420456982606813,3.426990989530526,10.989719825035491,1,-0.022076745284019594,2.0,1.0
2017-09-02,-6.617280669547476,3.410408467726388,-1.9777543974024765,3.3988372458655443,4.377452573065632,1,0.07928406566123414,2.0,1.0
2017-09-03,0.0914661686666207,3.920712491069848,-0.0092339098704303,3.5057589585853832,0.0860063361306728,2,0.5103040233434597,2.0,1.0
2017-09-04,-7.865244791780235,3.732921263044676,-2.1411955685606983,3.549673554251048,-7.479156538059684,1,-0.1877912280251719,2.0,1.0
2017-09-05,3.2563502729336946,4.400905722182046,0.7109174329109259,3.759214469217622,-7.202743051540672,2,0.6679844591373696,2.0,2.0
2017-09-06,4.91739220862204,4.305788257033001,1.1123915641605366,3.9541472402111912,-6.217316811105356,2,-0.09511746514904473,2.0,2.0
2017-09-07,0.0600144766300658,4.379743550432391,-0.0154472966345906,4.148014256752392,0.4599783350721864,2,0.07395529339938989,2.0,2.0
2017-09-08,-8.412374960926705,4.164668443166599,-2.050594123375239,4.196805447171743,-8.04386279452114,2,-0.2150751072657915,2.0,2.0
2017-09-09,-0.0636310331838529,4.834305755157004,-0.0395714953314264,4.417082345594208,-0.2422490359247575,2,0.6696373119904049,2.0,2.0
2017-09-10,-2.470364388401869,4.5930015438852685,-0.5656505964596725,4.455501509934853,-5.968963697260321,2,-0.24130421127173562,2.0,2.0
2017-09-11,0.9253833940325862,4.445915474349589,0.1794262001151195,4.4835269533981705,-9.960972511849777,2,-0.14708606953567926,2.0,2.0
2017-09-12,-0.7346793001923757,4.234796019057232,-0.203634123284499,4.454537447123139,-10.755666288672217,2,-0.21111945529235765,2.0,1.0
2017-09-13,-6.197104848606649,4.037929345964555,-1.5663410577910588,4.42918962768273,-8.54039617635216,2,-0.1968666730926767,2.0,2.0
2017-09-14,-20.7529846818872,4.356233694087864,-4.7932814955870615,4.333575215468902,-29.229749825055507,2,0.3183043481233092,2.0,2.0
2017-09-15,14.23295036032819,7.938407799700091,1.7768400215499196,5.0026564666318665,-12.526435076325448,2,3.5821741056122267,2.0,2.0
2017-09-16,-0.343680262940893,8.803167980801561,-0.0535432174423877,5.874106967922261,-13.795498733298928,2,0.8647601811014702,2.0,2.0
2017-09-17,-1.1698419937502536,8.33952093943757,-0.1555858756887767,6.6950519519983285,-14.230661426856804,2,-0.46364704136399126,2.0,2.0
2017-09-18,12.62960167034688,7.911329492477077,1.5802567707233024,7.469731981300832,4.596045092096723,2,-0.4281914469604926,2.0,2.0
2017-09-19,-3.510422984139616,8.522014477659416,-0.4269052426646257,8.302888138015144,21.838606789844302,2,0.6106849851823393,2.0,2.0
2017-09-20,-0.4857681376487122,8.158287311214151,-0.0751919843816395,8.346864040317955,7.1198882918674045,2,-0.3637271664452655,2.0,2.0
2017-09-21,-7.298189967391799,7.731504628484736,-0.9604675931344804,8.13253136985459,0.1653785874164981,2,-0.42678268272941455,2.0,2.0
2017-09-22,-0.0093665675535703,7.711567790341678,-0.0177702181600777,8.006940740035411,1.3258540136131811,2,-0.019936838143058466,2.0,2.0
2017-09-23,4.357358460826255,7.307177088845737,0.5788403284827683,7.886110259309144,-6.946389195907443,2,-0.4043907014959407,2.0,2.0
2017-09-24,-2.93148207724947,7.05973752545804,-0.4333237235314949,7.593654868868869,-6.367448289017297,2,-0.24743956338769735,2.0,2.0
2017-09-25,6.3954725420583,6.764723585127104,0.926542347037156,7.314942123651458,0.5137923906897157,2,-0.29501394033093575,2.0,2.0
2017-09-26,-0.8625829531936802,6.72753423243983,-0.1471939931358152,7.114148044442477,6.949399404887835,2,-0.03718935268727375,2.0,2.0
2017-09-27,7.623090435074964,6.386069049788209,1.1737143307096745,6.849048296331785,14.58185640751637,2,-0.3414651826516213,2.0,2.0
2017-09-28,-0.6194336903600828,6.525408527142175,-0.1144914317148982,6.692694583991072,9.605064256330031,2,0.1393394773539658,2.0,2.0
2017-09-29,-0.2796940229908173,6.191965342130692,-0.0657890790596174,6.5191401473256025,12.256852310588684,2,-0.3334431850114825,2.0,2.0
2017-09-30,4.132431925838986,5.874067831480319,0.6817698341751561,6.341008996596246,9.99381169436937,2,-0.31789751065037297,2.0,2.0
2017-10-01,1.4877173197664462,5.722042222235329,0.2376857059957363,6.139910594555344,12.344111967329496,2,-0.15202560924499053,2.0,2.0
2017-10-02,0.1266209591703315,5.44719785585467,-0.0001925238066341,5.952136355768637,4.847642491424864,2,-0.274844366380659,2.0,2.0
2017-10-03,-2.1048548498461277,5.170153542094467,-0.4318101012100204,5.681085358759096,3.3622213319388194,2,-0.2770443137602028,2.0,2.0
2017-10-04,-2.062124514520569,4.962118486833044,-0.441302277397891,5.435115987699566,1.5797908404090677,2,-0.20803505526142274,2.0,2.0
2017-10-05,2.314965608527864,4.766191317241393,0.4589190379703034,5.213540684851781,-0.237675476902055,2,-0.19592716959165113,2.0,2.0
2017-10-06,0.9748054894298974,4.583651846976365,0.1848167887252793,4.985862609799988,-0.7505873072386038,2,-0.18253947026502804,2.0,2.0
2017-10-07,1.2748976770245335,4.365196050444448,0.2628124806606788,4.769462248717943,0.3976894106155981,2,-0.21845579653191738,1.0,2.0
2017-10-08,4.063463202861684,4.167562172208841,0.9443874778090356,4.568943974740818,6.566007463323409,2,-0.19763387823560663,2.0,2.0
2017-10-09,3.4437730607516315,4.165383659026288,0.796109952351852,4.409597009179467,12.07190503859561,2,-0.0021785131825531323,2.0,2.0
2017-10-10,0.2087127436135816,4.106277038146423,0.0197363861287679,4.277614153360473,9.965652173681327,2,-0.059106620879864735,2.0,1.0
2017-10-11,0.926059259103873,3.907443210628765,0.2043253200699416,4.142372426090953,9.916905943355305,2,-0.19883382751765843,2.0,1.0
2017-10-12,12.093108463263746,3.729431364761143,3.208381551645223,4.015219488954292,20.73511672959452,1,-0.17801184586762187,2.0,2.0
2017-10-13,3.6113106875085066,5.2615367751739095,0.6620957263871508,4.234014409547306,20.28296421424134,2,1.5321054104127665,2.0,2.0
2017-10-14,3.216238155630436,5.121311519848502,0.6030815483930512,4.425199981711749,20.055429309120143,2,-0.14022525532540708,2.0,2.0
2017-10-15,-2.669148286716805,4.965071123016833,-0.5632986702221613,4.596958798685831,17.177568278789757,2,-0.15624039683166924,2.0,2.0
2017-10-16,0.8313063950488697,4.80220609338953,0.1465236407867687,4.775911375237984,17.082815414734753,2,-0.16286502962730331,2.0,2.0
2017-10-17,-2.1195572848553117,4.568051509502588,-0.4919443124968266,4.9436354041862725,2.870149666615696,2,-0.23415458388694166,2.0,2.0
2017-10-18,-0.2647296986753034,4.402596800346547,-0.0891290733417709,4.7718474092208,-1.0058907195681144,2,-0.165454709156041,1.0,2.0
2017-10-19,2.085709532306268,4.188051106073946,0.4675300774218073,4.585195326465889,-2.1364193428922817,2,-0.2145456942726014,1.0,1.0
2017-10-20,5.170621739978287,4.034549648597912,1.2499417542906646,4.399091031582104,5.70335068380281,2,-0.1535014574760334,2.0,1.0
2017-10-21,0.3346315203620165,4.173698193793979,0.049587161389083,4.273389451662994,5.206675809115957,2,0.13914854519606656,2.0,1.0
2017-10-22,-0.3850525893446033,3.97132933799749,-0.1291059542395367,4.154045017361975,6.941180504626665,2,-0.2023688557964891,2.0,1.0
2017-10-23,-1.30836609937397,3.7841336672135726,-0.3794886492126526,4.03035239073538,5.897544103927999,1,-0.1871956707839173,2.0,1.0
2017-10-24,-7.049808413802694,3.63453236828059,-1.9748009815180751,3.919648643176709,-3.2379738421809634,1,-0.14960129893298246,1.0,1.0
2017-10-25,3.97588809285736,4.1735146342099165,0.9220570084687943,3.9474416402991097,-4.43270748930189,2,0.5389822659293264,2.0,1.0
2017-10-26,2.6431731700242267,4.162108840595325,0.6043819592251203,3.94512376965938,-2.12416583963968,2,-0.011405793614591708,2.0,1.0
2017-10-27,-2.121131029138468,4.043025052499996,-0.5562173556616863,3.95946291255988,-3.860244279433545,2,-0.11908378809532838,2.0,1.0
2017-10-28,-0.4822288401198804,3.916385760098101,-0.1557299387539478,3.9859133311367856,-3.034107020179455,2,-0.12663929240189553,2.0,1.0
2017-10-29,6.734084346998692,3.7340788398831246,1.7692220640870135,4.005822625457293,10.749785740621933,1,-0.1823069202149763,2.0,2.0
2017-10-30,-0.3796746882876789,4.152912341462201,-0.1221659214088005,4.00170216690775,6.394222959476892,2,0.41883350157907673,2.0,1.0
2017-10-31,5.36475964258134,3.9546368465111295,1.3242909959645446,3.9602077680909114,9.115809432034006,2,-0.19827549495107188,2.0,2.0
2017-11-01,4.517490778615674,4.130178993829079,1.062864614520944,3.977638556356728,15.754431239788149,2,0.17554214731794993,1.0,1.0
2017-11-02,4.495834544204236,4.179764700232614,1.0450743482101057,4.030314344383629,20.732494624112263,2,0.049585706403534324,2.0,1.0
2017-11-03,1.809617004484565,4.221279341717565,0.3984449248419507,4.127754444750518,15.808027281598136,2,0.04151464148495165,1.0,1.0
2017-11-04,2.360869908970642,4.052397616791782,0.5510812229481076,4.107651499816434,18.548571878856457,2,-0.16888172492578324,2.0,1.0
2017-11-05,0.3713981650420805,3.924107239968367,0.0621105580710416,4.101545578507881,13.555210401317195,2,-0.12829037682341493,2.0,1.0
2017-11-06,-5.332460184821919,3.7369294147015344,-1.4611273731256829,4.022895662682373,3.705259437879605,1,-0.1871778252668328,2.0,1.0
2017-11-07,1.7169747457019824,3.976296902805493,0.3996947688045154,3.982202103196948,0.926399639377351,2,0.2393674881039587,2.0,1.0
2017-11-08,4.318783329154741,3.8200805827716535,1.097127027534287,3.9019623514077657,3.4355659640475267,1,-0.15621632003383956,2.0,1.0
2017-11-09,-4.329978834888415,3.88394567942996,-1.1477113423428946,3.868271963935401,-3.2552827798115302,2,0.06386509665830653,2.0,1.0
2017-11-10,-7.639967782768053,3.970863915666166,-1.956158060859146,3.877623299074961,-11.266648727621664,2,0.08691823623620598,2.0,2.0
2017-11-11,-4.016342135678563,4.542553829736531,-0.9122647667899946,4.03874818208196,-9.950530678478309,2,0.5716899140703648,2.0,2.0
2017-11-12,-6.624800835288802,4.522173558847464,-1.4931913651378717,4.147923513290355,-18.292306259469093,2,-0.02038027088906702,2.0,2.0
2017-11-13,9.750993711052123,4.8243384126943685,1.9947448154327376,4.348775079274898,-12.860095877571707,2,0.3021648538469046,2.0,2.0
2017-11-14,1.155880655935526,5.544916662748717,0.1854330811509064,4.680969275938649,-7.374236386747768,2,0.7205782500543485,2.0,2.0
2017-11-15,9.75291596816703,5.272840257694389,1.8254386295288132,4.941364544344294,10.018647364187316,2,-0.27207640505432806,2.0,2.0
2017-11-16,7.327191344658601,5.899345973829232,1.2203931931031335,5.212722973162835,21.36218084452448,2,0.6265057161348428,2.0,2.0
2017-11-17,-2.0885560755640853,6.064070203040816,-0.3654683530691636,5.521102302001504,25.8984256042492,2,0.16472422921158447,2.0,2.0
2017-11-18,1.047289192313272,5.796654196140804,0.1586466066042874,5.715565458690792,17.194721085510345,2,-0.267416006900012,2.0,2.0
2017-11-19,3.113234725023517,5.507758212892074,0.5420653803571369,5.708133768719462,19.152075154598336,2,-0.28889598324873056,2.0,2.0
2017-11-20,2.0219707267559173,5.31617017898197,0.356328143859691,5.716799752976979,11.421129913187222,2,-0.19158803391010348,2.0,2.0
2017-11-21,-1.59025822498986,5.083890525146452,-0.3379159899154992,5.553708663240423,2.503680343538761,2,-0.2322796538355183,2.0,2.0
2017-11-22,2.2333812274014875,4.859762714363873,0.4332951373820497,5.312847165505035,6.825617646504334,2,-0.22412781078257904,2.0,2.0
2017-11-23,-2.636729831656304,4.666798067147346,-0.5923546436589481,5.086875939706343,3.141598622534758,2,-0.1929646472165265,2.0,2.0
2017-11-24,2.6384336294809074,4.5245402990113845,0.554921337664399,4.8902323569302055,2.6667975269921484,2,-0.1422577681359618,2.0,2.0
2017-11-25,6.305893658721473,4.377296548837605,1.41142458943639,4.702457630901333,6.950720458957704,2,-0.14724375017377955,2.0,2.0
2017-11-26,5.957458008958128,4.619472644573177,1.2620029997081517,4.609574054786678,14.498436692905692,2,0.24217609573557208,2.0,2.0
2017-11-27,5.095910220949484,4.780072832990107,1.0393650306379625,4.593636078511924,17.36096568645369,2,0.1606001884169297,2.0,2.0
2017-11-28,2.419480982177369,4.818859898150133,0.4755920188964449,4.624048444712481,22.41717650028736,2,0.038787065160025946,2.0,2.0
2017-11-29,-1.7064228542038151,4.637977545784805,-0.395450928887689,4.646735894067165,18.07232001660264,2,-0.18088235236532757,2.0,2.0
2017-11-30,3.4292760743307227,4.447645039572841,0.742326865232659,4.660805592214213,15.195702432211888,2,-0.19033250621196451,2.0,2.0
2017-12-01,6.999820553385128,4.361976987657473,1.575467018371106,4.609306460831072,16.23806497663889,2,-0.0856680519153672,2.0,2.0
2017-12-02,0.8979571044841705,4.708739385452898,0.1635867621866807,4.59503977132363,12.040111860173576,2,0.34676239779542417,2.0,2.0
2017-12-03,2.2199572962955827,4.481291080753898,0.4668939339478394,4.527526007844384,11.840588174291788,2,-0.22744830469899924,2.0,2.0
2017-12-04,2.907029602992317,4.313883870636701,0.6442825101235448,4.462707272814763,16.45404063148792,2,-0.16740721011719728,2.0,2.0
2017-12-05,2.201676244242101,4.20049194401503,0.4937532549634262,4.4132766537032,15.2264408013993,2,-0.11339192662167097,2.0,2.0
2017-12-06,18.17241608818083,4.0521790035776775,4.453097061559239,4.3513170568872415,26.399036336195003,2,-0.14831294043735266,2.0,2.0
2017-12-07,22.51189543413279,7.008569136641471,3.193836762295585,4.811283007124955,48.01297466584362,2,2.9563901330637936,2.0,2.0
2017-12-08,-7.72262649438904,9.84038755246176,-0.7977629058788612,5.883102301466527,38.070390875159,2,2.8318184158202886,2.0,2.0
2017-12-09,-8.769744361032217,9.659693534199585,-0.9210865752591912,6.952264234179104,26.393616911134465,2,-0.1806940182621748,2.0,2.0
2017-12-10,1.8098281385682924,9.59172742683174,0.1753759661086302,8.030511330742446,26.001768805460657,2,-0.06796610736784459,2.0,2.0
2017-12-11,9.153033338474792,9.099541919360462,0.9918481330181164,9.039983913899004,16.982386055754617,2,-0.4921855074712784,2.0,2.0
2017-12-12,2.786607918922712,9.101628218841356,0.2921387449095527,9.45859573033898,-2.74290145945546,2,0.002086299480893672,2.0,2.0
2017-12-13,-5.957373243077235,8.663120617192023,-0.7024077334717532,9.223142343285032,-0.9776482081436556,2,-0.43850760164933256,2.0,2.0
2017-12-14,0.9450503424906388,8.43978346238996,0.0968485354744094,8.97916032892311,8.7371464953792,2,-0.2233371548020635,2.0,2.0
2017-12-15,6.672275050137522,7.999232627409217,0.8181541505963368,8.660661369038603,13.59959340694843,2,-0.4405508349807423,2.0,2.0
2017-12-16,9.632672719671476,7.870321376759324,1.207702022601295,8.414817260518376,14.079232788145111,2,-0.12891125064989328,2.0,2.0
2017-12-17,-1.8458920130955287,8.068999122858596,-0.2445856862149946,8.208291441321824,9.446732856126872,2,0.19867774609927213,2.0,2.0
2017-12-18,-0.1390749799384139,7.671358351832658,-0.0347715022740033,8.009938988249951,15.265031119265691,2,-0.3976407710259382,2.0,2.0
2017-12-19,-7.254290633921201,7.269584852896198,-1.0154583043923426,7.775899266351199,7.065690142853853,2,-0.40177349893645964,2.0,2.0
2017-12-20,-6.700506450657429,7.293793333307564,-0.9361625443804618,7.634811407530869,-6.307091357941097,2,0.024208480411365585,2.0,2.0
2017-12-21,-5.069001039219856,7.258595500986159,-0.7159333665790939,7.5124662323762355,-21.00876511683243,2,-0.03519783232140483,2.0,2.0
2017-12-22,-13.322321728215949,7.082754399317228,-1.8989775226357624,7.315217287667961,-32.485194831952846,2,-0.1758411016689312,2.0,2.0
2017-12-23,6.082280889142488,8.005968547649404,0.7437714973853806,7.38213932683131,-26.263838962871944,2,0.9232141483321765,2.0,2.0
2017-12-24,-5.404986305608972,7.827055132659991,-0.706863039326229,7.493633382784068,-24.414534634559715,2,-0.17891341498941316,2.0,2.0
2017-12-25,0.7212278283203588,7.630084047083689,0.0777918238148626,7.5608915255392946,-16.992800355581927,2,-0.19697108557630205,2.0,2.0
2017-12-26,13.78513383721831,7.232655512037887,1.8883056354682,7.55570352774964,1.8613345208562395,2,-0.397428535045802,2.0,2.0
2017-12-27,-1.636315248910769,8.161326918436501,-0.2161394759671915,7.771418031573495,13.547341000161415,2,0.9286714063986139,2.0,2.0
2017-12-28,-8.097704981335418,7.752951111246865,-1.0609346734871394,7.720814544292986,-0.63264487031649,2,-0.4083758071896355,2.0,2.0
2017-12-29,0.3396832333958599,7.815470543705615,0.027127420898487,7.718497626502111,5.112024668688342,2,0.06251943245874969,2.0,2.0
2017-12-30,-12.3597794486912,7.405484897391836,-1.686243277266858,7.673577796563741,-7.968982608323216,2,-0.4099856463137792,2.0,2.0
2017-12-31,8.890117328095215,8.102694258917163,1.0814239527815024,7.847585545939596,-12.863999117446312,2,0.697209361525327,2.0,2.0
2018-01-01,-3.589997685241464,8.185557035340588,-0.4541740218323221,7.852431569320413,-14.817681553777009,2,0.08286277642342554,2.0,2.0
2018-01-02,9.258925971214182,7.847871051192091,1.1635329170438031,7.871415557309459,2.538949398772594,2,-0.3376859841484974,2.0,2.0
2018-01-03,1.450508605496914,8.00377337616965,0.1652769098883397,7.909076123802265,3.649774770873648,2,0.15590232497755974,2.0,2.0
2018-01-04,2.5858428248032084,7.595132157528814,0.3236511359357281,7.947005575829661,18.595397044368056,2,-0.40864121864083636,2.0,2.0
2018-01-05,11.094452953729396,7.241106656757821,1.514517572953787,7.774688055397793,20.79973267000224,2,-0.3540255007709936,2.0,2.0
2018-01-06,0.557837614383061,7.7296823417994736,0.0556514383029468,7.68351311668957,24.94756796962676,2,0.4885756850416527,2.0,2.0
2018-01-07,-6.1740689989333575,7.32547720226941,-0.8602495782006021,7.579034346905034,9.51457299947922,2,-0.4042051395300632,2.0,2.0
2018-01-08,-8.267549955484554,7.237035415722624,-1.1600357256346678,7.425686754815629,-0.2034855615022479,2,-0.08844178654678636,2.0,2.0
2018-01-09,-3.861992220665656,7.379588694823819,-0.5406347237077195,7.382578062274629,-6.651320606971112,2,0.14255327910119497,2.0,2.0
2018-01-10,2.5562164635523743,7.11224478919902,0.3414599554845815,7.35680568876287,-15.189557097148132,2,-0.2673439056247986,2.0,2.0
2018-01-11,-11.058116741362234,6.78700021389739,-1.648119355130519,7.168269263182452,-26.805511452893427,2,-0.32524457530163,2.0,2.0
2018-01-12,4.198319183702104,7.386340335342942,0.5511050566932856,7.180441889797159,-16.433123270257965,2,0.599340121445552,2.0,2.0
2018-01-13,2.6789878301524794,7.123334445417663,0.3581634661779323,7.157701695736167,-5.486585484620932,2,-0.26300588992527985,2.0,2.0
2018-01-14,-4.18229592243744,6.802127604612408,-0.633620221113164,7.042209477693885,-5.806889186392716,2,-0.32120684080525486,2.0,2.0
2018-01-15,0.3464786845698953,6.59815077532948,0.0331621718847336,6.939390674919977,-8.016626965375195,2,-0.2039768292829276,2.0,2.0
2018-01-16,-18.458172530715267,6.256276305366873,-2.970751497853228,6.833245893213873,-15.416682754728228,2,-0.3418744699626073,2.0,2.0
2018-01-17,-2.662523913776127,8.457886405228958,-0.3298925351478075,7.047555107191076,-22.27752585220646,2,2.2016100998620853,2.0,2.0
2018-01-18,2.5266707476315986,8.062878560774426,0.2975365503910241,7.235463930262429,-22.42984293472734,2,-0.39500784445453263,2.0,2.0
2018-01-19,1.1480784055017068,7.678349276588825,0.1328942842149533,7.410708264657712,-17.099468606788193,2,-0.38452928418560095,2.0,2.0
2018-01-20,10.552244967375836,7.283194211984174,1.4313191423325808,7.547716951988652,-6.893702323982254,2,-0.39515506460465044,2.0,2.0
2018-01-21,-10.615162399161626,7.686030434991291,-1.3977087606485423,7.833667777913535,0.9493078075713868,2,0.4028362230071165,2.0,2.0
2018-01-22,-5.937426753876451,8.073383502739693,-0.7512459213978003,7.756767197415681,-2.3255950325289376,2,0.3873530677484025,2.0,2.0
2018-01-23,-0.5779885423653042,7.897622783838112,-0.0893507117415648,7.723716042028418,-5.43025432252584,2,-0.1757607189015813,2.0,2.0
2018-01-24,4.418609725643563,7.486250536779425,0.5731761220287038,7.685296294066539,-2.159723002383984,2,-0.41137224705868647,2.0,2.0
2018-01-25,-0.8842259367552785,7.229472086415921,-0.139968119261937,7.674551868952887,-13.596193906515095,2,-0.25677845036350444,2.0,2.0
2018-01-26,-0.784639410255572,6.859675677074096,-0.13299595019363,7.509280917369449,-3.765670917609043,2,-0.36979640934182534,2.0,2.0
2018-01-27,2.382021404816115,6.509444891091577,0.346320119164731,7.196493195039826,4.553777241083523,2,-0.3502307859825189,2.0,2.0
2018-01-28,2.9760633486411336,6.215308463213945,0.4582867754774627,6.860030330914992,8.107829132089961,2,-0.29413642787763195,2.0,2.0
2018-01-29,-4.245369798060672,5.966551162650694,-0.7329258315711719,6.556090456089247,-0.556150391614274,2,-0.24875730056325107,2.0,2.0
2018-01-30,-11.132515302966794,5.834909054823766,-1.929796141054665,6.277177849770815,-10.80443975782579,2,-0.1316421078269281,2.0,2.0
2018-01-31,1.1295200421317375,6.631773013238027,0.1510682536472315,6.231597317003602,-8.89028030543848,2,0.7968639584142609,2.0,2.0
2018-02-01,-10.845799638872757,6.295995548385496,-1.7429283786777374,6.188907448462386,-22.11810134912735,2,-0.3357774648525309,2.0,2.0
2018-02-02,-3.775622775012444,6.950900393453568,-0.5615520621077574,6.33602583451031,-28.869787472780928,2,0.6549048450680726,2.0,2.0
2018-02-03,3.8232652937148615,6.709333609492956,0.5508141097722399,6.484582323878763,-20.801152381005394,2,-0.2415667839606126,2.0,2.0
2018-02-04,-10.299083790500418,6.472740823920264,-1.6108714605727728,6.612148677698062,-19.96772086853902,2,-0.23659278557269126,2.0,2.0
2018-02-05,-17.398211533124908,7.007416543249098,-2.5010474401505736,6.687277383700277,-38.495452443795664,2,0.5346757193288338,2.0,2.0
2018-02-06,10.8709190826632,8.742134879252177,1.2289045589680003,7.176505249873612,-16.77873372225971,2,1.7347183360030787,2.0,2.0
2018-02-07,-1.726190605398337,8.983623227655505,-0.2063599766882896,7.583049816713999,-14.729301552645602,2,0.2414883484033279,2.0,2.0
2018-02-08,8.115416198670111,8.529820950593708,0.9364494953058896,7.947147284934149,-10.437150647690352,2,-0.4538022770617971,2.0,2.0
2018-02-09,5.5463550667886,8.485015279720576,0.638618224448267,8.349602176094212,5.408288209598666,2,-0.044805670873131476,2.0,2.0
2018-02-10,-1.325912252258732,8.227438655202103,-0.1766749030424773,8.593606598484815,21.48058749046484,2,-0.25757662451847274,2.0,2.0
2018-02-11,-5.874826338459904,7.808503961410345,-0.7687126807595016,8.406880414916447,4.734842069341738,2,-0.4189346937917584,2.0,2.0
2018-02-12,9.34749976251279,7.650403082631917,1.205143047822772,8.14023638591173,15.808532437252865,2,-0.15810087877842793,2.0,2.0
2018-02-13,-3.746663522015048,7.841736168067672,-0.4940657417459092,8.002619429406522,3.9464527165677055,2,0.19133308543575467,2.0,2.0
2018-02-14,9.916074093751703,7.535466270719605,1.298977935492759,7.812709627606329,8.31617174353081,2,-0.3062698973480664,2.0,2.0
2018-02-15,6.836184023154956,7.814583838956079,0.8584608581810406,7.730138664357123,16.478268018944497,2,0.27911756823647327,2.0,2.0
2018-02-16,0.6617573638271423,7.717354406507983,0.0692060596491098,7.71190875337665,23.014851721231544,2,-0.09722943244809557,2.0,2.0
2018-02-17,8.23828388494885,7.3145577327725855,1.108831799108309,7.644739683404785,21.905635843667604,2,-0.4027966737353976,2.0,2.0
2018-02-18,-5.17921730312878,7.4144224498051825,-0.7157519029287643,7.559276939752287,20.47308206255387,2,0.09986471703259703,2.0,2.0
2018-02-19,6.187369895710759,7.234164562068802,0.8376503145984278,7.499016598022126,16.744377864512927,2,-0.18025788773638052,2.0,2.0
2018-02-20,1.5767739342638976,7.132345082245059,0.2031736046302923,7.362568846679922,11.484967775621868,2,-0.10181947982374329,2.0,2.0
2018-02-21,-6.459170224791144,6.776438246828714,-0.9720209436440642,7.174385614744068,4.364040187003582,2,-0.35590683541634505,2.0,2.0
2018-02-22,-6.626121098880944,6.770008255036833,-0.9976045107911362,7.065475719196918,-10.500364796826211,2,-0.006429991791880418,2.0,2.0
2018-02-23,2.916567969339212,6.781543108769408,0.4112483324474894,6.938899850989763,-2.404579524358219,2,0.011534853732574568,2.0,2.0
2018-02-24,-4.853544529041365,6.492278926053655,-0.7672520327937044,6.790522723786734,-13.445493949110343,2,-0.28926418271575294,2.0,2.0
2018-02-25,-1.5231977518507025,6.364398226599332,-0.2593909695009508,6.636933352657588,-16.545465635224943,2,-0.12788069945432312,2.0,2.0
2018-02-26,7.011553986619923,6.058982885397483,1.1361451983588653,6.493442280371343,-3.074741423813876,2,-0.305415341201849,2.0,2.0
2018-02-27,3.40346060989738,6.165517587646535,0.531308343361772,6.372544146893282,6.954840284964448,2,0.10653470224905259,2.0,2.0
2018-02-28,-3.10294706364651,5.94335085762636,-0.543568235406815,6.204905696664673,0.9353252519787248,2,-0.2221667300201755,2.0,2.0
2018-03-01,5.182687604474623,5.734567810008694,0.8814993731898916,6.053363473455681,10.971557385494712,2,-0.20878304761766575,2.0,2.0
2018-03-02,1.228839083196931,5.682734734239888,0.1937745575427058,5.917030774983791,13.723594220542346,2,-0.05183307576880569,2.0,2.0
2018-03-03,3.5731831732556785,5.404054684838078,0.6375793177085303,5.786045134871911,10.2852234071781,2,-0.27868004940181024,2.0,2.0
2018-03-04,0.1991054965976957,5.249781565307732,0.0136073894260166,5.602897930404151,7.080868293878417,2,-0.1542731195303464,2.0,2.0
2018-03-05,0.5258650235306916,4.984112592677658,0.079892928116966,5.41105027741441,10.70968038105562,2,-0.26566897263007405,2.0,2.0
2018-03-06,-7.1017378823034605,4.735467610779072,-1.526651251987155,5.211230237568485,-1.5747451057224635,2,-0.24864498189858608,2.0,2.0
2018-03-07,-7.854714164884058,5.073710368947148,-1.573283309227902,5.089425364509937,-10.658298353803453,2,0.33824275816807603,2.0,2.0
2018-03-08,-5.895751127349236,5.469568476318177,-1.101260698694262,5.102528122805957,-20.127232654408367,2,0.395858107371029,2.0,2.0
2018-03-09,-0.6134788034012573,5.546626838316151,-0.133621478322361,5.16189717740764,-20.93981695440732,2,0.07705836199797478,2.0,2.0
2018-03-10,-5.182014795718892,5.269382861290131,-1.00764825975388,5.218951231130136,-26.647696773656904,2,-0.27724397702602044,2.0,2.0
2018-03-11,7.7310826936223265,5.290616432193387,1.437150683031669,5.329980995412998,-11.814876197731117,2,0.02123357090325584,2.0,2.0
2018-03-12,-3.977469953506585,5.5952273421485295,-0.7336859392682459,5.434284390053275,-7.937631986353644,2,0.3046109099551426,2.0,2.0
2018-03-13,-0.1116361497521367,5.474089578495203,-0.0437160957557714,5.43518861048868,-2.1535170087565447,2,-0.1211377636533264,2.0,2.0
2018-03-14,-10.60320200204039,5.196086304574264,-2.065183495322379,5.365080503740304,-12.143240207395678,2,-0.27800327392093926,2.0,2.0
2018-03-15,0.3747684039220544,6.037420319515944,0.0409278659440487,5.5186879953854655,-6.586457007754731,2,0.8413340149416806,2.0,2.0
2018-03-16,0.4506141978666278,5.727341192592825,0.0563864649529282,5.606032947465353,-13.86692550351043,2,-0.3100791269231191,2.0,2.0
2018-03-17,-5.186813420832692,5.43531695617014,-0.977768755368857,5.574050870269676,-15.076268970836535,2,-0.2920242364226855,2.0,2.0
2018-03-18,3.802058543426412,5.439249278918433,0.6755323539280802,5.5670828103543215,-11.162574277657988,2,0.003932322748292805,2.0,2.0
2018-03-19,4.830210672516699,5.298404421932466,0.8875390822591323,5.5875464338259615,4.2708383968991015,2,-0.14084485698596616,2.0,2.0
2018-03-20,3.224371887087329,5.256014806047414,0.5891730383041018,5.431265331132255,7.1204418800643765,2,-0.0423896158850523,2.0,2.0
2018-03-21,0.1772210114815209,5.089995827577908,0.0097350447275454,5.303796258129272,6.84704869367927,2,-0.16601897846950653,2.0,2.0
2018-03-22,-2.2745729727736475,4.833499958949808,-0.4969985864513427,5.183432858685205,9.759289141738314,2,-0.25649586862809937,2.0,2.0
2018-03-23,1.7168711059966313,4.6574462423418215,0.3412173429103351,5.027072251369884,7.674101704308533,2,-0.17605371660798674,2.0,2.0
2018-03-24,-2.410683537135583,4.455929427533796,-0.5696574088197587,4.85857725249015,0.4332074946562514,2,-0.2015168148080253,2.0,2.0
2018-03-25,-2.008233931084469,4.315556219162375,-0.4949312434020534,4.670485535113142,-4.799398323515547,2,-0.14037320837142087,2.0,2.0
2018-03-26,-3.428971504220435,4.162257951494332,-0.8544980200904083,4.484937959896427,-8.405590839217503,2,-0.15329826766804366,2.0,1.0
2018-03-27,-4.692919680936569,4.124572205206674,-1.1687489309287165,4.3431524091478,-10.823937547380424,2,-0.037685746287658084,2.0,2.0
2018-03-28,1.5384599545303246,4.224490555768238,0.3339551270074356,4.256561271833083,-11.002348698846731,2,0.0999183505615644,2.0,1.0
2018-03-29,-10.442950860100275,4.044501242065342,-2.613578263889807,4.174275634739392,-19.034616021811424,2,-0.17998931370289561,2.0,2.0
2018-03-30,-3.915922419318818,5.154544166594011,-0.7844713253136695,4.34207322422572,-20.942304510045773,2,1.1100429245286687,2.0,2.0
2018-03-31,1.1974965288978012,5.066943837763586,0.2111384867713402,4.52301040147957,-16.315836476927537,2,-0.08760032883042523,2.0,2.0
2018-04-01,-1.871556330941182,4.824244233366977,-0.4144122703304546,4.66294480711163,-13.49447312693215,2,-0.2426996043966092,2.0,2.0
2018-04-02,3.4404500623484324,4.628741192169302,0.71569790800052,4.743794934391844,-11.592483019114042,2,-0.19550304119767503,2.0,2.0
2018-04-03,5.122335284347912,4.52829254413579,1.1029909311798003,4.840553194805933,3.9728031253341456,2,-0.10044864803351139,2.0,2.0
2018-04-04,-8.422475580705502,4.599124023603757,-1.859081253573774,4.729469166207882,-0.5337500360525382,2,0.07083147946796675,2.0,2.0
2018-04-05,-0.6201068910305807,5.176454477714754,-0.1444572860993711,4.751371294198116,-2.35135345598092,2,0.5773304541109967,2.0,2.0
2018-04-06,-2.605042094133836,4.920928844813626,-0.5553243817884069,4.770708216487445,-3.084839219173574,2,-0.2555256329011275,2.0,2.0
2018-04-07,4.056977863510269,4.757458182487295,0.8259259542285493,4.796451614551044,-2.468311418011737,2,-0.1634706623263309,2.0,2.0
2018-04-08,1.613717451544261,4.6963966333243485,0.3164229712973221,4.830072432388756,-5.976929250815388,2,-0.061061549162946704,2.0,2.0
2018-04-09,-3.6655612766454126,4.4886476107729205,-0.8450721197134183,4.807977149822589,-1.220014946755299,2,-0.20774902255142802,2.0,2.0
2018-04-10,0.9412414998555718,4.440898405725068,0.1831998282981907,4.660865935424651,0.3413334441308535,2,-0.04774920504785207,2.0,2.0
2018-04-11,1.9352815614150032,4.230400520358498,0.4272909570332574,4.5227602705336265,4.881657099679693,2,-0.21049788536657044,2.0,1.0
2018-04-12,12.412693581038248,4.066574715551574,3.020975825089427,4.384583577146482,13.237372817207673,2,-0.16382580480692432,2.0,2.0
2018-04-13,0.0850158009713553,5.554352929609513,-0.0076793595952991,4.556174836403515,11.708671166634764,2,1.487778214057939,2.0,2.0
2018-04-14,1.136885881377836,5.271200868390503,0.1914584991425222,4.712685487927031,16.511118324658014,2,-0.2831520612190097,2.0,2.0
2018-04-15,4.203655981360832,5.014939465332561,0.8127687951370929,4.82749369984853,19.773532806163274,2,-0.256261403057942,2.0,2.0
2018-04-16,-3.300812914143947,4.942792743170054,-0.6936326823167835,4.969972144410841,14.537438330604324,2,-0.07214672216250673,2.0,2.0
2018-04-17,-1.9621259128287605,4.824651599724641,-0.433149532991162,5.121587521245454,0.162618836737316,2,-0.11814114344541338,2.0,2.0
2018-04-18,3.2535927574945944,4.633326476847807,0.6746606565881852,4.937382230693113,3.331195793260555,2,-0.191325122876834,2.0,2.0
2018-04-19,1.5906496489627386,4.518505637328605,0.323775179661088,4.786843184480734,3.784959560845458,2,-0.11482083951920163,2.0,2.0
2018-04-20,6.437648463048973,4.321338709679432,1.4601907447055993,4.648123033350108,6.018952042533599,2,-0.19716692764917365,2.0,2.0
2018-04-21,0.5608362578138681,4.590972254559742,0.094351819039337,4.5777589356280455,9.880601214491412,2,0.26963354488031044,2.0,2.0
2018-04-22,-1.052330951045377,4.365694582247437,-0.2702893212641891,4.485967532132604,10.790396176274797,2,-0.22527767231230467,2.0,2.0
2018-04-23,1.4483697709081866,4.168991628765531,0.3167912565135625,4.39310056251615,8.985173189688389,2,-0.19670295348190603,2.0,1.0
2018-04-24,8.23531991874269,3.989395185297958,2.032300603907236,4.28727847211002,15.62984345946834,2,-0.17959644346757342,2.0,2.0
2018-04-25,-9.193210663750406,4.618931438839055,-2.017973304347248,4.346797017941945,-0.001015667331039,2,0.6295362535410969,2.0,2.0
2018-04-26,4.808821013231679,5.329894604678023,0.8782821586539489,4.4945814879656005,4.246969088086772,2,0.7109631658389679,2.0,2.0
2018-04-27,-3.2239593306844228,5.282429924377917,-0.6344862218908008,4.677928556391697,2.075340708447726,2,-0.047464680300105755,2.0,2.0
2018-04-28,3.942918286213981,5.1312816207572265,0.7435274252622159,4.870386554790036,4.5698892237535205,2,-0.15114830362069043,2.0,2.0
2018-04-29,0.7523614187496364,5.027033628709027,0.1242664741180637,5.077914243472249,-2.9130692762395327,2,-0.10424799204819912,2.0,2.0
2018-04-30,-1.9136041014403915,4.778442839567663,-0.4271838848787211,5.109816523617972,4.366537286070482,2,-0.2485907891413648,2.0,2.0
2018-05-01,-1.3240166694592048,4.587979637667638,-0.3164108079246445,4.961433530215894,-1.7663003966204016,2,-0.19046320190002497,2.0,2.0
2018-05-02,1.2739001376983694,4.385957958567273,0.2613409599657378,4.782139137053766,2.7315590717623905,2,-0.20202167910036462,1.0,2.0
2018-05-03,5.3537157891065945,4.18699349047251,1.2481619870108267,4.593281510996822,4.142356574655004,2,-0.1989644680947631,1.0,2.0
2018-05-04,-0.4433170333562941,4.328858223057153,-0.1319023812681207,4.453646429866447,2.946678122549073,2,0.14186473258464272,1.0,2.0
2018-05-05,1.6094355065083832,4.120890882694583,0.3595741489525805,4.322136038491832,6.469717730497848,2,-0.20796734036256925,1.0,1.0
2018-05-06,-2.0843383079432343,3.950435431969421,-0.5599402953100556,4.194627197352188,5.709396092013819,2,-0.17045545072516255,1.0,1.0
2018-05-07,-2.9620923127989585,3.82864825432721,-0.8070111908932562,4.083165256504175,1.4734036415164908,1,-0.12178717764221103,2.0,1.0
2018-05-08,-1.485310141877072,3.781569178490531,-0.4265371702013784,4.002080394107779,-5.365622289467176,1,-0.04707907583667881,1.0,1.0
2018-05-09,0.97370785472517,3.6399462286921582,0.2324315050643271,3.864297995234781,-3.948597401385712,1,-0.14162294979837275,1.0,1.0
2018-05-10,-3.0623267109053387,3.4799915864563475,-0.9166678441860032,3.736118135987134,-8.620359618799434,1,-0.15995464223581068,1.0,1.0
2018-05-11,-6.893610659669847,3.4765329126591005,-2.0196214189545816,3.6413376321250697,-13.429631970526046,1,-0.0034586737972470694,1.0,1.0
2018-05-12,0.748238978371063,4.0223856150839845,0.1542789188602137,3.680085104276424,-9.719300679356024,2,0.545852702424884,1.0,1.0
2018-05-13,2.5429769131291025,3.833761283230421,0.6300098154929654,3.6905235252244015,-5.69101362434985,1,-0.18862433185356364,1.0,1.0
2018-05-14,-0.0819964626876057,3.734274036024532,-0.0561464250084453,3.709389086690877,-6.7467179417626255,1,-0.09948724720588897,1.0,1.0
2018-05-15,-2.396447419619463,3.5583862209606067,-0.7093432070943365,3.725068013591729,-6.08083865047675,1,-0.17588781506392515,1.0,1.0
2018-05-16,-1.6772482047846538,3.4899601574242034,-0.517174350939817,3.7277534625447495,-0.864476195591557,1,-0.06842606353640335,1.0,1.0
2018-05-17,-3.335153970564164,3.379466000919065,-1.0246659217934015,3.599169539711766,-4.947869144526784,1,-0.11049415650513827,1.0,1.0
2018-05-18,1.916817663872017,3.41469809432632,0.5239549559030532,3.515356901930945,-5.57402839378387,1,0.03523209340725497,1.0,1.0
2018-05-19,-0.0459450212755285,3.3090523368797324,-0.0524665910471118,3.430312562101986,-5.5379769523717925,1,-0.10564575744658766,1.0,1.0
2018-05-20,3.1752487481542246,3.159223274027489,0.9646608705284804,3.3504799727153625,0.033719215401895,1,-0.1498290628522434,1.0,1.0
2018-05-21,-1.1133876917273966,3.1760338296195108,-0.390756973238256,3.287694707154424,0.5975797284591522,1,0.016810555592021714,1.0,1.0
2018-05-22,-4.583947139821376,3.060655927338882,-1.539414075320439,3.223932692438386,-0.6512134407980597,1,-0.11537790228062894,1.0,1.0
2018-05-23,-6.2067659444725365,3.30100317530286,-1.9189426009347583,3.201193708633695,-8.774797049142613,1,0.2403472479639781,1.0,1.0
2018-05-24,0.3898282693889143,3.7616774498031,0.0696919388890205,3.2917187312183684,-8.33902375847817,1,0.4606742745002399,1.0,1.0
2018-05-25,-1.4229521588760008,3.5844841871557778,-0.4325927392480481,3.376770913844026,-12.937224665508396,1,-0.17719326264732205,1.0,1.0
2018-05-26,-1.6751549202160376,3.4538982044901485,-0.5219680743078513,3.432343788818154,-13.498991893997037,1,-0.13058598266562926,1.0,1.0
2018-05-27,0.1676209050300414,3.3460311953139525,0.0119398858710469,3.489418842413168,-8.747423849145619,1,-0.10786700917619596,1.0,1.0
2018-05-28,-3.20251597389678,3.1934154822802454,-1.0428288040853064,3.4679013038086444,-5.743173878569863,1,-0.15261571303370713,1.0,1.0
2018-05-29,4.609061158009098,3.235912494590957,1.3848926666166073,3.3627483127662168,-1.5239409899496792,1,0.04249701231071157,1.0,1.0
2018-05-30,-0.8880942351451537,3.4148885245142235,-0.2974515572881486,3.3288291802379057,-0.989083066218832,1,0.17897602992326656,1.0,1.0
2018-05-31,1.176467849979801,3.274573191706939,0.3202854583305444,3.292964177681264,1.8625397039770064,1,-0.1403153328072846,1.0,1.0
2018-06-01,0.6289122618005294,3.1448518602449838,0.1593851188031644,3.2527283106674694,2.3238310607474943,1,-0.1297213314619552,1.0,1.0
2018-06-02,1.3434600362671745,3.00926474428546,0.4040157530635709,3.2158981630685126,6.869807070911449,1,-0.13558711595952389,1.0,1.0
2018-06-03,0.999764944741699,2.9048343402126067,0.3002220327100786,3.1496825321928426,3.26051085764405,1,-0.1044304040728532,0.0,1.0
2018-06-04,-2.701622323891506,2.7946260151853,-1.0124045160085355,3.025630030327058,1.4469827688976975,1,-0.11020832502730649,0.0,1.0
2018-06-05,1.574996113095395,2.8301631126471065,0.5113932946799847,2.9367480145150915,1.845511032013292,1,0.03553709746180633,0.0,1.0
2018-06-06,0.2645286611436148,2.750830204040987,0.0497518845421785,2.857943683274292,1.4811274313563771,1,-0.07933290860611963,2.0,0.0
2018-06-07,0.3164613319277976,2.636764190724612,0.0715997502373867,2.7834435725621227,0.4541287270170002,1,-0.11406601331637489,2.0,0.0
2018-06-08,-0.6968564365646301,2.530691497254394,-0.325810598366576,2.70861500397048,-1.2424926542893289,0,-0.10607269347021786,2.0,0.0
2018-06-09,-1.2263867528105266,2.445747527824672,-0.5536370421896732,2.638839306498354,0.2327429167916506,0,-0.08494396942972227,2.0,0.0
2018-06-10,-10.429333638086112,2.3926471479540705,-4.412269197967755,2.551336113559747,-11.771586834389858,0,-0.053100379870601344,2.0,1.0
2018-06-11,1.7659179795872504,4.1260423642226725,0.397050771789363,2.8263785455960844,-10.270197515946222,2,1.733395216268602,2.0,1.0
2018-06-12,-4.813047339938237,3.96173027619517,-1.2471109010278991,3.0913717626901955,-15.399706187812257,2,-0.1643120880275024,2.0,1.0
2018-06-13,-3.595427350674818,4.097726503373321,-0.9085762610186232,3.4047787639139813,-18.298277101922444,2,0.13599622717815052,1.0,1.0
2018-06-14,4.998260262806298,4.081982519552842,1.1931924169295105,3.732025762259615,-12.07363008630562,2,-0.015743983820478924,1.0,1.0
2018-06-15,-3.332187405601239,4.193391699215677,-0.8250736702429666,4.092174672511936,-4.976483853820746,2,0.11140917966283492,1.0,1.0
2018-06-16,1.4389722742134126,4.144086355535009,0.3164274311091403,4.095783470774404,-5.303429559194584,2,-0.04930534368066741,1.0,1.0
2018-06-17,-0.7799634776660014,3.965779759804492,-0.2288662525595664,4.096593367496268,-1.270345696922348,2,-0.178306595730517,1.0,1.0
2018-06-18,3.560119143946139,3.786720096619308,0.906443936158238,4.034392086145465,5.885200797698609,1,-0.17905966318518418,2.0,1.0
2018-06-19,0.5201158253765215,3.774868664236647,0.1039628622467191,3.9729693150822265,1.4070563602688324,1,-0.011851432382660843,2.0,1.0
2018-06-20,0.0975878464416268,3.598118532952732,-0.0083604327428082,3.853914681829637,4.836831612311698,1,-0.17675013128391504,2.0,1.0
2018-06-21,-0.6931549314602492,3.429904251154662,-0.2393141457581366,3.711078260953568,2.704704406638037,1,-0.16821428179807008,2.0,1.0
2018-06-22,-10.09251346030755,3.28285583909912,-3.1131988840390874,3.5744934768124934,-6.607845576003513,1,-0.14704841205554198,2.0,1.0
2018-06-23,1.2867880610642146,4.561704186484612,0.2540976659690939,3.729490294785555,-8.881176658885437,2,1.2788483473854924,1.0,2.0
2018-06-24,0.1742907827004813,4.352144514977871,0.0107122151167097,3.8449454649338,-9.227001701561475,2,-0.20955967150674137,1.0,1.0
2018-06-25,1.2228084684467788,4.13866716947309,0.2646114676936379,3.9530551922378714,-8.101781079556325,2,-0.21347734550478137,2.0,1.0
2018-06-26,-2.5199768617493845,3.953799677236154,-0.6696461005422545,4.05783427745417,-9.92860300984546,2,-0.18486749223693577,2.0,1.0
2018-06-27,1.036022620030863,3.8607008849898072,0.2352818756629034,4.173403286632307,1.1999330704929534,2,-0.09309879224634665,1.0,1.0
2018-06-28,-4.20755189266746,3.688290601777751,-1.175401299728096,3.998720569690934,-4.294406883238722,1,-0.1724102832120562,1.0,1.0
2018-06-29,5.196130416250178,3.785342481641373,1.3389701899880395,3.885360163023635,0.7274327503109745,1,0.09705187986362196,1.0,1.0
2018-06-30,2.942626904629897,3.962711394702512,0.7103614040517808,3.85016900806952,2.4472511864940927,2,0.1773689130611391,1.0,1.0
2018-07-01,-0.2842915424254855,3.881271574424699,-0.1061407863281451,3.835663387507229,4.682936505817992,2,-0.08143982027781327,1.0,1.0
2018-07-02,3.513597605397756,3.698251117491609,0.9155484101515744,3.8031734340075887,7.160511491184884,1,-0.18302045693309,1.0,1.0
2018-07-03,-1.2871725512868082,3.691033852940644,-0.3833186803736938,3.8037220842401673,10.080890832565537,1,-0.007217264550964941,1.0,1.0
2018-07-04,1.0354208139776944,3.546932711201653,0.2559256725321778,3.7560401301522233,5.920181230293053,1,-0.1441011417389908,1.0,1.0
2018-07-05,0.6284119229603036,3.3946366185608774,0.1475098235214225,3.642425174923896,3.60596624862346,1,-0.1522960926407757,1.0,1.0
2018-07-06,0.5162002311365654,3.2430356708221573,0.1198045893220277,3.5147779942033885,4.406458022185511,1,-0.15160094773872013,1.0,1.0
2018-07-07,2.711538540759939,3.099410669878893,0.8336645709566042,3.3950099046808453,3.6043989575476942,1,-0.14362500094326425,1.0,1.0
2018-07-08,-1.2185823192757184,3.0785644842525097,-0.437298617780821,3.272516030943218,3.672989189558784,1,-0.020846185626383296,1.0,1.0
2018-07-09,-0.4754487007430086,2.9750176473739365,-0.2027276630484577,3.1581330181776748,2.162119674838081,1,-0.10354683687857325,1.0,1.0
2018-07-10,-6.302716705345013,2.852623953061725,-2.2542005134887484,3.049730485077844,-4.769008953467235,1,-0.12239369431221148,1.0,1.0
2018-07-11,1.0178711879893498,3.436580550177865,0.2590369992946174,3.088439460948986,-4.267337996614451,1,0.5839565971161398,1.0,1.0
2018-07-12,-2.628576724059428,3.2909951085976363,-0.8375115451541811,3.1267563486927346,-9.607453261433818,1,-0.14558544158022846,1.0,1.0
2018-07-13,0.1482289507841017,3.2664827740045776,0.0062940103375676,3.1643400066431484,-8.240641991373998,1,-0.024512334593058682,2.0,1.0
2018-07-14,0.6084371585677317,3.118828238567713,0.1541500356401443,3.193102124881903,-7.156756132063258,1,-0.1476545354368648,2.0,1.0
2018-07-15,1.321981965541852,2.9845770848700344,0.4001613150349671,3.2194927512435654,0.4679425388236069,1,-0.13425115369767848,1.0,1.0
2018-07-16,5.834774166521406,2.8810081257646605,1.9809400886606765,3.108378266360924,5.284845517355663,1,-0.10356895910537389,1.0,1.0
2018-07-17,8.243286458020904,3.321500707414089,2.4433584389937346,3.114479386124215,16.156708699435995,1,0.4404925816494285,1.0,1.0
2018-07-18,0.6771106197492216,4.1205330166705885,0.133342201867889,3.285289434657417,16.685590368401115,2,0.7990323092564995,1.0,1.0
2018-07-19,1.2951038487557298,3.9248081852424903,0.2974499948069616,3.4464854239923723,17.372257058589113,2,-0.19572483142809816,1.0,1.0
2018-07-20,-1.5212500162380849,3.755884029763217,-0.4390230575833483,3.600746812971009,14.529025076809177,1,-0.16892415547927353,2.0,1.0
2018-07-21,0.8821326292061116,3.617775691382948,0.2085433202965319,3.7481003260946655,9.576383539493882,1,-0.1381083383802686,2.0,1.0
2018-07-22,-0.0107806514659358,3.457013487338433,-0.0400491136092036,3.775202882079536,1.3223164300070422,1,-0.16076220404451513,2.0,1.0
2018-07-23,3.868656433444962,3.2977805234207307,1.1343953099484831,3.610652383429565,4.513862243702782,1,-0.15923296391770236,2.0,1.0
2018-07-24,8.84546416030787,3.3738491175206784,2.583931344350466,3.500460569885201,12.064222555254922,1,0.0760685940999477,1.0,1.0
2018-07-25,-2.925469041722017,4.28469193890103,-0.7125690153916036,3.606222151712764,10.66000352977099,2,0.9108428213803519,1.0,1.0
2018-07-26,-2.8491418656974687,4.193742397079595,-0.7098222204128387,3.721415492852093,6.928729034867409,2,-0.090949541821435,1.0,1.0
2018-07-27,2.6487261573523213,4.1047608345207856,0.6141786536534264,3.850964962288564,9.588235843685666,2,-0.08898156255880973,1.0,1.0
2018-07-28,0.3318503902615788,3.9905850137533463,0.0511656098343601,3.989525860355087,6.051429800502284,2,-0.11417582076743926,1.0,1.0
2018-07-29,0.3206412472145814,3.7991564245296527,0.0507932686139507,4.074587321756883,-2.4733931125910047,1,-0.19142858922369355,1.0,1.0
2018-07-30,-0.4632012619252279,3.619224013658819,-0.1632590119131429,3.941493736708439,-0.0111253327942151,1,-0.17993241087083378,1.0,1.0
2018-07-31,-5.0137941881997605,3.4550214137221973,-1.4881134577680486,3.793749540036961,-2.175777655296507,1,-0.16420259993662167,1.0,1.0
2018-08-01,-2.019234469295661,3.6934242534509902,-0.5812774261518179,3.711482223823001,-6.843738281944489,1,0.23840283972879295,1.0,1.0
2018-08-02,-0.7604042111257314,3.587585808289231,-0.2475408068319477,3.630882382730178,-7.935992883331799,1,-0.10583844516175933,1.0,1.0
2018-08-03,-1.7699946974246927,3.4321094506568293,-0.5529148761554071,3.557472987955613,-10.026628827971074,1,-0.15547635763240164,1.0,1.0
2018-08-04,-5.552450759252814,3.331453263832836,-1.7049977844068172,3.4999188379904167,-15.11587832529866,1,-0.10065618682399347,2.0,1.0
2018-08-05,0.5053418144036925,3.674791416518635,0.1027737624151891,3.5438728385497043,-9.596742322695206,1,0.34333815268579926,2.0,1.0
2018-08-06,-1.6644870348809349,3.5040168270315206,-0.5114577919525053,3.5059913532658102,-9.24199488828048,1,-0.17077458948711444,2.0,1.0
2018-08-07,-2.8995953086402797,3.39174499805699,-0.8925390867566759,3.466823191219362,-11.381185985795028,1,-0.11227182897453059,2.0,1.0
2018-08-08,-6.853482384772036,3.38189902456069,-2.0642698106919144,3.456781106000134,-16.46467367314237,1,-0.009845973496299898,2.0,1.0
2018-08-09,4.077457301356446,3.9420441307668255,1.0019643352270349,3.5788992793869325,-6.834765612533111,2,0.5601451062061353,1.0,1.0
2018-08-10,-6.016427603596242,3.965541906702781,-1.5493714157069365,3.6370493774237618,-13.356535030533044,2,0.023497775935955367,1.0,1.0
2018-08-11,1.7791511924363237,4.268653834400953,0.386885791649361,3.789976778897648,-9.912896803215787,2,0.3031119276981724,1.0,1.0
2018-08-12,0.4273118524736219,4.095259170754625,0.0731680622746465,3.9306796134371753,-6.585989642101886,2,-0.17339466364632816,1.0,1.0
2018-08-13,-0.3980924454614509,3.898205488083064,-0.1348728591927112,4.03394090614165,-0.1305997027913008,2,-0.19705368267156098,1.0,1.0
2018-08-14,-1.566130632947882,3.71566500223482,-0.4558538798212866,3.988665080435248,-5.774187637095629,1,-0.18254048584824423,1.0,1.0
2018-08-15,1.7398593339542856,3.5826230381520103,0.4500025937277664,3.9120813067250944,1.982099300454898,1,-0.13304196408280955,1.0,1.0
2018-08-16,0.4146085616168804,3.455135008214182,0.0830470839772357,3.749377541487741,0.6175566696354551,1,-0.12748802993782826,1.0,1.0
2018-08-17,3.808327820833668,3.2970261434234382,1.1163569793762262,3.5897309360215024,3.998572637995501,1,-0.15810886479074382,1.0,1.0
2018-08-18,-2.412688806635366,3.3662016674863446,-0.7546661584804474,3.483330171902159,1.9839762768215865,1,0.06917552406290639,1.0,1.0
2018-08-19,1.273198071380044,3.3162699242141045,0.3454267665544393,3.4034511562980163,4.823304981149512,1,-0.04993174327224015,1.0,1.0
2018-08-20,-3.083290846744191,3.1872135127019647,-1.0074507115336384,3.3243692512080067,0.0001548004510354,1,-0.12905641151213976,1.0,1.0
2018-08-21,2.8168761359932404,3.2177156095283608,0.83575019917636,3.2768853714708426,2.4024223748273954,1,0.03050209682639604,1.0,1.0
2018-08-22,-1.741912892269326,3.1944832662316927,-0.585253517045895,3.256376796032493,-3.147818338275598,1,-0.023232343296668123,1.0,1.0
2018-08-23,2.450168206824088,3.1110162091098,0.7465401580313938,3.205339704357185,1.715038675183855,1,-0.08346705712189273,1.0,1.0
2018-08-24,2.792823001109745,3.0671118064732608,0.8689456057805925,3.155508080809016,3.234663604913557,1,-0.043904402636539164,1.0,1.0
2018-08-25,0.6412467252168597,3.056830420997921,0.1680096636215002,3.129431462468207,6.959201176874608,1,-0.010281385475339633,1.0,1.0
2018-08-26,-0.8304176683980202,2.9272042858921523,-0.3273045709356922,3.0713291977409654,3.311907372483347,1,-0.1296261351057688,1.0,1.0
2018-08-27,2.61023761987218,2.818373332023324,0.8808513468486809,2.996107210899292,7.664057884624853,1,-0.10883095386882813,0.0,1.0
2018-08-28,3.027780971291527,2.816981422625196,1.029510267111322,2.9373002536023707,8.241670649092292,1,-0.001391909398128277,0.0,1.0
2018-08-29,-0.6945951847084686,2.857403521858616,-0.2877664470052348,2.8953585966794417,4.754252463274078,1,0.040422099233420106,0.0,1.0
2018-08-30,-0.9829420799983168,2.7489075563939083,-0.4040193173655784,2.833774023758639,3.1300636580589014,1,-0.10849596546470774,0.0,0.0
2018-08-31,0.8469072019252621,2.6591026845551027,0.2704812911760752,2.780153703491229,4.807388528382184,1,-0.08980487183880559,0.0,0.0
2018-09-01,2.187871411853948,2.5614290447602053,0.8043173171754944,2.7287648460386054,4.385022320363952,0,-0.0976736397948974,1.0,0.0
2018-09-02,1.098730512202195,2.548853989538095,0.3809793898555724,2.6751393594211854,2.4559718612746195,0,-0.012575055222110443,1.0,0.0
2018-09-03,-0.1742290079993935,2.4681792628126,-0.1223163515653221,2.597294507611982,2.9763380379836946,0,-0.08067472672549503,1.0,0.0
2018-09-04,1.3897370676710707,2.374897676905396,0.5314196925227422,2.52249253171428,5.349017185653082,0,-0.09328158590720381,1.0,0.0
2018-09-05,-8.041781637747292,2.3224619651639054,-3.51758239089516,2.45516438783604,-3.539671654019472,0,-0.05243571174149064,1.0,0.0
2018-09-06,-3.9587838057258296,3.4677830644793377,-1.1784051666958617,2.6364351917798667,-9.686326871599247,1,1.1453210993154324,1.0,1.0
2018-09-07,-0.9556698168818656,3.56320980793877,-0.304034718613884,2.839306355460002,-11.74072720068331,1,0.09542674345943247,1.0,1.0
2018-09-08,-3.7992262867389215,3.415243686658529,-1.1498142801686937,3.028719240229188,-15.365724479422838,1,-0.14796612128024123,1.0,1.0
2018-09-09,1.1955253777374608,3.498340958772593,0.3052463198656004,3.253407896602627,-15.559936169356448,1,0.08309727211406415,1.0,1.0
2018-09-10,0.4566762205364227,3.354175178289,0.0980886592414718,3.459750539227646,-7.061478311072733,1,-0.14416578048359296,1.0,1.0
2018-09-11,-0.1343778073751522,3.2028029625747445,-0.0818181714186755,3.406754518846728,-3.237072312722056,1,-0.15137221571425563,1.0,1.0
2018-09-12,0.4829112103061916,3.0603324129888554,0.1160793952844544,3.3061790398567448,-1.7984912855339985,1,-0.14247054958588912,0.0,1.0
2018-09-13,2.572351655486571,2.9280070223459176,0.8349303681283056,3.2087317069942225,4.573086656691494,1,-0.1323253906429378,1.0,1.0
2018-09-14,-0.0706076865649052,2.911955500646094,-0.0680907936120391,3.091454615368922,3.306953592389128,1,-0.01605152169982338,1.0,1.0
2018-09-15,0.4670726045219453,2.787676700518944,0.1217511808387727,2.978154919814911,3.3173499763746506,1,-0.1242788001271502,0.0,1.0
2018-09-16,-0.3984578276938322,2.673065959419343,-0.1968254843382729,2.8722075191838305,3.05326995605597,1,-0.11461074109960112,0.0,0.0
2018-09-17,-3.688071788794467,2.5694839083322973,-1.4850225178907903,2.774037818252519,-1.117713043044688,0,-0.10358205108704555,1.0,0.0
2018-09-18,1.4242423616419586,2.7601820346202444,0.4697417311403215,2.7404728207073843,-2.2658223368893005,1,0.19069812628794702,0.0,0.0
2018-09-19,0.4266345706213315,2.678336942414085,0.1116233329159971,2.6937491090609824,-1.7685800797030635,1,-0.08184509220615954,0.0,0.0
2018-09-20,1.8753903731685284,2.570559131402473,0.6798990450680502,2.6503255952376885,-0.3602623110564806,0,-0.10777781101161166,0.0,0.0
2018-09-21,3.248666575188608,2.5324753475247075,1.232389844900999,2.622207472858761,3.2868620918259595,0,-0.038083783877765676,0.0,0.0
2018-09-22,-0.1927663841700067,2.6349125735933767,-0.1216116473155086,2.635293205910977,6.78216749645042,1,0.10243722606866923,0.0,0.0
2018-09-23,-0.1689932257837867,2.5303588393526826,-0.1172414345376837,2.589328566857465,5.188931909024674,0,-0.10455373424069414,0.0,0.0
2018-09-24,-1.7318842593150308,2.4326787796224374,-0.7644058678559575,2.540196934299136,3.030413079088312,0,-0.09768005973024518,0.0,0.0
2018-09-25,-2.2841248739725373,2.416313524576021,-0.998129805540344,2.509347812933845,-1.1291021680527535,0,-0.016365255046416394,0.0,0.0
2018-09-26,0.7499922625337163,2.452684125758144,0.2537312414432174,2.4933895685805325,-3.627776480707645,0,0.036370601182122986,0.0,0.0
2018-09-27,2.75986920872473,2.3670777875759863,1.112003816732703,2.4398226113770543,-0.6751408878129084,0,-0.08560633818215768,0.0,0.0
2018-09-28,-0.4897601761744141,2.4334843624177105,-0.25372254703869,2.42044771599006,-0.9959078382035358,0,0.06640657484172419,0.0,0.0
2018-09-29,-0.6367171722292397,2.3491430662394337,-0.3253896527851406,2.403740573313459,0.0992592488822552,0,-0.08434129617827679,0.0,0.0
2018-09-30,0.3568336719675713,2.2757163303119645,0.1006997201180721,2.375621134460648,2.740217794822364,0,-0.07342673592746918,0.0,0.0
2018-10-01,-0.543920393591435,2.1952409757325326,-0.305929998324836,2.324132504455526,1.4463051386972126,0,-0.08047535457943189,0.0,0.0
2018-10-02,-0.5099772645628775,2.130502313208643,-0.2992941782070067,2.276817409582057,-1.823541334590395,0,-0.06473866252388971,0.0,0.0
2018-10-03,-0.8195393817457486,2.069728901380358,-0.4576488522487459,2.2040663173745862,-2.153320540161729,0,-0.060773411828284996,0.0,0.0
2018-10-04,1.133103530096946,2.026564929401673,0.4961271366502734,2.139550690007034,-0.3834998378355436,0,-0.043163971978684934,0.0,0.0
2018-10-05,0.6938348855323184,1.9901527596367297,0.284483293231537,2.0824379758719878,-0.0464986242707965,0,-0.036412169764943325,0.0,0.0
2018-10-06,-0.5173043848845538,1.938355793134234,-0.3327428646516385,2.031060939352328,-0.0198826155639153,0,-0.05179696650249577,0.0,0.0
2018-10-07,0.2219673093835084,1.8934570994153117,0.0498018333637433,1.9836518965936607,0.7120619583824706,0,-0.04489869371892219,0.0,0.0
2018-10-08,0.7435585416514456,1.8407643758038947,0.3345832173362469,1.9378589914783688,2.2751598817796648,0,-0.05269272361141697,0.0,0.0
2018-10-09,-0.1442638450571465,1.8031372312540987,-0.1508113274911662,1.8931734518488537,0.9977925066255722,0,-0.03762714454979599,0.0,0.0
2018-10-10,-0.8634710127935818,1.759686538221934,-0.5632484341399263,1.8470802075658943,-0.5595133917003281,0,-0.043450693032164756,0.0,0.0
2018-10-11,-5.129538214462315,1.7474317197545346,-3.008534084317661,1.8088953928899545,-5.171747221278089,0,-0.012254818467399398,0.0,0.0
2018-10-12,0.2927159816783486,2.4121962187569603,0.068421592720334,1.9126432167582843,-5.100998548983249,0,0.6647644990024257,0.0,0.0
2018-10-13,0.1816821864727202,2.3214082511399767,0.0232671319269956,2.0087719918255007,-5.662874904161974,0,-0.0907879676169836,0.0,0.0
2018-10-14,0.0785556638538409,2.2364759570632,-0.0219604464908635,2.0954397369873208,-5.440055395250987,0,-0.08493229407677694,0.0,0.0
2018-10-15,4.743633360553368,2.157632017266065,2.1393655865216643,2.175028832796148,0.1670489780959627,0,-0.07884393979713478,0.0,0.0
2018-10-16,-0.0065214461777429,2.566353209019032,-0.0522886406061255,2.338813130649047,5.290065746380535,0,0.4087211917529672,0.0,0.0
2018-10-17,-0.7865727557092583,2.464694899779789,-0.3709353357399215,2.3493128668536127,4.210777008992928,0,-0.10165830923924313,0.0,0.0
2018-10-18,-1.040167369568934,2.3881132914120884,-0.4890207881701557,2.3626538749080352,2.9889274529512733,0,-0.07658160836770067,0.0,0.0
2018-10-19,-0.1746206565305996,2.3293931068239684,-0.1297721411135238,2.3812373048601887,2.7357511325668327,0,-0.058720184588120006,0.0,0.0
2018-10-20,0.3671253714641054,2.245965071140434,0.1066159487981203,2.3989039156350627,-1.6407568565224295,0,-0.08342803568353441,0.0,0.0
2018-10-21,-0.1054592494540429,2.167766993623715,-0.107543349712769,2.319186672555999,-1.7396946597987295,0,-0.07819807751671881,0.0,0.0
2018-10-22,0.0741748719899959,2.0952460133377664,-0.0255315137728461,2.2452968952675945,-0.8789470320994752,0,-0.07252098028594878,0.0,0.0
2018-10-23,-0.1761939764286069,2.0268200297886394,-0.1499213775272018,2.1730382429429045,-0.0149736389591481,0,-0.06842598354912699,0.0,0.0
2018-10-24,0.3099024997764488,1.9659653721097508,0.0926938123756766,2.100352696000061,0.4695495173479003,0,-0.060854657678888646,0.0,0.0
2018-10-25,-0.3014126387087756,1.908239482675248,-0.2248576853384543,2.032807578307024,-0.1989884928249807,0,-0.05772588943450274,0.0,0.0
2018-10-26,-0.0237824771618377,1.859335943445586,-0.0814549689811341,1.971121368271398,-0.1173117205327756,0,-0.04890353922966195,0.0,0.0
2018-10-27,0.0869135735083403,1.8097815507414647,-0.0225199007648144,1.9140284757521375,-0.1045730190144311,0,-0.04955439270412132,0.0,0.0
2018-10-28,0.0927024128230868,1.763625303137311,-0.0198269221652354,1.861389530421872,0.1643233702372626,0,-0.04615624760415371,0.0,0.0
2018-10-29,-2.39905434703136,1.7212613734291382,-1.467949063676825,1.8124487306857493,-2.544633476570546,0,-0.04236392970817282,0.0,0.0
2018-10-30,0.0258964188644128,1.871363893255837,-0.0543845352255622,1.8050736128018676,-2.2173244189973573,0,0.15010251982669875,0.0,0.0
2018-10-31,-0.2633626944591682,1.8204777219494472,-0.214796569154092,1.7973019685026397,-2.456904636294688,0,-0.05088617130638973,0.0,0.0
2018-11-01,0.947909029634708,1.777927949488821,0.4613456666978593,1.790931248252111,-1.59590918016832,0,-0.0425497724606263,0.0,0.0
2018-11-02,0.167005722226321,1.7546228939787578,0.0224185196285071,1.7891307664204,-1.521605870765086,0,-0.023305055510063122,0.0,0.0
2018-11-03,-0.4263663863637745,1.7130188103187929,-0.3234267233164232,1.7874822537983313,0.4510820899024992,0,-0.04160408365996493,0.0,0.0
2018-11-04,0.2334877765930443,1.6844767201220523,0.0628195693605945,1.7501048191715742,0.6586734476311307,0,-0.028542090196740588,0.0,0.0
2018-11-05,0.6803869277641539,1.6491155336075056,0.3351598126773039,1.715832381503186,1.6024230698544528,0,-0.03536118651454667,0.0,0.0
2018-11-06,0.6420434910365813,1.6263624143194946,0.3162725675843759,1.6855192744693206,1.296557531256326,0,-0.022753119288011048,0.0,0.0
2018-11-07,1.0642787457474157,1.6043885338103685,0.5837794596337401,1.6554724024356429,2.1938305547774206,0,-0.021973880509126076,0.0,0.0
2018-11-08,-1.177166147441433,1.604673082506551,-0.8131474479775456,1.6338032568731944,1.4430307936997622,0,0.0002845486961824406,0.0,0.0
2018-11-09,-1.06081363243149,1.631748486506374,-0.7283495690031869,1.6232576101500586,0.148729384675228,0,0.02707540399982311,0.0,0.0
2018-11-10,0.3689006475710243,1.6463599944282583,0.1465238307237707,1.622706502314209,-0.1627568955179015,0,0.01461150792188426,1.0,0.0
2018-11-11,0.0319770097320315,1.615833492622351,-0.0592218598895967,1.6206007179747808,-0.7728233768224513,0,-0.030526501805907325,1.0,0.0
2018-11-12,-0.6258557445205426,1.586395632290138,-0.4749921164809154,1.6170021376707346,-2.462957867090409,0,-0.02943786033221296,1.0,0.0
2018-11-13,-0.1850602522267763,1.5783081484653372,-0.1981425027602426,1.6117291508624916,-1.470851971875753,0,-0.008087483824800845,1.0,0.0
2018-11-14,-10.277649273173672,1.5552234718092526,-6.690561926451499,1.5964241479230674,-10.687687612617935,0,-0.0230846766560846,1.0,0.0
2018-11-15,-1.586495582727565,3.7056009165618495,-0.4625876600751278,2.0082723323497857,-12.643083842916525,1,2.150377444752597,2.0,1.0
2018-11-16,-1.291584159438841,3.574304816410981,-0.3970712926775416,2.399966597107512,-13.966645012087398,1,-0.13129610015086834,2.0,1.0
2018-11-17,-0.3813114336699286,3.4384837192984765,-0.1480248707447135,2.77038421450918,-13.722100701236783,1,-0.13582109711250467,2.0,1.0
2018-11-18,1.2383547969031738,3.284243442107321,0.3381859907904626,3.111571273237576,-12.298685652106832,1,-0.15424027719115552,2.0,1.0
2018-11-19,-14.356147255391429,3.1560900032522987,-4.589164730696249,3.4317445795261854,-16.377183634324588,1,-0.12815343885502228,2.0,1.0
2018-11-20,-9.007563428611045,5.5818554389200665,-1.6365943552302895,3.8069954839978286,-23.798251480208062,2,2.425765435667768,2.0,2.0
2018-11-21,3.320365546509585,6.069337305394511,0.5260369808800777,4.306001981794535,-19.18630177425964,2,0.4874818664744449,2.0,2.0
2018-11-22,-5.269441235931716,5.84926520136919,-0.922698958683801,4.788158278208678,-24.074431576521427,2,-0.22007210402532174,2.0,2.0
2018-11-23,-0.4322277012642317,5.818800770097569,-0.0962221251118507,5.295069743806727,-25.745014074688832,2,-0.030464431271620462,2.0,2.0
2018-11-24,-11.348021178490695,5.5235503898753695,-2.07759322228011,5.768561821131341,-22.736887997788106,2,-0.29525038022219974,2.0,2.0
2018-11-25,3.2752739428717703,6.428932634373883,0.4895998212215342,5.937977260222104,-10.454050626305287,2,0.9053822444985133,2.0,2.0
2018-11-26,-5.928995928609382,6.181055409677008,-0.9798756363782384,5.960320881078603,-19.703412101424256,2,-0.24787722469687523,2.0,2.0
2018-11-27,1.0945085463911042,6.18261441748826,0.156380263536936,6.026990724302418,-13.339462319101436,2,0.0015590078112523997,2.0,2.0
2018-11-28,10.822444579237178,5.872137137928912,1.8212747171249084,6.037657997868687,-2.084790038600026,2,-0.3104772795593478,2.0,2.0
2018-11-29,0.5020181260203316,6.5623747073091625,0.0570446626838227,6.245422861355445,9.765249265911002,2,0.6902375693802503,2.0,2.0
2018-11-30,-6.308129823555753,6.223293869506087,-1.0341468092207513,6.204295108381887,0.1818454994834795,2,-0.33908083780307585,2.0,2.0
2018-12-01,4.796953376593649,6.2603285952375884,0.7458528144526914,6.220149745494003,10.90779480468651,2,0.037034725731501794,2.0,2.0
2018-12-02,-1.790543962871105,6.1271601109524685,-0.3130673268810579,6.209058884186844,8.022742295424301,2,-0.13316848428511996,2.0,2.0
2018-12-03,-6.1195790047934295,5.844643171252294,-1.068884531729574,6.20356009085152,-8.919281288606307,2,-0.2825169397001748,2.0,2.0
2018-12-04,1.5988811461090435,5.903496820443738,0.2492101743118122,6.071784513478435,-7.822418268517595,2,0.058853649191444646,2.0,2.0
2018-12-05,-5.263875080027702,5.620738378563494,-0.9592235737260312,5.951273415289917,-6.778163524989544,2,-0.2827584418802447,2.0,2.0
2018-12-06,-6.404661855090765,5.613075601260269,-1.1637704519891252,5.821822816494453,-17.97977875667396,2,-0.0076627773032242885,2.0,2.0
2018-12-07,-2.915174921548669,5.732389903694498,-0.5308160552764564,5.742868775042859,-19.10440971535152,2,0.11931430243422891,2.0,2.0
2018-12-08,1.6293013151102542,5.527866895276912,0.2716475756600144,5.679513519847783,-11.35552939544784,2,-0.20452300841758664,2.0,2.0
2018-12-09,3.89648242144478,5.268764844266412,0.7153123850477132,5.552567124612317,-9.057928120112102,2,-0.2591020510104993,2.0,2.0
2018-12-10,-3.1358502507256247,5.149123228913896,-0.6338010919678512,5.458244094682398,-6.929903290810024,2,-0.11964161535251616,2.0,2.0
2018-12-11,-2.2540327664478,5.002440644402361,-0.476108086069929,5.336117103310817,-2.779274202167059,2,-0.14668258451153537,2.0,2.0
2018-12-12,1.8046272769710825,4.8133549953721,0.3483968259449797,5.152310121646336,1.940527996352692,2,-0.18908564903026104,2.0,2.0
2018-12-13,-5.0968961408147,4.605076532950617,-1.1345231241801286,4.967752049181077,-4.7856694595722615,2,-0.2082784624214824,2.0,2.0
2018-12-14,-2.17185542488334,4.693248780510163,-0.4899644589201616,4.852648836429827,-10.854007305900382,2,0.08817224755954545,2.0,2.0
2018-12-15,-0.1766608492898669,4.521659491367901,-0.0673050512334865,4.727156088920628,-7.894817904464624,2,-0.17158928914226212,2.0,2.0
2018-12-16,0.4954827235499337,4.299314711789073,0.0855515526938119,4.58653090239797,-5.14530241446689,2,-0.2223447795788278,2.0,2.0
2018-12-17,8.625387653959038,4.090670380586562,2.077341166340447,4.441993979440864,1.6754579625210653,2,-0.20864433120251125,2.0,2.0
2018-12-18,4.148507479473018,4.769489987258482,0.8430330739298142,4.474876670302436,10.920861582808785,2,0.6788196066719205,2.0,2.0
2018-12-19,1.340829980107472,4.715426521531039,0.2572747767632574,4.479312218506611,14.433546987799597,2,-0.05406346572744347,2.0,2.0
2018-12-20,9.867679132172569,4.497860892307052,2.165475920874839,4.474552498694441,24.47788696926203,2,-0.21756562922398626,2.0,2.0
2018-12-21,-5.9262300440080296,5.316047915062975,-1.138797056605037,4.677899139349222,18.056174201704067,2,0.8181870227559225,2.0,2.0
2018-12-22,2.974381467096876,5.414991091068209,0.5257094138816539,4.942763281445552,12.405168014841903,2,0.09894317600523372,2.0,2.0
2018-12-23,-0.3794359634900601,5.222048550707056,-0.0971085643886687,5.033274994135266,7.877224571878827,2,-0.19294254036115266,2.0,2.0
2018-12-24,1.9714192015417356,4.96064704188877,0.3716752092087358,5.0823190982068125,8.50781379331309,2,-0.2614015088182864,2.0,2.0
2018-12-25,-6.668429052768587,4.749390224961693,-1.4309413220010645,5.132624964737741,-8.028294391628066,2,-0.21125681692707676,2.0,2.0
2018-12-26,1.0897550330662753,5.022100244926019,0.1915703215206166,5.073835430710349,-1.012309314553761,2,0.2727100199643262,2.0,2.0
2018-12-27,-5.391629952715249,4.77969282366548,-1.154739400788439,4.946775777229803,-9.378320734365886,2,-0.24240742126053938,2.0,2.0
2018-12-28,7.104028607292889,4.8811898904012985,1.4292332585902146,4.878604045168652,-1.8948561635829364,2,0.10149706673581882,2.0,2.0
2018-12-29,-2.673341895782144,5.159303583121552,-0.5429049725591973,4.918335353415208,-6.539617260906816,2,0.2781136927202539,2.0,2.0
2018-12-30,1.1850725299472842,4.982298918443467,0.212231917999934,4.964917092111563,1.3138843218090557,2,-0.17700466467808518,2.0,2.0
2018-12-31,-3.240073596075632,4.744407466866979,-0.7098343247353054,4.909378536499755,-3.015944307332852,2,-0.2378914515764885,2.0,2.0
2019-01-01,2.6581224952000326,4.638338051167714,0.5455516163005744,4.881107582000202,5.03380814058243,2,-0.10606941569926498,1.0,2.0
2019-01-02,2.5657066653892,4.48377164735033,0.5437469128011726,4.801623933390008,0.4954861986787406,2,-0.15456640381738396,2.0,2.0
2019-01-03,-2.7422321806191974,4.335232511791503,-0.6619949096733134,4.636809719123998,0.4265959138416875,2,-0.1485391355588268,2.0,2.0
2019-01-04,0.5452331614920425,4.22648280900179,0.0987969207317401,4.4856464972356624,-0.2132434546135542,2,-0.10874970278971308,1.0,1.0
2019-01-05,-0.3251487248933316,4.022692442615167,-0.1125660004561479,4.3413034923853004,2.7016814165687464,2,-0.20379036638662296,1.0,1.0
2019-01-06,5.84470890549067,3.831578751511104,1.4920844909683628,4.179951632453978,5.888267826859384,1,-0.19111369110406295,2.0,1.0
2019-01-07,-1.2684700557386464,4.0931612379373865,-0.3410908217432488,4.10182955057139,2.054091105731537,2,0.26158248642628257,2.0,1.0
2019-01-08,0.1390154770684049,3.921250522061356,0.0028934143757309,4.019033152625361,4.935338763419139,2,-0.17191071587603046,2.0,1.0
2019-01-09,0.1103002034376743,3.733410275507568,-0.0046524409902938,3.920418645926516,4.500405805364771,1,-0.18784024655378806,2.0,1.0
2019-01-10,-9.245928249298174,3.556929676884325,-2.6353059450829406,3.827266092780348,-4.420373719040072,1,-0.17648059862324317,2.0,1.0
2019-01-11,0.2291770109090762,4.554327391833359,0.0222881070548562,3.971815820844799,-10.035905613621663,2,0.9973977149490345,2.0,2.0
2019-01-12,-0.7093684931486877,4.329059713763734,-0.1933533429729448,4.018995516010068,-9.476804051031706,2,-0.225267678069625,1.0,2.0
2019-01-13,-3.0039431790894966,4.125857895924324,-0.7590210163612399,4.059916990782662,-12.619762707189608,2,-0.20320181783941038,1.0,1.0
2019-01-14,4.218810159294328,4.0550151409604,1.0089088061674518,4.124237963873229,-8.511252751332954,2,-0.07084275496392411,1.0,1.0
2019-01-15,-2.0548563372546624,4.080867952990038,-0.5348190720291657,4.2290256190943705,-1.320180839289442,2,0.02585281202963774,1.0,1.0
2019-01-16,0.6679301401545601,3.947440235904605,0.1368634946777661,4.10764818790862,-0.8814277100439583,2,-0.13342771708543255,1.0,1.0
2019-01-17,0.642448558032882,3.762106074601951,0.1368326340054933,3.994257460076264,0.4703893411376114,1,-0.185334161302654,1.0,1.0
2019-01-18,-0.5649816019731801,3.5877647679807576,-0.1930592781867479,3.88663883448755,2.909350918253928,1,-0.1743413066211934,1.0,1.0
2019-01-19,1.9151709058737865,3.427540460999682,0.5215113437101223,3.761143898495406,0.605711664833386,1,-0.1602243069810756,1.0,1.0
2019-01-20,-3.4808960768915043,3.3208186192115323,-1.0866494575922736,3.6091340317397056,-0.8203280748034558,1,-0.1067218417881497,1.0,1.0
2019-01-21,-0.6961443903655606,3.3788957494125893,-0.2438116254240185,3.4954251344413025,-2.184402605323577,1,0.05807713020105698,1.0,1.0
2019-01-22,0.7950530556472657,3.235256122215953,0.2062845586250274,3.3900551439641027,-2.031798107709193,1,-0.14363962719663625,1.0,1.0
2019-01-23,-0.5411671839448573,3.0971306795155504,-0.2159537092850425,3.291928326271061,-2.00798368968087,1,-0.1381254427004026,0.0,1.0
2019-01-24,0.4381431105509037,2.968123149000142,0.1046026126707247,3.2000448638711534,-3.485011485003753,1,-0.12900753051540859,1.0,1.0
2019-01-25,-0.0305420269544498,2.841245810801162,-0.0556839189309242,3.10413030218908,-0.0346574350666983,1,-0.12687733819897984,0.0,1.0
2019-01-26,0.0748263129965565,2.721326790633202,-0.0194182343783041,2.972616510433202,0.7363132682954188,1,-0.11991902016796008,0.0,0.0
2019-01-27,-0.5147111803204041,2.608904478661239,-0.2462262838718696,2.847346181722259,-0.573450967672251,1,-0.11242231197196295,0.0,0.0
2019-01-28,-3.2185563149148777,2.51262438232146,-1.331765309966573,2.730444922283441,-3.2508400986422714,0,-0.09628009633977896,0.0,0.0
2019-01-29,-0.6456126661070982,2.646951436386395,-0.2921407359100662,2.6662105797606914,-4.334595875300273,1,0.13432705406493506,0.0,0.0
2019-01-30,1.097878297095356,2.551805051086637,0.3802048366685304,2.608322427817787,-3.2061755512504675,0,-0.09514638529975805,0.0,0.0
2019-01-31,-0.8176606850343049,2.470871109212516,-0.38258991169014,2.5582312915336494,-4.098662549281329,0,-0.08093394187412084,0.0,0.0
2019-02-01,0.8682382533651278,2.3950871425445945,0.3092031875471975,2.515467824310321,-2.715713115595797,0,-0.07578396666792164,0.0,0.0
2019-02-02,0.944947812577368,2.3173601742890133,0.3526763544174077,2.4764149827038318,1.4477910118964488,0,-0.07772696825558123,0.0,0.0
2019-02-03,-1.6334438234448356,2.248325665042014,-0.7833000019812327,2.396689828434955,0.4599598545587113,0,-0.0690345092469995,0.0,0.0
2019-02-04,-0.1403801312541475,2.2425187399195465,-0.1195306870437989,2.334832566201537,-0.7782985737907921,0,-0.005806925122467277,1.0,0.0
2019-02-05,0.2080242524957753,2.1649245356437548,0.037116572303455,2.273643251487784,0.2473863637392881,0,-0.07759420427579178,1.0,0.0
2019-02-06,-1.5287693750092757,2.0914106352937885,-0.7920199990823991,2.212907950037624,-2.1496212646351154,0,-0.0735139003499663,1.0,0.0
2019-02-07,-0.4196583300842604,2.0933032189610423,-0.2614661839544406,2.168096558972029,-3.514227407296744,0,0.0018925836672538665,1.0,0.0
2019-02-08,7.56939360941562,2.032713709967848,3.660979850967945,2.124974167957196,5.688610025563712,0,-0.060589508993194485,1.0,0.0
2019-02-09,0.1205601006436296,3.114713196457416,-0.002282577349814,2.29941305926477,5.949550257461489,1,1.0819994864895683,0.0,1.0
2019-02-10,0.5157899926350851,2.976649397659229,0.1303883213465664,2.461758031667865,6.257315997600799,1,-0.13806379879818698,0.0,1.0
2019-02-11,-1.1380348161981857,2.850217270498099,-0.4440729847988128,2.613519358708727,6.648050556411889,1,-0.1264321271611304,0.0,1.0
2019-02-12,0.1396310513209542,2.759922859274711,0.0043339533363144,2.7468432867714605,7.207339937817103,1,-0.09029441122338788,0.0,0.0
2019-02-13,-0.5890543660870051,2.644883277965505,-0.2709851306086192,2.869277200370992,-0.951108037685522,1,-0.115039581309206,0.0,0.0
2019-02-14,-0.4190873583171495,2.5481468034600137,-0.2145704603878249,2.7559639217715115,-1.490755496646301,0,-0.09673647450549128,1.0,0.0
2019-02-15,0.1085962822589436,2.453761740331688,-0.0077731231458145,2.651386390306003,-1.8979492070224424,0,-0.09438506312832562,1.0,0.0
2019-02-16,0.2476157344837304,2.359468684221896,0.0508360466272753,2.5532366730507627,-0.5122986563405263,0,-0.09429305610979188,1.0,0.0
2019-02-17,1.2062263719125,2.2721023375968623,0.4746954745956682,2.455672568715193,0.5542966642510194,0,-0.08736634662503384,1.0,0.0
2019-02-18,6.376138183178881,2.2183789319564817,2.8166822262556668,2.370371699513389,7.519489213516906,0,-0.053723405640380584,0.0,0.0
2019-02-19,0.7981955101911353,2.9477981117465,0.2274666752387716,2.4503019611706853,8.73677208202519,1,0.7294191797900185,1.0,1.0
2019-02-20,1.3269765098495867,2.828821941248353,0.4239598180164372,2.525314001354019,9.955152309615832,1,-0.11897617049814713,1.0,1.0
2019-02-21,-1.149189028232911,2.7370119294762656,-0.4665155781452043,2.600822650404893,8.558347546899192,1,-0.09181001177208747,1.0,1.0
2019-02-22,1.2917451356472045,2.65597042554839,0.4382863039485171,2.677596267995198,8.643866310633896,1,-0.08104150392787579,1.0,1.0
2019-02-23,3.3630892863051542,2.575681871472844,1.2561410039423948,2.7490568558984707,5.63081741376017,0,-0.0802885540755458,1.0,1.0
2019-02-24,-8.356456820529345,2.68640184582616,-3.158174756374625,2.6967776027144024,-3.523834916960311,1,0.11071997435331582,1.0,1.0
2019-02-25,1.878844714597783,3.7693364814007584,0.4645844298596505,2.884880510744884,-2.971966712212115,1,1.0829346355745986,1.0,1.0
2019-02-26,-0.7325399279810796,3.635306646923524,-0.236626421362854,3.0645394542343354,-2.555317611960284,1,-0.13402983447723438,1.0,1.0
2019-02-27,-0.0859279158257564,3.476015067020645,-0.0614489828566436,3.2285483825287864,-3.932990663433245,1,-0.15929157990287912,1.0,1.0
2019-02-28,0.0970183889846154,3.31602492977926,-0.00924338209196,3.376616994190069,-7.199061560753783,1,-0.159990137241385,1.0,1.0
2019-03-01,0.1244000740715733,3.165273376713831,-0.001032959866756,3.4723913003676032,1.2817953338471355,1,-0.1507515530654291,1.0,1.0
2019-03-02,0.125098400355661,3.0239971279932867,-0.0008502898556241,3.323323429686109,-0.4719509803949862,1,-0.14127624872054412,1.0,1.0
2019-03-03,-0.4471006548913081,2.891734644888081,-0.1987631646438927,3.1746090292790208,-0.1865117073052147,1,-0.1322624831052055,1.0,1.0
2019-03-04,-2.250631409689774,2.774300106367009,-0.8572616490438837,3.034266037148293,-2.351215201169232,1,-0.117434538521072,0.0,1.0
2019-03-05,3.5213632013155305,2.767944164786999,1.226070081200375,2.9246498841498414,1.0731296111616828,1,-0.006355941580010072,0.0,1.0
2019-03-06,0.1940338762940641,2.8716597214674,0.0231100507350927,2.865927153100555,1.1427634133841735,1,0.10371555668040067,0.0,1.0
2019-03-07,0.1929965025819768,2.749350252116411,0.0237608242509876,2.81099777792518,1.2106615156104894,1,-0.12230946935098874,0.0,0.0
2019-03-08,-0.2650274711291089,2.6350939968441374,-0.1490258586739009,2.759669648316391,1.3927346993726886,1,-0.11425625527227368,0.0,0.0
2019-03-09,1.581381071084742,2.531598594616132,0.5742266565241712,2.711129345966216,5.2247471801472045,0,-0.10349540222800524,0.0,0.0
2019-03-10,-0.2959950384815002,2.4772074448754373,-0.1710251250031398,2.6529820019839034,1.4073889403501738,0,-0.05439114974069481,0.0,0.0
2019-03-11,-1.1804535394846385,2.385242808773081,-0.5484235018381797,2.55569861944504,0.0329015245714714,0,-0.0919646361023565,0.0,0.0
2019-03-12,0.1005570148075563,2.3345973213190416,-0.0116134201739575,2.4727480332855656,-0.0595379632029491,0,-0.050645487454039184,0.0,0.0
2019-03-13,-0.062410552370018,2.2486762120939856,-0.0845298339461882,2.3954644763355355,0.1430789555561418,0,-0.08592110922505602,0.0,0.0
2019-03-14,0.4508157464902851,2.1697665750865256,0.148931260976941,2.323098072429614,-0.9874863690383152,0,-0.07890963700746001,0.0,0.0
2019-03-15,0.9268473031697866,2.098352596068732,0.3808595515501148,2.2473271026682733,0.2353559726129717,0,-0.07141397901779367,0.0,0.0
2019-03-16,2.1928138916456064,2.046101668646863,1.0093067460202534,2.1794988746430297,3.608623403743216,0,-0.05225092742186899,0.0,0.0
2019-03-17,-0.582041712864978,2.091446750018443,-0.3393399269169773,2.13086876038291,2.926024676070682,0,0.04534508137157989,0.0,0.0
2019-03-18,0.1806542680368394,2.0362815660740283,0.026020268749947,2.088389831178918,3.16908949647754,0,-0.0551651839444145,0.0,0.0
2019-03-19,0.9547038273959528,1.972309158073803,0.4193227768442859,2.048898347776374,3.672977577383208,0,-0.0639724080002253,0.0,0.0
2019-03-20,0.3992356946232789,1.9318855119871408,0.1405704522867483,2.0156049309600554,3.1453659688367,0,-0.04042364608666227,0.0,0.0
2019-03-21,-1.4328401790338674,1.8779710701738477,-0.8309552145158648,1.9819788112654524,-0.480288101842774,0,-0.05391444181329308,0.0,0.0
2019-03-22,-0.1330795223200453,1.8950849684109357,-0.1375923513211751,1.942706454943951,-0.0313259112978414,0,0.017113898237087977,0.0,0.0
2019-03-23,0.2942547131098649,1.84394900633395,0.0903414563529775,1.9042399429959356,0.082274533775184,0,-0.051135962076985564,0.0,0.0
2019-03-24,-0.3389978979623009,1.7957802129236506,-0.2598689800905897,1.8689341539659048,-1.21142719158307,0,-0.04816879341029945,0.0,0.0
2019-03-25,-1.4801995775437504,1.7572513202965534,-0.914991062126183,1.8340073156277876,-3.090862463750099,0,-0.038528892627097244,0.0,0.0
2019-03-26,0.5538472822802731,1.7928868368003843,0.2377046889383195,1.816990468953095,-1.104175002435959,0,0.0356355165038309,0.0,0.0
2019-03-27,2.5269802161778543,1.7535217714591822,1.368281010702395,1.788677829562744,1.555884736061941,0,-0.0393650653412021,0.0,0.0
2019-03-28,-0.440378414003284,1.8805040987025552,-0.302072241603853,1.7959888480364654,0.821251608948792,0,0.126982327243373,0.0,0.0
2019-03-29,0.7166825802505272,1.837845101415408,0.3204910497407379,1.8044018257348169,1.87693208716162,0,-0.04265899728714717,2.0,0.0
2019-03-30,0.201964956467826,1.799524524149862,0.041286062531376,1.8128564665054785,3.5590966211731967,0,-0.03832057726554594,2.0,0.0
2019-03-31,-0.0305857167088419,1.7543241188018557,-0.0902087530176323,1.8051439229057724,2.9746636221840816,0,-0.0452004053480064,2.0,0.0
2019-04-01,1.277399843531235,1.713466299053784,0.6709966631553317,1.797132828424693,1.7250832495374624,0,-0.04085781974807179,2.0,0.0
2019-04-02,16.004197976839407,1.716269864345965,9.250601337367533,1.764285981553375,18.169659640380157,0,0.002803565292181176,2.0,0.0
2019-04-03,1.890749296950922,5.415435805278468,0.325565602826536,2.479804122325987,19.34372635708055,2,3.6991659409325033,2.0,2.0
2019-04-04,-1.0150461847883818,5.171914499808935,-0.2209463940804951,3.154282117457801,18.12671521582434,2,-0.24352130546953354,2.0,2.0
2019-04-05,2.2870127391311,4.924635047729289,0.4384777843973892,3.788344303243288,20.444313671664283,2,-0.24727945207964552,2.0,2.0
2019-04-06,0.4583028638013076,4.729803254454338,0.069904216217218,4.391611694323399,19.625216691934355,2,-0.19483179327495126,2.0,2.0
2019-04-07,2.7116090148746608,4.495437917683596,0.5747914636465673,4.947445304990925,6.332627729969609,2,-0.23436533677074234,2.0,2.0
2019-04-08,1.7328472526209282,4.354887290509573,0.3685922209013298,4.735335602037146,6.174725685639615,2,-0.1405506271740231,2.0,2.0
2019-04-09,-1.6163226787920593,4.173812404912547,-0.4178415760076862,4.535715183057869,5.573449191635937,2,-0.18107488559702567,1.0,1.0
2019-04-10,2.271680293391576,4.010948369030182,0.5345395706185446,4.352977847318047,5.558116745896413,2,-0.16286403588236453,1.0,1.0
2019-04-11,-5.007552528719117,3.880526876504358,-1.3233311781059067,4.183122571728051,0.0922613533759886,2,-0.13042149252582425,1.0,1.0
2019-04-12,0.4934263167637454,4.053104482350097,0.0902411087400934,4.094655884661352,-2.1259213447349268,2,0.1725776058457389,1.0,1.0
2019-04-13,0.1383718355681296,3.8591798872252463,0.0027731698039072,3.9955144040044863,-3.720396761787725,2,-0.19392459512485072,1.0,1.0
2019-04-14,1.3861017615290905,3.67507947795136,0.342423094423406,3.895767818612249,-0.7179723214665756,1,-0.18410040927388627,1.0,1.0
2019-04-15,-1.9661685681246155,3.5258463687310377,-0.593854077458067,3.79874741855242,-4.955821182982767,1,-0.1492331092203223,1.0,1.0
2019-04-16,3.2703409546247286,3.4299499617894607,0.9162440604667352,3.70863203560944,3.3220723003610786,1,-0.09589640694157708,1.0,1.0
2019-04-17,0.3123420280683575,3.4271481054300885,0.0538851394658801,3.5834407602254386,3.1409880116656907,1,-0.0028018563593721346,1.0,1.0
2019-04-18,0.880504810644922,3.2700082115163207,0.2302242341644757,3.465606425083654,3.883120986742483,1,-0.15713989391376781,1.0,1.0
2019-04-19,0.1023704360633814,3.131657159221044,-0.0080785466247976,3.35692196133759,2.599389661276774,1,-0.13835105229527667,1.0,1.0
2019-04-20,0.6403836037113919,2.992525684133136,0.1713315050202762,3.25025782441801,5.205941833112782,1,-0.13913147508790802,1.0,1.0
2019-04-21,-0.4384923503637949,2.8671142775452134,-0.1974675475040938,3.1376906875691604,1.497108528124258,1,-0.1254114065879226,1.0,1.0
2019-04-22,1.583658335751359,2.7511517330656883,0.5292287749217954,3.0024914130962803,2.7684248358072594,1,-0.11596254447952514,1.0,1.0
2019-04-23,3.153767871024193,2.678639035933013,1.1297148126317529,2.884217577979619,5.041687896186531,1,-0.07251269713267527,1.0,1.0
2019-04-24,-1.94793465759453,2.750085763284159,-0.7547416737843363,2.8079032987922417,2.9913828025286198,1,0.07144672735114588,1.0,0.0
2019-04-25,-4.766091040689524,2.720296867854838,-1.7989803881168522,2.7534575355365822,-2.4150918418722966,1,-0.02978889542932084,1.0,1.0
2019-04-26,1.312381342315838,3.05286563897337,0.3880654466919833,2.7906078078222136,-0.6642181491926635,1,0.3325687711185319,0.0,1.0
2019-04-27,-0.2096608120307763,2.9439310113203456,-0.1145850514739184,2.829163663473145,-2.457537296974799,1,-0.10893462765302431,0.0,1.0
2019-04-28,0.3192925629715404,2.818958256964234,0.0679764902729957,2.857227507679389,-5.292012605027452,1,-0.12497275435611144,0.0,1.0
2019-04-29,-0.7175278992262335,2.700734212968236,-0.3129510373900699,2.847357197616205,-4.061605846659155,1,-0.11822404399599806,1.0,0.0
2019-04-30,1.9508686623199267,2.604095561501474,0.7001275278975067,2.824116936345532,2.6553538563502954,1,-0.09663865146676232,1.0,0.0
2019-05-01,0.9665964737195054,2.5684755542093165,0.3266244048566512,2.727238919392721,2.3095689877539627,0,-0.03562000729215731,1.0,0.0
2019-05-02,1.8809979754905728,2.4812503368255965,0.7066309573973395,2.634702784493772,4.400227775275312,0,-0.08722521738372002,0.0,0.0
2019-05-03,4.6667295980034496,2.451892920921747,1.8512472077532809,2.561289717285274,8.74766481030722,0,-0.02935741590384966,0.0,0.0
2019-05-04,1.08416360200021,2.7795422813655617,0.3441192220660388,2.577051330964739,10.549356311533664,1,0.3276493604438149,0.0,1.0
2019-05-05,-0.609950504004253,2.681206569572609,-0.2751075529994922,2.5924735325789663,7.988537145209484,1,-0.09833571179295264,0.0,0.0
2019-05-06,-0.8473310560161096,2.5825107258968623,-0.3775398571150323,2.595280566916475,6.174609615473869,1,-0.0986958436757468,1.0,0.0
2019-05-07,1.4287066018571437,2.499451020165865,0.5205290749541376,2.598920703584529,5.722318241840441,0,-0.08305970573099719,2.0,0.0
2019-05-08,2.589995531404554,2.438769326238705,1.0096591877203696,2.596295984647921,3.645584175241545,0,-0.06068169392715994,2.0,0.0
2019-05-09,3.1601133315538377,2.477725202760216,1.2238821535732165,2.535932568926852,5.721533904795173,0,0.038955876521511,2.0,0.0
2019-05-10,3.255511923946841,2.5768185645628,1.2138387593619735,2.5150549679248897,9.586996332746269,0,0.09909336180258377,2.0,1.0
2019-05-11,12.175582015101227,2.6739477010040344,4.505664914889829,2.5333423629463243,22.609909403863604,1,0.09712913644123455,2.0,1.0
2019-05-12,-3.278809012221373,4.673786241610612,-0.728847771498534,2.968209407235274,17.902393789785087,2,1.9998385406065777,2.0,2.0
2019-05-13,11.40786697230034,4.576746835308708,2.464675828437525,3.395804909049274,26.720265230680877,2,-0.09703940630190377,2.0,2.0
2019-05-14,2.2709207625679184,5.68384555706825,0.3770776434038763,4.037028979910881,25.831072661694957,2,1.1070987217595416,2.0,2.0
2019-05-15,2.6020895924879994,5.437895686286265,0.455032619380906,4.609244404255574,25.177650330236112,2,-0.24594987078198471,2.0,2.0
2019-05-16,-3.981349360704378,5.22339602387432,-0.786656615037519,5.119134068829631,9.020718954430508,2,-0.21449966241194574,2.0,2.0
2019-05-17,-7.108127725881808,5.135115210814401,-1.4090818030879737,5.211399862670389,5.191400240770072,2,-0.0882808130599182,2.0,2.0
2019-05-18,-0.9946983850618096,5.411294575867786,-0.2074121162252288,5.378309410782204,-7.211165116592078,2,0.2761793650533848,2.0,2.0
2019-05-19,11.992989942799603,5.149187438955535,2.304309254426625,5.271377787159661,2.5109040636396074,2,-0.26210713691225074,2.0,2.0
2019-05-20,-2.7125846028695837,6.221934451148229,-0.4564905496203769,5.428185540132054,-2.8037701317179757,2,1.0727470121926936,2.0,2.0
2019-05-21,-0.1879537212793991,5.9723198270460784,-0.0528477048879911,5.577970300766406,0.9896255077070036,2,-0.24961462410215063,2.0,2.0
2019-05-22,-3.621876354448261,5.666293834657155,-0.6617281309966097,5.684206025534957,4.47587687914055,2,-0.30602599238892303,2.0,2.0
2019-05-23,2.593403285888129,5.512533443656537,0.4472959006332205,5.704453799092707,8.06397855009049,2,-0.15376039100061867,2.0,2.0
2019-05-24,1.3299515579216603,5.292513946854159,0.2271665026408215,5.733119100672432,-2.599059834787454,2,-0.22001949680237765,2.0,2.0
2019-05-25,0.812631735109548,5.039443441832963,0.1359201801902515,5.496620898809379,0.9261565031916774,2,-0.25307050502119566,2.0,2.0
2019-05-26,7.425157599335819,4.790991746533371,1.523168544420693,5.260355282706837,8.539267823806895,2,-0.24845169529959232,2.0,2.0
2019-05-27,1.5168497755126964,5.130289718990853,0.2707800489187427,5.153154459573576,13.677993953767851,2,0.33929797245748183,2.0,2.0
2019-05-28,-0.979326304904582,4.892232688880354,-0.2262762320888219,5.02909430861834,10.105264362975142,2,-0.2380570301104994,2.0,2.0
2019-05-29,-0.6959352128145468,4.660994760735792,-0.1767015260754254,4.902790471394667,8.079377592238934,2,-0.23123792814456134,2.0,2.0
2019-05-30,-4.005664796772912,4.437409809911754,-0.9314745872642628,4.782383745010425,3.2610810603564744,2,-0.22358495082403795,2.0,2.0
2019-05-31,3.0194039934908545,4.42672307565002,0.653244910430545,4.709530010833754,-1.1446725454884898,2,-0.010686734261733832,2.0,2.0
2019-06-01,-0.1223600842426009,4.312042277495381,-0.0579840694012998,4.54588052253466,-2.783882405243787,2,-0.11468079815463916,2.0,2.0
2019-06-02,2.067926798314268,4.101707448424218,0.4730364484240922,4.387775474443433,0.2633706979750627,2,-0.2103348290711633,2.0,1.0
2019-06-03,-6.30180586838609,3.953456100978245,-1.6262923828172031,4.246267742491924,-5.34249995759648,2,-0.14825134744597301,2.0,1.0
2019-06-04,-6.30014783427022,4.30269327671166,-1.4939055831606287,4.219324435851904,-7.636982995093788,2,0.3492371757334154,2.0,2.0
2019-06-05,1.4996473539936162,4.592495393899726,0.2987433980617602,4.252478899501845,-9.156739634591029,2,0.28980211718806537,2.0,2.0
2019-06-06,-0.0282241065825417,4.387488005241152,-0.035531443238898,4.267568045051,-9.062603656930968,2,-0.20500738865857393,2.0,2.0
2019-06-07,2.7977129076807827,4.172204935300571,0.6399597514141283,4.281667542426271,-8.332817547564453,2,-0.21528306994058077,1.0,1.0
2019-06-08,-1.1229371413747913,4.062712498653973,-0.3078255761947623,4.303518821961417,-3.153948820553154,2,-0.10949243664659836,1.0,1.0
2019-06-09,-3.402032381425535,3.887605380117264,-0.907937331786514,4.220501242642537,-0.255833367708469,2,-0.17510711853670857,1.0,1.0
2019-06-10,3.981203302759084,3.874744242891929,0.9945259317156776,4.076951012440977,2.225722581056999,2,-0.012861137225335106,1.0,1.0
2019-06-11,-0.9117973017984228,3.895610999537019,-0.2668302806309434,3.978575611300151,1.3421493858411182,2,0.020866756645089968,1.0,1.0
2019-06-12,2.71447396905522,3.724599695462053,0.6945187419120178,3.889054563332448,1.2589104472155557,1,-0.17101130407496612,1.0,1.0
2019-06-13,1.0388753446054722,3.646467931142048,0.2498872024586978,3.805805649830063,3.420722933195819,1,-0.07813176432000501,1.0,1.0
2019-06-14,5.471566495081071,3.4878227812743483,1.5321583565927444,3.725849130061479,12.294321809702424,1,-0.1586451498676995,1.0,1.0
2019-06-15,1.6489111591431185,3.750788613328446,0.4055791038984039,3.701058004148783,9.962029666086458,1,0.2629658320540975,1.0,1.0
2019-06-16,1.7508940317693344,3.607145987506029,0.4500024016090896,3.643365001742585,12.624720999654215,1,-0.14364262582241683,1.0,1.0
2019-06-17,3.558847752156069,3.47843108556832,0.9864154250330476,3.5941312797638374,13.469094782755064,1,-0.12871490193770896,1.0,1.0
2019-06-18,-2.5932150849556024,3.499217790792698,-0.7775694232442317,3.564681251693968,9.83700435319399,1,0.020786705224377755,2.0,1.0
2019-06-19,2.0894883881638293,3.451768424193876,0.5683517758538397,3.557470380277873,6.454926246276749,1,-0.04744936659882182,1.0,1.0
2019-06-20,2.6983496264122664,3.353463808707289,0.7665745326669249,3.478005419353642,7.504364713545897,1,-0.09830461548658675,1.0,1.0
2019-06-21,6.279058671001714,3.3071671773462548,1.86001755178905,3.418009657321688,12.032529352778276,1,-0.04629663136103446,2.0,1.0
2019-06-22,5.34645342577349,3.734471986395193,1.3974622839182258,3.4692178374870624,13.820135026395697,1,0.4273048090489384,2.0,1.0
2019-06-23,1.4258184854998746,3.939978307655932,0.3294812076859302,3.557369940859709,17.839168596851174,2,0.20550632126073864,2.0,1.0
2019-06-24,1.424409632789292,3.774562702115971,0.3435470703997912,3.621928796444128,17.174089841476636,1,-0.1654156055399607,2.0,1.0
2019-06-25,6.842540313130918,3.620090162320877,1.854890441289152,3.6752540671668457,21.318280528195288,1,-0.15447253979509412,2.0,2.0
2019-06-26,9.886766271923976,4.080259651619371,2.3917832272301007,3.829872562021469,24.92598812911755,2,0.4601694892984938,2.0,2.0
2019-06-27,-15.18196739369877,5.009396388537818,-3.0561839951748158,4.0848574424499935,4.397567309645289,2,0.9291367369184469,2.0,2.0
2019-06-28,10.391011328681188,6.876510319979204,1.4925218136334006,4.672163844914648,13.362760152826604,2,1.867113931441386,2.0,2.0
2019-06-29,-3.677242770372402,7.319247327278793,-0.519850235232323,5.381100769947213,8.261107749664909,2,0.44273700729958954,2.0,2.0
2019-06-30,-10.038183788517507,7.0454882148778735,-1.4428884348266209,6.066180380458611,-8.619616351983517,2,-0.27375911240091977,2.0,2.0
2019-07-01,-2.1871650928673603,7.44761591580709,-0.3108155406337887,6.739651633296155,-20.69354771677485,2,0.4021277009292161,2.0,2.0
2019-07-02,2.043979364930415,7.0976062323682525,0.269993801819289,7.157293602062242,-3.467600958145667,2,-0.3500096834388371,2.0,2.0
2019-07-03,10.19724231462682,6.755971664236967,1.4904699339539145,7.1331858709137945,-3.661369972200035,2,-0.3416345681312851,2.0,2.0
2019-07-04,-6.438271352158509,7.189338067691423,-0.9132886734180156,7.107204018996322,-6.422398553986142,2,0.433366403454456,2.0,2.0
2019-07-05,-2.135600978789576,7.138911486831045,-0.3170330179049844,7.125888673386956,1.48018425574179,2,-0.05042658086037832,2.0,2.0
2019-07-06,2.074178194580689,6.806017306833804,0.2859981737321184,6.997568951592298,5.741527543189839,2,-0.3328941799972407,2.0,2.0
2019-07-07,2.1386723467299973,6.482876638255911,0.3102022118431035,6.87462303276983,5.836220524989422,2,-0.32314066857789303,2.0,2.0
2019-07-08,7.0393311756003385,6.181586331316751,1.1181048246706349,6.759745966185787,2.6783093859629403,2,-0.30129030693916015,2.0,2.0
2019-07-09,2.3159293280457405,6.276687200274628,0.3486328988184987,6.577215792702428,11.43251006616719,2,0.09510086895787673,2.0,2.0
2019-07-10,-3.375122764468585,5.994674750306162,-0.5843173457787214,6.348368445397451,10.19298828048818,2,-0.282012449968466,2.0,2.0
2019-07-11,-6.788441618713037,5.798817831636918,-1.1926760753575447,6.146928550358074,1.3303684671944538,2,-0.19585691866924382,2.0,2.0
2019-07-12,3.947275386856575,5.941369626726456,0.6428830307472471,6.038627148052184,3.138971507321031,2,0.1425517950895383,2.0,2.0
2019-07-13,-3.650877331612712,5.770697815164032,-0.6547816446254754,5.956449444821639,-7.551236999892019,2,-0.17067181156242484,2.0,2.0
2019-07-14,-10.507600156656594,5.6106563555217175,-1.89554824911473,5.823243275871057,-20.374766484594357,2,-0.1600414596423141,2.0,2.0
2019-07-15,6.044360141003047,6.34385818015599,0.9326643658387286,5.893079961841023,-10.95528357912272,2,0.7332018246342722,2.0,2.0
2019-07-16,-13.93767055806645,6.314512333495259,-2.227462627302831,5.99621886221269,-18.10451251847613,2,-0.029345846660731034,2.0,2.0
2019-07-17,2.2551278856090207,7.527719523445243,0.2826165619675356,6.313488841556447,-19.79666001972369,2,1.2132071899499843,2.0,2.0
2019-07-18,9.561955306661927,7.1667198645521575,1.3164021770808312,6.592693251434073,-6.583827381449048,2,-0.3609996588930855,2.0,2.0
2019-07-19,-1.2808461572603846,7.449871955309173,-0.1890657772572362,6.960536371391564,2.642926617947161,2,0.28315209075701553,2.0,2.0
2019-07-20,2.220099133041664,7.074684327624991,0.2957629431512845,7.106701600885364,-1.1813343900142217,2,-0.37518762768418235,2.0,2.0
2019-07-21,-1.5729262974589986,6.7399349613261,-0.2523163771837692,7.191786126451532,11.18340987059323,2,-0.3347493662988903,2.0,2.0
2019-07-22,-2.444935394202119,6.413451508576049,-0.4011264551075297,6.968932523477695,6.483346590782091,2,-0.3264834527500513,2.0,2.0
2019-07-23,-4.370796659547516,6.138533814705881,-0.7328242329149869,6.763295313508439,-7.449405375427354,2,-0.27491769387016785,2.0,2.0
2019-07-24,-0.9013724991008942,6.002174224093281,-0.1714449023167728,6.47375576726526,-7.069931717267863,2,-0.13635959061260028,2.0,2.0
2019-07-25,1.0131621144278569,5.703303921747535,0.1552595569410765,6.199479686089769,-8.27686873588167,2,-0.29887030234574574,2.0,2.0
2019-07-26,-0.4199559341957481,5.419253534987496,-0.1010518524548126,5.935343400822048,-7.12389837261842,2,-0.2840503867600388,2.0,2.0
2019-07-27,-4.059130256046295,5.146874051421582,-0.8134646172907453,5.682027909391155,-8.738093234462596,2,-0.27237948356591435,2.0,2.0
2019-07-28,0.7901301370322855,5.072197444638777,0.1306062056585483,5.468760635377734,-3.577166437882795,2,-0.07467660678280463,2.0,2.0
2019-07-29,-0.3535535708017789,4.821490935566496,-0.0998079746845502,5.232623977672377,-3.02934750958368,2,-0.2507065090722813,2.0,2.0
2019-07-30,0.9231027857063978,4.58317009941369,0.1735552235713714,5.008597213205608,-3.1194068383051388,2,-0.23832083615280641,2.0,2.0
2019-07-31,4.857531814577598,4.363720042792334,1.083905954955337,4.797490514766576,2.1580809104682075,2,-0.21945005662135575,1.0,2.0
2019-08-01,3.0662540264241755,4.423983835916676,0.6642393962043609,4.652912471665595,9.283465192938678,2,0.06026379312434216,2.0,2.0
2019-08-02,1.1330721144643618,4.312857986438132,0.2331174462940443,4.501044580025466,9.626407170370754,2,-0.11112584947854387,2.0,2.0
2019-08-03,2.8451137479914124,4.114613280911593,0.6604372970264492,4.359669049094485,12.825074489163946,2,-0.19824470552653928,2.0,1.0
2019-08-04,1.362526706755851,4.013158064000084,0.3077020672063902,4.245666642011765,13.2644984102134,2,-0.10145521691150883,2.0,1.0
2019-08-05,7.339741253271903,3.840736276494558,1.877783596591364,4.141069888752209,15.746707848907704,1,-0.17242178750552606,1.0,2.0
2019-08-06,-2.8131633051238225,4.341645396655019,-0.6773544845064018,4.1246022008998775,9.867290517359706,2,0.5009091201604607,2.0,2.0
2019-08-07,3.961210267399373,4.237487331618547,0.9046730510219808,4.10952806993596,12.695428670294715,2,-0.10415806503647218,1.0,1.0
2019-08-08,0.2044345052786056,4.218147866019643,0.0181987055171711,4.13023498695757,10.05474942758191,2,-0.01933946559890387,1.0,1.0
2019-08-09,-0.8684364496771124,4.012649118112523,-0.2482415219456548,4.130133197780058,7.823786271148947,2,-0.20549874790711975,1.0,1.0
2019-08-10,-4.384670685564274,3.8329593250508425,-1.1772471287420847,4.128577807491315,-3.9006256676872297,1,-0.17968979306168054,2.0,1.0
2019-08-11,1.4823037907254033,3.932847038829237,0.3444410888381848,4.046818135926158,0.3948414281619961,2,0.09988771377839445,2.0,1.0
2019-08-12,-1.2307995125176774,3.769992806278464,-0.360337341941964,3.953319230858142,-4.797168351755055,1,-0.16285423255077314,2.0,1.0
2019-08-13,-4.3707143389404735,3.618209571724729,-1.2432624269558858,3.833331571999159,-9.372317195974134,1,-0.15178323455373466,2.0,1.0
2019-08-14,-8.06379719242738,3.744625826623463,-2.187526136423268,3.779726913701347,-16.5676779387244,1,0.12641625489873398,1.0,1.0
2019-08-15,2.552204596572061,4.447951621205545,0.5450902187371137,3.902725372932288,-9.630802656588068,2,0.7033257945820823,2.0,2.0
2019-08-16,0.607111200048216,4.301284831260472,0.1114647237789848,3.976412931418535,-10.505995247265254,2,-0.14666678994507354,1.0,1.0
2019-08-17,-1.3840282280728644,4.0937383610473255,-0.3692707665184416,4.041162042372307,-10.65922396282044,2,-0.20754647021314643,2.0,1.0
2019-08-18,1.108660152588925,3.9262929308017775,0.2498515763956433,4.102778714187717,-5.179849471291043,2,-0.16744543024554792,2.0,1.0
2019-08-19,5.36528635334399,3.751661665350354,1.3960791633426353,4.104185881933096,8.249234074480327,1,-0.1746312654514237,1.0,1.0
2019-08-20,-1.4098602646118508,3.957182171520933,-0.3885416117848159,4.006031991996172,4.287169213296416,2,0.20552050617057915,1.0,1.0
2019-08-21,-5.984026786228647,3.800038378665314,-1.6083249303424891,3.9057827014771407,-2.303968772980447,1,-0.15714379285561897,1.0,1.0
2019-08-22,-0.0690128226267461,4.126692060578773,-0.0476610549506791,3.912373441383431,-0.9889533675343288,2,0.32665368191345934,1.0,1.0
2019-08-23,2.696583890848636,3.9270712454520544,0.6541552357591344,3.912529104313486,0.5989703707253824,2,-0.19962081512671892,1.0,1.0
2019-08-24,-2.411676598546819,3.830577637438963,-0.6629147124352761,3.928312298731208,-7.177992581165427,1,-0.09649360801309159,1.0,1.0
2019-08-25,-0.2112805384435034,3.740001096811144,-0.0906283725877873,3.88487608378925,-5.979412854997079,1,-0.09057654062781895,1.0,1.0
2019-08-26,2.26543314762484,3.5648107851486377,0.5996849768559803,3.837830565085915,2.270047078856408,1,-0.1751903116625062,1.0,1.0
2019-08-27,-1.8030983225029829,3.4686208971190675,-0.5566385183643595,3.7062163323939736,0.5359615789801708,1,-0.09618988802957018,1.0,1.0
2019-08-28,-4.324433232151748,3.367100524730413,-1.322236409008084,3.594222188249645,-6.485055544020213,1,-0.10152037238865441,1.0,1.0
2019-08-29,-2.535588058642091,3.522651034073053,-0.7560379121629139,3.5326368675764632,-6.608967004115485,1,0.15555050934263992,1.0,1.0
2019-08-30,0.9207926773969533,3.468329529728446,0.2286757922399665,3.4783025541599235,-5.476893788275028,1,-0.05432150434460681,1.0,1.0
2019-08-31,0.3379326975375463,3.3180758303984828,0.0633689625698713,3.4289555632098923,-7.404394238362322,1,-0.15025369932996346,1.0,1.0
2019-09-01,1.313227792802607,3.167914388793849,0.3742393173752925,3.3688142615448493,-4.288068123056732,1,-0.15016144160463396,1.0,1.0
2019-09-02,5.858903991126141,3.050796305098702,1.8786027461455477,3.305553417618507,5.895269100221157,1,-0.11711808369514687,1.0,1.0
2019-09-03,2.6398798324718697,3.458701532312677,0.7263448824839875,3.292763517266432,11.070736991335115,1,0.40790522721397515,1.0,1.0
2019-09-04,-0.273794398070315,3.3981745910235186,-0.118141096566326,3.2787325295254464,9.876149915867847,1,-0.060526941289158476,1.0,1.0
2019-09-05,-0.1791208539653865,3.244898242828671,-0.0945455004884771,3.264097012011484,9.359096364364916,1,-0.1532763481948476,1.0,1.0
2019-09-06,-2.123757118171987,3.100190614347865,-0.7262220529890263,3.250552257122287,5.922111453390322,1,-0.14470762848080598,1.0,1.0
2019-09-07,1.571165698085153,3.051690657781187,0.4730151858503427,3.250731127658784,1.634373160349334,1,-0.04849995656667794,1.0,1.0
2019-09-08,-0.7250398184558193,2.954969991965444,-0.2885679026221465,3.1499848195893376,-1.7305464905783552,1,-0.0967206658157429,1.0,1.0
2019-09-09,-1.0233096005396902,2.8406518433867105,-0.4051813944240658,3.038480270061976,-2.4800616930477304,1,-0.11431814857873368,0.0,1.0
2019-09-10,-2.141782097558753,2.7457790833458358,-0.8265238036668161,2.9386564381654083,-4.442722936641097,1,-0.09487276004087475,0.0,1.0
2019-09-11,0.6149168432955321,2.732659022632589,0.1783051470465194,2.8651501198223537,-1.7040489751735777,1,-0.013120060713246673,0.0,0.0
2019-09-12,2.251399403043486,2.6241883533936123,0.8092901280733292,2.7796496589448383,-1.0238152702152448,1,-0.10847066923897675,0.0,0.0
2019-09-13,-0.4774055257204423,2.6107141964120744,-0.2317661584669177,2.7107984998341643,-0.7761809774798678,1,-0.013474156981537977,0.0,0.0
2019-09-14,-0.0241140560190089,2.513332266155682,-0.0603914303333251,2.6453345843879585,0.2230145670408134,0,-0.0973819302563923,0.0,0.0
2019-09-15,-0.0998363498904808,2.415418836772358,-0.0941890577584132,2.579262535073263,2.2649603147090858,0,-0.09791342938332415,0.0,0.0
2019-09-16,-0.6877180180772768,2.324959429771845,-0.3507105036212711,2.497722616501114,0.9623254533362768,0,-0.09045940700051291,0.0,0.0
2019-09-17,-0.346246270575179,2.255263027690507,-0.2101377707138314,2.4239375513604933,-1.635320220282388,0,-0.06969640208133798,0.0,0.0
2019-09-18,-0.4209930227212055,2.1804256259392507,-0.2516310075570181,2.337879837265928,-1.5789077172831512,0,-0.0748374017512563,0.0,0.0
2019-09-19,0.6661946401365526,2.113114864312192,0.2548488843623792,2.2578363568972306,-0.8885990211275896,0,-0.06731076162705874,0.0,0.0
2019-09-20,-0.8291636186186224,2.050729266330316,-0.4665819661158203,2.184898442808822,-1.6179262898557312,0,-0.06238559798187593,2.0,0.0
2019-09-21,-1.6031424170293462,2.009686482368485,-0.8612348775051495,2.12184385332815,-2.533350688807801,0,-0.04104278396183103,2.0,0.0
2019-09-22,0.5044859416292624,2.0269454602487125,0.1859035058328583,2.0761803398397918,-1.6826184766033592,0,0.017258977880227455,2.0,0.0
2019-09-23,-3.44552504686142,1.9674088877125515,-1.8161932395522005,2.0335769921944515,-4.707150500743573,0,-0.05953657253616096,2.0,0.0
2019-09-24,-12.099364952146807,2.232903633230103,-5.475845193057568,2.057534745978033,-17.472710093026933,0,0.26549474551755137,2.0,0.0
2019-09-25,-1.5616015371175962,4.512770546907042,-0.3743312880625888,2.5499430020933787,-18.205148011525907,2,2.279866913676939,1.0,2.0
2019-09-26,-4.433175093227604,4.324655782146678,-1.0546145167189966,3.012936862049018,-21.035180687724164,2,-0.18811476476036404,1.0,1.0
2019-09-27,1.623387232043605,4.370670996961111,0.3422169178706276,3.4816819693914964,-19.91627939730982,2,0.0460152148144326,1.0,2.0
2019-09-28,-0.0718965974915164,4.184285608605638,-0.0476942280226061,3.9250573135701146,-16.54265094793992,2,-0.1863853883554727,1.0,1.0
2019-09-29,-1.7337268541281148,3.9812463780462384,-0.4675411546568512,4.274725862533342,-6.177012849921226,2,-0.20303923055939954,1.0,1.0
2019-09-30,2.31358039600007,3.837578897092287,0.56960671824084,4.13968753257039,-2.30183091680356,1,-0.14366748095395154,1.0,1.0
2019-10-01,0.5939522648697348,3.7229010164428753,0.1252471092766856,4.01933657942963,2.7252964412937786,1,-0.11467788064941153,1.0,1.0
2019-10-02,0.5947039319424974,3.550276951508372,0.1315486830702159,3.855257770339082,1.696613141192671,1,-0.17262406493450344,1.0,1.0
2019-10-03,-1.597938661828735,3.388372659697538,-0.5092734800958408,3.696075180557462,0.1705710768554524,1,-0.161904291810834,1.0,1.0
2019-10-04,-0.6565426082859815,3.2811707123943625,-0.2390038042704428,3.556060047427087,1.2477553226975855,1,-0.10720194730317534,1.0,1.0
2019-10-05,-0.6656196327979202,3.142894401328758,-0.2524072418403756,3.4171231482743805,-1.7314447061004046,1,-0.13827631106560467,1.0,1.0
2019-10-06,-2.024210447085828,3.014038008029189,-0.7139525499646647,3.2753505465916435,-4.349607418055967,1,-0.12885639329956877,1.0,1.0
2019-10-07,3.1722604960343403,2.9656970975366668,1.0266020842540438,3.158434575797303,-1.7720508539641244,1,-0.048340910492522315,1.0,1.0
2019-10-08,-0.204436498160021,3.0040997778191065,-0.110550979381301,3.081579999421616,-0.3785486902954105,1,0.03840268028243976,1.0,1.0
2019-10-09,4.36286041566607,2.8751350430428677,1.4730406321181957,3.0003728655513173,4.640854333656641,1,-0.12896473477623882,1.0,1.0
2019-10-10,-0.1078627298269907,3.0761842240588395,-0.0765664170636861,2.987030830097334,5.1986112366275705,1,0.2010491810159718,1.0,1.0
2019-10-11,-3.131474095669695,2.941569380893478,-1.107960869893467,2.972537104670192,4.091347588043703,1,-0.13461484316536154,1.0,1.0
2019-10-12,0.1776750438333252,3.006547903218132,0.0166321545526584,2.9807072658064846,1.0967621358426882,1,0.06497852232465418,1.0,1.0
2019-10-13,-0.1866997061055642,2.8754531840075064,-0.1093286381051278,2.9549779470441644,1.114498927897145,1,-0.13109471921062577,0.0,1.0
2019-10-14,0.6430502888083112,2.754699004253578,0.1870914439564805,2.9308907392863066,-2.6053111989606137,1,-0.12075417975392844,0.0,0.0
2019-10-15,-2.042493372661092,2.6452886702458653,-0.8203879869550936,2.844711628523712,-4.539941841794715,1,-0.1094103340077126,0.0,0.0
2019-10-16,-1.9423891941979576,2.6336841458988247,-0.7859935945084704,2.783134581524781,-3.350856940322977,1,-0.011604524347040623,0.0,0.0
2019-10-17,0.6981979739068223,2.6147334229615447,0.2181975013053493,2.704771685473464,-2.83033401024948,1,-0.018950722937280062,0.0,0.0
2019-10-18,-1.625994007694942,2.516219520239076,-0.69694383499789,2.632924952719778,-4.269628311838858,0,-0.09851390272246885,0.0,0.0
2019-10-19,0.1923725744497062,2.4836020767619957,0.0260520397442382,2.578705567221461,-4.720306026197463,0,-0.032617443477080066,1.0,0.0
2019-10-20,2.881240366522242,2.387327140255346,1.15341154785795,2.527113261223357,0.2034277129858708,0,-0.09627493650664976,1.0,0.0
2019-10-21,0.2628793271972185,2.4651058338810645,0.0548494311691738,2.493397598819805,2.408696234381047,0,0.07777869362571854,2.0,0.0
2019-10-22,-2.028232136663988,2.3704236244433714,-0.9095006432056092,2.4445356391161708,-0.317733876189763,0,-0.09468220943769312,2.0,0.0
2019-10-23,-7.231210270482968,2.3866636200615807,-3.083333521767984,2.418624459080672,-5.922950138977789,0,0.016239995618209324,2.0,0.0
2019-10-24,-0.2822880169956576,3.312429304971752,-0.1237634538546578,2.584389904722623,-6.397610730423153,1,0.9257656849101714,2.0,1.0
2019-10-25,14.476109386093228,3.1646811796975527,4.533928979546519,2.739860712611065,5.1972582891478325,1,-0.14774812527419945,2.0,1.0
2019-10-26,6.528433388686672,5.549339111155345,1.1534281084720075,3.3567073680659205,11.462812350637286,2,2.3846579314577925,2.0,2.0
2019-10-27,3.264079600850067,5.660803888467557,0.5540573367684882,4.014783420870758,16.75512408815134,2,0.11146477731221172,2.0,2.0
2019-10-28,-3.1432676505614765,5.467020461029213,-0.5983034723054109,4.630854789064284,20.843066708072836,2,-0.1937834274383441,2.0,2.0
2019-10-29,1.8362811918532171,5.296167598971706,0.3226128111481834,5.0276024478642745,22.961635916921708,2,-0.17085286205750716,2.0,2.0
2019-10-30,-2.3825095718830624,5.058223842910865,-0.4962570507507544,5.4063109805069365,6.1030169589454175,2,-0.23794375606084106,2.0,2.0
2019-10-31,-0.0667372761675721,4.872030223291877,-0.0399026569406722,5.270849202934244,-0.4921537059088265,2,-0.1861936196189875,1.0,2.0
2019-11-01,0.6664947063718785,4.628546493142875,0.1164134426937505,5.064397723869307,-3.0897386003870158,2,-0.24348373014900204,1.0,2.0
2019-11-02,0.6845382329238703,4.402280284660657,0.1264954801781244,4.851449688595595,0.7380672830983315,2,-0.226266208482218,1.0,2.0
2019-11-03,-0.9629700847412436,4.189713519132099,-0.2603136835485115,4.630158872627675,-2.0611839934961296,2,-0.2125667655285577,1.0,1.0
2019-11-04,1.901152585439192,4.001489222894216,0.4432057197243751,4.418811948624345,2.222478163826125,2,-0.18822429623788306,1.0,1.0
2019-11-05,-0.7473715309565421,3.852012260263976,-0.2271646989341633,4.214808356018764,1.541843909037155,1,-0.14947696263024035,1.0,1.0
2019-11-06,0.1962481459161225,3.67930354383635,0.0186389817154326,4.02495976615746,1.071597348581399,1,-0.17270871642762575,1.0,1.0
2019-11-07,-1.001899600174205,3.506182936701899,-0.3221649568786528,3.845740296565708,-0.6148404845166766,1,-0.1731206071344511,1.0,1.0
2019-11-08,-5.1214083806272015,3.3636150850655464,-1.5605465911870064,3.680520609752398,-4.773278780402634,1,-0.14256785163635266,1.0,1.0
2019-11-09,0.0987733451712102,3.6333563381893703,-0.0079530677908184,3.606894032811428,-6.575658020670616,1,0.2697412531238239,1.0,1.0
2019-11-10,2.708127536100413,3.462983588643534,0.745154516505855,3.52908829848734,-3.120158953613661,1,-0.17037274954583648,1.0,1.0
2019-11-11,-3.343184819093992,3.4074430926842103,-1.0186096727434586,3.474716208256912,-6.659591918623775,1,-0.05554049595932353,1.0,1.0
2019-11-12,0.6586553240447657,3.440338155968815,0.1543411215803022,3.4615472521102952,-4.999036994404804,1,0.032895063284604564,1.0,1.0
2019-11-13,-0.0839701097149259,3.286346990253394,-0.0643997072675632,3.446093633147865,0.0384012765074714,1,-0.15399116571542093,1.0,1.0
2019-11-14,-1.143720218148303,3.138189329998926,-0.4051348592743346,3.347060231509776,-1.2040922868120418,1,-0.14815766025446786,1.0,1.0
2019-11-15,-2.5129397563837585,3.026847371764156,-0.8723959640164302,3.2598329881339003,-6.4251595792962135,1,-0.11134195823477011,1.0,1.0
2019-11-16,0.6896630827938566,3.0184355692128197,0.1861869817891754,3.182031483439622,-2.3923116774083653,1,-0.008411802551336223,1.0,1.0
2019-11-17,0.3177685280364883,2.892278873529942,0.065726322360972,3.072419626951848,-2.7331984734166426,1,-0.1261566956828779,1.0,1.0
2019-11-18,-3.182423938339696,2.7692258443140547,-1.1953137081878729,2.96899539776398,-5.831652302041412,1,-0.12305302921588712,1.0,1.0
2019-11-19,-1.2490374838556306,2.862487385459259,-0.4809478516083595,2.9138550088560464,-5.93696956774874,1,0.09326154114520424,1.0,1.0
2019-11-20,-2.203907156093976,2.7768233015913126,-0.8396561744475606,2.863850194821478,-5.627936967458957,1,-0.08566408386794633,1.0,1.0
2019-11-21,-4.9086768125686575,2.766026402054903,-1.8207875685004835,2.8133683613898937,-11.226276862821472,1,-0.010796899536409832,1.0,1.0
2019-11-22,-4.635206471928832,3.113424061312428,-1.5297871579877644,2.857597398946392,-16.179251862786792,1,0.3473976592575254,1.0,1.0
2019-11-23,1.377681495074512,3.3524961858532425,0.3728600276749731,2.974251467254229,-11.619146429372584,1,0.23907212454081428,1.0,1.0
2019-11-24,-4.845012522266501,3.2250318641808526,-1.541901725664523,3.046760362998548,-15.215121467783456,1,-0.12746432167238986,1.0,1.0
2019-11-25,1.3839370591339772,3.476648106207737,0.3613444174732024,3.1867253239218325,-11.6272772525555,1,0.25161624202688415,1.0,1.0
2019-11-26,1.005783551004491,3.340831478523647,0.2628429126737963,3.301686339215581,-5.712816888982353,1,-0.13581662768408975,1.0,1.0
2019-11-27,4.24866264353021,3.20120656417897,1.2873249153011503,3.3192428397888896,3.1710522264766894,1,-0.13962491434467683,1.0,1.0
2019-11-28,-0.9144267907922554,3.336985278466164,-0.3122868032873919,3.316140658311474,0.878943940609922,1,0.135778714287194,1.0,1.0
2019-11-29,3.917091013708252,3.202789327730605,1.1831628469788504,3.311692151021425,9.641047476584674,1,-0.13419595073555923,1.0,1.0
2019-11-30,-2.499841220450705,3.29676668708535,-0.7969963131393749,3.275715867196947,5.757269196999992,1,0.09397735935474483,1.0,1.0
2019-12-01,-1.938678230419022,3.260526805804924,-0.6337466390943947,3.259654932653203,2.8128074155764797,1,-0.036239881280425656,1.0,1.0
2019-12-02,-1.3875477110813603,3.184548760729831,-0.4758028528886884,3.2563233719633744,-2.823402939035091,1,-0.07597804507509309,1.0,1.0
2019-12-03,-0.0251708319808585,3.0814862590573804,-0.049599606673126,3.2052235680816183,-1.9341469802236944,1,-0.10306250167245068,1.0,1.0
2019-12-04,-0.9348132540894838,2.945957716167246,-0.3606579017396173,3.153857245768946,-6.78605124802143,1,-0.1355285428901345,0.0,1.0
2019-12-05,2.670476775607433,2.839713337964847,0.8954449969209817,3.0624465759448456,-1.6157332519632917,1,-0.10624437820239896,0.0,1.0
2019-12-06,1.316283930428419,2.841701681382088,0.4182755226485615,2.9786815510602787,1.6392289088841494,1,0.0019883434172411896,0.0,1.0
2019-12-07,0.1223739480074925,2.7484362687928727,-0.0019268143451852,2.8914590526728867,3.1491505679730025,1,-0.09326541258921539,0.0,0.0
2019-12-08,0.1072369054520905,2.634156048454042,-0.0077568559375711,2.801993010552219,3.281558305405952,1,-0.11428022033883067,0.0,0.0
2019-12-09,-2.184425368085563,2.5275270858477823,-0.9147656836077273,2.7183068844883267,2.0319461914098724,0,-0.10662896260625976,0.0,0.0
2019-12-10,-1.6728999152695323,2.541282345510436,-0.7085279575044247,2.658620685997444,-2.311430499467093,0,0.013755259662653785,0.0,0.0
2019-12-11,-0.8373983817170583,2.5098281665089197,-0.3845155891673904,2.5922459830228104,-4.4651128116125705,0,-0.03145417900151637,0.0,0.0
2019-12-12,0.3555471658463816,2.431878611131187,0.0937043034822179,2.528934451490473,-4.2319395937736815,0,-0.07794955537773252,0.0,0.0
2019-12-13,0.3658878797754283,2.340266615883889,0.1017910539429825,2.4701565649764428,-3.973288619450344,0,-0.09161199524729824,1.0,0.0
2019-12-14,-2.014895615359613,2.255249803058761,-0.9500345757222614,2.4157011084186384,-3.803758866724394,0,-0.08501681282512807,2.0,0.0
2019-12-15,0.3870282470954223,2.2832897037423763,0.1135898665129072,2.3641025800650266,-1.7438307043594392,0,0.028039900683615393,1.0,0.0
2019-12-16,-3.121654791103623,2.202618883897796,-1.4752095740642102,2.3026607235428016,-4.028087113746004,0,-0.08067081984458024,1.0,0.0
2019-12-17,-4.302813984775078,2.372998950699401,-1.8670398728605837,2.2908847914564445,-8.686448264367463,0,0.1703800668016049,1.0,1.0
2019-12-18,9.150203958984626,2.698667410106202,3.343329470967498,2.362564950300907,0.0978678148417344,1,0.3256684594068009,1.0,0.0
2019-12-19,-1.0215599788491403,3.906198533127496,-0.2942066675669043,2.692754696314654,1.0912034513522073,2,1.2075311230212944,1.0,1.0
2019-12-20,0.2215025702357209,3.737890406853637,0.0251031693242377,2.983674836936906,0.925677774492506,1,-0.16830812627385905,1.0,1.0
2019-12-21,-0.3838694878929516,3.5612631009892737,-0.1436398120059938,3.255403680355202,3.663463077703178,1,-0.17662730586436348,1.0,1.0
2019-12-22,4.359469833307905,3.399347135003544,1.2448861474885715,3.46067331721603,12.32574689578616,1,-0.16191596598572966,1.0,1.0
2019-12-23,-2.0981218944278623,3.5218034667563747,-0.6320033442737435,3.625300528546065,1.077421042373672,1,0.12245633175283066,1.0,1.0
2019-12-24,-0.4509590580981992,3.4349689113223816,-0.168452392866773,3.531054604185042,1.648021963124613,1,-0.0868345554339931,1.0,1.0
2019-12-25,-0.6490977368956763,3.282164583286756,-0.2366631506805342,3.4399094394716663,0.7774216559932157,1,-0.1528043280356255,1.0,1.0
2019-12-26,-0.4986734773911649,3.14362846411685,-0.1992421047772118,3.356382512097181,0.6626176664950023,1,-0.13853611916990616,1.0,1.0
2019-12-27,0.7037180653860275,3.0105857992522207,0.1913409646362107,3.2786302449469167,-2.9931341014268757,1,-0.13304266486462923,1.0,1.0
2019-12-28,0.3820062875904639,2.88524015238518,0.0881509336209597,3.1513175820726778,-0.513005919408549,1,-0.12534564686704064,0.0,1.0
2019-12-29,1.420078568539651,2.763191175364146,0.46772329964911,3.0169620348810304,1.358031707229301,1,-0.12204897702103423,1.0,1.0
2019-12-30,-1.762220333369413,2.6809004876290894,-0.7049459748794359,2.896709215749497,0.2449091107555645,1,-0.08229068773505643,1.0,0.0
2019-12-31,-1.372269482324029,2.643167093927384,-0.5674779926729321,2.796616941711604,-0.6286868941772994,1,-0.03773339370170525,1.0,0.0
2020-01-01,0.0913616682714391,2.5821569963922806,-0.014061114880435,2.710931181139616,-1.2410432912918878,1,-0.06101009753510356,1.0,0.0
2020-01-02,-3.027292809619375,2.47906708520715,-1.2726410281038352,2.62969656770401,-4.650342388501727,0,-0.10308991118513067,1.0,0.0
2020-01-03,5.017174596003216,2.593391410131279,1.8853709866027035,2.5957366146574365,-1.0532463610381626,1,0.11432432492412925,1.0,0.0
2020-01-04,0.8915009823896369,2.9516434764836137,0.2587816970573232,2.649885212428342,1.6004749547208874,1,0.35825206635233453,1.0,1.0
2020-01-05,0.0089143932688884,2.8348914394547173,-0.0418905921811891,2.688230081533808,2.9816588303138047,1,-0.11675203702889636,1.0,0.0
2020-01-06,4.716146723566084,2.715178710126529,1.6899355582068585,2.714834424280658,7.606443885608449,1,-0.11971272932818833,1.0,1.0
2020-01-07,4.95268893264047,2.9984373413294443,1.6091779513605335,2.8187084755051166,15.586425627868294,1,0.2832586312029153,1.0,1.0
2020-01-08,-1.032167320280486,3.2669608787697872,-0.3550201663737909,2.9534223692328183,9.537083711584591,1,0.26852353744034296,1.0,1.0
2020-01-09,-2.516485111441824,3.141867120614287,-0.8415870832124429,2.991467098058953,6.129097617753132,1,-0.12509375815550028,1.0,1.0
2020-01-10,3.5837017057327003,3.122150076217051,1.1069397520708444,3.04891882541142,9.703884930216944,1,-0.019717044397236094,1.0,1.0
2020-01-11,-1.592428993077455,3.1871950327917618,-0.5396904330664064,3.1433220899444665,3.3953092135734053,1,0.06504495657471088,1.0,1.0
2020-01-12,1.9095619045758736,3.0952162781461383,0.5756923167921879,3.162677877307805,0.3521821855088092,1,-0.09197875464562344,1.0,1.0
2020-01-13,-0.5913064387263134,3.014308136557572,-0.2385211068648194,3.1121473288653623,0.7930430670629818,1,-0.08090814158856618,1.0,1.0
2020-01-14,8.059650637836668,2.892083446902945,2.742652869125815,3.0621905941230936,11.369178816341474,1,-0.1222246896546273,1.0,1.0
2020-01-15,-0.2353748814135414,3.779055361240611,-0.0960675409982322,3.1935716511278054,7.550102229195232,1,0.886971914337666,1.0,1.0
2020-01-16,-0.9494746324859804,3.601724627067695,-0.2990634816521095,3.2764775699829927,8.193056589786707,1,-0.17733073417291578,1.0,1.0
2020-01-17,2.325533871564112,3.451001752374097,0.6368771605563727,3.347634664828584,8.609028556774945,1,-0.15072287469359802,1.0,1.0
2020-01-18,0.1541028275862999,3.368123557323156,0.0078480354712039,3.418397748981701,9.354437823087558,1,-0.08287819505094118,1.0,1.0
2020-01-19,-2.680910251619828,3.21411547209359,-0.8738267030049868,3.48280415401983,-1.3861230663689383,1,-0.15400808522956577,1.0,1.0
2020-01-20,-0.559813180609936,3.202035456976615,-0.21470182460006,3.367400173167031,-1.710561365565333,1,-0.012080015116974874,1.0,1.0
2020-01-21,1.0141927934055772,3.06654922798411,0.2890946966963678,3.260365093350313,0.2531060603262247,1,-0.13548622899250518,1.0,1.0
2020-01-22,-0.7461951294766678,2.9456235019266472,-0.296665477900393,3.159289443260824,-2.8186229407145547,1,-0.12092572605746277,1.0,1.0
2020-01-23,-3.2115367723196897,2.832630478866614,-1.1788358812310726,3.0521908275695155,-6.184262540620544,1,-0.11299302306003334,1.0,1.0
2020-01-24,0.46189330082953,2.92096224067827,0.1144224398857311,2.993560181286451,-3.041458988171186,1,0.08833176181165614,1.0,1.0
2020-01-25,-0.9229306182408692,2.797456949445252,-0.3755554818765801,2.9126444797801785,-3.4045764258021194,1,-0.1235052912330179,1.0,1.0
2020-01-26,2.6996838102771648,2.701506346209286,0.952066664381206,2.8396359034252137,-1.719085408930532,1,-0.09595060323596627,1.0,1.0
2020-01-27,3.5760424982361982,2.721340711010624,1.2671595327431628,2.794779345242009,2.603152218782334,1,0.019834364801337934,1.0,1.0
2020-01-28,4.914065669354883,2.838461928481539,1.686263939949471,2.795945635164994,10.728754660456907,1,0.11712121747091508,1.0,1.0
2020-01-29,-0.4493658672814149,3.1302459746239006,-0.1843419163849499,2.8378023819541203,9.817495492345962,1,0.29178404614236175,1.0,1.0
2020-01-30,2.043703691808041,2.997041333094883,0.6393085060967196,2.8777192586840465,12.784129802394872,1,-0.13320464152901756,0.0,1.0
2020-01-31,-1.6805048675941237,2.9330919150271484,-0.6164738761739138,2.924036372447619,8.403941124523584,1,-0.06394941806773469,0.0,1.0
2020-02-01,0.4518472151643138,2.8673048359706983,0.1130600195209228,2.953229197439634,5.2797458414517,1,-0.06578707905645009,1.0,1.0
2020-02-02,-0.5177910236525918,2.747208233437242,-0.2349515010305705,2.9349784584307743,-0.1521108515557756,1,-0.12009660253345622,1.0,0.0
2020-02-03,-0.5455970077715477,2.6413170288118155,-0.2548980962393007,2.837192669268357,-0.2483419920459084,1,-0.10589120462542656,1.0,0.0
2020-02-04,-1.218545364907797,2.5435859899203765,-0.5292587098213136,2.746501600633456,-3.5105910487617464,0,-0.09773103889143897,0.0,0.0
2020-02-05,4.602834799275257,2.48180159950287,1.8031921349936464,2.6562435375286007,2.7727486181076344,0,-0.06178439041750661,0.0,0.0
2020-02-06,1.2033084493943136,2.79236752567872,0.3852067340941575,2.6412560754702046,3.524209852337634,1,0.3105659261758502,0.0,0.0
2020-02-07,0.6774835392771905,2.697828620751957,0.2037986626025609,2.631380152933148,4.7194844152674165,1,-0.09453890492676331,1.0,0.0
2020-02-08,0.7036859447460131,2.5930555658860266,0.2221380358704973,2.6217278603479897,5.968767367784977,1,-0.10477305486593025,1.0,0.0
2020-02-09,2.5179720219250967,2.496197667148103,0.957577350121867,2.612250195793535,9.705284754617873,0,-0.09685789873792361,0.0,0.0
2020-02-10,-2.6042505869956045,2.5211030195946145,-1.0836210342058608,2.620110479811884,2.4981993683470094,0,0.024905352446511486,0.0,0.0
2020-02-11,3.5052446746270505,2.579112538781202,1.3095880654305,2.5774594824323804,4.800135593579746,0,0.0580095191865877,1.0,0.0
2020-02-12,1.147540494005206,2.707665954992917,0.3766605026323653,2.579426949280573,5.270192548307762,1,0.128553416211715,1.0,0.0
2020-02-13,-1.0873762642184204,2.6170833174748496,-0.4642748400642492,2.584232499598337,3.479130339343328,1,-0.09058263751806761,1.0,0.0
2020-02-14,0.9523015160700864,2.5423227749137056,0.3243615837336181,2.593457521151458,1.913459833488318,0,-0.07476054256114395,1.0,0.0
2020-02-15,-4.185355039924232,2.456521688873559,-1.7557446099077614,2.580541255007246,0.3323553805596901,0,-0.08580108604014658,1.0,0.0
2020-02-16,0.4540878520856495,2.7451293599733324,0.118908122294022,2.613744619245673,-2.718801441981711,1,0.28860767109977337,1.0,0.0
2020-02-17,-2.48977234415797,2.633196886407439,-0.9940168287856616,2.598850805528577,-6.356114280144887,1,-0.11193247356589353,1.0,1.0
2020-02-18,4.557569247775106,2.665409593439404,1.6619958089149824,2.608516060721488,-0.7111687681513601,1,0.032212707031965326,1.0,0.0
2020-02-19,-5.144998404328938,2.932675834305866,-1.7979034767795783,2.68658667259992,-6.808468688550384,1,0.26726624086646167,1.0,1.0
2020-02-20,-0.2589265668330398,3.2862515286219875,-0.1176404903589896,2.852532640549606,-2.882040215459192,1,0.3535756943161217,1.0,1.0
2020-02-21,0.8081532009711623,3.1398534031135745,0.2167246170981562,2.931477449177654,-2.527974866573679,1,-0.14639812550841302,1.0,1.0
2020-02-22,-0.2404158134973855,3.0082956700830885,-0.1223568187113234,3.006497205912784,-0.2786183359130945,1,-0.131557733030486,1.0,1.0
2020-02-23,2.668506547579064,2.879518224217291,0.8823826332381287,3.049318932068361,-2.167681036109137,1,-0.12877744586579754,1.0,1.0
2020-02-24,-2.80319921936556,2.8771381697818272,-1.018675058634684,3.0382113991635538,0.1741181488542409,1,-0.002380054435463741,1.0,1.0
2020-02-25,-3.248723753845262,2.9137827968842,-1.158766340405598,2.9637176528159963,-2.815679038157981,1,0.036644627102372596,1.0,1.0
2020-02-26,-5.740768792548856,2.995926109793083,-1.9588061427159815,2.934932194151898,-9.364601031678,1,0.0821433129088831,1.0,1.0
2020-02-27,-0.409296638844836,3.439930608226529,-0.1560980073254156,3.021259181780586,-9.53348185702545,1,0.44400449843344614,1.0,1.0
2020-02-28,-1.2836217768336766,3.286067438550196,-0.4294773243891078,3.102569024647167,-13.48561018143819,1,-0.1538631696763333,1.0,1.0
2020-02-29,-0.8446835964171839,3.170388964012633,-0.3066984152075605,3.161219183493328,-11.527094558489814,1,-0.11567847453756297,1.0,1.0
2020-03-01,-0.4318240904803261,3.0451605335053444,-0.1837321082948989,3.1874947308175567,-8.710194895124879,1,-0.12522843050728838,1.0,1.0
2020-03-02,3.525073959015046,2.91718828154381,1.1646160469217537,3.1717471651677025,0.5556478564390233,1,-0.1279722519615345,1.0,1.0
2020-03-03,-0.927476481175482,3.001384906914698,-0.351553095766434,3.084038024905336,0.0374680141083771,1,0.0841966253708879,1.0,1.0
2020-03-04,-0.3709743670397003,2.8909013514492186,-0.1724873943646532,3.005004807485141,0.9501154239023536,1,-0.11048355546547928,2.0,1.0
2020-03-05,3.6284842011420793,2.771973047918382,1.26293238288662,2.9253216242662905,5.423283221461617,1,-0.11892830353083639,2.0,1.0
2020-03-06,0.4811004368075799,2.8886123115469524,0.1223531316257789,2.894011979874612,6.336207748749523,1,0.11663926362857024,1.0,1.0
2020-03-07,-2.3579830530350065,2.767486670165197,-0.8981624931633956,2.8640716575988896,0.4531507366994702,1,-0.12112564138175541,1.0,1.0
2020-03-08,-9.430352876922754,2.7717588527009496,-3.4483600700132837,2.81814644675614,-8.049725659047802,1,0.004272182535752567,2.0,1.0
2020-03-09,-2.301429329184401,4.081993064903189,-0.5950767100774194,3.056364789446934,-9.980180621192504,2,1.3102342122022397,2.0,1.0
2020-03-10,-0.1757685080184146,3.963597047862116,-0.0765562641185014,3.2946895894356807,-13.784433330352996,2,-0.11839601704107316,2.0,1.0
2020-03-11,0.021498848832735,3.774493369795124,-0.0281284970464944,3.4718658010853147,-14.24403491832784,1,-0.18910367806699213,2.0,1.0
2020-03-12,-46.47301753397741,3.595679121127825,-12.960190728531307,3.63750429127784,-58.35906939927025,1,-0.17881424866729878,2.0,1.0
2020-03-13,11.268622219754576,15.497004451366273,0.7189100693802355,6.182553411010906,-37.66009430259292,2,11.901325330238448,2.0,2.0
2020-03-14,-6.753557004657296,15.10403835891553,-0.4555885330516598,8.386962469813373,-42.11222197806581,2,-0.39296609245074343,2.0,2.0
2020-03-15,3.624573263084585,14.46710304692423,0.2417141550250457,10.487663669625796,-38.31188020696281,2,-0.6369353119912997,2.0,2.0
2020-03-16,-7.264505770911889,13.738595653566447,-0.538059029594481,12.48048412638006,-45.59788482670744,2,-0.7285073933577824,2.0,2.0
2020-03-17,4.12455256701918,13.222080906841818,0.3022884915576296,14.40576448352286,4.999685274289156,2,-0.5165147467246296,2.0,2.0
2020-03-18,0.2448204386068297,12.58154743234575,0.0093113160205252,13.822673079718754,-6.02411650685859,2,-0.6405334744960669,2.0,2.0
2020-03-19,16.710432424961397,11.909108152744093,1.392443710967842,13.183687038484468,17.439872922760102,2,-0.6724392796016581,2.0,2.0
2020-03-20,0.1224450008686872,12.490474963927229,-0.0004182926256553,12.788361421885067,13.937744660544205,2,0.5813668111831358,2.0,2.0
2020-03-21,-0.221448507612898,11.82295257096235,-0.0295288490717095,12.405232805364246,20.980801923843195,2,-0.6675223929648784,2.0,2.0
2020-03-22,-5.907702386253,11.19251055084181,-0.5392330910276514,11.999318734164245,10.948546970571016,2,-0.6304420201205403,2.0,2.0
2020-03-23,9.57832376514638,10.775291354965717,0.8770671510756025,11.63806751868824,20.282050297110565,2,-0.41721919587609335,2.0,2.0
2020-03-24,4.844470857364058,10.652151594053592,0.4428026714865862,11.386676206950138,8.416088729513227,2,-0.12313976091212453,2.0,2.0
2020-03-25,-0.8011559939721025,10.2006518704387,-0.0910555207849855,10.928711588252437,7.492487734672437,2,-0.45149972361489255,2.0,2.0
2020-03-26,0.5281211361417348,9.663292680690049,0.0414404773752655,10.496779610197972,8.24205737842707,2,-0.5373591897486509,2.0,2.0
2020-03-27,-3.741337669931255,9.151719240140196,-0.4227628976420627,10.08862134805765,10.408422094748817,2,-0.5115734405498529,2.0,2.0
2020-03-28,-3.581324079078918,8.757776802550108,-0.4235085955188942,9.685118437574529,-2.7512257494764825,2,-0.39394243759008774,2.0,2.0
2020-03-29,-5.265021330566455,8.381997062384412,-0.6433658905947451,9.231087531240693,-12.860717937406996,2,-0.3757797401656955,2.0,2.0
2020-03-30,8.226844860278604,8.130580419612139,0.9961373933778688,8.81707324107538,-3.8327170831562896,2,-0.2514166427722735,2.0,2.0
2020-03-31,0.1368107409614793,8.138311348229937,0.0011232141574968,8.512076974583358,-4.224027478336545,2,0.007730928617798227,2.0,2.0
2020-04-01,2.5777803165675905,7.710077359192235,0.3177802929836299,8.223748598393765,2.0950905081623006,2,-0.42823398903770205,2.0,2.0
2020-04-02,2.7888755965960854,7.34872008948752,0.3621318936839028,7.941937255781248,8.465290183837304,2,-0.3613572697047154,2.0,2.0
2020-04-03,-0.8906283829347217,7.017685341353733,-0.145104547701952,7.669074911575113,12.839683131469036,2,-0.33103474813378675,2.0,2.0
2020-04-04,1.9725803844387717,6.6600691053833385,0.2770107458060005,7.374972648729352,6.585418655629205,2,-0.3576162359703945,2.0,2.0
2020-04-05,-1.1186860819705655,6.342597002950784,-0.1965055884565502,7.015829779673521,5.32992183269716,2,-0.3174721024325544,2.0,2.0
2020-04-06,6.838401551364903,6.028276509490399,1.1132090351799682,6.679469609733156,9.590543067494472,2,-0.31432049346038493,2.0,2.0
2020-04-07,-1.3201383140758691,6.118325289594477,-0.2366346867786201,6.433390649754545,5.481529156822518,2,0.09004878010407769,2.0,2.0
2020-04-08,2.173462611620991,5.822070636360205,0.3513857981054886,6.19426770875584,8.54562015137823,2,-0.29625465323427225,2.0,2.0
2020-04-09,-0.437399798396143,5.563353200493573,-0.1015699439652763,5.974924527777888,6.135639968543316,2,-0.25871743586663154,2.0,2.0
2020-04-10,-6.165264619598432,5.28284857947252,-1.191200958984101,5.762974843082235,1.08906143091545,2,-0.2805046210210529,2.0,2.0
2020-04-11,-0.0934113612810705,5.414580157067128,-0.0408306884938336,5.640235572597581,-5.842751481730524,2,0.13173157759460796,2.0,2.0
2020-04-12,1.619809433930719,5.139903259086212,0.2903050279897614,5.444551166495927,-2.9028037337239354,2,-0.27467689798091577,2.0,2.0
2020-04-13,-1.8247903368067144,4.904435878580043,-0.398100833527266,5.261024214939896,-6.901056682151641,2,-0.23546738050616955,2.0,2.0
2020-04-14,-0.0381350856359929,4.7014795804522125,-0.0352665064764729,5.088649490931624,-6.5017919693914905,2,-0.20295629812783034,2.0,2.0
2020-04-15,-2.971293707668288,4.467809672605803,-0.6936202768677655,4.925641709558279,-3.3078210574613465,2,-0.2336699078464095,2.0,2.0
2020-04-16,6.902911272643486,4.364778497431627,1.5522532477176612,4.71568137763118,3.68850157646321,2,-0.10303117517417615,2.0,2.0
2020-04-17,-0.2901521095482806,4.696274924941978,-0.088968765811868,4.626955710802333,1.7785400329842105,2,0.33149642751035113,2.0,2.0
2020-04-18,2.250090200060661,4.464641732488877,0.4753842867567468,4.5389968815841,5.853420569851586,2,-0.231633192453101,2.0,2.0
2020-04-19,-0.9446987957284492,4.299962056205366,-0.2493902169713153,4.458693376734731,4.94685685975913,2,-0.16467967628351055,2.0,2.0
2020-04-20,-4.370789261905728,4.104301273252842,-1.0960352656513268,4.385991696864138,3.54736130552169,2,-0.19566078295252431,1.0,1.0
2020-04-21,-0.0237642848045283,4.169090648025133,-0.0363230191008899,4.346854126982839,-3.379314251926324,2,0.06478937477229074,1.0,1.0
2020-04-22,3.3849812461733464,3.9667325116892553,0.8211573535996184,4.200945644332295,0.2958191037953028,2,-0.20235813633587751,1.0,1.0
2020-04-23,4.2973347176261,3.921137674900392,1.0633814440843348,4.092244832814598,2.3430636213607414,2,-0.045594836788863446,1.0,1.0
2020-04-24,1.6178084496425882,3.970666919488034,0.3752867730838757,4.026385805471131,4.905570866731779,2,0.049529244587642296,1.0,1.0
2020-04-25,0.2517739780348194,3.810624757323548,0.0325679675909511,3.967650502285272,9.528134106672326,1,-0.16004216216448608,2.0,1.0
2020-04-26,1.441763608332991,3.6296801729132113,0.3620412464168318,3.859768407262888,10.993661999809843,1,-0.18094458441033678,2.0,1.0
2020-04-27,1.4957356048027393,3.4856710756296607,0.3924827961911403,3.76355612005097,9.104416358439238,1,-0.1440090972835506,2.0,1.0
2020-04-28,0.1468662629902084,3.353837718356173,0.0057237678639344,3.650096128742125,4.953947903803346,1,-0.13183335727348755,2.0,1.0
2020-04-29,11.984140644428898,3.20071474460923,3.704319789809762,3.496105693766365,15.320280098589656,1,-0.15312297374694328,2.0,2.0
2020-04-30,-1.6321978185922958,4.912437710266449,-0.3582472891923695,3.716468284354945,13.43630830196254,2,1.711722965657219,2.0,2.0
2020-05-01,2.353691044656969,4.7009575439148295,0.4735250955630135,3.930723758555268,14.34823573828652,2,-0.21148016635161948,1.0,2.0
2020-05-02,1.387212727903453,4.524955063674384,0.2783548202672404,4.138580556164213,14.239712861387233,2,-0.17600248024044518,1.0,2.0
2020-05-03,-1.0189912204170426,4.320637028446108,-0.2653916279716888,4.331940418182199,13.073855377979982,2,-0.20431803522827607,2.0,2.0
2020-05-04,0.1705271829388621,4.125786345961836,0.0103877188269284,4.516954738452721,1.260241916489946,2,-0.1948506824842724,2.0,1.0
2020-05-05,1.0093566989645808,3.9257260191056806,0.224592093344407,4.319612400220568,3.9017964340468234,2,-0.20006032685615516,2.0,1.0
2020-05-06,2.908412623982493,3.7485366607393824,0.7418209293962121,4.129128223585478,4.456518013372346,1,-0.17718935836629823,2.0,1.0
2020-05-07,7.107536685466265,3.683243977636801,1.895032491306094,3.960786006377962,10.176841970935158,1,-0.06529268310258152,2.0,1.0
2020-05-08,-1.099854717229043,4.176474570372587,-0.2939140107242565,3.931953514763258,10.095978474123156,2,0.4932305927357863,2.0,1.0
2020-05-09,-2.559949751419488,3.993267014107348,-0.6730377448744952,3.90544964839236,7.365501539764807,2,-0.1832075562652391,2.0,1.0
2020-05-10,-9.13387499263454,3.899756744237994,-2.3749031733212016,3.900255793418823,-2.7777301518343123,2,-0.09351026986935418,2.0,1.0
2020-05-11,-1.7817356616017577,4.775955515259011,-0.3997954608116228,4.105739564322748,-7.467878437418562,2,0.8761987710210173,2.0,2.0
2020-05-12,2.328939648252515,4.579683053207726,0.4806598946347737,4.285027379436934,-12.246475474632312,2,-0.1962724620512848,2.0,2.0
2020-05-13,5.15216067309936,4.410959862741634,1.1390924322624318,4.331924437910743,-5.99446008430391,2,-0.16872319046609263,2.0,2.0
2020-05-14,4.8814308336528,4.499424836266483,1.056526407753114,4.433156002342569,1.4469205007683783,2,0.08846497352484928,2.0,2.0
2020-05-15,-4.25545413366315,4.546618187133353,-0.9640404423015216,4.562528290921642,6.325341359739767,2,0.04719335086686982,1.0,2.0
2020-05-16,0.5219563387115045,4.5494574477945084,0.0866667440676068,4.517228677428742,8.629033360053029,2,0.002839260661155585,1.0,2.0
2020-05-17,3.0843414668986213,4.326240138494174,0.683427571704495,4.46654009448603,9.384435178699135,2,-0.22321730930033468,2.0,2.0
2020-05-18,0.5757095071523111,4.2245280432383066,0.106056777971306,4.429253730585365,4.807984012752087,2,-0.10171209525586722,1.0,1.0
2020-05-19,0.0253180468027025,4.021199687619052,-0.0254530079541834,4.333608700855879,-0.0481287740980107,2,-0.20332835561925489,1.0,1.0
2020-05-20,-2.140705386504038,3.8275039676045752,-0.5926512631052137,4.189785856950123,2.066619973061101,1,-0.19369572001447644,1.0,1.0
2020-05-21,-4.743978112005287,3.718806728770706,-1.3100029503422717,4.023655713145363,-3.1993144776556903,1,-0.10869723883386939,1.0,1.0
2020-05-22,1.1039704675422255,3.879502146181197,0.2516562064712919,3.934308114682767,-5.179685477012086,2,0.1606954174104911,1.0,1.0
2020-05-23,0.2904542937139709,3.707718427990684,0.0439042560643307,3.8309461916332426,-5.464940690450426,1,-0.17178371819051286,1.0,1.0
2020-05-24,-4.655584805354351,3.5331905486216515,-1.3538059762039716,3.733344363833763,-10.14584354260748,1,-0.17452787936903258,1.0,1.0
2020-05-25,1.3173543308948157,3.70894407586379,0.3207610123322539,3.709632385485606,-6.687783825208626,1,0.17575352724213866,1.0,1.0
2020-05-26,-0.8103063993219806,3.5549468571280305,-0.2638509410846109,3.676860411157071,-2.75411211252532,1,-0.15399721873575967,1.0,1.0
2020-05-27,3.84109712226941,3.402992003432619,1.0912242650251964,3.581558382607355,-0.0169854577981354,1,-0.15195485369541162,1.0,1.0
2020-05-28,3.686071480897368,3.4629607949406687,1.0275605232548712,3.532606855997352,3.378631729385262,1,0.05996879150804979,2.0,1.0
2020-05-29,-0.913557886418559,3.498851761558616,-0.2975912190094498,3.525739098584745,7.120658648321054,1,0.03589096661794722,2.0,1.0
2020-05-30,2.730538972956431,3.353771376117764,0.7761021866470853,3.45470455863554,8.53384329038267,1,-0.14508038544085178,2.0,1.0
2020-05-31,-2.4984292562995947,3.310093116566354,-0.7933610440121835,3.405733810523204,6.845720433405056,1,-0.043678259551410026,2.0,1.0
2020-06-01,7.198931640233752,3.272466981305324,2.160835237205704,3.3796288060977453,10.203554951369398,1,-0.03762613526102987,1.0,1.0
2020-06-02,-6.47494748028361,3.875730400953505,-1.7035800924378717,3.4621827273003127,0.0425359901884192,2,0.6032634196481808,1.0,1.0
2020-06-03,1.322969499089588,4.266845418187226,0.2801366601090466,3.615781458626034,2.279063375696566,2,0.3911150172337212,1.0,1.0
2020-06-04,1.4793539385651755,4.076854807044595,0.3315507488254192,3.760398144811401,1.0278783413053103,2,-0.1899906111426315,1.0,1.0
2020-06-05,-1.3881075272664134,3.9043752347514458,-0.3882252884436039,3.879254568448419,2.138200070338492,2,-0.17247957229314892,1.0,1.0
2020-06-06,-0.1227122158605098,3.749910076494477,-0.0667701051998569,3.9747431874862498,-5.18344378575577,1,-0.15446515825696894,1.0,1.0
2020-06-07,1.083566835863614,3.5733453925115444,0.2675076312045857,3.914266185797858,2.3750705303914543,1,-0.17656468398293246,1.0,1.0
2020-06-08,0.1294060354382509,3.420713419763743,0.0005076020081625,3.745039786113161,1.1815070667401173,1,-0.15263197274780138,1.0,1.0
2020-06-09,0.2474647666023344,3.263424238440511,0.0367084030185884,3.582353672392345,-0.0503821052227237,1,-0.157289181323232,1.0,1.0
2020-06-10,0.7565917007305245,3.116196913301112,0.2018235829735329,3.424718008102277,2.094317122774214,1,-0.14722732513939896,1.0,1.0
2020-06-11,-5.715571914128326,2.985014500470506,-1.95752536131544,3.2717388928974835,-3.4985425754936017,1,-0.13118241283060605,1.0,1.0
2020-06-12,1.6919583790143022,3.4269063350825184,0.4564725591017954,3.242451081411678,-2.8901510323429136,1,0.4418918346120124,1.0,1.0
2020-06-13,-0.0587293822661649,3.3083615576746106,-0.0563418034739261,3.219980708993852,-3.078286450047329,1,-0.11854477740790781,1.0,1.0
2020-06-14,-0.9382843818569242,3.158652466385212,-0.3374711424058124,3.199026354582792,-4.264035598506588,1,-0.1497090912893988,1.0,1.0
2020-06-15,0.678586233768641,3.0375321249731835,0.181369788586672,3.183293396917206,-4.342041065468472,1,-0.12112034141202832,0.0,1.0
2020-06-16,0.919733936802558,2.909890872023509,0.272197239415626,3.1682686712278065,2.293264785462412,1,-0.12764125294967466,0.0,1.0
2020-06-17,-0.6075177257296005,2.796826101341016,-0.2628648952518445,3.042252624479506,-0.0062113192814905,1,-0.11306477068249299,0.0,1.0
2020-06-18,-0.7242643975011731,2.6899322585464795,-0.316712091626631,2.9185667646538795,-0.6717463345164987,1,-0.10689384279453629,0.0,0.0
2020-06-19,-1.3243316204146538,2.594303561674763,-0.5596882786971694,2.80569698371179,-1.0577935730742285,1,-0.09562869687171638,0.0,0.0
2020-06-20,0.476063307275254,2.534491488840751,0.1374609598699324,2.7050888564853035,-1.2603164995676153,0,-0.05981207283401213,1.0,0.0
2020-06-21,-0.3081241183796379,2.437245475695612,-0.1788058680023966,2.6105597772197244,-2.4881745547498118,0,-0.09724601314513892,0.0,0.0
2020-06-22,3.64203993156309,2.3483493464234733,1.496527874985224,2.520864426236216,1.7613831025428794,0,-0.08889612927213886,0.0,0.0
2020-06-23,-0.1977301049160829,2.5324169088815385,-0.128493763492058,2.489361356303228,2.2879173951279697,0,0.18406756245806521,0.0,0.0
2020-06-24,-3.337092327378066,2.4349804649562445,-1.422911621542457,2.457496736959524,0.2751566881645573,0,-0.09743644392529394,0.0,0.0
2020-06-25,-0.525308149532222,2.5975990522700365,-0.2513774492636252,2.470118249645381,-0.7262147686429188,1,0.16261858731379197,0.0,0.0
2020-06-26,-1.1059043986902497,2.502409703532216,-0.4929544795906354,2.483151095212702,-1.5239950489535303,0,-0.09518934873782037,0.0,0.0
2020-06-27,-1.2909378740094013,2.437796850051499,-0.5819219712325344,2.501040595938307,-6.456972854526022,0,-0.0646128534807171,0.0,0.0
2020-06-28,1.0796911071169646,2.389318198878725,0.3984489939961556,2.472420853937744,-5.179551642492974,0,-0.04847865117277417,0.0,0.0
2020-06-29,0.5156696867222976,2.3201517269819525,0.1672304478078151,2.449455106342886,-1.3267896283926106,0,-0.06916647189677239,0.0,0.0
2020-06-30,-0.5768117633966341,2.2387793746743965,-0.3146721136539515,2.377691170823758,-1.3782932422570229,0,-0.08137235230755602,0.0,0.0
2020-07-01,0.9836784692076606,2.17176102803458,0.3941542295495141,2.3115614357242302,0.7112896256408874,0,-0.06701834663981643,0.0,0.0
2020-07-02,-1.1433924918010874,2.115873003982376,-0.6007270586872637,2.247176666510406,0.8588350078492013,0,-0.055888024052204166,0.0,0.0
2020-07-03,-0.396541210726653,2.086947946314312,-0.2511854146096333,2.186702615997524,-0.6173973099944163,0,-0.028925057668063747,0.0,0.0
2020-07-04,0.4959953765061087,2.0262150095332028,0.1817801666339117,2.127915272507773,-0.6370716202106053,0,-0.06073293678110936,0.0,0.0
2020-07-05,-0.6431364974035958,1.9665663124718813,-0.3919553421373108,2.07347266006727,-0.703396354217567,0,-0.059648697061321476,0.0,0.0
2020-07-06,3.269036405452752,1.924185762490903,1.6325693663532517,2.023957606958535,1.5819615820275246,0,-0.0423805499809784,0.0,0.0
2020-07-07,-1.322747502849353,2.1284675275259817,-0.6814373057277842,2.0264765116672563,1.402606570979259,0,0.20428176503507878,0.0,0.0
2020-07-08,1.8849585054621087,2.1105742584661766,0.8326117045993718,2.031201774097629,3.684106287168021,0,-0.01789326905980504,0.0,0.0
2020-07-09,-1.6076772716191456,2.119005510703216,-0.8189440458228358,2.049759874331632,1.5804336390427665,0,0.008431252237039555,0.0,0.0
2020-07-10,0.0090516130406115,2.12462558831341,-0.0558301011005808,2.0813717294999377,2.232621749486974,0,0.0056200776101937855,0.0,0.0
2020-07-11,-0.4153644618959617,2.054292217285411,-0.2643412323542605,2.107393020458839,-1.45177911786174,0,-0.07033337102799919,0.0,0.0
2020-07-12,0.390491608833976,1.996659424470844,0.1316308285608594,2.081031399847811,0.2614599938215889,0,-0.05763279281456679,0.0,0.0
2020-07-13,-0.355135786885441,1.937520722305204,-0.2491872503681114,2.0464206926156168,-1.9786342985259608,0,-0.05913870216563999,0.0,0.0
2020-07-14,-0.0043316313902863,1.887603611642997,-0.0699306279205625,2.000140312803573,-0.3752886582971015,0,-0.04991711066220694,0.0,0.0
2020-07-15,-0.54650618081169,1.835621521092849,-0.3672738892532406,1.9423394993594612,-0.9308464521494032,0,-0.05198209055014802,0.0,0.0
2020-07-16,-0.661493946327596,1.8006371630118068,-0.4382690955043071,1.8916084885047404,-1.1769759365810373,0,-0.03498435808104228,0.0,0.0
2020-07-17,0.2096417007004802,1.7737418234778592,0.0462141813303605,1.8470249683061437,-1.357825844714533,0,-0.026895339533947515,0.0,0.0
2020-07-18,0.0835311927582793,1.730705286287943,-0.0255031760915343,1.8056618811026908,-0.9191588650708128,0,-0.04303653718991618,0.0,0.0
2020-07-19,0.2919331794375424,1.6911187634307328,0.0971330391174152,1.7663649114602382,-0.6228940542429839,0,-0.039586522857210316,0.0,0.0
2020-07-20,-0.2352685560559564,1.6556886624628324,-0.2192068102665612,1.730378339734235,-0.3116564294872503,0,-0.035430100967900335,0.0,0.0
2020-07-21,2.272657241900866,1.6267192983610823,1.3185972340925125,1.6955947668040898,2.622494758741212,0,-0.028969364101750106,0.0,0.0
2020-07-22,1.5923467431186111,1.741033497367768,0.8412687469230175,1.6890531015820716,4.005199801159343,0,0.1143141990066856,0.0,0.0
2020-07-23,0.5831453188376301,1.7656163196368295,0.2579697748230414,1.6960353082518491,4.504813927238693,0,0.02458282226906161,1.0,0.0
2020-07-24,-0.4621806400933792,1.7293698282240444,-0.3410781805625399,1.703685521210511,3.750700107707772,0,-0.03624649141278513,1.0,0.0
2020-07-25,1.4595935230039103,1.7006284523280877,0.7831950869359696,1.7126734791835625,5.445562186767639,0,-0.02874137589595671,1.0,0.0
2020-07-26,2.329289732455919,1.7186966758169426,1.2809823216609175,1.7310689546747344,5.502194677322692,0,0.01806822348885495,1.0,0.0
2020-07-27,10.400866598506298,1.8254936789256968,5.627626675823412,1.74796099098632,14.310714532710378,0,0.10679700310875417,1.0,0.0
2020-07-28,-0.7126663372122977,3.776469935312672,-0.22251892006119,2.1501317141214886,13.01490287666045,1,1.950976256386975,1.0,1.0
2020-07-29,1.7048707177252709,3.607679508506036,0.4371788124664571,2.5257936501778877,15.1819542344791,1,-0.1687904268066358,1.0,1.0
2020-07-30,0.0967607474507303,3.476698865231188,-0.0088903089351238,2.881007732758507,13.81912145892592,1,-0.13098064327484815,1.0,1.0
2020-07-31,1.892242337372707,3.3159579849013725,0.5321456637781136,3.200459994575393,13.382074063842708,1,-0.16074088032981537,1.0,1.0
2020-08-01,3.779203373214735,3.2165130623948186,1.1352460344305255,3.4786638712692173,6.760410838551145,1,-0.0994449225065539,1.0,1.0
2020-08-02,-6.191185712282632,3.2923527193229685,-1.919252256793147,3.381840428071277,1.281891463480811,1,0.07583965692814987,1.0,1.0
2020-08-03,1.7286053356240672,3.752125472519656,0.4266743404270978,3.410729620874,1.3056260813796072,1,0.4597727531966873,1.0,1.0
2020-08-04,-0.3603747001553969,3.6120144023695726,-0.1351169514363668,3.4377927283016776,0.8484906337734799,1,-0.14011107015008317,1.0,1.0
2020-08-05,4.716003790353618,3.4465712429079023,1.3312749955069465,3.463915379902984,3.672252086754391,1,-0.16544315946167032,1.0,1.0
2020-08-06,0.2784144331386073,3.608759037602669,0.0417719102691096,3.5423645749445543,0.1714631466782634,1,0.16218779469476674,1.0,1.0
2020-08-07,-1.525190204918836,3.440226340748619,-0.4804509109700589,3.571939299229684,4.837458654042059,1,-0.16853269685404992,1.0,1.0
2020-08-08,1.3065469924047337,3.325218195324652,0.3545263043565794,3.4865578437906826,4.415400310822726,1,-0.11500814542396709,1.0,1.0
2020-08-09,-0.6684391826166092,3.196820629368528,-0.249031443847663,3.403519089190474,4.107335828361514,1,-0.12839756595612384,1.0,1.0
2020-08-10,1.7184200904589275,3.064443700287483,0.5190992465851682,3.32709358066639,1.1097521284668233,1,-0.13237692908104526,1.0,1.0
2020-08-11,-4.016111286278701,2.9746659665092534,-1.3930239587802944,3.200274966447707,-3.184773590950485,1,-0.08977773377822951,1.0,1.0
2020-08-12,1.5169300755772497,3.146958548864409,0.4414612965402861,3.141621408070865,-0.1426533104543992,1,0.17229258235515577,1.0,1.0
2020-08-13,1.7048853955415666,3.0404126650551424,0.5187505430536454,3.084660302016963,0.2556850926824339,1,-0.10654588380926677,1.0,1.0
2020-08-14,-0.1296361228176223,2.9517540806021176,-0.0871704722780177,3.0356469922636813,0.7944881524814207,1,-0.08865858445302477,1.0,1.0
2020-08-15,0.8193734253124418,2.825383500312257,0.2448176507008573,2.987834952268636,-0.104558512665065,1,-0.1263705802898607,1.0,1.0
2020-08-16,0.2281749965851176,2.715304444430538,0.037014384281747,2.9359626478528926,4.139727770198753,1,-0.11007905588171907,0.0,0.0
2020-08-17,2.9951760409884898,2.6034311457320354,1.1014335336858587,2.827257167226418,5.6179737356099935,1,-0.11187329869850249,1.0,1.0
2020-08-18,-2.1709414754999656,2.666306949331361,-0.86209547273371,2.752436024081661,1.7421468645684612,1,0.06287580359932576,0.0,0.0
2020-08-19,-1.9617886991365907,2.663937639791312,-0.784349581748207,2.6948727359195006,-0.090005711750507,1,-0.0023693095400489916,0.0,0.0
2020-08-20,1.0161327741759152,2.643621081492429,0.3360780809166918,2.658520252155536,0.1067536371129662,1,-0.020316558298883347,0.0,0.0
2020-08-21,-2.43618627931248,2.552660192521194,-1.0043859191525444,2.6259914017736663,-2.557607638784632,0,-0.09096088897123478,0.0,0.0
2020-08-22,0.7676821280393042,2.5887221203423243,0.2472310367238801,2.6230495966957244,-4.785101551733817,1,0.03606192782113027,0.0,0.0
2020-08-23,-0.1454386426972931,2.493811292372246,-0.1095144279640052,2.588550465303901,-2.7595987189311444,0,-0.09491082797007833,0.0,0.0
2020-08-24,0.936445863523616,2.3983757864506634,0.3372182931697652,2.5354380946357717,0.1386358437290624,0,-0.09543550592158256,0.0,0.0
2020-08-25,-3.5306004408532488,2.3227955395693662,-1.574942801882813,2.471272986251159,-4.4080973713001015,0,-0.07558024688129716,0.0,0.0
2020-08-26,1.0696334763965254,2.5327621249515206,0.3719116740888271,2.467293372737224,-0.902277615591096,0,0.2099665853821544,0.0,0.0
2020-08-27,-1.446347767396183,2.452117929845397,-0.641901200050543,2.4399725346378385,-3.116307511026584,0,-0.08064419510612364,0.0,0.0
2020-08-28,1.9164718595602537,2.4125550090161774,0.7414555019214605,2.4237212779666253,-1.0543970087690369,0,-0.03956292082921964,0.0,0.0
2020-08-29,-0.3092041247453991,2.3925243004508423,-0.1825995243183552,2.4225509807666605,-2.300046997038052,0,-0.020030708565335065,1.0,0.0
2020-08-30,1.7627931208673786,2.3068525469689325,0.7088114273184923,2.419362382246574,2.993346564682575,0,-0.08567175348190981,2.0,0.0
2020-08-31,-0.2623558191723774,2.285266905497428,-0.1706695584096387,2.3698633383557555,1.6613572691136724,0,-0.021585641471504324,2.0,0.0
2020-09-01,2.449528784504018,2.2064762778628797,1.0522928043059971,2.3207350079592515,5.557233821013874,0,-0.07879062763454847,2.0,0.0
2020-09-02,-4.759982836281473,2.2589545833790328,-2.163678963127873,2.2900149228318227,-1.1192208748278532,0,0.05247830551615307,2.0,0.0
2020-09-03,-10.8024907829682,2.6941001283609496,-4.057072839402958,2.3503300884138447,-11.612507533050652,1,0.4351455449819168,1.0,1.0
2020-09-04,2.568095890557487,4.386307168251657,0.5563737610043368,2.766221012670389,-10.807204763360543,2,1.692207039890707,1.0,2.0
2020-09-05,-3.310004713411807,4.24521826743714,-0.8097756513999407,3.1582112850583317,-13.854853657599977,2,-0.1410889008145162,1.0,1.0
2020-09-06,1.0834787536524004,4.18911728663131,0.2281647931571729,3.554739486812018,-15.220903688451592,2,-0.05610098080583015,1.0,1.0
2020-09-07,0.8640468391536871,3.997302135675397,0.18421854033614,3.9024089972712903,-9.596874013016432,2,-0.19181515095591317,1.0,1.0
2020-09-08,-2.322390559011112,3.812381166558701,-0.6426587810629971,4.126065204910841,-1.1167737890593443,1,-0.1849209691166962,1.0,1.0
2020-09-09,1.0879835709758368,3.7170291311755954,0.2583552247369892,3.992209597495629,-2.5968861086409945,1,-0.09535203538310544,1.0,1.0
2020-09-10,1.1724294913523892,3.555207888114888,0.2938674332963781,3.854207521631179,1.8855480961232016,1,-0.16182124306070733,1.0,1.0
2020-09-11,0.3638635248421451,3.406506157168608,0.0693360996597853,3.697685295738638,1.1659328673129463,1,-0.14870173094627992,1.0,1.0
2020-09-12,0.3958714499077587,3.2510015277485382,0.0824982003796442,3.548425174153266,0.6977574780670182,1,-0.15550462942006993,1.0,1.0
2020-09-13,-1.1404867595945944,3.1055312734506875,-0.4083541018804561,3.407055195531663,1.8796612774835355,1,-0.14547025429785077,1.0,1.0
2020-09-14,3.400365092776348,2.9964112400706147,1.0922050266578869,3.2629316173106675,4.192042799284046,1,-0.10912003338007281,1.0,1.0
2020-09-15,1.0812510742823631,3.0561477172156946,0.3120207163003541,3.1631195831308285,4.10086438221402,1,0.0597364771450799,0.0,1.0
2020-09-16,1.6347532426243203,2.93814385444004,0.5129372974402966,3.0694471225851148,5.371754099996196,1,-0.11800386277565478,0.0,1.0
2020-09-17,-0.2364091830582282,2.8535924029110946,-0.1275861461937742,2.9899652976176263,4.7394734670302086,1,-0.08455145152894517,1.0,1.0
2020-09-18,-0.0402336913788659,2.7349305499848686,-0.0613921862903703,2.9158451529244624,5.839726535245937,1,-0.118661852926226,1.0,1.0
2020-09-19,1.3590771382837374,2.622112255641301,0.4696242356510159,2.8409853560386,3.798438580753327,1,-0.1128182943435676,1.0,0.0
2020-09-20,-1.4167885530092406,2.547781690053204,-0.6061972395342942,2.7393121506061013,1.3003989534617233,0,-0.07433056558809703,1.0,0.0
2020-09-21,-4.4493310828050525,2.4977444949078427,-1.832453546218688,2.6512322786996623,-4.78368537196765,0,-0.05003719514536131,1.0,0.0
2020-09-22,0.7256944592073822,2.822288443151276,0.2118935738909156,2.6449714867476986,-3.82158172970204,1,0.32454394824343336,1.0,1.0
2020-09-23,-2.8125828810468434,2.710079173512143,-1.0849323459703342,2.640001211453153,-6.593930919370017,1,-0.11220926963913325,1.0,1.0
2020-09-24,4.89361364351204,2.7677975267997184,1.7219265220551232,2.669138265684837,-3.059394414141714,1,0.057718353287575574,1.0,1.0
2020-09-25,-0.6278889783731145,3.069755137160793,-0.2461299416568314,2.773532955106355,-2.270494839505588,1,0.3019576103610748,0.0,1.0
2020-09-26,0.5410230472936206,2.944771973952409,0.1403685502690371,2.862938450915268,2.719859290593085,1,-0.12498316320838398,0.0,1.0
2020-09-27,0.2280583189740781,2.8208082940685104,0.0355886093883591,2.8626424210987147,2.222223150359781,1,-0.12396367988389878,0.0,0.0
2020-09-28,-0.6108227146349066,2.7019436597139,-0.2733189444631622,2.8610153183390663,4.423983316771718,1,-0.11886463435461048,0.0,0.0
2020-09-29,1.2525583307516186,2.601804516310028,0.4323494133640546,2.827816716241128,0.7829280040112963,1,-0.10013914340387187,0.0,0.0
2020-09-30,-0.5561903231040333,2.5238591061555207,-0.2709580720544881,2.718637510040073,0.8546266592803775,0,-0.0779454101545074,0.0,0.0
2020-10-01,-1.542167540122108,2.4348433038456974,-0.6858089027420059,2.616651776018732,-1.228563928135351,0,-0.08901580230982331,0.0,0.0
2020-10-02,-0.4102545378275479,2.4036581927393144,-0.2237939711600741,2.533221755752892,-1.8668767849369767,0,-0.031185111106383,0.0,0.0
2020-10-03,-0.2522616697699931,2.319420787401571,-0.1638044059407854,2.4567171812904265,-1.5083157400720637,0,-0.08423740533774327,0.0,0.0
2020-10-04,1.1334718114117237,2.237955947201803,0.4494289256373808,2.383947467468781,-1.6274022594119586,0,-0.08146484019976796,0.0,0.0
2020-10-05,1.1532279024732972,2.183449251507953,0.4696963885595174,2.315865496539268,0.0820159661653718,0,-0.05450669569385003,0.0,0.0
2020-10-06,-1.765966406225239,2.1344842773227883,-0.8871632837874042,2.255793691234686,-0.141782899937759,0,-0.04896497418516477,0.0,0.0
2020-10-07,0.6069812450622436,2.152525378757785,0.2226740624548745,2.20556712843838,0.8754528829520325,0,0.018041101434996598,0.0,0.0
2020-10-08,2.28613846473138,2.085564866113497,1.0349564405142242,2.1587959441807656,3.4138530174534054,0,-0.06696051264428782,0.0,0.0
2020-10-09,1.353719392318986,2.135768478589141,0.5740555355943203,2.1383584504582327,3.634100598360668,0,0.050203612475643755,0.0,0.0
2020-10-10,2.074267777372718,2.1021943396786846,0.925983895110868,2.1221074680923797,4.555140473260089,0,-0.03357413891045624,0.0,0.0
2020-10-11,0.7744148940002304,2.1289302561043426,0.3037888243209327,2.12099666384869,7.095521773485558,0,0.02673591642565798,0.0,0.0
2020-10-12,1.4924866101628351,2.0685780217394782,0.6597850897488137,2.1042071924450285,7.98102713858615,0,-0.060352234364864366,0.0,0.0
2020-10-13,-1.1267025530866448,2.050428215974065,-0.6117611032424171,2.097179862417142,4.568186120768125,0,-0.01814980576541325,0.0,0.0
2020-10-14,0.0315673400464788,2.026557212842142,-0.0474214760785227,2.0753376092677422,3.246034068495618,0,-0.02387100313192292,0.0,0.0
2020-10-15,0.5744241377636072,1.9634985377471657,0.2275298171798814,2.0475984488814385,1.746190428886507,0,-0.06305867509497642,0.0,0.0
2020-10-16,-1.518396829079549,1.9105506637280532,-0.8615665288376144,2.003922530406181,-0.5466212941932724,0,-0.052947874019112495,0.0,0.0
2020-10-17,0.3172679849896553,1.9314887088158257,0.0981617493735522,1.9765046678214504,-1.7218399193664524,0,0.020938045087772528,1.0,0.0
2020-10-18,1.0967693217915908,1.8765467652173815,0.5164271231163796,1.9417283776701135,0.5016319555117832,0,-0.054941943598444176,1.0,0.0
2020-10-19,2.2276341465063965,1.851812793678919,1.1340047326800538,1.906779493837469,2.6976987619717008,0,-0.024733971538462463,1.0,0.0
2020-10-20,1.473482660524894,1.926586697103868,0.6985478453219628,1.8993971257088096,3.596757284732988,0,0.07477390342494905,1.0,0.0
2020-10-21,7.338405430586903,1.921256038930042,3.75313628690821,1.9015382007492072,12.45355954439944,0,-0.005330658173826164,0.0,0.0
2020-10-22,1.1027987566796682,2.991840258128269,0.3259295276856427,2.113608510611696,13.239090316089452,1,1.0705842191982269,0.0,1.0
2020-10-23,-0.2652970455377712,2.879068767484162,-0.1364909113713842,2.314112911065052,11.87702394876009,1,-0.11277149064410663,1.0,1.0
2020-10-24,1.355828284978422,2.759136024014332,0.4451243432190468,2.4955775571321346,11.005218087232116,1,-0.11993274346983007,1.0,1.0
2020-10-25,-0.5883025247511497,2.673977469974649,-0.2677555092470423,2.645055711706291,8.943432901956072,1,-0.08515855403968331,1.0,0.0
2020-10-26,0.3376507193094014,2.5751525385874543,0.0815412064822971,2.775835011637773,1.9426781906785704,0,-0.0988249313871945,1.0,0.0
2020-10-27,4.332755896265361,2.473448572543449,1.7000904197107434,2.672156674520809,5.172635330264264,0,-0.10170396604400533,0.0,0.0
2020-10-28,-2.844584941845696,2.741113360927645,-1.0843238585641195,2.6445655932095056,2.593347433956339,1,0.26766478838419605,0.0,0.0
2020-10-29,1.247510345864811,2.798568234977766,0.4001477103296991,2.6524520354021925,2.485029494842728,1,0.05745487405012106,0.0,0.0
2020-10-30,0.8052075583307783,2.7054588752775826,0.2504336288697909,2.658748316462779,3.878539577924656,1,-0.09310935970018352,0.0,0.0
2020-10-31,1.7160608140629918,2.6033281259545373,0.610138662041905,2.664383433936196,5.256949672678246,1,-0.10213074932304522,0.0,0.0
2020-11-01,-0.3189593193523521,2.551320304851448,-0.1750579858358425,2.679957780397796,0.6052344570605328,0,-0.05200782110308921,2.0,0.0
2020-11-02,-1.367823012311753,2.4545806222660334,-0.6092660689907045,2.6226512326654734,2.081996386594476,0,-0.09673968258541477,1.0,0.0
2020-11-03,2.907841515337317,2.409539979604713,1.1538185149168505,2.5448455815908626,3.742327556066982,0,-0.04504064266132035,2.0,0.0
2020-11-04,1.3061444695718905,2.487483572567182,0.4737618403319252,2.5012505210487825,4.243264467308094,0,0.07794359296246922,2.0,0.0
2020-11-05,9.741581080424488,2.421204016971961,3.9707151229704873,2.464825699252267,12.268784733669593,0,-0.06627955559522114,1.0,1.0
2020-11-06,-0.0896930308048382,3.89183982336357,-0.0558508867546378,2.732929602954692,12.498051022217105,2,1.4706358063916087,1.0,1.0
2020-11-07,-4.817614127429692,3.706438788628577,-1.3342413254034964,2.983301236227201,9.048259907099164,1,-0.1854010347349928,1.0,1.0
2020-11-08,4.261566759184454,3.878710170325753,1.0657916944591506,3.277135274371409,10.401985150946302,2,0.17227138169717593,1.0,1.0
2020-11-09,-0.9558200327299816,3.929228431171493,-0.2757512641849563,3.5654842460922707,8.14002064864443,2,0.05051826084573996,1.0,1.0
2020-11-10,-0.2704687109615022,3.7573735977136153,-0.1059618840247352,3.8327181622406017,-1.8720291427415603,1,-0.17185483345787755,1.0,1.0
2020-11-11,2.6488015591814573,3.5817612107446264,0.703880503586195,3.7707024397168127,0.8664654472447353,1,-0.17561238696898895,1.0,1.0
2020-11-12,3.596670089126341,3.5110659689501613,0.9880191501290908,3.73162787578113,9.28074966380077,1,-0.07069524179446507,1.0,1.0
2020-11-13,0.2544313205715909,3.5321501650716387,0.0358879549878904,3.6623158747303055,5.273614225187906,1,0.021084196121477383,1.0,1.0
2020-11-14,-1.5418716403051036,3.3682249079405464,-0.4956739411332693,3.550115170084118,4.687562617612784,1,-0.1639252571310923,1.0,1.0
2020-11-15,-0.702924092609436,3.2594857883338744,-0.2548235583720812,3.45053760820817,4.25510723596485,1,-0.10873911960667204,1.0,1.0
2020-11-16,4.656389869041355,3.1238993336381604,1.4497010661768286,3.3589652327868764,6.262695545824748,1,-0.13558645469571395,1.0,1.0
2020-11-17,5.410247584413774,3.326989724987504,1.5877950780255523,3.3221499839943447,8.07627304111218,1,0.2030903913493436,1.0,1.0
2020-11-18,0.8947999876362189,3.608200948632416,0.2126074251740184,3.3373601407065,8.716641708176809,1,0.2812112236449118,1.0,1.0
2020-11-19,0.0734620016881848,3.4483415792639533,-0.0157199255070363,3.353383474971181,10.331975350170095,1,-0.15985936936846246,1.0,1.0
2020-11-20,4.414876269819423,3.289386736221531,1.3033452552639166,3.359363664548713,15.449775712598957,1,-0.15895484304242213,1.0,1.0
2020-11-21,0.1122704235179128,3.434327814678179,-0.0044839199255532,3.4214493607567165,10.905656267075514,1,0.1449410784566476,1.0,1.0
2020-11-22,-1.4710561659747157,3.276198037508286,-0.4879820517894143,3.411291023260873,4.024352516687024,1,-0.15812977716989263,2.0,1.0
2020-11-23,-0.0320185099710101,3.1706075675493035,-0.0503651685066373,3.32377234704425,3.097534019079795,1,-0.10559046995898269,2.0,1.0
2020-11-24,3.968026776556144,3.029435869960604,1.2676806068745252,3.2399912051835806,6.992098793947754,1,-0.14117169758869963,2.0,1.0
2020-11-25,-1.9839332374637308,3.153220743116079,-0.6696654259016547,3.2127580065624906,0.5932892866646,1,0.12378487315547515,1.0,1.0
2020-11-26,-8.82052536237854,3.0895616009615443,-2.896266911794437,3.1438047638191637,-8.339506499231852,1,-0.06365914215453472,2.0,1.0
2020-11-27,-0.2464794256027858,4.140348379730022,-0.0903665744340607,3.31663483226351,-7.1149297588599225,2,1.0507867787684777,2.0,1.0
2020-11-28,3.497829330026647,3.9412645798448938,0.8550960198978186,3.470766234722628,-3.585081918862265,2,-0.19908379988512825,2.0,1.0
2020-11-29,2.563570470241139,3.908166614395936,0.6232847869973968,3.646512383609695,-4.98953822517727,2,-0.03309796544895782,2.0,1.0
2020-11-30,7.666315234015286,3.804045712474249,1.981744208503459,3.7766773774813287,4.660710246301747,1,-0.1041209019216871,2.0,1.0
2020-12-01,-4.283053060242814,4.370990989925398,-1.009089871117562,4.032963255274099,9.198182548437472,2,0.5669452774511488,2.0,2.0
2020-12-02,2.0950814137307816,4.395639159393586,0.4475826308648072,4.0840214112068125,11.53974338777104,2,0.02464816946818882,1.0,2.0
2020-12-03,1.2643316046181852,4.227992053540078,0.2688420214104786,4.1413669059458496,9.306245662362578,2,-0.16764710585350873,1.0,1.0
2020-12-04,-3.909946752423288,4.038690924260653,-0.9997339490888296,4.1674717679187925,2.832728439698151,2,-0.18930112927942488,1.0,1.0
2020-12-05,2.401261307587532,4.060725897701416,0.5598978336453279,4.218807804964226,-2.432325486729603,2,0.022034973440763217,1.0,1.0
2020-12-06,0.9916644389898366,3.934237604061625,0.2196091978941069,4.131457127791472,2.842392012503048,2,-0.12648829363979086,1.0,1.0
2020-12-07,-0.7965956561317711,3.756080784066127,-0.2460717390556872,4.00354545272598,-0.0492850573595049,1,-0.17815681999549815,1.0,1.0
2020-12-08,-4.6418459556244684,3.5907519932589107,-1.3282776529862093,3.8760974406697466,-5.955462617602159,1,-0.1653287908072163,1.0,1.0
2020-12-09,1.262504102957962,3.756247653077772,0.3021191713999682,3.81960878643317,-0.7830117622209087,1,0.16549565981886127,1.0,1.0
2020-12-10,-1.5694640220806022,3.59725246500488,-0.4717860959239985,3.7269140998938624,-4.753737091889043,1,-0.15899518807289192,1.0,1.0
2020-12-11,-1.1347356530151842,3.4729690744656,-0.363494549011055,3.634660393974658,-6.880137183894064,1,-0.12428339053928017,1.0,1.0
2020-12-12,4.041245632345891,3.3376492189977323,1.172554603890961,3.550974080960979,-2.0422958954164017,1,-0.13531985546786762,2.0,1.0
2020-12-13,1.7853539827285658,3.429071345178485,0.4834207694810305,3.518637951344894,4.384904042936633,1,0.09142212618075263,2.0,1.0
2020-12-14,0.5431863337978626,3.3151453139478466,0.1253388976985789,3.4304174835189087,3.665586273776533,1,-0.11392603123063827,2.0,1.0
2020-12-15,0.8816158477202407,3.1673011995127074,0.2380405669657202,3.3444272304204743,6.116666143577376,1,-0.14784411443513923,2.0,1.0
2020-12-16,9.305159757677828,3.0357594558326797,3.023128221047903,3.2569853066938905,16.556561554270388,1,-0.1315417436800277,2.0,2.0
2020-12-17,6.778242711074967,4.157490595984793,1.5996603920309294,3.420953582091302,19.293558632999463,2,1.1217311401521135,2.0,2.0
2020-12-18,1.4487680725324026,4.505351710948348,0.2932286939741025,3.636209655245275,18.9569727228033,2,0.3478611149635551,2.0,2.0
2020-12-19,3.1140804146840395,4.304208071124215,0.6938351238830769,3.8340222066805487,21.52786680368948,2,-0.2011436398241333,2.0,2.0
2020-12-20,-1.658162294561727,4.206551955539556,-0.4245358164772022,4.041872357885919,18.98808866140751,2,-0.09765611558465892,1.0,1.0
2020-12-21,-2.913807693232684,4.04335897941752,-0.7522155176308053,4.243392262602887,6.769121210496998,2,-0.1631929761220361,1.0,1.0
2020-12-22,4.20765679457773,3.972600993419901,1.0270316920573377,4.206414342089908,4.198535293999761,2,-0.07075798599761907,2.0,1.0
2020-12-23,-2.303943666300867,4.006481461687352,-0.6069199031595693,4.106640292237708,0.4458235551664913,2,0.03388046826745139,2.0,1.0
2020-12-24,2.105790865039303,3.894207715240477,0.5079649919188041,4.024640221060961,-0.5624659944782451,2,-0.11227374644687549,2.0,1.0
2020-12-25,3.838601817057885,3.763080805947796,0.9861420293594236,3.9359459911426087,4.934298117141367,1,-0.13112690929268078,1.0,1.0
2020-12-26,6.938918605018252,3.781423789793424,1.8012392445844625,3.88355895321779,14.787024415392304,1,0.018342983845628158,2.0,2.0
2020-12-27,-0.6250988870124985,4.225417159399246,-0.1781524836607031,3.934122186413658,9.954268733802074,2,0.4439933696058218,1.0,1.0
2020-12-28,3.0458043294242287,4.026817204468053,0.7246752228408361,3.938189334969799,15.30401672952717,2,-0.19859995493119342,1.0,1.0
2020-12-29,1.01981764862753,3.947757618788571,0.2259885383906292,3.948899315679418,14.218043513115395,2,-0.07905958567948179,2.0,1.0
2020-12-30,5.262518188935061,3.769442844139224,1.3622301031787118,3.950171723317703,15.641959884992572,1,-0.17831477464934675,2.0,2.0
2020-12-31,0.5558802229053583,3.9581362533598585,0.1081848933585452,3.98551421603099,9.25892150287968,2,0.1886934092206345,2.0,1.0
2021-01-01,1.2759952848226064,3.770635607433469,0.3045443076286013,3.8945579056378343,11.160015674714783,1,-0.1875006459263897,2.0,1.0
2021-01-02,8.95900111488075,3.611145391090981,2.4455762601615003,3.811423542962421,17.073212460171305,1,-0.15949021634248783,2.0,2.0
2021-01-03,2.017517240339295,4.477871031359582,0.4220415355125725,3.917446225476623,18.07091205188307,2,0.866725640268601,2.0,2.0
2021-01-04,-2.5022467355816147,4.30085885002138,-0.6114863337134562,4.023729426653054,10.306147127366394,2,-0.17701218133820174,2.0,2.0
2021-01-05,6.128001171320463,4.178361239798121,1.4360490040285128,4.0677744239407065,15.8782680757815,2,-0.12249761022325956,2.0,2.0
2021-01-06,8.002182823087978,4.425907217926028,1.7791862235062692,4.198828746039219,22.60445561404687,2,0.24754597812790724,2.0,2.0
2021-01-07,6.687092425852725,4.92236194127195,1.3325762773390706,4.461072056075412,20.33254692501885,2,0.4964547233459218,2.0,2.0
2021-01-08,3.559288987944953,5.136731448266648,0.6680550361778982,4.592844139456825,21.874318672624504,2,0.21436950699469826,2.0,2.0
2021-01-09,-1.340052262051472,5.002872348324659,-0.2933758517704348,4.733246839117482,23.036513146154647,2,-0.13385909994198908,2.0,2.0
2021-01-10,-4.83004859568652,4.775165030702523,-1.0382297236320166,4.852607597298361,12.078463379147664,2,-0.22770731762213625,2.0,2.0
2021-01-11,-7.551390060372576,4.813362922561362,-1.5953627138348638,4.930098738225428,-3.47510950431289,2,0.03819789185883948,2.0,2.0
2021-01-12,-4.73164778588302,5.207032936122426,-0.933221955753306,4.987032937195524,-14.893849716048637,2,0.39367001356106357,2.0,2.0
2021-01-13,9.53397207362574,5.188875195644769,1.8127825481491244,4.997461686671147,-8.919166630367847,2,-0.018157740477656503,2.0,2.0
2021-01-14,4.892161277885165,5.7946520286731324,0.8222222110788446,5.155817622740843,-2.68695309043121,2,0.6057768330283633,2.0,2.0
2021-01-15,-6.21664989723083,5.710803944205442,-1.1109328272607266,5.3429454054414265,-4.07355439197552,2,-0.08384808446769032,2.0,2.0
2021-01-16,-1.773184714361875,5.796199310850287,-0.3279484170326184,5.539512683099211,1.7046509540351806,2,0.08539536664484526,2.0,2.0
2021-01-17,-1.0750872199338346,5.533693968249632,-0.2173515379187675,5.604844889524652,5.361211519984366,2,-0.2625053426006554,2.0,2.0
2021-01-18,2.316538885922803,5.266170037197974,0.4156472723107184,5.620303857835294,-1.856221667718572,2,-0.2675239310516577,2.0,2.0
2021-01-19,-1.5413522880193042,5.049651714060238,-0.3305221937998444,5.471303794912714,-8.289735233623041,2,-0.2165183231377359,2.0,2.0
2021-01-20,-1.4579216975338485,4.825909660649768,-0.3285580301885286,5.29432493820158,-3.531007033926059,2,-0.22374205341047038,2.0,2.0
2021-01-21,-14.252813081835924,4.613422452349503,-3.117096451669916,5.057769566501423,-16.01063540140011,2,-0.21248720830026535,2.0,2.0
2021-01-22,6.83334114753027,6.401190935624367,1.047566232679353,5.23126895997637,-8.102207033936004,2,1.7877684832748644,2.0,2.0
2021-01-23,-2.8834641394270832,6.447819343896914,-0.4670003381397862,5.467598821316157,-13.30221005928589,2,0.04662840827254655,2.0,2.0
2021-01-24,0.6890847351744611,6.191499397656836,0.0906751377461003,5.695968358035477,-11.071773036092123,2,-0.2563199462400778,2.0,2.0
2021-01-25,0.238226863679003,5.874964409947968,0.01881835897674,5.905779307895117,-9.375624474879274,2,-0.31653498770886745,2.0,2.0
2021-01-26,0.6266383460683755,5.573653136520394,0.0895227348042058,6.097825444729296,5.503826953025026,2,-0.301311273427574,2.0,2.0
2021-01-27,-6.787434522440883,5.291855709112564,-1.306744661418133,5.875958399426936,-8.116948716946126,2,-0.2817974274078301,2.0,2.0
2021-01-28,9.502025954716942,5.501566094757966,1.7039432261319265,5.686707749599146,4.268541377197899,2,0.20971038564540212,2.0,2.0
2021-01-29,2.509007084781878,6.042027798172287,0.394128840497093,5.656813429702236,6.0884637268053154,2,0.5404617034143211,2.0,2.0
2021-01-30,-0.1366557312902472,5.782928446714913,-0.0457078810783888,5.638406237055625,5.713581131836065,2,-0.2590993514573743,2.0,2.0
2021-01-31,-3.428942338957164,5.487401750846679,-0.6481413563068216,5.621155959920882,1.6580004468105258,2,-0.2955266958682339,2.0,2.0
2021-02-01,1.2687542067995494,5.33425913006248,0.2139162167678857,5.629636644110866,9.714189176050958,2,-0.15314262078419905,2.0,2.0
2021-02-02,5.716793887942018,5.077190591206217,1.1008300974923906,5.544761543400516,5.928957109276034,2,-0.257068538856263,2.0,2.0
2021-02-03,5.3773897801539405,5.150880533221478,1.0191888691376063,5.366532090410354,8.797339804648097,2,0.07368994201526124,2.0,2.0
2021-02-04,-1.4678676703823612,5.1787137630712925,-0.3080952950512446,5.24568915368163,7.466127865555983,2,0.027833229849814067,2.0,2.0
2021-02-05,3.245885330843379,4.944231001745017,0.6306775826828895,5.137055003861297,14.140955535356523,2,-0.23448276132627566,2.0,2.0
2021-02-06,2.898274128113165,4.80378453983305,0.576754521503253,5.030960085815411,15.77047545667014,2,-0.1404464619119672,2.0,2.0
2021-02-07,-0.927658818340582,4.651447747390801,-0.2268817258819239,4.945811517052327,9.12602275038754,2,-0.15233679244224874,2.0,2.0
2021-02-08,17.18205618881239,4.433604058283013,3.8466192041920753,4.802356222064634,20.93068915904599,2,-0.21784368910778795,2.0,2.0
2021-02-09,0.6142619385451908,6.9541502615454025,0.069971491240114,5.157443521759456,23.012818767973545,2,2.5205462032623895,2.0,2.0
2021-02-10,-3.420320342962846,6.593786957382679,-0.5380807782131024,5.487354712886989,16.346613094167317,2,-0.3603633041627239,2.0,2.0
2021-02-11,6.446761605839413,6.356764883324265,0.994073565309815,5.797950781585232,19.895100571893565,2,-0.23702207405841325,2.0,2.0
2021-02-12,-0.8478464657924789,6.36691575379349,-0.1532164360190071,6.14104438286577,19.974912924441668,2,0.010150870469225026,2.0,2.0
2021-02-13,-0.844174525182062,6.045940377000576,-0.1607432655664443,6.463511646609282,1.9486822104472168,2,-0.320975376792914,2.0,2.0
2021-02-14,3.3643879906238183,5.743472571470957,0.5635472749124375,6.221376108594393,4.698808262525844,2,-0.30246780552961905,2.0,2.0
2021-02-15,-1.5978235928811202,5.549699781690332,-0.3109165063326359,6.012558673455924,6.52130501260757,2,-0.19377278978062495,2.0,2.0
2021-02-16,2.583526074074882,5.296440732236593,0.4636805212773121,5.80049384323839,2.6580694808430394,2,-0.25325904945373967,2.0,2.0
2021-02-17,5.821415216952097,5.09072889705748,1.118453890916513,5.545256471891188,9.327331163587615,2,-0.2057118351791125,2.0,2.0
2021-02-18,-0.9038226589304088,5.174833733670834,-0.1993285942031101,5.371035143225239,9.267683029839269,2,0.08410483661335366,2.0,2.0
2021-02-19,7.828513543693205,4.924796787687575,1.5636876405761475,5.207299986468563,13.731808582908656,2,-0.25003694598325854,2.0,2.0
2021-02-20,0.3775183520378533,5.30277811965108,0.0471165626702222,5.157915654060712,15.707150527827627,2,0.3779813319635048,2.0,2.0
2021-02-21,2.535215971053262,5.034663392722893,0.4781940933918444,5.105560186157972,15.658840424806009,2,-0.2681147269281867,2.0,2.0
2021-02-22,-5.966344725525374,4.844668245278164,-1.2578806414457606,5.056348055802109,3.871080482328537,2,-0.189995147444729,2.0,2.0
2021-02-23,-10.45852445010098,5.008751094050309,-2.113539668024813,5.023131527878005,-5.683621308842035,2,0.16408284877214463,2.0,2.0
2021-02-24,1.78814957381217,5.866464843464826,0.2830460837458005,5.211465139033455,-11.72398527872307,2,0.8577137494145166,2.0,2.0
2021-02-25,-5.396975925205183,5.591513331217219,-0.9880412103818682,5.269212181346682,-17.498479555966107,2,-0.2749515122476067,2.0,2.0
2021-02-26,-1.6142075456887284,5.60055567281897,-0.311018642057174,5.382390637365897,-21.647903072708097,2,0.009042341601751325,2.0,2.0
2021-02-27,-0.3270542479990368,5.34468647089088,-0.0850796253274462,5.482394282488441,-16.00861259518176,2,-0.25586920192808993,2.0,2.0
2021-02-28,-2.3010476566760474,5.075657892716259,-0.4785029610837975,5.495775642221631,-7.851135801756826,2,-0.26902857817462156,2.0,2.0
2021-03-01,9.490116032713836,4.883897409675736,1.9170030762170367,5.299262155463813,-0.1491693428551599,2,-0.19176048304052262,2.0,2.0
2021-03-02,-2.555492520849078,5.54459659111196,-0.4839237898005498,5.289878807442761,2.6923140615009444,2,0.6606991814362235,2.0,2.0
2021-03-03,4.366472769390128,5.333450200111608,0.7947581651487806,5.236457712901289,8.672994376579801,2,-0.21114639100035149,2.0,2.0
2021-03-04,-3.990612219912748,5.246235421388366,-0.7849975389133249,5.216767503000786,5.00943640466609,2,-0.08721477872324179,2.0,2.0
2021-03-05,0.7511420176536276,5.156684346476749,0.1209056636640128,5.232972793752884,8.061626078995765,2,-0.08955107491161751,2.0,2.0
2021-03-06,-0.0305027039578575,4.90049099159496,-0.0322768430073998,5.236291510136729,-1.4589926576759282,2,-0.2561933548817885,2.0,2.0
2021-03-07,4.583962336068126,4.655209839946083,0.9572699867129318,5.0584141599035535,5.680462199241276,2,-0.24528115164887776,2.0,2.0
2021-03-08,2.010313651550355,4.654001745404109,0.4045215451353153,4.922524468962054,3.324303081401503,2,-0.001208094541973459,2.0,2.0
2021-03-09,4.815684025323463,4.4647241788035394,1.0500120865568747,4.766222220445089,12.130599326637714,2,-0.1892775666005697,2.0,2.0
2021-03-10,2.137417979802869,4.508669506388731,0.4457519679626217,4.636619252427485,13.516875288786956,2,0.04394532758519176,2.0,2.0
2021-03-11,3.1573000390297423,4.335230781412295,0.698839466074686,4.523567210390951,16.704678031774556,2,-0.1734387249764362,2.0,2.0
2021-03-12,-0.821687285311512,4.238190169846609,-0.2240005572432588,4.440163276371057,11.299028410394918,2,-0.09704061156568589,2.0,2.0
2021-03-13,6.59904612617126,4.043165447079257,1.6005717639897936,4.317996016706086,15.887760885015824,2,-0.19502472276735183,2.0,2.0
2021-03-14,-3.22025926592886,4.383143166744186,-0.7638192075876781,4.301679814294216,7.851817593763499,2,0.33997771966492873,2.0,2.0
2021-03-15,-5.895520841682256,4.306918671359583,-1.3984918164748907,4.261329647288386,-0.1811212277216256,2,-0.07622449538460341,2.0,2.0
2021-03-16,1.5929471547609708,4.538025412792252,0.3228887780560827,4.301888573564378,-1.7454741119903971,2,0.23110674143266952,1.0,2.0
2021-03-17,3.572418708035663,4.3396847413251125,0.7937786357602526,4.322187487860078,2.6486318813567777,2,-0.19834067146713963,1.0,2.0
2021-03-18,-1.7339151916612394,4.2754545889700895,-0.4354121479621902,4.368645316238245,-5.684329436475721,2,-0.06423015235502305,1.0,1.0
2021-03-19,0.8394319050578858,4.111055299490639,0.1731337038227248,4.314227742787535,-1.6246382654889755,2,-0.1643992894794506,1.0,1.0
2021-03-20,-0.056587912537509,3.9186528969279726,-0.0470206450586598,4.236574587901213,4.214294663655771,2,-0.19240240256266627,1.0,1.0
2021-03-21,-1.364390413984573,3.731445631854199,-0.3998611357711733,4.075258631713602,1.2569570949102271,1,-0.1872072650737735,1.0,1.0
2021-03-22,-5.345688104443269,3.5878610937544333,-1.525521093447024,3.924893902199466,-7.661149717568705,1,-0.1435845380997658,2.0,1.0
2021-03-23,0.3840115432943491,3.853452818436905,0.0665226437004359,3.840493548092829,-5.543222982613116,1,0.2655917246824715,1.0,1.0
2021-03-24,-3.655175777765862,3.6706380356302497,-1.030568913492277,3.752410095320752,-10.037830665436864,1,-0.18281478280665509,1.0,1.0
2021-03-25,-2.0485432915554824,3.706876252228023,-0.5870746196840255,3.710054766380762,-12.029786044454838,1,0.03623821659777349,1.0,1.0
2021-03-26,6.428841931989204,3.601829683144016,1.7494364841959762,3.6841315766387255,-4.23655369848106,1,-0.10504656908400722,1.0,1.0
2021-03-27,1.5051908974824002,3.995516981359853,0.3447667046522069,3.765662754159809,2.614325303444609,2,0.3936872982158368,1.0,1.0
2021-03-28,-0.0406804132703442,3.8293645223998616,-0.0439629308525241,3.7608450949524,2.189633346879916,1,-0.1661524589599912,1.0,1.0
2021-03-29,3.165502939331688,3.647472022013377,0.8328599223134813,3.756211892229026,9.010312063977466,1,-0.18189250038648463,1.0,1.0
2021-03-30,2.0014609919984494,3.613138051895689,0.5186049607427277,3.73746425216256,13.060316347531398,1,-0.03433397011768813,1.0,1.0
2021-03-31,0.0019359447593458,3.4971929023552226,-0.0359527578799006,3.7165368960048006,6.633410360301539,1,-0.1159451495404662,1.0,1.0
2021-04-01,0.2999232878687863,3.335420566483242,0.0516437462677681,3.5845176130294787,5.428142750687925,1,-0.16177233587198048,1.0,1.0
2021-04-02,0.4870090844088182,3.1839311452544927,0.1128602955209528,3.455430937600405,5.955832248367088,1,-0.15148942122874942,1.0,1.0
2021-04-03,-3.0439981167967645,3.0437051428343724,-1.0420417361059686,3.334677561764604,-0.2536688077613647,1,-0.1402260024201203,1.0,1.0
2021-04-04,1.984664313237694,3.086612475054417,0.6016286961219274,3.2293724463963493,-0.2704654865221201,1,0.04290733222004439,1.0,1.0
2021-04-05,0.5081207326213644,3.011179948943414,0.1263461714793331,3.1321698557139874,0.2357193013398983,1,-0.07543252611100293,1.0,1.0
2021-04-06,-1.4763897549620708,2.88238347477353,-0.5565045190682453,3.0415624373720456,-1.5405937414909587,1,-0.1287964741698837,1.0,1.0
2021-04-07,-3.752887085316559,2.8079002997719984,-1.382013727506169,2.966356268275546,-5.780489911216336,1,-0.07448317500153179,1.0,1.0
2021-04-08,3.978767570422725,2.9695594690838254,1.2968583172283947,2.951527133525437,1.2422757760031544,1,0.161659169311827,1.0,1.0
2021-04-09,-0.1354549836115381,3.103235712870202,-0.0847904195473448,2.954851781088594,-0.8778435208460778,1,0.13367624378637677,1.0,1.0
2021-04-10,2.623419809666494,2.967129614662774,0.8411328318439893,2.946041714232466,1.237455556199052,1,-0.13610609820742825,1.0,1.0
2021-04-11,0.6862304387404095,2.9516769197464416,0.1892350617937417,2.9599004032270484,3.400075749901532,1,-0.015452694916332277,1.0,1.0
2021-04-12,-0.5187618998144572,2.8298826051361745,-0.2284305267922522,2.9642968642998837,6.6342009354036335,1,-0.12179431461026713,1.0,1.0
2021-04-13,5.852714345026833,2.7183219035228947,2.106095184374688,2.914049351187697,8.50814771000774,1,-0.1115607016132798,1.0,1.0
2021-04-14,-0.6219938149170545,3.199814931720357,-0.2342833899306275,2.933365194957728,8.021608878702224,1,0.4814930281974621,1.0,1.0
2021-04-15,0.323225111697667,3.066007651100188,0.0637817838420803,2.953140802245211,5.721414180733397,1,-0.1338072806201689,1.0,1.0
2021-04-16,-2.7886621874568363,2.931737659426925,-0.9947451650445182,2.949152950181308,2.246521554536152,1,-0.1342699916732628,1.0,1.0
2021-04-17,-1.454292610140584,2.9605730667833905,-0.5343432669595917,2.9752910425107517,1.3109908442100249,1,0.028835407356465392,1.0,1.0
2021-04-18,-7.647243109811974,2.878490211037372,-2.701038466080808,3.0073247040136466,-12.188966610628782,1,-0.0820828557460187,1.0,1.0
2021-04-19,-0.8788979117795748,3.735182376505705,-0.269482848427406,3.114398192970716,-12.445870707491302,1,0.856692165468333,1.0,1.0
2021-04-20,1.3347500558966274,3.573531148660001,0.3377836462716232,3.215902892482679,-11.434345763292342,1,-0.16165122784570363,1.0,1.0
2021-04-21,-4.651974554182736,3.429229103400248,-1.3937955396099129,3.3154011812773434,-13.297658130018242,1,-0.14430204525975343,1.0,1.0
2021-04-22,-4.058188374680682,3.620074934095834,-1.1562904429665324,3.447301554739832,-15.90155389455834,1,0.19084583069558603,2.0,1.0
2021-04-23,-1.3001302685205829,3.7079433619681392,-0.3850651974898967,3.613192184925986,-9.554441053266949,1,0.08786842787230542,2.0,1.0
2021-04-24,-2.0620437180109974,3.563223212701401,-0.6145316365931314,3.578800352165125,-10.737586859498371,1,-0.14472014926673804,2.0,1.0
2021-04-25,-2.113272327896709,3.470569166796818,-0.6456987008854314,3.558207955792488,-14.185609243291708,1,-0.09265404590458326,2.0,1.0
2021-04-26,9.74797068019555,3.3890352722020296,2.838654730054704,3.5501691895528444,0.2143359910865783,1,-0.08153389459478833,2.0,1.0
2021-04-27,1.8548319148653287,4.493464121096119,0.384372099983961,3.7248470269529017,6.12735628063259,2,1.1044288488940897,2.0,2.0
2021-04-28,-0.3794255373735566,4.308209992870473,-0.1177043859630248,3.844900353133368,7.048061011779616,2,-0.18525412822564657,2.0,1.0
2021-04-29,-2.34296738251345,4.100599267235832,-0.6025063401564497,3.952375564040254,6.767137347277163,2,-0.2076107256346411,2.0,1.0
2021-04-30,7.54151877209619,3.983433435861897,1.8611705748397984,4.05494841785327,16.421928447270062,2,-0.11716583137393455,2.0,2.0
2021-05-01,0.1347572360312909,4.489915643835504,0.0015785511703302,4.275124492179965,6.808715003105803,2,0.5064822079736069,2.0,2.0
2021-05-02,-2.0916047590224807,4.2683013612599146,-0.5199432386855709,4.230091940212724,2.862278329217993,2,-0.22161428257558935,2.0,2.0
2021-05-03,1.000110220540229,4.12305902084095,0.211600304941852,4.19306174580682,4.241814087131779,2,-0.14524234041896467,2.0,1.0
2021-05-04,-6.999363622377608,3.933326532350655,-1.8119607508292332,4.159607198829784,-0.414582152732379,2,-0.18973248849029467,2.0,1.0
2021-05-05,7.389708647447613,4.400650767862764,1.650219332568735,4.243050665229957,-0.566392277380956,2,0.467324235512109,2.0,2.0
2021-05-06,-1.805509355764201,4.801570700438732,-0.4026138842492919,4.305381676550604,-2.506658869176448,2,0.4009199325759676,2.0,2.0
2021-05-07,1.687709678143534,4.604631559132689,0.338798008846629,4.372647716125158,1.2726555679895668,2,-0.19693914130604284,2.0,2.0
2021-05-08,2.49216197027895,4.405442634006929,0.5367207094219538,4.429124438758353,2.764707317728288,2,-0.19918892512576036,2.0,2.0
2021-05-09,-0.976562803402814,4.258408455102053,-0.2593063792452434,4.494140823308633,8.787508136703082,2,-0.14703417890487547,2.0,1.0
2021-05-10,-4.159554115971531,4.066246101688545,-1.0543443960827292,4.42725989007379,-2.761754626716062,2,-0.19216235341350796,2.0,1.0
2021-05-11,1.5009957344290117,4.111920863871035,0.3339865005814114,4.28932992276025,0.5447504634771505,2,0.04567476218248956,2.0,1.0
2021-05-12,-14.29671467730369,3.937930293365029,-3.662935419665551,4.155989669606719,-15.439673891970074,2,-0.17399057050600586,2.0,2.0
2021-05-13,1.144292811009251,5.994950552306875,0.1695799035708511,4.473891253266707,-16.787543051239773,2,2.0570202589418463,2.0,2.0
2021-05-14,0.3300186759766177,5.696266793459696,0.0355230906269908,4.761462920938236,-15.48096157186034,2,-0.29868375884717935,2.0,2.0
2021-05-15,-6.459870319528349,5.405401218095605,-1.2186958429491488,5.029293944219648,-17.78127777541716,2,-0.29086557536409074,2.0,2.0
2021-05-16,-0.6525257090235215,5.557778187315376,-0.1403790070717839,5.318465408908517,-19.93479921886969,2,0.1523769692197714,2.0,2.0
2021-05-17,-6.488398448646571,5.28047807111555,-1.25292976014308,5.58697496445862,-12.126482990212573,2,-0.2773001161998261,2.0,2.0
2021-05-18,-1.4531934084628162,5.4528898197234055,-0.2899128966776069,5.478562817941927,-14.72396920968464,2,0.17241174860785513,2.0,2.0
2021-05-19,-14.810707635188614,5.200851854291971,-2.8722943333403816,5.379479830108382,-29.86469552084987,2,-0.25203796543143486,2.0,2.0
2021-05-20,9.72750161239606,6.91769138022886,1.3877219162155563,5.681937862535032,-13.67732358892546,2,1.7168395259368898,2.0,2.0
2021-05-21,-8.913981683679317,7.259028842781471,-1.2455731412484403,6.022187993628251,-21.938779563581257,2,0.34133746255261066,2.0,2.0
2021-05-22,0.6198237437244458,7.478580263771435,0.0658084893026505,6.461808432159428,-14.83055737121024,2,0.21955142098996383,2.0,2.0
2021-05-23,-7.654564579833334,7.088826593261501,-1.097816987323121,6.788995786867048,-21.03192854258076,2,-0.3897536705099336,2.0,2.0
2021-05-24,10.722243682664256,7.177424199840906,1.4760969552924104,7.184310255976834,4.501022775272112,2,0.08859760657940452,2.0,2.0
2021-05-25,-0.7878782581023813,7.621171998450762,-0.1201321703178362,7.325006379621215,-6.01435709522633,2,0.4437477986098566,2.0,2.0
2021-05-26,2.296156581276776,7.227779038101678,0.3000211953642239,7.318756418685257,5.195781169729763,2,-0.3933929603490842,2.0,2.0
2021-05-27,-2.205718107153487,6.886228126630312,-0.3388484579194926,7.200285991257031,2.37023931885183,2,-0.3415509114713666,2.0,2.0
2021-05-28,-7.3936111501442525,6.571498822243231,-1.1445304987536826,7.0968204370533785,2.6311927485409115,2,-0.3147293043870807,2.0,2.0
2021-05-29,-3.076569154215214,6.691173642025318,-0.4788754559480194,6.999570325490261,-11.16762008833856,2,0.11967481978208738,2.0,2.0
2021-05-30,3.021994407898632,6.4282214549528565,0.450252803787829,6.76098021679068,-7.357747422337546,2,-0.2629521870724618,2.0,2.0
2021-05-31,4.533591723246566,6.167358368060484,0.7143937137862665,6.54889608278244,-5.120312280367756,2,-0.26086308689237203,2.0,2.0
2021-06-01,-1.7507853573118126,6.021364175841679,-0.3119650260127753,6.375923292624714,-4.6653795305260815,2,-0.14599419221880527,2.0,2.0
2021-06-02,2.3977788702314484,5.744031255569317,0.3952118459650368,6.210429779289932,5.12601048984962,2,-0.2773329202723618,2.0,2.0
2021-06-03,4.255661695136936,5.499549921074253,0.7506054277062669,5.972105035099718,12.45824133920177,2,-0.24448133449506404,2.0,2.0
2021-06-04,-6.084038726712571,5.388466886816367,-1.1527784306047064,5.76415412147242,3.352208204590568,2,-0.11108303425788613,2.0,2.0
2021-06-05,-3.706474257477588,5.497216467639699,-0.6974700658933406,5.630125741388263,-4.887857776133586,2,0.10874958082333208,2.0,2.0
2021-06-06,0.8693599850188249,5.363443999241252,0.1382862039179898,5.498541706068178,-2.2677124338029486,2,-0.13377246839844759,2.0,2.0
2021-06-07,-6.633285563534308,5.096876121288456,-1.3264900062476337,5.369110679212006,-11.298776867568703,2,-0.266567877952796,2.0,2.0
2021-06-08,-0.2627775063457349,5.313469235957079,-0.0734825334341917,5.331894542188571,-15.817216069051376,2,0.21659311466862352,2.0,2.0
2021-06-09,10.947410238213884,5.045677947812026,2.1443581369414697,5.263336754387702,1.214232895875078,2,-0.2677912881450535,2.0,2.0
2021-06-10,-1.7354742993129335,5.939146032047405,-0.3137057017450843,5.351722667269243,3.1852328540397323,2,0.893468084235379,2.0,2.0
2021-06-11,1.7067578415986162,5.666385830507605,0.2786764287493159,5.412311033522514,4.022630710619524,2,-0.27276020153979985,2.0,2.0
2021-06-12,-4.890419504040544,5.401157751099616,-0.9290765813044336,5.473167359484746,5.765496770113288,2,-0.2652280794079891,2.0,2.0
2021-06-13,9.505680129465688,5.378855802983389,1.7434954195699266,5.486244672890008,15.53395440592471,2,-0.02230194811622699,2.0,2.0
2021-06-14,2.8258787966320758,5.942945045213639,0.4540188579344416,5.665698092370331,7.412422964342902,2,0.5640892422302501,2.0,2.0
2021-06-15,0.4658453327527567,5.705168665824974,0.0592753129879335,5.618902619125844,9.613742596408592,2,-0.2377763793886647,2.0,2.0
2021-06-16,-5.230703159614336,5.414508602289415,-0.9896323429582672,5.568527173482207,2.67628159519564,2,-0.29066006353555895,2.0,2.0
2021-06-17,-0.7684760787668665,5.4251894309635365,-0.1651823894091634,5.573333509454991,6.798225020469317,2,0.010680828674121123,2.0,2.0
2021-06-18,-6.14015913917374,5.157599991800336,-1.215260746001144,5.529082347218379,-8.84761424817011,2,-0.2675894391632001,2.0,2.0
2021-06-19,-0.4800219817294504,5.30230105665506,-0.1146090442004892,5.4009535495066645,-12.153515026531636,2,0.14470106485472378,2.0,2.0
2021-06-20,0.2311625313792475,5.037418383623314,0.020544820592761,5.2674034930663325,-12.388197827905143,2,-0.26488267303174595,2.0,2.0
2021-06-21,-11.952179584867828,4.78404865140716,-2.5250264241672675,5.141311502889881,-19.10967425315864,2,-0.25336973221615455,2.0,2.0
2021-06-22,2.5833047609392423,6.0006032264060885,0.4092313712221485,5.256394261978391,-15.757893413452528,2,1.2165545749989288,2.0,2.0
2021-06-23,3.676667515561327,5.747492396190842,0.6174863047189761,5.374372742856493,-5.9410667587174615,2,-0.2531108302152463,2.0,2.0
2021-06-24,2.747569985764464,5.573453054498802,0.4700677094988164,5.428603142425241,-2.713474791223547,2,-0.1740393416920405,2.0,2.0
2021-06-25,-9.130465397426413,5.357003718150976,-1.72823010006403,5.492520209330773,-12.075102720029207,2,-0.21644933634782593,2.0,2.0
2021-06-26,1.7188238400922984,5.9053957543020825,0.2694407338400837,5.716789629909759,1.5959007049309193,2,0.5483920361511068,2.0,2.0
2021-06-27,7.374727447930951,5.625957580920298,1.288146536701836,5.6418605008126,6.387323391922628,2,-0.27943817338178434,2.0,2.0
2021-06-28,-0.623326245575484,5.833155158722174,-0.1287460901652116,5.658993053318866,2.087329630785817,2,0.20719757780187553,2.0,2.0
2021-06-29,4.078512112413968,5.539460449336222,0.713217916096929,5.65219453228635,3.4182717574353205,2,-0.2936947093859521,2.0,2.0
2021-06-30,-2.3325202965851943,5.411033301564524,-0.4546617686331546,5.66300044896906,10.21621685827654,2,-0.1284271477716974,2.0,2.0
2021-07-01,-4.2818245600875215,5.197663358659271,-0.8483608749263003,5.521453969840498,4.215568458096719,2,-0.21336994290525357,2.0,2.0
2021-07-02,0.9632020913439732,5.137963335414565,0.1626193809418312,5.423855120739352,-2.195956898490259,2,-0.059700023244706024,2.0,2.0
2021-07-03,2.2504948021344617,4.886194674914031,0.4344536533912826,5.234463023977723,0.6778641492196869,2,-0.2517686605005336,2.0,2.0
2021-07-04,1.7703918010917974,4.692241011939315,0.3500932970993802,5.065019136498341,-1.6302561621024836,2,-0.1939536629747156,2.0,2.0
2021-07-05,-4.467475626166717,4.490501506109116,-1.023303364747182,4.88091277740726,-3.7652114916840063,2,-0.20173950583019984,2.0,2.0
2021-07-06,1.439221007946223,4.521502663373902,0.2900697912075375,4.745680638350185,1.9558340763497384,2,0.031001157264786805,1.0,2.0
2021-07-07,-1.1157826650300962,4.3190301680994105,-0.2879008228864277,4.581894004887155,-0.1231506800243309,2,-0.20247249527449185,1.0,2.0
2021-07-08,-2.931177853796463,4.127229424104229,-0.7411382343731433,4.430100954725194,-5.304823335955256,2,-0.19180074399518166,1.0,1.0
2021-07-09,2.76173634478738,4.050419573635571,0.6503194601111576,4.3017366670644455,-4.313478792259673,2,-0.07680985046865807,1.0,1.0
2021-07-10,-0.8244201233594595,3.948353132669836,-0.241135928273137,4.1933069923765895,-0.6704232894524154,2,-0.1020664409657348,1.0,1.0
2021-07-11,2.1242252673875583,3.771542683745397,0.52937372326589,4.0433149964508885,0.0145809699889198,1,-0.1768104489244391,1.0,1.0
2021-07-12,-3.2180926347830763,3.650625398312892,-0.9164901747427509,3.909634042493585,-2.08772899976406,1,-0.12091728543250513,1.0,1.0
2021-07-13,-1.37820864258007,3.644462782178442,-0.4131962396161379,3.813080714108428,-0.5347597885476674,1,-0.006162616134449905,1.0,1.0
2021-07-14,0.3672599836431089,3.507564279330144,0.0683067479669494,3.7045096552473424,-2.9292361496919384,1,-0.13689850284829808,1.0,1.0
2021-07-15,-3.224946835684328,3.345805294149309,-1.0020357478613475,3.5840000875432367,-5.329762862016807,1,-0.16175898518083498,1.0,1.0
2021-07-16,-1.1366530858486712,3.373217300467024,-0.3748121296871848,3.504335010887562,-8.590641215253036,1,0.027412006317715232,1.0,1.0
2021-07-17,0.3543169217346431,3.2448915602281327,0.0698474026298982,3.42318824327061,-5.018231658735317,1,-0.12832574023889132,1.0,1.0
2021-07-18,0.8329203113175865,3.0994590646835447,0.2275399100818783,3.3141874997716307,-2.8071027048376607,1,-0.14543249554458804,1.0,1.0
2021-07-19,-3.1272502988711537,2.9711829707191577,-1.0954963074927524,3.2069112380494333,-6.301612987351923,1,-0.128276093964387,1.0,1.0
2021-07-20,-3.3338555734211184,3.0320154436403697,-1.141658184861384,3.144153267947646,-6.410521725088714,1,0.060832472921211966,1.0,1.0
2021-07-21,7.443417235693239,3.108994773035845,2.3530909812732137,3.09130876246141,2.169548596453197,1,0.07697932939547547,1.0,1.0
2021-07-22,0.6283788882168295,3.802337908090549,0.1316845650972784,3.2027980320338933,2.4436105629353837,1,0.6933431350547039,1.0,1.0
2021-07-23,3.8503942271905354,3.625310404591885,1.0268705675624996,3.307968300015561,5.461084478808331,1,-0.17702750349866392,2.0,1.0
2021-07-24,2.094824435667064,3.6602658265729016,0.5374349444646419,3.44578487118631,10.68315921334655,1,0.03495542198101642,1.0,1.0
2021-07-25,3.037861979765744,3.54609672012615,0.8206748250299233,3.548601126483466,17.05487676653341,1,-0.11416910644675138,1.0,1.0
2021-07-26,5.469542869161259,3.5103226443290696,1.5217613125545686,3.628866700742111,15.08100240000143,1,-0.035774075797080584,2.0,2.0
2021-07-27,5.394285348803685,3.769222331837417,1.397268510769777,3.6222435854914847,19.84690886058829,1,0.2588996875083476,1.0,2.0
2021-07-28,1.4835126516453911,3.9761174609184615,0.3409967111221026,3.692404996756801,17.480027285043143,2,0.20689512908104435,1.0,1.0
2021-07-29,0.0312873700597293,3.810435657822099,-0.0252943004507755,3.72243896300664,15.416490219435808,1,-0.1656818030963625,1.0,1.0
2021-07-30,5.417223065261823,3.6294139621847874,1.4574125315924713,3.7391024114183664,17.795851304931887,1,-0.18102169563731163,1.0,2.0
2021-07-31,-1.4532545375150363,3.861266911392328,-0.4094314763083818,3.809291264831019,10.873053898255591,2,0.23185294920754052,1.0,1.0
2021-08-01,-4.047804375571396,3.712612376404104,-1.1246727712664235,3.797969273744356,1.4309641738805112,1,-0.148654534988224,1.0,1.0
2021-08-02,-1.952524946480949,3.7877290312567222,-0.5491930926821859,3.760291587812008,-2.005073424245829,1,0.07511665485261831,1.0,1.0
2021-08-03,-2.7122491205131998,3.670479098212717,-0.7737188304200082,3.732300275890132,-4.748609914818758,1,-0.11724993304400533,1.0,1.0
2021-08-04,4.094316463847747,3.617052562460703,1.0966516855680368,3.729827995945315,-6.071516516232833,1,-0.05342653575201384,1.0,1.0
2021-08-05,2.7838357371246403,3.679851105007589,0.7218134611677807,3.693544834668367,-1.8344262415931567,1,0.062798542546886,2.0,1.0
2021-08-06,4.653814062641537,3.610884782518886,1.2534723927267355,3.673199315891323,6.867192196619776,1,-0.06896632248870294,1.0,1.0
2021-08-07,3.981881145877608,3.741816430966071,1.0300375613149704,3.664016795833193,12.801598288978331,1,0.13093164844718475,1.0,1.0
2021-08-08,-1.715152390208985,3.777614372842761,-0.4878269412288475,3.685443850759202,13.798695019282547,1,0.035797941876690054,1.0,1.0
2021-08-09,5.696271209006909,3.647739043299936,1.5265898871790538,3.691581146927049,15.40064976444171,1,-0.12987532954282477,2.0,2.0
2021-08-10,-1.6974141392609,3.917575355803607,-0.4658707613611565,3.739125997086252,10.91939988805617,2,0.2698363125036707,2.0,1.0
2021-08-11,0.0188760572342516,3.77662587511621,-0.0288070941629691,3.772274215605717,6.284461882648884,1,-0.140949480687397,1.0,1.0
2021-08-12,-2.5891753544200924,3.5976904775171548,-0.7551636378491562,3.743449024915934,-0.2865946176488165,1,-0.17893539759905508,1.0,1.0
2021-08-13,7.30094797189178,3.5408674193173706,2.0258533991757472,3.696099634210856,8.729505744451949,1,-0.05682305819978417,1.0,1.0
2021-08-14,-1.467774375797326,4.100059841375298,-0.3891270156923345,3.786563793825928,1.5654601596477136,2,0.5591924220579276,1.0,1.0
2021-08-15,-0.1060958486425178,3.935669429870439,-0.0593966356283239,3.7901826086392942,3.156778450266096,2,-0.1643904115048591,1.0,1.0
2021-08-16,-2.2408306921166243,3.747727187275748,-0.631983132228826,3.7844028710712014,0.8970717009152196,1,-0.18794224259469106,1.0,1.0
2021-08-17,-2.88691990345864,3.652066475016461,-0.8254476194555257,3.795278070571063,0.5993271518766718,1,-0.09566071225928718,1.0,1.0
2021-08-18,0.2364966650011624,3.6152427216332623,0.0301022639262703,3.810153131034242,-6.465124155013946,1,-0.03682375338319854,1.0,1.0
2021-08-19,4.18858533323494,3.446146344516173,1.1783932697054535,3.679370431662417,-0.8087644459816801,1,-0.16909637711708925,1.0,1.0
2021-08-20,5.4597906983852695,3.541287822582283,1.5057011152683133,3.600494110204785,4.757122101046107,1,0.09514147806610973,1.0,1.0
2021-08-21,-0.8828701235467307,3.793609966824525,-0.2663794662131917,3.609670666114541,6.115082669616001,1,0.2523221442422421,1.0,1.0
2021-08-22,0.8473475397265062,3.6283039841659472,0.198351039061274,3.604918167944438,9.849350112801147,1,-0.16530598265857765,1.0,1.0
2021-08-23,0.4541346683280878,3.4660948870082184,0.0941881294464064,3.5750886010194294,10.066988116128073,1,-0.1622090971577288,1.0,1.0
2021-08-24,-3.78448943309504,3.307689362172232,-1.1827468299389727,3.547397204550641,2.0939133497980933,1,-0.15840552483598636,1.0,1.0
2021-08-25,2.5960121950429738,3.402823986181484,0.7253806046476771,3.519704437270481,-0.7698651535442025,1,0.0951346240092521,1.0,1.0
2021-08-26,-4.210229745237548,3.343879698103924,-1.2972653956822346,3.429758383526361,-4.09722477523502,1,-0.05894428807756036,1.0,1.0
2021-08-27,4.409943030226771,3.487698769195691,1.2278220222491545,3.401637340532309,-0.5346292847347556,1,0.14381907109176728,1.0,1.0
2021-08-28,-0.3190364438573567,3.604550012985839,-0.123928400683878,3.4293283657278337,-1.3078003969202,1,0.11685124379014811,1.0,1.0
2021-08-29,-0.148508475840714,3.43898060010754,-0.0803081442998276,3.455586613314895,2.328180560334125,1,-0.16556941287829918,1.0,1.0
2021-08-30,-3.702463994727623,3.281781146252174,-1.1670899119944982,3.431378045329033,-3.970295629436471,1,-0.15719945385536604,1.0,1.0
2021-08-31,0.2371071858730644,3.370408073796659,0.0324701071917254,3.43668372046758,0.4770413016741415,1,0.08862692754448487,1.0,1.0
2021-09-01,3.500565378801745,3.2164420706107326,1.04864183166348,3.382432380750589,-0.4323363497508836,1,-0.15396600318592624,1.0,1.0
2021-09-02,0.9792724788171724,3.2608763019969214,0.2611576538057059,3.313697638552805,0.8659725729236456,1,0.04443423138618874,1.0,1.0
2021-09-03,1.404412800618715,3.1257922575014097,0.4084542480766923,3.251059970031579,2.4188938493830747,1,-0.1350840444955117,2.0,1.0
2021-09-04,-0.1615484996733585,3.015584910860916,-0.0959078197628399,3.1978207229533275,5.959809344437339,1,-0.11020734664049359,2.0,1.0
2021-09-05,3.557543501667304,2.8853880031916748,1.1887045428331702,3.10081670883233,9.28024566023158,1,-0.1301969076692413,2.0,1.0
2021-09-06,1.6863140380221964,2.977668828373328,0.5234444974986149,3.05306206038485,7.465994319452029,1,0.09228082518165337,2.0,1.0
2021-09-07,-11.723249529729962,2.892895530706424,-4.096559685054746,2.9794659061267508,-5.236527689095105,1,-0.08477329766690422,2.0,1.0
2021-09-08,-1.5494793572990773,4.737062116820421,-0.3540483511459276,3.301719877990553,-8.190419847012897,2,1.8441665861139969,2.0,2.0
2021-09-09,0.6488390533952781,4.533740713960517,0.1149535034840959,3.605351038610473,-7.380032293944261,2,-0.20332140285990352,1.0,2.0
2021-09-10,-3.303518664446514,4.312867694831625,-0.7955700433369076,3.8908469769384633,-14.24109446005808,2,-0.22087301912889235,2.0,2.0
2021-09-11,0.7049939410356032,4.249949900768358,0.1358426052255809,4.145303191417469,-15.222414557044672,2,-0.06291779406326725,1.0,1.0
2021-09-12,1.888655452823862,4.046821886729851,0.4351527760985414,4.376088462622154,-1.6105095744908482,2,-0.20312801403850678,1.0,1.0
2021-09-13,-2.4174296052118294,3.893562559092657,-0.6536685210579899,4.207388551076602,-2.4784598224036003,2,-0.15325932763719408,1.0,1.0
2021-09-14,4.627200677790988,3.798159977704751,1.1846607382959815,4.060272403825448,1.4999018019921095,1,-0.0954025813879058,1.0,1.0
2021-09-15,2.275460131450835,3.9009636593963006,0.5505794579348091,3.977891596738383,7.078880597889459,2,0.10280368169154963,1.0,1.0
2021-09-16,-0.8190739435939065,3.779091314346168,-0.2505214982334279,3.883719879453946,5.554812713259949,1,-0.12187234505013267,2.0,1.0
2021-09-17,-1.0854079709277542,3.6129039467461705,-0.3357624955563234,3.7969362914572096,2.580749289508333,1,-0.16618736759999742,2.0,1.0
2021-09-18,2.1160126154024184,3.4661691486420736,0.5736427899787732,3.711457609367093,7.1141915101225806,1,-0.14673479810409695,2.0,1.0
2021-09-19,-2.1314594702564804,3.3683652823781096,-0.6706900693082005,3.625498670301765,0.3555313620751121,1,-0.09780386626396398,2.0,1.0
2021-09-20,-9.810793836995655,3.29677401941112,-3.014602594207512,3.504660742304728,-11.73072260637138,1,-0.0715912629669897,2.0,1.0
2021-09-21,-5.148826786332528,4.504860759328025,-1.1712895786720463,3.6498146313011,-16.06047544911,2,1.2080867399169053,2.0,2.0
2021-09-22,6.839960199678252,4.611616358474939,1.4555179797005005,3.8495571136468536,-8.135107278503995,2,0.10675559914691402,2.0,2.0
2021-09-23,2.985630902322356,4.8937065435763465,0.584007480308926,4.135064592633708,-7.265488991584057,2,0.28209018510140726,2.0,2.0
2021-09-24,-4.686219528987401,4.740040286973184,-1.0155798077611706,4.409399593552723,-9.820249050314978,2,-0.15366625660316213,2.0,2.0
2021-09-25,-0.2878952738409879,4.7667151878292335,-0.0871805702465866,4.703387827236346,-0.2973504871603083,2,0.026674900856049177,2.0,2.0
2021-09-26,1.1450682044497285,4.530926385410197,0.2245453674305481,4.708600952452779,5.996544503621948,2,-0.23578880241903644,2.0,2.0
2021-09-27,-2.277158282957004,4.319525682264206,-0.5567342653542167,4.650182817210633,-3.120573979013308,2,-0.21140070314599146,2.0,2.0
2021-09-28,-2.8852332947741037,4.181327287942901,-0.7205613820039903,4.507706966083944,-8.991438176109767,2,-0.13819839432130454,2.0,1.0
2021-09-29,1.2828924814572318,4.096188177052393,0.2820238614749132,4.378936544099786,-3.0223261656651346,2,-0.08513911089050819,2.0,1.0
2021-09-30,5.218276011816414,3.915831614577989,1.3000064452281106,4.208759829449537,2.4838451199922678,2,-0.18035656247440413,2.0,1.0
2021-10-01,9.420841893127909,4.077495299246884,2.279137445089717,4.118073612216874,10.759618808670446,2,0.16166368466889525,2.0,2.0
2021-10-02,-0.8462113921140713,4.913268786268457,-0.1982144899690593,4.236822233017724,12.190565699513378,2,0.835773487021573,2.0,2.0
2021-10-03,1.0185835179136404,4.677639619384837,0.1904622664355181,4.336084699306112,16.094382512201122,2,-0.23562916688362012,2.0,2.0
2021-10-04,1.8763728593427231,4.4544174643132575,0.392577300829008,4.407730556758285,16.687862890086613,2,-0.2232221550715794,2.0,2.0
2021-10-05,4.774761053468524,4.272693698055402,1.087625677718599,4.479102973453768,16.244347931738723,2,-0.18172376625785525,2.0,2.0
2021-10-06,7.201410137731124,4.334344699211093,1.632020744584898,4.530472853446609,14.02491617634194,2,0.061651001155691,2.0,2.0
2021-10-07,-2.8498794333346567,4.717297490138587,-0.6311980777121206,4.491278594220636,12.021248135121354,2,0.3829527909274937,2.0,2.0
2021-10-08,0.3003760744167749,4.585219805972496,0.0376658933023855,4.472794631538167,11.303040691624489,2,-0.13207768416609067,2.0,2.0
2021-10-09,1.8366792910816443,4.358377876858303,0.3921205698383679,4.4535867140471765,11.26334712336341,2,-0.22684192911419299,2.0,2.0
2021-10-10,-0.3583836316876088,4.181401611085439,-0.116241717809657,4.435328296653184,6.130202438207277,2,-0.17697626577286396,1.0,1.0
2021-10-11,4.834896270757305,3.981129618222677,1.182384661572952,4.3646852804555,3.763688571233459,2,-0.2002719928627621,2.0,1.0
2021-10-12,-2.5435763506084896,4.085621829338599,-0.6538162699894216,4.238350148295503,4.069991653959626,2,0.1044922111159221,2.0,1.0
2021-10-13,2.397881481648234,3.983280287369983,0.5699352401611044,4.117962244575,6.167497061191085,2,-0.10234154196861622,1.0,1.0
2021-10-14,-0.1387245701897299,3.862532953467564,-0.0689687953050617,4.018793259896853,4.192093199919711,2,-0.12074733390241921,1.0,1.0
2021-10-15,7.188745837457944,3.679243049115709,1.9191654557091615,3.9183615475029066,11.739222669065263,1,-0.183289904351855,1.0,2.0
2021-10-16,-1.1458884632588706,4.187661838587755,-0.3041215329185689,3.959667991575922,5.758437935049088,2,0.5084187894720462,1.0,1.0
2021-10-17,1.0803865067540386,4.005249203916516,0.2378670549101909,3.943593466491505,9.382400792411616,2,-0.18241263467123936,2.0,1.0
2021-10-18,0.7646292349290817,3.82486498564588,0.1665312534906359,3.911910406146685,7.749148545692464,1,-0.1803842182706359,1.0,1.0
2021-10-19,3.54134436604987,3.648688254576333,0.9355895745083924,3.8691414663684394,11.429217481932064,1,-0.176176731069547,1.0,1.0
2021-10-20,2.657783454203688,3.649347696340409,0.693305760452443,3.8631623958133785,6.898255098677808,1,0.000659441764076174,1.0,1.0
2021-10-21,-5.9027668390729815,3.573468609258348,-1.6875582726222946,3.740323749947497,2.141376722863697,1,-0.07587908708206115,1.0,1.0
2021-10-22,-2.4702251082704407,3.928219702683648,-0.6613415183811291,3.724917849700923,-1.4092348921607822,2,0.3547510934253002,1.0,1.0
2021-10-23,1.1489604888575755,3.8336857971693594,0.2663991960881681,3.726682012005619,-1.0249036382322885,1,-0.09453390551428864,1.0,1.0
2021-10-24,-0.7566491344887183,3.666116140042028,-0.2412140737351573,3.730167589098758,-5.322897138770877,1,-0.16756965712733152,1.0,1.0
2021-10-25,3.402727333400435,3.5054810405167784,0.9342676856927444,3.701394257934032,-4.57795325957413,1,-0.16063509952524946,1.0,1.0
2021-10-26,-4.3377186101063,3.50762737216478,-1.273050928949575,3.688226010515319,-3.012905030607449,1,0.002146331648001709,1.0,1.0
2021-10-27,-3.166384386368293,3.6449970395411446,-0.9037192691986382,3.631581477886818,-3.709064308705301,1,0.13736966737636447,1.0,1.0
2021-10-28,3.593449158802464,3.6344537575149993,0.9535901996824706,3.5917350699559463,-1.2645756387604123,1,-0.010543282026145295,1.0,1.0
2021-10-29,2.614437550515447,3.641795218225864,0.6828412162312273,3.586870885592713,2.106511046243753,1,0.007341460710864833,1.0,1.0
2021-10-30,-0.5464750380490102,3.5633595374985862,-0.1891879574294312,3.5984465849890745,-1.842691325205692,1,-0.07843568072727791,1.0,1.0
2021-10-31,-0.9250698649358567,3.404292087112732,-0.3092388997284139,3.5777795279786653,1.5699574199647517,1,-0.15906745038585424,1.0,1.0
2021-11-01,-0.5142950065019747,3.265917205803644,-0.1965648975418642,3.5019635612311646,4.22204679983107,1,-0.13837488130908815,1.0,1.0
2021-11-02,3.5775877348473983,3.125233641795485,1.1038912464888058,3.4001195380872624,4.206185375876004,1,-0.14068356400815896,1.0,1.0
2021-11-03,-0.4062805617150999,3.18920197999035,-0.167424402562846,3.3096008904401595,1.1854672636454566,1,0.06396833819486503,1.0,1.0
2021-11-04,-2.4399034254608765,3.0513284266351186,-0.8414607478780389,3.2071946682674657,-0.7079611237664096,1,-0.13787355335523133,1.0,1.0
2021-11-05,-0.5328129187967434,3.033825018940954,-0.2177062253459609,3.13310125463311,-0.3157041776272962,1,-0.017503407694164697,1.0,1.0
2021-11-06,0.6551908440947329,2.9088288337406487,0.1813517397582069,3.061683580220511,0.8537816729694114,1,-0.1249961852003052,1.0,1.0
2021-11-07,2.882768153978432,2.789263335567124,0.9877512977745518,2.994489518974839,0.1589620921004453,1,-0.1195654981735248,1.0,1.0
2021-11-08,6.480556096155787,2.81770295183564,2.254633128584425,2.920189713343897,7.045798749971333,1,0.028439616268515877,1.0,1.0
2021-11-09,-0.884509918220111,3.3953936859770333,-0.2981037506305793,2.9890027652122795,8.601192257212098,1,0.5776907341413935,1.0,1.0
2021-11-10,-2.995816542044416,3.256265315817755,-0.9592235010177714,3.03349082458764,6.138188633964425,1,-0.13912837015927826,1.0,1.0
2021-11-11,-0.0696748107282374,3.270099433786871,-0.0603481604034091,3.1057449445968843,5.413322979141455,1,0.013834117969115933,1.0,1.0
2021-11-12,-1.2300437518714349,3.1228665357944725,-0.4347651142776282,3.1724655846423544,1.300511073291588,1,-0.14723289799239847,1.0,1.0
2021-11-13,0.4875963708276032,3.0165923399882453,0.1193156568155893,3.2122434622728755,-4.692448652036596,1,-0.10627419580622721,1.0,1.0
2021-11-14,1.535108463806978,2.8871663378040338,0.4874810193445382,3.110597992638275,-2.272830270009507,1,-0.12942600218421152,1.0,1.0
2021-11-15,-2.959290584671592,2.801199373477928,-1.1020137617965755,3.01958480417031,-2.2363043126366837,1,-0.08596696432610562,1.0,1.0
2021-11-16,-5.4922454251583375,2.8641011622120347,-1.9621915502645624,2.938385149855343,-7.658874927066783,1,0.06290178873410657,1.0,1.0
2021-11-17,0.3430964922232604,3.2926549694256257,0.0654264779597631,2.972342836581573,-6.085734682972088,1,0.42855380721359104,1.0,1.0
2021-11-18,-5.842375040330872,3.1441274855788897,-1.898792190250107,2.997849865699702,-12.415706094130565,1,-0.14852748384673609,1.0,1.0
2021-11-19,2.0466973046305625,3.574058446520627,0.5369323582443707,3.135228287443021,-11.904117253306978,1,0.42993096094173744,1.0,1.0
2021-11-20,2.6782459618040377,3.46367912663224,0.7363777631004033,3.267724238073883,-6.266580706831348,1,-0.1103793198883869,1.0,1.0
2021-11-21,-1.6326255638853482,3.4057088983183346,-0.5168660302093271,3.376045785295143,-2.406960845558359,1,-0.057970228313905636,1.0,1.0
2021-11-22,-4.245451447744841,3.2991202489855564,-1.3255415965897448,3.3773388412071297,-6.995508785526461,1,-0.10658864933277812,1.0,1.0
2021-11-23,2.2481248103211726,3.454019375734567,0.6139094501845939,3.439317219238265,1.0949910651255834,1,0.15489912674901074,1.0,1.0
2021-11-24,-2.2638719964637843,3.3656711997991504,-0.7105690154889557,3.3976397698939698,-3.2155782359687635,1,-0.08834817593541677,1.0,1.0
2021-11-25,1.7511838160780613,3.304126943774046,0.4913594935267885,3.3657293333223306,-4.14264038169474,1,-0.06154425602510427,1.0,1.0
2021-11-26,-6.6873801021282375,3.1977499548974464,-2.131201586330357,3.324137544638153,-9.19739491993763,1,-0.10637698887659974,1.0,1.0
2021-11-27,2.298046960742184,3.770210669358013,0.5756647245058916,3.418355628712645,-2.653896511450604,1,0.5724607144605667,1.0,1.0
2021-11-28,4.3435386277888455,3.659816660704092,1.1519344667229172,3.45951508570655,-0.5584826939829313,1,-0.11039400865392102,1.0,1.0
2021-11-29,0.9701684218224926,3.746231403516009,0.2248923402315028,3.535627126449921,2.6755577243033457,1,0.08641474281191686,1.0,1.0
2021-11-30,-1.3955922421075684,3.579411177283235,-0.4255621500575273,3.5906839731517586,-0.4712183338822839,1,-0.16682022623277382,2.0,1.0
2021-12-01,0.3928780734842263,3.4479047399260043,0.0769187141327134,3.640714930157471,6.60903984173018,1,-0.13150643735723078,2.0,1.0
2021-12-02,-1.3227302108742125,3.290054428089048,-0.4408437358751156,3.5446836819036776,2.988262670113784,1,-0.15785031183695653,2.0,1.0
2021-12-03,-5.233158566534257,3.175940593123431,-1.687949784885331,3.4479084683875447,-6.588434524209319,1,-0.11411383496561678,1.0,1.0
2021-12-04,-8.560843085516368,3.496821888590432,-2.484688393281516,3.39802656540243,-16.11944603154818,1,0.32088129546700106,1.0,1.0
2021-12-05,0.3411696472447545,4.36589236621368,0.0489017948449522,3.555322803188519,-14.382684142195856,2,0.8690704776232483,2.0,2.0
2021-12-06,2.428852685142857,4.15215362974603,0.5542143224711511,3.696172581152524,-12.346709530537224,2,-0.21373873646765063,1.0,1.0
2021-12-07,0.2319467736866087,4.020374292483619,0.0259371619812941,3.842236554031439,-10.792032545976404,2,-0.13177933726241076,2.0,1.0
2021-12-08,-0.3859286221386426,3.8267334782546967,-0.1342132394362399,3.972395131057692,-5.94480260158079,1,-0.19364081422892232,1.0,1.0
2021-12-09,-5.77215558084756,3.648395637702,-1.6171012798931776,4.002709880880005,-3.156115096911982,1,-0.17833784055269675,2.0,1.0
2021-12-10,-0.9035819421615798,3.968780288071247,-0.2598409440044309,3.9232874652515184,-4.400866686318317,2,0.3203846503692471,2.0,1.0
2021-12-11,4.388024071672447,3.792856750299928,1.123257396129849,3.8514280893622974,-2.4416952997887265,1,-0.17592353777131908,2.0,1.0
2021-12-12,1.4796607838164275,3.867961799190061,0.3495357967760953,3.820945590703586,-1.1939812896589077,2,0.07510504889013303,2.0,1.0
2021-12-13,-6.9441370308174655,3.709335923856996,-1.9064886142480129,3.7974660798240474,-7.75218969833773,1,-0.15862587533306494,2.0,1.0
2021-12-14,-0.2674827620426256,4.213243425339158,-0.0937881808829611,3.9104356373514775,-2.247516879532796,2,0.5039075014821619,1.0,1.0
2021-12-15,4.783877809998138,4.010006775781046,1.1611471989730489,3.9186809348934375,3.439942872626922,2,-0.20323664955811171,1.0,1.0
2021-12-16,-2.550406419845963,4.104698663561856,-0.6524415831195487,3.981049317545824,-3.498487618891488,2,0.09469188778080984,1.0,1.0
2021-12-17,-3.118009325604021,4.001271844771624,-0.8111618320265118,4.007711326662136,-8.096157728311937,2,-0.10342681879023186,1.0,1.0
2021-12-18,1.3898695656308746,3.951408308474187,0.3194303885242462,4.056125803585575,0.2378488681364032,2,-0.04986353629743734,1.0,1.0
2021-12-19,-0.3030530184135571,3.7839601396024616,-0.1138285491812391,3.9702691464382354,0.2022786117654718,1,-0.1674481688717253,1.0,1.0
2021-12-20,0.3702680378991019,3.60711295666018,0.0672555493484443,3.8896903826140616,-4.211331160333565,1,-0.17684718294228174,1.0,1.0
2021-12-21,4.292879288746754,3.439233748433872,1.2110865148978145,3.7565973995884656,2.631954548259152,1,-0.16787920822630786,1.0,1.0
2021-12-22,-0.6315834406489529,3.5480087667035813,-0.2139941485520615,3.6659447839748567,5.11838043321422,1,0.10877501826970937,1.0,1.0
2021-12-23,4.338193932958667,3.3918066960614546,1.2413809617779434,3.5540244614923098,8.066704800542013,1,-0.15620207064212677,1.0,1.0
2021-12-24,0.074121566755636,3.5126037918299824,-0.0152445623972571,3.499753191937814,8.443879385711206,1,0.12079709576852782,1.0,1.0
2021-12-25,-0.7749727198993028,3.349676732631514,-0.2694714942319866,3.448265947132081,7.298638627912801,1,-0.16292705919846817,1.0,1.0
2021-12-26,0.7500204929835164,3.21018261913048,0.1938677304019103,3.402455721271403,3.755779832149564,1,-0.13949411350103436,1.0,1.0
2021-12-27,-0.3333620966692763,3.0727020424005445,-0.1500411575038776,3.307394376410796,4.0540011761292405,1,-0.1374805767299354,1.0,1.0
2021-12-28,-6.21514265119778,2.9411208495277883,-2.1565969744674653,3.217257207104062,-6.499335408027207,1,-0.13158119287275616,1.0,1.0
2021-12-29,-2.4336011956341608,3.485861893910416,-0.7347597087955698,3.211908827520149,-9.007058170417004,1,0.5447410443826275,1.0,1.0
2021-12-30,1.5667738713133872,3.426740260725493,0.4199630224006755,3.2273215331389444,-6.665311579204314,1,-0.05912163318492292,1.0,1.0
2021-12-31,-1.8649172756866503,3.302225427487305,-0.6034073063388223,3.24573009481031,-9.28024934787448,1,-0.1245148332381878,1.0,1.0
2022-01-01,2.93737331477697,3.2178775603538776,0.8731543036183608,3.274765198400976,-6.009513936428235,1,-0.08434786713342746,1.0,1.0
2022-01-02,-0.7189054400020822,3.205518325714221,-0.2640992901672109,3.3276446936382627,-0.5132767252325365,1,-0.012359234639656602,1.0,1.0
2022-01-03,-1.891463669576332,3.0739816493765653,-0.6568462581495446,3.2452686447314925,0.0288608008252921,1,-0.13153667633765576,1.0,1.0
2022-01-04,-1.2138934663861178,3.0105941834550847,-0.4456140745224963,3.162039429277411,-2.751806536874213,1,-0.06338746592148059,1.0,1.0
2022-01-05,-5.206628845481376,2.9118815391319197,-1.8319078053939823,3.0839706516063337,-6.093518106668938,1,-0.09871264432316496,1.0,1.0
2022-01-06,-0.9410297303588776,3.280160820533263,-0.3258070147372125,3.0964273036422107,-9.971921151804786,1,0.36827928140134336,1.0,1.0
2022-01-07,-3.7847988650375086,3.1507616134519063,-1.2417532709458532,3.085475961189748,-13.037814576840212,1,-0.12939920708135677,1.0,1.0
2022-01-08,0.4227048332596794,3.266887708405513,0.0903107743996039,3.124057172995537,-10.7236460740042,1,0.1161260949536067,1.0,1.0
2022-01-09,0.4247935206112885,3.120667847420024,0.0952116215828294,3.146071905788525,-9.084959087006794,1,-0.146219860985489,1.0,1.0
2022-01-10,-0.2157811766201334,2.9837804967978587,-0.1151059373924285,3.160451697321713,-4.094111418145552,1,-0.13688735062216528,1.0,1.0
2022-01-11,2.163341063743829,2.856279961578812,0.7127002313112119,3.075675525530823,-0.9897406240428452,1,-0.1275005352190468,1.0,1.0
2022-01-12,2.7993907251913086,2.813448278562048,0.9496250814746784,3.008212858552852,5.594448966185972,1,-0.0428316830167641,1.0,1.0
2022-01-13,-3.1375827952070168,2.8307434811093937,-1.1534964193803832,2.9209840130936278,2.034161337719276,1,0.017295202547345845,0.0,1.0
2022-01-14,1.1859664695821337,2.910512948388181,0.363611780435878,2.878953033287259,2.795334286690121,1,0.07976946727878742,0.0,1.0
2022-01-15,0.1801155622210615,2.8066510242124645,0.0186862874406508,2.84352713877018,3.191231025531316,1,-0.1038619241757166,0.0,0.0
2022-01-16,-0.1472212364401315,2.6885756335120767,-0.1022440683649552,2.809986273156833,0.8806687253473555,1,-0.11807539070038775,0.0,0.0
2022-01-17,-2.0227571699049207,2.57982398137973,-0.8335556456033365,2.763261413720369,-3.941479169748874,1,-0.10875165213234661,2.0,0.0
2022-01-18,0.2956109256611938,2.5731771183492214,0.065266106256962,2.711748141168335,-0.5082854488806632,0,-0.006646863030508765,2.0,0.0
2022-01-19,-1.5009910442870478,2.4712701896013582,-0.6590379010668995,2.6238995894109705,-3.1952429627498447,0,-0.10190692874786311,2.0,0.0
2022-01-20,-2.581674309560356,2.433763493632543,-1.1132322393222858,2.549322083294986,-5.957032834531262,0,-0.03750669596881506,2.0,0.0
2022-01-21,-10.960468291544068,2.500332372510412,-4.434665602016848,2.5116734310946525,-16.770279889635198,0,0.06656887887786889,2.0,1.0
2022-01-22,-3.993018883964616,4.324915515253099,-0.9527789719518946,2.860691737869326,-18.740541603694894,2,1.8245831427426866,1.0,2.0
2022-01-23,3.496657378118151,4.32468067885383,0.7790142102639596,3.2109924499702487,-15.539495151237936,2,-0.00023483639926880073,1.0,1.0
2022-01-24,1.0352967106697974,4.255454080719312,0.2132855904485164,3.567829228193839,-13.003207396281091,2,-0.06922659813451748,1.0,1.0
2022-01-25,0.8142486826951512,4.058355224614155,0.1691766664716731,3.8927475743901616,-9.607284404025584,2,-0.19709885610515698,1.0,1.0
2022-01-26,-0.2760824449564936,3.868706578726403,-0.1043635931486023,4.1664224156333605,1.0771014425619896,2,-0.18964864588775265,1.0,1.0
2022-01-27,0.7733837890786077,3.68635602232266,0.1751632535575695,4.038710517047273,5.843504115605214,1,-0.18235055640374265,1.0,1.0
2022-01-28,1.724750509041506,3.518971524123577,0.4538487520163264,3.877568686101221,4.071597246528569,1,-0.16738449819908308,1.0,1.0
2022-01-29,0.932135173920834,3.3953459912314976,0.2369318183069828,3.7055470682036575,3.968435709779605,1,-0.12362553289207945,1.0,1.0
2022-01-30,-0.5800446457154607,3.250120851196535,-0.2177501553186692,3.543900193520135,2.574142381368993,1,-0.14522514003496267,1.0,1.0
2022-01-31,1.4804408066392938,3.1119632609243624,0.4347002257990806,3.3925515299597264,4.330665632964781,1,-0.13815759027217256,2.0,1.0
2022-02-01,0.6737318502633372,3.006258532608589,0.1816417882571391,3.256532032016912,4.23101369414951,1,-0.10570472831577327,2.0,1.0
2022-02-02,-4.731073995912283,2.880585651205199,-1.6867207778794835,3.128854857433237,-2.2248108108042786,1,-0.12567288140339006,2.0,1.0
2022-02-03,0.5441215831991641,3.17606724917941,0.1311218800136336,3.084999109022819,-2.6128244015259483,1,0.29548159797421114,2.0,1.0
2022-02-04,11.062688345744752,3.0371116662918007,3.600466453924946,3.0423972720418724,9.029908589934266,1,-0.13895558288760945,2.0,1.0
2022-02-05,-0.1439823483734059,4.583663065664319,-0.0592652686113317,3.336737232989864,7.405485434921566,2,1.5465513993725182,1.0,2.0
2022-02-06,2.316687651757832,4.357443040588152,0.5023629584898339,3.606974134585776,9.04844123641606,2,-0.22622002507616656,1.0,2.0
2022-02-07,3.31115827095374,4.204001310466452,0.75725204666111,3.871657266438026,17.090673503282083,2,-0.15344173012169993,1.0,1.0
2022-02-08,0.6324808965338491,4.130383120145172,0.1222189824558154,4.06252044063118,17.17903281661677,2,-0.07361819032128025,1.0,1.0
2022-02-09,0.4982113681997191,3.933432950756688,0.0942031295312677,4.241784697524157,6.614555839071734,2,-0.1969501693884843,1.0,1.0
2022-02-10,-1.7603393781389087,3.746785898344567,-0.5039009710723298,4.074409264060206,4.998198809306231,1,-0.18664705241212065,1.0,1.0
2022-02-11,-2.6921126055171385,3.6216244668210815,-0.7785959880123248,3.927245549306792,-0.0106014479687388,1,-0.1251614315234857,1.0,1.0
2022-02-12,-0.386212183286716,3.571036206192803,-0.1439027296426132,3.800652528452062,-3.707971902209195,1,-0.05058826062827837,1.0,1.0
2022-02-13,-0.1112080209543009,3.408546151498599,-0.0700819894389009,3.656285134722748,-4.451660819697345,1,-0.1624900546942043,2.0,1.0
2022-02-14,0.9185768314631916,3.2529348965339677,0.2431364851073043,3.520185523878204,-4.031295356433873,1,-0.15561125496463113,2.0,1.0
2022-02-15,4.563060448723988,3.116697544950958,1.4231059351499409,3.3941678531994817,2.292104470429024,1,-0.13623735158300976,1.0,1.0
2022-02-16,-1.3855295049898686,3.30766535762907,-0.4574825491148107,3.331376031361079,3.5986875709562938,1,0.19096781267811203,1.0,1.0
2022-02-17,-8.108233071910398,3.1953317077164085,-2.577479742230999,3.2562351316658003,-4.123333317667388,1,-0.11233364991266148,1.0,1.0
2022-02-18,-1.2586526423760347,4.055850356388659,-0.3418080537979834,3.3856959726438127,-5.270777939089122,2,0.8605186486722509,1.0,1.0
2022-02-19,0.2275138191892622,3.8860346099318175,0.0256930662678745,3.512315915323383,-5.961840951363051,2,-0.16981574645684194,1.0,1.0
2022-02-20,-4.305442174652541,3.700454635015287,-1.1979911352355377,3.629067333336248,-14.83034357473958,1,-0.18557997491653033,1.0,1.0
2022-02-21,-3.5923810948354173,3.807823533812856,-0.9769493612923498,3.729098968573005,-17.03719516458513,1,0.10736889879756895,1.0,1.0
2022-02-22,3.213453434150715,3.822225423026918,0.8073264703655216,3.854477711635107,-5.715508658524016,1,0.014401889214061825,1.0,1.0
2022-02-23,-2.618363461542117,3.7754085461474025,-0.7273472797483926,3.798389349586856,-7.075219477690098,1,-0.04681687687951541,1.0,1.0
2022-02-24,2.739957995155073,3.705000227549436,0.7050710284155272,3.76218247311038,-4.562775301724287,1,-0.0704083185979667,2.0,1.0
2022-02-25,2.273845059530544,3.630477025322628,0.5911552036065537,3.748186951171848,2.0165119324587977,1,-0.07452320222680786,2.0,1.0
2022-02-26,-0.2785272326077503,3.5295768889353045,-0.1150837394471124,3.692537622196338,5.330365794686465,1,-0.10090013638732342,2.0,1.0
2022-02-27,-3.633451792442699,3.3681363600960816,-1.1166773149209543,3.601719809610171,-1.5165394319069492,1,-0.16144052883922289,2.0,1.0
2022-02-28,13.576425730332176,3.43779059712556,3.912034685050351,3.534196219805802,14.678249759967343,1,0.06965423702947815,2.0,2.0
2022-03-01,2.653338033252517,5.456951693714839,0.4628350222935782,3.884586513038882,14.591629798064789,2,2.019161096589279,2.0,2.0
2022-03-02,-0.975371593540686,5.243719445576607,-0.2103547452196737,4.207234997089678,11.342413144993555,2,-0.21323224813823138,2.0,2.0
2022-03-03,-3.409447865241333,4.991181268137282,-0.708673428123844,4.499555872930074,8.211492512359975,2,-0.25253817743932494,2.0,2.0
2022-03-04,-8.12852755652358,4.877190232145737,-1.69281837246038,4.801366647340005,3.7164167482790944,2,-0.11399103599154525,2.0,2.0
2022-03-05,0.6696906228633281,5.351071864801434,0.1012920330955807,5.18402290087518,-9.190318359189751,2,0.47388163265569716,2.0,2.0
2022-03-06,-2.520293705235765,5.082574959997654,-0.5209885541312347,5.109147554131743,-14.363950097678035,2,-0.2684969048037802,2.0,2.0
2022-03-07,-0.9360315270734888,4.902284882565205,-0.2169806992028417,5.040860641529463,-14.324610031210838,2,-0.18029007743244918,2.0,2.0
2022-03-08,1.7584738215960627,4.669377725587228,0.3492551348378953,4.976499933019452,-9.156688344373444,2,-0.23290715697797637,2.0,2.0
2022-03-09,8.04608330138592,4.468665926725435,1.7719860371731513,4.894795071935391,7.017922513536057,2,-0.2007117988617937,2.0,2.0
2022-03-10,-6.254685680053029,4.964160365294607,-1.285686779804763,4.817412772034026,0.0935462106196993,2,0.49549443856917197,2.0,2.0
2022-03-11,-1.6425482290646445,5.149248750897808,-0.3437817804379764,4.830747530214056,0.9712916867908206,2,0.1850883856032013,2.0,2.0
2022-03-12,0.2806706804667769,4.922900763622194,0.0310794414464635,4.834870706425454,2.187993894331086,2,-0.22634798727561378,2.0,2.0
2022-03-13,-2.7475269974985395,4.676301457776449,-0.6148441664628497,4.836255452863298,-2.318006924763516,2,-0.24659930584574496,2.0,2.0
2022-03-14,4.689129940953407,4.540554831510192,1.0046041586946837,4.85063323382025,-5.674960285196029,2,-0.13574662626625766,2.0,2.0
2022-03-15,-0.8302471898177899,4.562459307198888,-0.2099562538000872,4.770293022201106,-0.2505217949607896,2,0.02190447568869658,1.0,2.0
2022-03-16,4.486546767419952,4.347703542702854,1.002569989000014,4.609983980562115,5.878573201523807,2,-0.21475576449603384,1.0,2.0
2022-03-17,-0.4690916877793327,4.36945550567225,-0.1365756812128356,4.499294928972127,5.128810833277697,2,0.021751962969395855,1.0,2.0
2022-03-18,2.0538517974936,4.159434302719439,0.4630875217327586,4.395921497960725,9.930189628269837,2,-0.21002120295281124,1.0,1.0
2022-03-19,0.9274687432013096,4.0063477584536376,0.1996329617359488,4.289080083349414,6.168528430517739,2,-0.15308654426580137,1.0,1.0
2022-03-20,-2.260032288596747,3.822208876996821,-0.6246916481733039,4.141029997309,4.738743331738782,1,-0.18413888145681634,1.0,1.0
2022-03-21,-0.4125761887465273,3.721789185184033,-0.1451575670471092,4.015847125805236,-0.1603796244276978,1,-0.10041969181278843,1.0,1.0
2022-03-22,3.0703791309973028,3.5503365945456595,0.828853653222943,3.8520233435799183,3.3790911943489377,1,-0.17145259063837326,1.0,1.0
2022-03-23,1.2531246090631498,3.5170024202162327,0.3200040262005063,3.723536967079277,2.578364005918488,1,-0.03333417432942687,1.0,1.0
2022-03-24,2.459372596578646,3.373562744968462,0.6911692766406257,3.5969799643822418,4.110267859295824,1,-0.14343967524777046,1.0,1.0
2022-03-25,0.8782716407665703,3.3068288617735844,0.2269854285495023,3.493903961337595,7.248571788659142,1,-0.06673388319487783,1.0,1.0
2022-03-26,0.3423715485570966,3.1660095395914105,0.0678146643069732,3.3827480322190704,8.003519525962766,1,-0.14081932218217386,1.0,1.0
2022-03-27,5.081317579238309,3.025487820496134,1.6373055185490568,3.2777782774091646,10.014457974203772,1,-0.14052171909527633,1.0,1.0
2022-03-28,0.6546412763370313,3.3092506934012387,0.1592419706826082,3.236227932046166,9.415974641477654,1,0.2837628729051045,1.0,1.0
2022-03-29,0.7140599739189568,3.1635271672909444,0.1853596534731441,3.1942208165106627,7.670662018817964,1,-0.14572352611029427,1.0,1.0
2022-03-30,-0.8527995234731023,3.0283385804922776,-0.3237647217606528,3.138522760254401,5.939590854578292,1,-0.13518858679866685,1.0,1.0
2022-03-31,-3.2918009542582283,2.913202917635888,-1.1737838816494857,3.0879614358632965,2.3054183517629667,1,-0.11513566285638976,1.0,1.0
2022-04-01,1.618345401001697,3.0005566888362165,0.4967997212353399,3.0829752095313125,-1.1575538264736451,1,0.08735377120032872,1.0,1.0
2022-04-02,-0.8957035540669622,2.910237569489089,-0.3516459409475811,3.003172584748883,-2.707898656877638,1,-0.09031911934712733,1.0,1.0
2022-04-03,1.2664841243047675,2.805032838711024,0.4059897032760045,2.931473719032899,-2.155474506491828,1,-0.10520473077806525,1.0,1.0
2022-04-04,0.3633785746131934,2.712273979214964,0.0869045317628223,2.868260798777436,-0.9392964084055322,1,-0.09275885949606,1.0,0.0
2022-04-05,-2.314486060589616,2.6015220124254888,-0.938741138211527,2.8059246177353563,0.0380184852630804,1,-0.11075196678947519,1.0,0.0
2022-04-06,-5.294570510057461,2.619686641748332,-2.069804875928132,2.72975060831778,-6.874897425796078,1,0.01816462932284324,1.0,1.0
2022-04-07,0.6852924231532498,3.0680046647036807,0.1817542049826306,2.761304027360698,-5.293901448575866,1,0.4483180229553487,1.0,1.0
2022-04-08,-2.835397225893743,2.938491002586056,-1.008363441549792,2.787995660135704,-9.395782798774375,1,-0.12951366211762494,1.0,1.0
2022-04-09,1.1625235289933755,2.9714251225487707,0.3482685283580993,2.839825888802465,-8.596637844394195,1,0.03293411996271489,1.0,1.0
2022-04-10,-1.3518646577317384,2.8622939949597623,-0.5169050889859997,2.8919802853093204,-7.634016441536318,1,-0.10913112758900834,1.0,1.0
2022-04-11,-6.574699455484989,2.782201986573501,-2.40901601043586,2.924483354274354,-8.914145386963845,1,-0.08009200838626152,1.0,1.0
2022-04-12,1.5198991801760542,3.439577459252877,0.4047675978320416,2.9987979131841933,-8.079538629941041,1,0.6573754726793761,1.0,1.0
2022-04-13,2.5576417495491555,3.3120397114344344,0.733678423819294,3.073507654953869,-2.6864996544981423,1,-0.12753774781844252,1.0,1.0
2022-04-14,-3.0364373354540675,3.258262787790182,-0.9711024604117512,3.1308751880021517,-6.885460518945585,1,-0.05377692364425224,1.0,1.0
2022-04-15,1.53551792271287,3.2759819349406314,0.4297484773222211,3.213612775998325,-3.998077938500977,1,0.0177191471504492,1.0,1.0
2022-04-16,-0.3185572839704775,3.1608740166397142,-0.1411720163658677,3.289347182011568,2.2580642330135348,1,-0.11510791830091716,1.0,1.0
2022-04-17,-1.7657522881942,3.0233419869300184,-0.626267875356655,3.2061000875469965,-1.0275872353567197,1,-0.1375320297096958,1.0,1.0
2022-04-18,2.754626836438589,2.955614003269838,0.8888025158546816,3.1348149459140773,-0.8306021484672854,1,-0.06772798366018051,1.0,1.0
2022-04-19,1.6435294339235185,2.953313491105299,0.5132742474010663,3.0738250865771,3.849364620910301,1,-0.0023005121645387483,1.0,1.0
2022-04-20,-0.3097867846211244,2.8680570593900887,-0.1525271115600407,2.992240111466992,2.004059913576306,1,-0.08525643171521047,0.0,1.0
2022-04-21,-2.068443970831879,2.7495614371091213,-0.7987141569667544,2.909977595560873,0.2541732267149044,1,-0.11849562228096744,0.0,1.0
2022-04-22,-1.9611085251920457,2.7297580186992367,-0.7651880442591041,2.8512608019147168,0.0588169897170587,1,-0.019803418409884532,1.0,0.0
2022-04-23,-0.640161932757799,2.702981420696723,-0.2840683999214882,2.800734285400094,-3.3359717794793298,1,-0.02677659800251364,1.0,0.0
2022-04-24,-0.0441701583344666,2.6036616754294606,-0.0659992941452935,2.7308039222649265,-5.023671371737315,1,-0.0993197452672625,1.0,0.0
2022-04-25,2.474905007609607,2.4997061173613377,0.9390045161189958,2.657133733859176,-2.238979579506584,0,-0.10395555806812284,1.0,0.0
2022-04-26,-5.959955698854813,2.519957334114429,-2.4157652555777,2.6112129132602373,-6.1304913075295175,0,0.02025121675309105,1.0,1.0
2022-04-27,2.9052734994520435,3.1240201853017697,0.8891119968057141,2.6900653465807443,-1.2641092828854283,1,0.6040628511873409,1.0,1.0
2022-04-28,1.348390672152533,3.1183097738104597,0.3914688040193732,2.7731310172034918,0.7244433220249036,1,-0.005710411491310019,1.0,1.0
2022-04-29,-2.970235366082896,3.00619845639576,-1.0305058316855489,2.853638373396751,-2.201621885723526,1,-0.11211131741469949,1.0,1.0
2022-04-30,-2.3452178557919368,3.045568908106824,-0.8119624296290033,2.962810931545848,-7.0217447491250695,1,0.03937045171106357,1.0,1.0
2022-05-01,1.980058020040154,3.0203435121924667,0.6133038636583676,3.062888167161456,0.9182689697698976,1,-0.02522539591435713,2.0,1.0
2022-05-02,0.1564561605817971,2.950130831079674,0.0097576981473163,3.0281102963170365,-1.8305483691003488,1,-0.07021268111279255,2.0,1.0
2022-05-03,-2.0422241840901023,2.822648223451365,-0.7687439903063501,2.9689779862452177,-5.221163225342984,1,-0.1274826076283091,1.0,1.0
2022-05-04,5.03126775329914,2.7935566500036586,1.7553243743439706,2.9264496249667973,2.780339894039052,1,-0.02909157344770641,1.0,1.0
2022-05-05,-8.194136472907587,3.113130766629736,-2.673130931905496,2.93996199667138,-3.068578723076598,1,0.3195741166260775,2.0,1.0
2022-05-06,-1.4713780107637575,4.016902367727566,-0.3980797985153415,3.1392737677784,-6.52001475388051,2,0.9037716010978296,2.0,1.0
2022-05-07,-1.5067299056939376,3.8583303093391126,-0.4236028149728118,3.320913663430288,-8.183200820156245,2,-0.15857205838845312,2.0,1.0
2022-05-08,-4.148559878699665,3.712316003485835,-1.1519034341692218,3.498847219437182,-10.289536514765809,1,-0.14601430585327746,2.0,1.0
2022-05-09,-11.70549632581519,3.79927462493722,-3.1145855902553383,3.6999908144238938,-27.026300593880137,1,0.08695862145138467,2.0,2.0
2022-05-10,2.367869238648268,5.274770092039494,0.4247008921947274,4.132318679505845,-16.464294882324282,2,1.4754954671022746,2.0,2.0
2022-05-11,-6.962706368651972,5.06004074047253,-1.4012488054447698,4.340946354054839,-21.955623240212496,2,-0.21472935156696416,2.0,2.0
2022-05-12,0.3842315640511629,5.327109369045636,0.0481615585189489,4.634702165996144,-20.0646617704674,2,0.26706862857310565,2.0,2.0
2022-05-13,0.8069582993284641,5.057630692677915,0.1343096533075973,4.90376510383456,-15.109143592439269,2,-0.26947867636772127,2.0,2.0
2022-05-14,2.75565403508562,4.808025690009079,0.546582845035428,5.105515316848932,-0.6479932315384573,2,-0.24960500266883567,2.0,2.0
2022-05-15,3.9214229608877114,4.646661335205163,0.8164471246715412,4.979893565482064,0.9055604907009852,2,-0.16136435480391587,2.0,2.0
2022-05-16,-4.716393882593017,4.584067374375554,-1.0567173563171963,4.884698892262669,3.15187297675994,2,-0.06259396082960933,2.0,2.0
2022-05-17,1.867531097186692,4.631509389581383,0.3756575397781755,4.745578896369818,4.635172509895469,2,0.0474420152058288,2.0,2.0
2022-05-18,-5.76896230339532,4.437620331535941,-1.3287824413296343,4.621576824141424,-1.940748092828315,2,-0.19388905804544176,2.0,2.0
2022-05-19,5.401747251089617,4.632247936827568,1.1385568407775213,4.586421273505122,0.7053451231756824,2,0.19462760529162715,2.0,2.0
2022-05-20,-3.742660999960279,4.722906821207721,-0.8194806336254596,4.601670370705634,-6.958738837672307,2,0.09065888438015346,2.0,2.0
2022-05-21,0.7896156156526501,4.659898233653662,0.142051587400571,4.616836542561255,-1.4527293394266394,2,-0.06300858755405958,2.0,2.0
2022-05-22,2.9840116535785555,4.433531465148358,0.6442588716455504,4.57724095767465,-0.336248783034776,2,-0.22636676850530346,1.0,2.0
2022-05-23,-4.122961033666606,4.315818638041439,-0.9848955817180988,4.55288061897575,1.309752486693938,2,-0.117712827106919,1.0,2.0
2022-05-24,1.8949781767068077,4.3297735292698185,0.4081757372117843,4.4923857374642,-2.1970165876888714,2,0.013954891228379118,1.0,2.0
2022-05-25,-0.3148528130159533,4.157289446123852,-0.1064449548649011,4.379262262447425,1.230791599255454,2,-0.17248408314596642,1.0,1.0
2022-05-26,-1.0033699544871766,3.957931946308879,-0.285765304777158,4.238869004978469,-0.5621939708843726,2,-0.19935749981497297,2.0,1.0
2022-05-27,-2.2097889022564488,3.785698038651095,-0.6174445380557487,4.109302319679016,-5.755994526719377,1,-0.1722339076577839,1.0,1.0
2022-05-28,0.6522241153916752,3.6848594285998,0.1423539896483837,3.9831104777906887,-0.980809377661096,1,-0.10083861005129524,2.0,1.0
2022-05-29,2.166399017895948,3.5154481858773754,0.5799344025746457,3.8202454091122,-0.7093885364719554,1,-0.16941124272242458,2.0,1.0
2022-05-30,7.459222816391886,3.416882697691708,2.1456847631637235,3.6721640594257714,7.064687092935884,1,-0.09856548818566724,2.0,1.0
2022-05-31,0.2075607477006968,4.03485229510143,0.0198002473004178,3.6875481291842815,8.275617795123758,2,0.6179695974097221,1.0,1.0
2022-06-01,-6.474693067083415,3.840283063820088,-1.719238564397074,3.69846513421808,4.010713630296792,1,-0.19456923128134207,1.0,1.0
2022-06-02,2.2182633910983185,4.238026900072287,0.4932941120844772,3.809098628512578,5.576752906003435,2,0.3977438362521992,1.0,1.0
2022-06-03,-2.536528971019081,4.087890101150863,-0.6517295180479681,3.923587011567276,0.873824917088406,2,-0.15013679892142484,1.0,1.0
2022-06-04,0.4317415368904065,3.984865969018549,0.0763066724997698,4.037183665832643,-6.153656362413074,2,-0.10302413213231354,1.0,1.0
2022-06-05,0.2468985857086991,3.7944848008865706,0.0314216336414923,3.989110166989671,-6.114318524405071,1,-0.19038116813197847,1.0,1.0
2022-06-06,4.779217112896639,3.614501006722264,1.2869127522190869,3.9439537555701065,5.139591655574982,1,-0.17998379416430677,1.0,1.0
2022-06-07,-0.68833346588697,3.761066600763449,-0.2169605664941859,3.84856169570834,2.2329947985896936,1,0.14656559404118497,1.0,1.0
2022-06-08,-3.067294698343126,3.592662071196128,-0.8893027814654542,3.749516089717393,1.7022290712656485,1,-0.16840452956732088,1.0,1.0
2022-06-09,-0.3393459545796062,3.578083558461482,-0.1305211634625563,3.668159607605979,0.9311415797956356,1,-0.014578512734646054,2.0,1.0
2022-06-10,-3.474221923779908,3.414445036808163,-1.0548981047836696,3.5921516547902974,-2.789978929692971,1,-0.16363852165331894,2.0,1.0
2022-06-11,-2.5173197410301995,3.460657152891444,-0.7643026450214209,3.561382884024133,-10.08651578361981,1,0.04621211608328091,2.0,1.0
2022-06-12,-5.8001081518821,3.4105310599830028,-1.7380805868833435,3.4912757758680435,-15.19829046961494,1,-0.050126092908441056,2.0,1.0
2022-06-13,-17.405255177667023,3.779354977024639,-4.639131534002435,3.528614357033746,-29.53625094893884,1,0.3688239170416363,2.0,2.0
2022-06-14,-1.2556416941055917,6.729999620989615,-0.2055440485060848,4.158997569539372,-30.45254668846482,2,2.9506446439649756,2.0,2.0
2022-06-15,1.6349175083862022,6.396068546778528,0.2356522327623144,4.755322271533446,-25.34340725629871,2,-0.3339310742110868,2.0,2.0
2022-06-16,-10.211240133010335,6.08483281243788,-1.6991280000847049,5.2801574034427325,-33.03732764827885,2,-0.3112357343406478,2.0,2.0
2022-06-17,0.439781088256197,6.674817470912759,0.0467595428907641,5.9330146856286845,-26.79743840814055,2,0.5899846584748785,2.0,2.0
2022-06-18,-7.366571122488885,6.329041684675655,-1.1841035610606778,6.442952027158887,-16.758754352962413,2,-0.3457757862371036,2.0,2.0
2022-06-19,7.7653019524071,6.4753573604662105,1.1794920114525045,6.392023575054206,-7.7378107064497215,2,0.1463156757905555,2.0,2.0
2022-06-20,0.224848053257709,6.62079311217959,0.0146777549417621,6.4369684881344185,-9.147880161578216,2,0.14543575171337952,2.0,2.0
2022-06-21,0.5376928208097098,6.277322499126263,0.0653181585667696,6.475466425472095,1.6010527922418305,2,-0.34347061305332716,2.0,2.0
2022-06-22,-3.556200532463194,5.95460311226008,-0.6186592351244052,6.33142355374156,-2.3949288284775605,2,-0.32271938686618284,2.0,2.0
2022-06-23,5.35199496525518,5.773620819616811,0.9048611701460648,6.220339380729791,10.323637259266505,2,-0.18098229264326893,2.0,2.0
2022-06-24,0.6889809613761955,5.733993618586236,0.0978918576260225,6.072066632353796,3.2473162682356005,2,-0.03962720103057471,2.0,2.0
2022-06-25,1.2668381046625043,5.4436261767378,0.2092664693056023,5.836633245265437,4.289306319640396,2,-0.29036744184843677,2.0,2.0
2022-06-26,-2.234031636729661,5.17997792098842,-0.4559288373792995,5.617164329637869,1.517581862101025,2,-0.2636482557493798,2.0,2.0
2022-06-27,-1.3975180844797208,4.977552479585192,-0.3064131950737069,5.421754203102891,3.6762643100844974,2,-0.2024254414032276,2.0,2.0
2022-06-28,-2.2179692795420536,4.753332169038381,-0.493472551583454,5.217696472987205,-3.893699934712736,2,-0.22422031054681124,2.0,2.0
2022-06-29,-0.8746512259888206,4.579936624593627,-0.2188503864973865,4.986885074188684,-5.457332122077752,2,-0.17339554444475436,1.0,2.0
2022-06-30,-1.6009711756280964,4.365164341573689,-0.3960081946060094,4.771192707155862,-8.325141402368352,2,-0.21477228301993723,1.0,2.0
2022-07-01,-2.6393611667963057,4.188578836854725,-0.6606132889004297,4.572912890329123,-8.730470932434997,2,-0.17658550471896461,1.0,1.0
2022-07-02,-0.1407955856373988,4.084555845251353,-0.0657269162781904,4.394313563462355,-7.473748433592675,2,-0.10402299160337147,1.0,1.0
2022-07-03,0.2844903976512825,3.8879043742988464,0.0403355402079645,4.221228004514448,-4.971288756399339,2,-0.1966514709525069,1.0,1.0
2022-07-04,4.727542718300803,3.702419376997807,1.2423965454701376,4.045724554995283,0.6309051878902849,1,-0.1854849973010393,1.0,1.0
2022-07-05,-0.2035878126305235,3.83027037641182,-0.0864841002106682,3.9387457619629114,2.028288550887858,1,0.1278509994140129,1.0,1.0
2022-07-06,1.7582449257883326,3.649496040930946,0.4467946349478325,3.8309292027781545,6.425894643472496,1,-0.18077433548087418,1.0,1.0
2022-07-07,5.165639338861894,3.518095258589546,1.4320162741825977,3.717637085445793,11.732329567971789,1,-0.13140078234139985,1.0,1.0
2022-07-08,0.4313222712422515,3.731506001004885,0.0813753473057389,3.686357410787001,11.879161441562758,1,0.21341074241533908,1.0,1.0
2022-07-09,-0.641274116384416,3.556500370100282,-0.2162079884163668,3.657173609407496,6.510344606877538,1,-0.17500563090460286,1.0,1.0
2022-07-10,-3.4477479725026683,3.399984362081792,-1.051598262278621,3.5711164065414898,3.2661844470053936,1,-0.1565160080184902,1.0,1.0
2022-07-11,-4.359596339476646,3.444994329646914,-1.302546705315938,3.5302160642846845,-2.8516568182595847,1,0.0450099675651221,1.0,1.0
2022-07-12,-3.2915621389021155,3.594014721028141,-0.9513683384026332,3.5453999567724024,-11.308858296023594,1,0.1490203913812267,1.0,1.0
2022-07-13,4.49367599448216,3.6010272613551986,1.2124335649716915,3.519304208842465,-7.246504572783685,1,0.007012540327057781,1.0,1.0
2022-07-14,1.7549651263241373,3.7131932852145377,0.438246901492252,3.5506427918653167,-4.850265330075132,1,0.11216602385933916,2.0,1.0
2022-07-15,1.2868197042893217,3.5770835004794628,0.324048915742929,3.586062619544851,-0.1156976532831421,1,-0.13610978473507496,2.0,1.0
2022-07-16,1.6846296291969765,3.43080359028116,0.4538178633048331,3.5832244716717,5.92852831539048,1,-0.14627991019830278,1.0,1.0
2022-07-17,-1.958489970974675,3.311610704881036,-0.6299531651884327,3.526743668442279,7.26160048331792,1,-0.11919288540012385,1.0,1.0
2022-07-18,7.891967823012891,3.2327113081463583,2.4017913783423865,3.45308047780051,10.659892311848653,1,-0.07889939673467783,1.0,1.0
2022-07-19,3.940528200341831,3.98387665624489,0.9570724334369108,3.5072171520065814,12.845455385866344,2,0.7511653480985316,1.0,1.0
2022-07-20,-0.6765243636369433,3.988785883017621,-0.2016137395335895,3.589557628514213,10.88211131794008,2,0.004909226772730868,1.0,1.0
2022-07-21,-0.2892621770048009,3.8058350878472345,-0.1095506877776115,3.664563928027428,8.908219511738302,1,-0.18295079517038637,1.0,1.0
2022-07-22,-1.9601945764883053,3.627478226984132,-0.5755690648655323,3.727737432448047,8.906514906224672,1,-0.17835686086310254,1.0,1.0
2022-07-23,-1.1044710597188256,3.5231334556096683,-0.3497286576510447,3.785821861940709,-0.0899239765070447,1,-0.10434477137446363,2.0,1.0
2022-07-24,0.6375470790258575,3.383194321854904,0.1507088733553078,3.665685395062712,-3.392905097823018,1,-0.1399391337547642,2.0,1.0
2022-07-25,-5.675565978203245,3.232468787978456,-1.7952951855939012,3.5144219760548787,-8.39194671238932,1,-0.15072553387644794,2.0,1.0
2022-07-26,-0.572504382684258,3.615439414626141,-0.1936622293513638,3.47634284141066,-8.675188918068777,1,0.38297062664768466,1.0,1.0
2022-07-27,7.659542154936183,3.453623433440116,2.1808609495670286,3.441571882701857,0.9445478133557116,1,-0.1618159811860247,1.0,1.0
2022-07-28,3.905783089201442,4.101106316754714,0.9212424948188388,3.5571664549308664,5.95480196227598,2,0.6474828833145976,1.0,1.0
2022-07-29,-0.1647644691439964,4.0903280337573324,-0.0714940565078345,3.698593197311352,5.152490414106126,2,-0.010778282997381261,1.0,1.0
2022-07-30,-0.6254683466181632,3.893512342977495,-0.1934340910498422,3.83080190831116,10.202588045691208,2,-0.1968156907798373,1.0,1.0
2022-07-31,-1.3589886059607537,3.715377494786808,-0.40013653591964,3.8507895243432935,9.416103822414712,1,-0.17813484819068703,1.0,1.0
2022-08-01,-0.0973064708290394,3.572671774358536,-0.0629714005301994,3.874599192526977,1.6592551966494895,1,-0.142705720428272,1.0,1.0
2022-08-02,-1.4520247082613125,3.4067859472388644,-0.4636905303600466,3.735735118623807,-3.698552600813265,1,-0.1658858271196717,1.0,1.0
2022-08-03,-0.5744061707542159,3.290488675576455,-0.2133652215254169,3.575767246987632,-4.108194302423485,1,-0.11629727166240933,1.0,1.0
2022-08-04,-0.947952556852094,3.149561727820394,-0.3415148913539447,3.426977123956212,-4.430678512657416,1,-0.14092694775606107,1.0,1.0
2022-08-05,2.867589908816015,3.0294330227279103,0.9044333424185664,3.289788229544432,-0.2040999978806468,1,-0.12012870509248375,1.0,1.0
2022-08-06,-1.4185359813053466,3.0300441224030648,-0.5102914654972461,3.1812626991533377,-1.525329508356954,1,0.0006110996751544917,1.0,1.0
2022-08-07,0.9303252730044064,2.9404664851291136,0.2729687968309329,3.0879988067313877,0.8570204729087649,1,-0.08957763727395118,1.0,1.0
2022-08-08,2.6971545344579795,2.825610872679091,0.9093555255132152,2.9950232461519146,4.12858117812096,1,-0.11485561245002263,1.0,1.0
2022-08-09,-2.747099349637594,2.831628757179484,-1.01523514224305,2.931436652023733,2.3294343853354604,1,0.006017884500392867,1.0,1.0
2022-08-10,3.3256795053882016,2.867646600423664,1.1152036064969442,2.899079367562883,2.787523981907647,1,0.03601784324418,0.0,1.0
2022-08-11,0.0412762067368177,2.934884107272628,-0.0294367561179434,2.880047364536796,4.247336169949811,1,0.06723750684896412,0.0,1.0
2022-08-12,1.8415982056897209,2.808514032230326,0.6102616941143099,2.8536568739570383,5.1586091026351255,1,-0.1263700750423018,0.0,1.0
2022-08-13,0.0870422128858905,2.747085435475884,-0.0147892966947719,2.837951786516397,2.548496781063037,1,-0.06142859675444212,0.0,0.0
2022-08-14,-0.4297383077330963,2.632927270007368,-0.2117065626991537,2.798211489081974,4.865857822967534,1,-0.11415816546851598,0.0,0.0
2022-08-15,-0.752687118445472,2.53283187888946,-0.347578060833829,2.7312485447751333,0.7874911991338607,0,-0.10009539111790788,2.0,0.0
2022-08-16,-1.0565706274135778,2.4497735291342906,-0.4834080733450895,2.634226429147465,-0.3103556350165348,0,-0.08305834975516957,2.0,0.0
2022-08-17,-2.3181944883864603,2.386851504065832,-1.0247240595642984,2.5498939235145666,-4.470148329092716,0,-0.06292202506845879,1.0,0.0
2022-08-18,-0.5295957030778453,2.4303167180591587,-0.2704443304162286,2.486540180031222,-5.086786245056452,0,0.04346521399332692,1.0,0.0
2022-08-19,-10.602664190168731,2.3473447986367915,-4.571264464784785,2.4294236857571065,-15.259712127492088,0,-0.08297191942236726,1.0,0.0
2022-08-20,1.3724431302662763,4.149718183827663,0.2999657809728848,2.752800946744747,-13.134581878780338,2,1.8023733851908719,1.0,1.0
2022-08-21,1.7239723512556535,3.968793209832495,0.4022136182010844,3.0566048828843884,-10.354038900111108,2,-0.18092497399516816,1.0,1.0
2022-08-22,-0.629880257162263,3.813399171774547,-0.1986547690067208,3.341914416426131,-8.66572466888691,1,-0.15539403805794816,1.0,1.0
2022-08-23,0.6018593854662413,3.640363419749071,0.1302588935095653,3.5839237567641136,-7.534269580342823,1,-0.17303575202547616,1.0,1.0
2022-08-24,-0.6200333278529868,3.472956149499865,-0.2152929579596599,3.809046026936728,2.4483612819729217,1,-0.16740727024920599,1.0,1.0
2022-08-25,0.9577016652956516,3.321295418940137,0.2499121234820762,3.643361473959223,2.0336198170022968,1,-0.15166073055972795,1.0,1.0
2022-08-26,-6.408571655966355,3.1816069099993944,-2.054383685759794,3.485924213992603,-6.098924190219712,1,-0.13968850894074247,1.0,1.0
2022-08-27,-1.083244981392717,3.7055114178223634,-0.3267874577327228,3.4643466632021656,-6.552288914450166,1,0.5239045078229689,1.0,1.0
2022-08-28,-2.142993430725504,3.552496756836718,-0.6391738713885333,3.4467733306196955,-9.297141730641911,1,-0.15301466098564553,1.0,1.0
2022-08-29,3.4134991629983347,3.466197959947649,0.9479635977314264,3.445421692709252,-5.26360923979059,1,-0.08629879688906872,1.0,1.0
2022-08-30,-2.5001327783567007,3.4735888110601705,-0.7565093612769043,3.475880371133259,-8.721443683442942,1,0.007390851112521357,1.0,1.0
2022-08-31,1.2696624168793136,3.4208815021240224,0.3338299621700492,3.5237352895581844,-1.0432096105972732,1,-0.052707308936148056,1.0,1.0
2022-09-01,0.3851817363536014,3.2845296526516274,0.0784015031524162,3.4395389365240376,0.4252171071490451,1,-0.13635184947239498,1.0,1.0
2022-09-02,-0.78494796911599,3.1368471943118297,-0.2909346828267268,3.3564090240190594,1.783262568758559,1,-0.14768245833979776,1.0,1.0
2022-09-03,-0.6918477935498046,3.011952004009231,-0.2720884884274281,3.265559832831376,-2.3220843877895803,1,-0.12489519030259855,1.0,1.0
2022-09-04,0.7766470822270222,2.892699548470834,0.2243500912955376,3.149381980313509,0.9546954727941426,1,-0.11925245553839714,1.0,1.0
2022-09-05,-0.876115199617189,2.7769203832824445,-0.3614741279934358,3.0205897565451933,-1.19108214370236,1,-0.11577916518838949,2.0,1.0
2022-09-06,-5.044806467236107,2.680593761871008,-1.929600902325028,2.8998025783890697,-6.6210703472920684,1,-0.09632662141143644,2.0,1.0
2022-09-07,2.3745153749135994,3.0697233279329144,0.7319375267573534,2.8863778051132862,-3.461607003262479,1,0.3891295660619063,2.0,1.0
2022-09-08,0.2046070303537206,3.023646717891996,0.0254452199926084,2.888716747889839,-2.565152179358954,1,-0.04607661004091845,1.0,1.0
2022-09-09,10.08600976678906,2.891514289474217,3.443987853908487,2.888479696090516,6.744210505203085,1,-0.13213242841777895,2.0,1.0
2022-09-10,1.3905238413398635,4.2533841295528845,0.2969057410376862,3.183772445344604,9.010849546160138,2,1.3618698400786675,2.0,1.0
2022-09-11,0.4083651963044943,4.066396564359135,0.0690280737318353,3.4609330058422296,14.46402120970074,2,-0.18698756519374982,2.0,1.0
2022-09-12,2.7242163871664005,3.870924887944348,0.6707819934238674,3.621173317844516,14.81372222195354,2,-0.1954716764147868,2.0,1.0
2022-09-13,-9.728219892342338,3.781079067853904,-2.606634082469335,3.772659787836898,4.880895299257482,1,-0.08984582009044395,2.0,1.0
2022-09-14,-0.2743968675373409,4.815512442505255,-0.0834940303394164,4.157459418443105,-5.479511335068921,2,1.0344333746513508,2.0,2.0
2022-09-15,-2.7034586241262204,4.576738940594556,-0.618590733557432,4.222130380651439,-9.573493800535005,2,-0.2387735019106989,1.0,2.0
2022-09-16,0.36162281734331,4.445877821039697,0.0526224858899897,4.298026631987552,-9.620236179496189,2,-0.1308611195548588,1.0,2.0
2022-09-17,1.7794492715736965,4.227531713997856,0.3907196229107942,4.369347997198253,-10.565003295088893,2,-0.21834610704184065,1.0,1.0
2022-09-18,-3.58128060475007,4.056922176614759,-0.914227613378076,4.424516618950424,-4.418064007496625,2,-0.17060953738309692,1.0,1.0
2022-09-19,0.6396912022912815,4.043980170545764,0.126613263730507,4.270210164558526,-3.5039759376680024,2,-0.01294200606899576,1.0,1.0
2022-09-20,-3.4000477547087016,3.852358163435154,-0.9157293479690528,4.125334009126646,-4.200565068250484,1,-0.19162200711060962,1.0,1.0
2022-09-21,-1.834481351522399,3.8429222798732696,-0.5105882667041958,4.00474290089336,-6.396669237116193,1,-0.009435883561884406,1.0,1.0
2022-09-22,4.564167754912951,3.714712863291067,1.1943044439093968,3.9021791307520015,-3.611950753776938,1,-0.12820941658220253,1.0,1.0
2022-09-23,-0.5988576296712012,3.8206394703769786,-0.1901585610841594,3.8549225895044463,-0.6295277786980691,1,0.1059266070859115,1.0,1.0
2022-09-24,-1.8864440709329244,3.646486336822405,-0.5523436972823212,3.7754238227597754,-3.155663051922275,1,-0.17415313355457362,1.0,1.0
2022-09-25,-0.7149858037086787,3.536152175702207,-0.2382972893349463,3.7121826252131855,-0.4706011009222521,1,-0.110334161120198,1.0,1.0
2022-09-26,2.2121968157295058,3.382786608821552,0.6162159729072163,3.620155491002842,3.5760770663296526,1,-0.15336556688065484,1.0,1.0
2022-09-27,-0.5850034170169494,3.2978887955484573,-0.2160997946370893,3.53679067745432,-1.573094105600248,1,-0.08489781327309487,1.0,1.0
2022-09-28,1.6409099157190354,3.156729760411659,0.4793695869248777,3.404008735461256,0.6666734397899887,1,-0.1411590351367984,1.0,1.0
2022-09-29,0.7504185755092152,3.055662634019244,0.2038015892654539,3.285843994900624,3.3035360862321284,1,-0.10106712639241477,1.0,1.0
2022-09-30,-0.7243323491751497,2.9283417741701503,-0.29095033616888,3.1642819145942127,3.2941895407656574,1,-0.1273208598490938,1.0,1.0
2022-10-01,-0.617871650655033,2.8158464915466315,-0.2647663242048991,3.0508938911392285,0.4641210743811186,1,-0.11249528262351882,1.0,1.0
2022-10-02,-1.3973887936277407,2.707928161932724,-0.5631827644114068,2.9329017644160817,-0.3482643022296727,1,-0.10791832961390746,1.0,0.0
2022-10-03,2.997417630734489,2.643032457855476,1.0857785524987225,2.830162303904845,1.008243412785781,1,-0.06489570407724798,1.0,1.0
2022-10-04,3.5702295702778386,2.70119595601105,1.2744576668641827,2.759268968303206,3.828054407554404,1,0.05816349815557409,0.0,1.0
2022-10-05,-0.8698206075026249,2.8204444022448625,-0.3536642243845429,2.7376894939181486,3.682566149226929,1,0.11924844623381237,0.0,0.0
2022-10-06,-1.0234041758595325,2.7207083896064725,-0.4230787300446615,2.7186618735301167,3.2770336240224296,1,-0.09973601263838994,0.0,0.0
2022-10-07,-2.068782806747471,2.634850332287542,-0.8336156533329809,2.704046307601081,2.605639610902699,1,-0.08585805731893048,0.0,0.0
2022-10-08,-0.6687387417162682,2.6266037782480542,-0.3032084331670698,2.7007605716795964,-1.0605167615480582,1,-0.008246554039487819,0.0,0.0
2022-10-09,0.1536547989141823,2.5336749484608214,0.0102559029890309,2.66725637016955,-4.4770915329117145,0,-0.09292882978723283,0.0,0.0
2022-10-10,-1.580535214708867,2.4338790097922365,-0.7018446201611784,2.5899432916790253,-5.1878061401179565,0,-0.09979593866858494,0.0,0.0
2022-10-11,-0.471640371270432,2.405619171143526,-0.2491292274755926,2.5269254479864367,-4.636042335528856,0,-0.02825983864871029,0.0,0.0
2022-10-12,0.5549896374471786,2.3228203299265373,0.183965999222877,2.464519447514235,-2.0122698913342063,0,-0.08279884121698888,0.0,0.0
2022-10-13,1.1700026522296625,2.242006245024621,0.4649108271244737,2.3875999408695483,-0.1735284973882755,0,-0.08081408490191633,0.0,0.0
2022-10-14,-1.0228526229370871,2.1889624966857397,-0.5256016487793181,2.3186574505145323,-1.350035919239545,0,-0.05304374833888126,0.0,0.0
2022-10-15,-0.6170546675591027,2.14620486098581,-0.3469959254747287,2.261122620753247,-0.3865553720897807,0,-0.04275763569992952,0.0,0.0
2022-10-16,1.0458171486817491,2.087926784889244,0.439741221238954,2.1975841435023904,1.1309021478624004,0,-0.05827807609656599,0.0,0.0
2022-10-17,1.456349413146718,2.041804668501942,0.6507379276806781,2.141381011217472,2.03226192356194,0,-0.046122116387302015,0.0,0.0
2022-10-18,-1.1127327349329974,2.023745120059329,-0.6129242250297128,2.0977287862244127,-0.25047346360072,0,-0.01805954844261315,0.0,0.0
2022-10-19,-1.013062189594116,2.0014972102165456,-0.569939272564726,2.060235728930574,-0.2406830302577489,0,-0.022247909842783464,0.0,0.0
2022-10-20,-0.4492679159129764,1.9750683502801372,-0.2921101896388424,2.02600842678944,-0.0728962786116227,0,-0.026428859936408422,0.0,0.0
2022-10-21,0.6211910653393105,1.924836716538232,0.2563964967323907,1.9933904131192373,-0.4975223619540614,0,-0.05023163374190509,0.0,0.0
2022-10-22,0.1861391394053058,1.876249013644572,0.0311629557393877,1.9602792821477637,-1.7677326356954737,0,-0.0485877028936601,0.0,0.0
2022-10-23,1.8508150954172464,1.8247715650118088,0.9443074706006092,1.920484571138259,1.1958151946547702,0,-0.051477448632763156,0.0,0.0
2022-10-24,-1.1381303255268094,1.863129375324953,-0.6793945802840816,1.8928110041599409,1.0707470587220769,0,0.038357810313144114,0.0,0.0
2022-10-25,3.805012559986309,1.8585088131932224,1.9786523795015003,1.869499096742557,5.325027534621363,0,-0.004620562131730566,0.0,0.0
2022-10-26,3.301719435894768,2.1662090207032105,1.4652555368028863,1.9177735575755532,8.00555590517682,0,0.30770020750998817,0.0,0.0
2022-10-27,-2.36079843216217,2.3319370565976927,-1.0671249035468766,2.0089111661661776,5.458618333609344,0,0.16572803589448215,0.0,0.0
2022-10-28,1.5142492579418132,2.386770937157918,0.5809437185270374,2.1213110405953994,5.122052496133911,0,0.054833880560225534,0.0,0.0
2022-10-29,1.077549065326444,2.3407491207172986,0.4058014515448512,2.216834989673868,7.337731886987164,0,-0.046021816440619645,0.0,0.0
2022-10-30,-0.8822978719624786,2.275324982237755,-0.4438783709069188,2.300198223482775,2.6504214550383765,0,-0.06542413847954354,0.0,0.0
2022-10-31,-0.6799218852899358,2.217938591047841,-0.3641180882945131,2.3105441375517013,-1.331219866146327,0,-0.057386391189913954,0.0,0.0
2022-11-01,-0.0512432015794317,2.156346922383069,-0.0829703579509079,2.2754261107087763,0.9783353644364112,0,-0.06159166866477195,0.0,0.0
2022-11-02,-1.603042401585597,2.0841109505998623,-0.8304318325876473,2.2148941133971656,-2.138956295090999,0,-0.07223597178320684,0.0,0.0
2022-11-03,0.2501116490787325,2.093108802226197,0.0584976636243061,2.165366049698945,-2.9663937113387107,0,0.008997851626334707,0.0,0.0
2022-11-04,4.533199824767209,2.025158113810669,2.1754005873844817,2.115332676013528,2.449103985390977,0,-0.06795068841552787,2.0,0.0
2022-11-05,0.6385182519711208,2.4270692118945245,0.2104796085049968,2.1571588001828643,3.7675441226520334,0,0.4019110980838554,2.0,0.0
2022-11-06,-1.6878487268053632,2.340496413917206,-0.7756980059643948,2.193988698489692,2.130938597426102,0,-0.08657279797731832,2.0,0.0
2022-11-07,-1.558785986522615,2.3297694984264226,-0.7238723238924342,2.243120408055004,2.175195012489084,0,-0.01072691549078364,2.0,0.0
2022-11-08,-10.542864681146114,2.3098613522299045,-4.619556210714541,2.2864709180557456,-8.617781317735762,0,-0.01990814619651804,2.0,0.0
2022-11-09,-15.488954817014822,4.114529137259939,-3.7954827807712905,2.7043451227455995,-28.639935959517796,2,1.804667785030034,2.0,1.0
2022-11-10,10.203740901128455,6.401484939664381,1.5740209219674737,3.4992282682995706,-19.07471331036046,2,2.2869558024044423,2.0,2.0
2022-11-11,-3.191845360130152,6.893966693523073,-0.4815101641970346,4.409922324220744,-20.578709943685247,2,0.49248175385869164,2.0,2.0
2022-11-12,-1.3898139747380966,6.623166657567393,-0.2291175396351086,5.2686017560489375,-20.40973793190073,2,-0.2708000359556797,2.0,2.0
2022-11-13,-2.689670498469887,6.298739110439638,-0.4472863732738842,6.0663773076908845,-12.556543749224502,2,-0.3244275471277547,2.0,2.0
2022-11-14,1.606473240459927,6.042803175290688,0.2447214518039898,6.452032115297034,4.538884308250246,2,-0.2559359351489503,2.0,2.0
2022-11-15,1.590431717951546,5.7518877849676375,0.2543099062776214,6.322112684357686,-4.074424874926663,2,-0.29091539032305036,2.0,2.0
2022-11-16,-1.2825680370736947,5.478036893848893,-0.2574348692492806,6.03892672442285,-2.1651475518702057,2,-0.2738508911187445,2.0,2.0
2022-11-17,0.1083919420649337,5.219305550572264,-0.0036935435538896,5.758154503023825,-0.6669416350671753,2,-0.2587313432766294,2.0,2.0
2022-11-18,0.0614627845701321,4.95533879290225,-0.0133607191422974,5.489474439516346,2.084191647972844,2,-0.26396675767001376,2.0,2.0
2022-11-19,0.0824292759679323,4.70664661191095,-0.0096120236336863,5.222243126840398,0.5601476834808494,2,-0.2486921809913003,2.0,2.0
2022-11-20,-2.543603029442032,4.472375898012576,-0.5972826892896271,4.966340749449386,-3.5738870639127285,2,-0.23427071389837373,1.0,2.0
2022-11-21,-3.1459062587073205,4.339153419865985,-0.7544273309528325,4.738564054652805,-5.437225285546354,2,-0.13322247814659072,1.0,2.0
2022-11-22,2.5174715080391152,4.260801626437456,0.5608808020476297,4.546863269825844,-3.028145719572173,2,-0.07835179342852872,1.0,1.0
2022-11-23,2.5667956985737206,4.126141694655762,0.5911396662155063,4.381023850176545,-0.5228128055685843,2,-0.13465993178169455,1.0,1.0
2022-11-24,-0.0375863632257278,4.004934353927188,-0.0412631077212813,4.2406813985797935,-0.6428284447622445,2,-0.12120734072857342,1.0,1.0
2022-11-25,-0.498837489510251,3.8124454448925342,-0.1643320994367543,4.108695307955785,1.4019370951695365,1,-0.1924889090346542,1.0,1.0
2022-11-26,-0.3489989121623793,3.636847738979492,-0.1310664126767,3.9682341717784864,4.198844441714478,1,-0.17559770591304202,1.0,1.0
2022-11-27,-0.1194466804580685,3.469694353637374,-0.0712213612233711,3.81001271721847,1.561926253217294,1,-0.1671533853421181,1.0,1.0
2022-11-28,-1.3918848240971116,3.310341563387736,-0.4590325407324616,3.646852690964865,-2.396754269453538,1,-0.1593527902496379,1.0,1.0
2022-11-29,1.394046411034644,3.198127618109229,0.3959744224798354,3.485491343801273,-0.9651214951931664,1,-0.11221394527850714,1.0,1.0
2022-11-30,4.305976658394428,3.082257171230278,1.3555997283281955,3.3394536890688222,3.8396926527115127,1,-0.11587044687895087,1.0,1.0
2022-12-01,-1.1802068595368809,3.242945978363354,-0.403298896343,3.2606733369455947,3.008484705337011,1,0.16068880713307587,1.0,1.0
2022-12-02,0.7136986045805926,3.1256777101493145,0.1874885975098078,3.1918700082479825,3.841629990375672,1,-0.11726826821403957,1.0,1.0
2022-12-03,-1.0614234867796668,2.992955741396381,-0.3972972753221933,3.128392843849712,4.172091327693117,1,-0.13272196875293352,0.0,1.0
2022-12-04,1.305884246336575,2.8885490171538337,0.4078914932385228,3.066477123658632,4.083929162995048,1,-0.10440672424254727,0.0,1.0
2022-12-05,-0.9128269217153928,2.791330343450332,-0.3727601065183409,3.0082917581026427,-1.1348744171147729,1,-0.09721867370350168,0.0,1.0
2022-12-06,0.6733035250819697,2.6954174808572016,0.2024301817881718,2.8987860586014125,0.7186359675040777,1,-0.09591286259313048,0.0,0.0
2022-12-07,-1.4224977832437702,2.59071793441155,-0.5983543932322768,2.79179410345386,-1.4175604203202852,1,-0.10469954644565149,0.0,0.0
2022-12-08,2.261420008103876,2.5373230705083683,0.840945466687983,2.700667569276257,1.9052830745632576,0,-0.05339486390318182,0.0,0.0
2022-12-09,-0.583837050588798,2.5335976783534444,-0.2808286142290073,2.629677301516179,0.0155617776378846,0,-0.0037253921549238456,0.0,0.0
2022-12-10,-0.0258464205314723,2.444706839331797,-0.062795298192262,2.5603526006924726,0.9025422788218052,0,-0.0888908390216474,0.0,0.0
2022-12-11,-0.1433196797389513,2.3515618314398803,-0.1152380305518279,2.4915814708090083,0.0859190740008841,0,-0.09314500789191671,0.0,0.0
2022-12-12,0.5959927912305929,2.26612622522712,0.2066624142909892,2.426663128972122,2.1044096484752477,0,-0.08543560621276036,1.0,0.0
2022-12-13,3.2864788730728733,2.1903543886939354,1.4421452596624686,2.3572693926092354,3.1294685134442446,0,-0.07577183653318453,0.0,0.0
2022-12-14,0.1928930642170812,2.349873604176872,0.0277561268249139,2.320524577773921,3.906198628250124,0,0.1595192154829368,0.0,0.0
2022-12-15,-2.5628381021023827,2.262951480875509,-1.1889374559186252,2.284173506082664,1.3692069466792134,0,-0.08692212330136329,0.0,0.0
2022-12-16,-4.218980898150093,2.350125279769929,-1.8495399415526683,2.283886195748673,-2.7064542717319284,0,0.0871737988944199,0.0,0.0
2022-12-17,0.8827572352892332,2.666222343302272,0.2832050232978631,2.363905419363704,-2.419689827673288,1,0.316097063532343,0.0,0.0
2022-12-18,-0.2212331171358883,2.56912526553239,-0.1358060645208036,2.439659594731394,-5.92740181788205,0,-0.09709707776988186,0.0,0.0
2022-12-19,-1.917645189485384,2.46948764699108,-0.8282344989311875,2.463582403294236,-8.037940071584515,0,-0.09963761854131015,0.0,0.0
2022-12-20,2.7988705082472976,2.4650211316744897,1.0836421641528564,2.5039963334540323,-2.676231461234835,0,-0.004466515316590147,0.0,0.0
2022-12-21,-0.5264509420177532,2.5233103337538125,-0.2592311408171813,2.538633344250809,1.0162984948975051,0,0.058289202079322866,0.0,0.0
2022-12-22,0.0761215411079874,2.4334745422663877,-0.0211829351134423,2.492083784043632,0.2096628007162593,0,-0.08983579148742482,0.0,0.0
2022-12-23,-0.1985808428822011,2.340643855306665,-0.1393849459752546,2.446387501998487,0.2323150749699465,0,-0.09283068695972263,0.0,0.0
2022-12-24,0.3019956154723502,2.256758352025683,0.0772461707647359,2.4038416430054075,2.451955879927681,0,-0.08388550328098221,0.0,0.0
2022-12-25,-0.0342509673970425,2.1771235114608305,-0.0743736590880989,2.346262118962676,-0.3811655957166593,0,-0.07963484056485237,0.0,0.0
2022-12-26,0.4609855984671895,2.1032057205525083,0.1584799436274821,2.2622411963224147,0.6062709447682835,0,-0.07391779090832218,0.0,0.0
2022-12-27,-1.2048246868378245,2.036979942693745,-0.6541519301916817,2.1829422764078865,-0.6746752831775282,0,-0.06622577785876338,0.0,0.0
2022-12-28,-0.9895050300251284,2.0196541329962696,-0.5531514956992997,2.1187443319458072,-1.4655994703204556,0,-0.017325809697475325,0.0,0.0
2022-12-29,0.540864482552017,1.9901339141503325,0.2076216103735894,2.065419444370737,-1.2267306032407888,0,-0.02952021884593714,0.0,0.0
2022-12-30,-0.2391695878760202,1.934269605214597,-0.1896526013354542,2.0168486631214906,-1.4316492237197664,0,-0.055864308935735574,0.0,0.0
2022-12-31,-0.3323665649558549,1.8818662104800623,-0.2444574629327821,1.972580761107001,-2.225001387142811,0,-0.05240339473453459,0.0,0.0
2023-01-01,0.4677606311577875,1.8359141494791704,0.1852433877789098,1.9323676024640863,-0.5524160691471991,0,-0.045952061000891886,0.0,0.0
2023-01-02,0.380570068470476,1.7909817521897209,0.1412076888691023,1.886633126302777,0.8176590293484054,0,-0.04493239728944953,0.0,0.0
2023-01-03,-0.0516254899498136,1.7482428018724356,-0.1025573588490178,1.8382549038471967,0.2251690568465747,0,-0.04273895031728525,0.0,0.0
2023-01-04,1.0934153962034898,1.708114120034787,0.5653871193025392,1.7930238068112352,1.5577540409260848,0,-0.04012868183764873,0.0,0.0
2023-01-05,-0.1572817718438202,1.699487673944191,-0.167669027936832,1.756548099504061,1.7328388340381196,0,-0.008626446090595818,0.0,0.0
2023-01-06,0.6820792235552986,1.665052058619551,0.3329682974464559,1.7223756813321374,1.9471574264356304,0,-0.03443561532464012,0.0,0.0
2023-01-07,0.0183405828304117,1.6408878465440992,-0.0666280098526405,1.6923569002030128,1.5849279407955663,0,-0.02416421207545172,0.0,0.0
2023-01-08,0.7993082349020852,1.6093346889192788,0.4173392676423836,1.6645752776123814,2.435861665647465,0,-0.03155315762482047,0.0,0.0
2023-01-09,0.6148589187306541,1.5951108789254784,0.3054265698581477,1.6419746293905195,1.9573051881746293,0,-0.014223809993800351,1.0,0.0
2023-01-10,1.4418133870886862,1.5751545469172836,0.8342950951851367,1.6171080039851382,3.556400347107136,0,-0.0199563320081948,1.0,0.0
2023-01-11,2.7621150497731506,1.6066037818641017,1.6397604717943837,1.6054183486340483,5.636436173324988,0,0.03144923494681806,1.0,0.0
2023-01-12,5.080318049018651,1.7941701096903635,2.760411818161626,1.6360748012633013,10.698413639513229,0,0.18756632782626181,1.0,0.0
2023-01-13,5.3649212803669855,2.3748168355163086,2.20532865002674,1.789171230582707,15.264026684978129,0,0.5806467258259451,1.0,0.0
2023-01-14,5.219244056084094,2.8479612256004696,1.7877962438107091,2.039741299917705,19.868411822331566,1,0.473144390084161,1.0,1.0
2023-01-15,-0.4563152777363299,3.188077996482131,-0.1831777493580005,2.362325989830675,17.97028315750655,1,0.34011677088166126,1.0,1.0
2023-01-16,1.373771995227635,3.051241445666472,0.4083919096472626,2.651253522591149,16.581940102961035,1,-0.13683655081565904,1.0,1.0
2023-01-17,-0.0383324379333416,2.945089822854887,-0.056365721371939,2.881437465224053,11.463289616009044,1,-0.10615162281158463,1.0,1.0
2023-01-18,-2.2592831153300352,2.8184325513017083,-0.8469078987413193,2.9701606083811334,3.839085220312022,1,-0.12665727155317885,1.0,1.0
2023-01-19,1.9055334102898056,2.808329006637122,0.633068180989843,2.962234164588464,0.5253745745177341,1,-0.010103544664586295,1.0,1.0
2023-01-20,7.268455261104734,2.7511869131795166,2.5955290614606685,2.8748559479279416,8.250145113358798,1,-0.05714209345760546,1.0,1.0
2023-01-21,0.4447222994452104,3.509339269986475,0.0903453900053961,2.9664755127919418,7.321095417576373,1,0.7581523568069586,1.0,1.0
2023-01-22,-0.2514790230431885,3.348147726216539,-0.113241328783501,3.047087093464272,7.107948832466526,1,-0.16119154376993627,1.0,1.0
2023-01-23,0.9375442198569672,3.197738673306631,0.2532647686880817,3.1229483178652564,10.304776167653529,1,-0.1504090529099078,1.0,1.0
2023-01-24,-1.3077079200906283,3.0656799350153565,-0.4682085621963235,3.1744185035409034,7.091534837273095,1,-0.13205873829127457,0.0,1.0
2023-01-25,2.104318470132327,2.967484805660304,0.6661024150570054,3.217678082037061,1.927398046300688,1,-0.09819512935505248,1.0,1.0
2023-01-26,-0.3687148593844114,2.9103430884802264,-0.1705587687534984,3.0978788457358117,1.113960887471066,1,-0.057141717180077656,1.0,1.0
2023-01-27,0.1993046474165538,2.790075564890105,0.0256749221709144,2.9862644134705247,1.5647445579308084,1,-0.12026752359012116,1.0,1.0
2023-01-28,-0.2066314313093897,2.6731401588520187,-0.1250593256920676,2.881344710579602,0.4205689067644513,1,-0.1169354060380865,1.0,0.0
2023-01-29,3.1771335385045063,2.5661727256968754,1.1883314920819903,2.781443268715906,4.905410365359586,0,-0.10696743315514334,1.0,0.0
2023-01-30,-4.0096914665952,2.655198567310081,-1.5582115748215746,2.7189860210458616,-1.208599571367941,1,0.0890258416132057,0.0,1.0
2023-01-31,1.301228853951386,2.8789526505583343,0.4076340676484414,2.712707933461483,0.4613441419678565,1,0.2237540832482532,0.0,1.0
2023-02-01,2.494573459000371,2.782237915488956,0.8507194051905429,2.711140403581253,2.7566129535516737,1,-0.09671473506937822,0.0,0.0
2023-02-02,-1.067474987736894,2.7740393317389547,-0.43083190944691,2.731320238158641,1.8957693971241696,1,-0.008198583750001376,0.0,0.0
2023-02-03,-0.0961136247671134,2.6861738988380006,-0.0833093119179473,2.755320472786865,-1.3774777661474502,1,-0.08786543290095405,0.0,0.0
2023-02-04,-0.5022313742864881,2.577064257097664,-0.2444258217421882,2.7396936107443817,2.1299823261612616,0,-0.10910964174033655,0.0,0.0
2023-02-05,-1.6254488231275843,2.482711471253679,-0.7061305825760549,2.6604453748834507,-0.7966953509177088,0,-0.09435278584398521,1.0,0.0
2023-02-06,-0.8555376421284677,2.4532002918152527,-0.400785586014247,2.59463785014871,-4.146806452046548,0,-0.029511179438426183,1.0,0.0
2023-02-07,2.191019571493236,2.3803917560838643,0.8668110582145332,2.5159083350176923,-0.888311892816418,0,-0.07280853573138835,1.0,0.0
2023-02-08,-1.4063722484005226,2.386936694060359,-0.6426822825485297,2.456060894062164,-2.198570516449827,0,0.00654493797649458,0.0,0.0
2023-02-09,-5.007294792111772,2.3505559036803927,-2.184574490872014,2.4107592233787094,-6.703633934275111,0,-0.03638079037996622,0.0,0.0
2023-02-10,-0.7722817724904019,2.810108591700092,-0.3202550426647281,2.476238647467992,-5.850466883637928,1,0.4595526880196994,0.0,0.0
2023-02-11,1.0095720621825066,2.707528938089156,0.3257222389533833,2.5271043767227725,-3.9853571793269538,1,-0.10257965361093602,1.0,0.0
2023-02-12,-0.3787160762945163,2.611678361897253,-0.1938928461174226,2.57336169788545,-6.555092827114706,1,-0.09585057619190307,1.0,0.0
2023-02-13,0.0912849794238113,2.511933066020688,-0.0144847390662595,2.5983609722775163,-5.057435599290372,0,-0.099745295876565,1.0,0.0
2023-02-14,1.8747466050136552,2.41364298410194,0.7238340309996887,2.6109783883618256,1.824605797835055,0,-0.09829008191874822,1.0,0.0
2023-02-15,8.9770007863196,2.390262212775991,3.7022428186258174,2.5270091125770056,11.573888356645057,0,-0.023380771325948846,1.0,1.0
2023-02-16,-2.855810148156479,3.678101502168232,-0.811146680110583,2.7211236253928206,7.708506146306071,1,1.2878392893922412,1.0,1.0
2023-02-17,3.910624942609964,3.636086142289504,1.0403920919736385,2.926005181471271,11.997847165210551,1,-0.04201535987872829,1.0,1.0
2023-02-18,0.307582364881398,3.67629043068095,0.048938649934424,3.158876654403323,12.214144550668138,1,0.040204288391445964,1.0,1.0
2023-02-19,-1.2809719094438066,3.503768896516653,-0.4020361004064132,3.376901836886266,9.058426036210676,1,-0.17252153416429694,1.0,1.0
2023-02-20,2.040504474431515,3.372427430888141,0.5671982093594621,3.5733348805086957,2.121929724322591,1,-0.13134146562851212,1.0,1.0
2023-02-21,-1.5946381537723653,3.2773871280305342,-0.5255124771434537,3.4931920056811565,3.3831017187067047,1,-0.09504030285760656,1.0,1.0
2023-02-22,-1.018039688100281,3.178504832800148,-0.3604554414120498,3.401675743783285,-1.5455629120035397,1,-0.09888229523038605,1.0,1.0
2023-02-23,-1.0027916762018307,3.059040597144497,-0.3695476783453301,3.2782257770759946,-2.8559369530867684,1,-0.11946423565565123,1.0,1.0
2023-02-24,-3.1792067406444247,2.94742102626949,-1.1219559016537664,3.166956203026562,-4.7541717842873865,1,-0.11161957087500696,1.0,1.0
2023-02-25,-0.0981248083164132,3.0171394613800064,-0.0748372707472287,3.095898609124935,-6.892801067035315,1,0.06971843511051645,1.0,1.0
2023-02-26,1.6511545833870045,2.886246725419377,0.5278429233137056,3.017670528602704,-3.647008329875945,1,-0.13089273596062956,0.0,1.0
2023-02-27,-0.1628652491694637,2.806731318472572,-0.1035136215904711,2.943315825737188,-2.791833890945128,1,-0.07951540694680492,1.0,1.0
2023-02-28,-1.60927308751031,2.690247413656329,-0.6456442456296808,2.869557189039555,-3.3983153022536072,1,-0.11648390481624293,1.0,0.0
2023-03-01,2.1336804939162235,2.640627105478289,0.7596721306531656,2.8081984048813147,1.914571932307041,1,-0.049620308178039974,1.0,0.0
2023-03-02,-0.726135020948071,2.615748498958131,-0.326409322503741,2.7279202123969397,1.2865617196753831,1,-0.02487860652015783,0.0,0.0
2023-03-03,-4.856242572977187,2.525578962230961,-1.9733741537867808,2.6557866597592565,-5.220835436688809,0,-0.09016953672717021,0.0,0.0
2023-03-04,-0.0417303522119993,2.91541069369567,-0.05810503028453,2.677522534803876,-5.099700539731344,1,0.38983173146470884,0.0,1.0
2023-03-05,0.3668954675324798,2.7907062872954587,0.085722311296073,2.697614309531702,-3.1235319846885545,1,-0.12470440640021119,1.0,0.0
2023-03-06,-0.0256584178192298,2.6747537367605485,-0.0573241903166603,2.704439635788153,-5.282870896424008,1,-0.11595255053491016,1.0,0.0
2023-03-07,-0.9406138966042475,2.565868722891419,-0.4163438142842527,2.6944636805748114,-5.4973497720801845,0,-0.1088850138691293,1.0,0.0
2023-03-08,-2.2837315061131847,2.4880986969789025,-0.9691742467765384,2.6869676275244,-2.9248387052161817,0,-0.0777700259125167,1.0,0.0
2023-03-09,-6.442451332853239,2.5160473532180454,-2.6112867068606755,2.607094959428875,-9.32555968585742,0,0.02794865623914289,2.0,1.0
2023-03-10,-0.8669656883114385,3.2224589103739345,-0.3086572677611119,2.6934454840445703,-10.55942084170134,1,0.7064115571558891,2.0,1.0
2023-03-11,2.181222124411164,3.094426660662465,0.6636293811967423,2.7773800688249537,-8.352540299470945,1,-0.12803224971146943,2.0,1.0
2023-03-12,7.160391184532955,3.03171071457262,2.319720505090251,2.8705484671611936,-0.2515352183337427,1,-0.06271594608984499,2.0,1.0
2023-03-13,8.77836343684848,3.6886285536057466,2.3452330959036614,3.1106544384865624,10.810559724627922,1,0.6569178390331265,2.0,1.0
2023-03-14,2.241616479750697,4.497255068972294,0.4700526816676071,3.506895981637412,19.494627537231857,2,0.8086265153665471,2.0,2.0
2023-03-15,-1.5069419825618269,4.3298307113611205,-0.3775232257256087,3.728370341834849,18.85465124298147,2,-0.16742435761117314,2.0,2.0
2023-03-16,2.738772196964945,4.151628404832596,0.6289345451747386,3.939810690668876,19.41220131553525,2,-0.1782023065285241,2.0,1.0
2023-03-17,9.043081735478786,4.039756469131754,2.2069181964718543,4.141419841580702,21.29489186648108,2,-0.11187193570084286,2.0,2.0
2023-03-18,-1.6843655914946964,4.810678215658244,-0.3766693976815463,4.3658297739912015,10.832162838137904,2,0.7709217465264908,2.0,2.0
2023-03-19,3.901251239696357,4.607954771751311,0.8189276484207179,4.387969714547006,12.491797598083563,2,-0.2027234439069332,2.0,2.0
2023-03-20,-0.9728058677074714,4.547205814037519,-0.2420113773489782,4.431444735082285,13.02593371293792,2,-0.06074895771379207,2.0,2.0
2023-03-21,1.4607259457310562,4.336940251169125,0.3073725239665612,4.46850710434959,11.747887461704032,2,-0.21026556286839426,1.0,2.0
2023-03-22,-3.130493478602503,4.146929975313699,-0.7856807740750592,4.48994180558598,-0.4256877523772573,2,-0.19001027585542563,1.0,1.0
2023-03-23,3.690243092144208,4.08462823965763,0.8721903705013284,4.344731810385857,4.948920931261647,2,-0.06230173565606911,1.0,1.0
2023-03-24,-3.011973318555583,4.055079564214595,-0.7742494181123947,4.234156768878513,-1.9643036269902936,2,-0.029548675443034966,1.0,1.0
2023-03-25,0.0051715836265842,3.991279665593489,-0.0306914325915147,4.122971539189708,-0.986326175656238,2,-0.06379989862110635,1.0,1.0
2023-03-26,1.8008477903471487,3.7994400102176606,0.4403749266761725,4.015471490999415,-0.6462043310401455,1,-0.19183965537582814,1.0,1.0
2023-03-27,-3.0997440056031778,3.659404946143459,-0.8819504065658232,3.917966485165367,-0.6154548580408203,1,-0.14003506407420163,1.0,1.0
2023-03-28,0.4714100093913487,3.641114687470967,0.0944052479690148,3.8292637747280343,-3.834287940793679,1,-0.018290258672492232,1.0,1.0
2023-03-29,3.885339931269094,3.472045071901371,1.0822642503238813,3.712656876265389,3.063025309030998,1,-0.16906961556959565,1.0,1.0
2023-03-30,-1.116959874133272,3.5286928304249887,-0.3527168865022466,3.620139509231689,1.9408938512711416,1,0.056647758523617586,1.0,1.0
2023-03-31,1.5746414888454296,3.388854901746837,0.4269795716725834,3.538022487537525,1.7146875497694225,1,-0.1398379286781517,1.0,1.0
2023-04-01,-0.237123642140169,3.267419178603808,-0.1116457046484859,3.4596253340295946,4.577307913232431,1,-0.12143572314302897,1.0,1.0
2023-04-02,-0.7480171844974848,3.1219411511421424,-0.280494351603697,3.3557906267638296,3.3578807193435978,1,-0.1454780274616656,1.0,1.0
2023-04-03,-1.4613274150395483,2.996902943982792,-0.53021306301126,3.260762201180113,-1.9887866269650445,1,-0.12503820715935055,0.0,1.0
2023-04-04,1.3505585874638015,2.9123396438554643,0.4198991404065307,3.1374915638662086,0.478731834632029,1,-0.0845633001273276,0.0,1.0
2023-04-05,0.0351205704706814,2.8153683181765845,-0.0328728228448239,3.022794247152158,-1.0607890837427192,1,-0.09697132567887978,0.0,1.0
2023-04-06,-0.4761257346579839,2.6968323341199194,-0.2238905998922828,2.90867687825538,-1.299791176260534,1,-0.1185359840566651,1.0,0.0
2023-04-07,-0.4226600896295451,2.5933911576023734,-0.2122046890047095,2.802966879547427,-0.9744340813925944,1,-0.10344117651754603,1.0,0.0
2023-04-08,0.0785183939658651,2.4959000851269733,-0.0196928077225753,2.7027663077762627,0.565411727612819,0,-0.09749107247540012,0.0,0.0
2023-04-09,1.369069252890753,2.398737515984553,0.5175220590753946,2.600045882202081,0.5839223930397708,0,-0.09716256914242027,0.0,0.0
2023-04-10,4.553364675738969,2.343121971959304,1.8888026548618808,2.505596612958625,5.102166498308058,0,-0.05561554402524882,0.0,0.0
2023-04-11,1.943948956433239,2.67437129925025,0.6791425268830082,2.501104405984691,7.522241189399281,1,0.331249327290946,0.0,1.0
2023-04-12,-0.3180367816133511,2.6317959891239986,-0.169354485641091,2.508785372289016,7.626864497415475,1,-0.0425753101262516,0.0,0.0
2023-04-13,0.859013376828166,2.529451059186782,0.2891313906766248,2.5154955671009778,8.407359480277776,0,-0.10234492993721656,0.0,0.0
2023-04-14,0.2845797962017116,2.4414781544150457,0.0642684930360458,2.524043694787076,7.3228700235887345,0,-0.08797290477173636,0.0,0.0
2023-04-15,-0.5499737167522056,2.348581956409228,-0.2885329972581804,2.5251356916770606,2.21953163109756,0,-0.09289619800581761,1.0,0.0
2023-04-16,-0.0103593122386058,2.2723049223222698,-0.0607440424564903,2.444722416291465,0.265223362425715,0,-0.0762770340869583,1.0,0.0
2023-04-17,-2.912872327681981,2.1912735872468163,-1.3875684076214518,2.356617935916028,-2.329612183642915,0,-0.08103133507545346,1.0,0.0
2023-04-18,3.183646099781612,2.334179723491878,1.3092292742449634,2.317563668777048,-0.0049794606894693,0,0.14290613624506188,1.0,0.0
2023-04-19,-5.319953662867327,2.457027935212238,-2.2171597071539977,2.3206736249364863,-5.609512919758508,0,0.12284821172035976,1.0,0.0
2023-04-20,-2.021112661928015,2.9500431286627973,-0.7283901430075196,2.4409658593872003,-7.0806518649343175,1,0.49301519345055933,1.0,1.0
2023-04-21,-3.4910877271713048,2.907306488246,-1.244711356108712,2.567966172571946,-10.561380279867016,1,-0.04273664041679748,1.0,1.0
2023-04-22,1.962475655639828,3.0199596687509223,0.60755976319435,2.733703388872766,-5.686032296545207,1,0.11265318050492246,1.0,1.0
2023-04-23,-0.8161741227379338,2.948623162466504,-0.3200964467719384,2.856592076667692,-9.685852519064753,1,-0.07133650628441845,1.0,1.0
2023-04-24,-0.2396548559570277,2.8377800156075543,-0.1294408052681333,2.932742492746756,-4.605553712154453,1,-0.11084314685894947,1.0,1.0
2023-04-25,2.802320777395373,2.7202143458815997,0.9832501276995912,2.8867767361905154,0.2178797271689347,1,-0.11756566972595461,0.0,1.0
2023-04-26,0.4057925868579559,2.748289564066725,0.1011985476557205,2.854973351354661,4.114760041198196,1,0.028075218185125372,0.0,0.0
2023-04-27,3.631313286229521,2.635562441271016,1.3293722648827992,2.77809390585868,5.783597671787888,1,-0.11272712279570918,1.0,1.0
2023-04-28,-0.4540602889752776,2.772382501249245,-0.2098303402038421,2.7428457736152283,6.145711505550544,1,0.1368200599782292,1.0,1.0
2023-04-29,-0.3132803227883229,2.6632060633164576,-0.165571114942658,2.7079309831570084,6.072086038719249,1,-0.10917643793278753,1.0,0.0
2023-04-30,0.0694439488997389,2.5586134020840747,-0.0227567499997711,2.675610794397504,3.339209210223615,0,-0.10459266123238287,0.0,0.0
2023-05-01,-4.105285621101551,2.457171004144964,-1.7226946306944342,2.6173870824131518,-1.171868997735892,0,-0.10144239793911058,0.0,0.0
2023-05-02,2.074927029112139,2.732511541671155,0.7126254820809288,2.636776902493179,-2.728255254853273,1,0.27534053752619103,0.0,0.0
2023-05-03,1.1294600825028311,2.694344219888112,0.3718123321701642,2.6211692462209526,-1.1447348833751647,1,-0.038167321783043384,0.0,0.0
2023-05-04,-0.5482697825375027,2.604013344516296,-0.259576034200428,2.6093307024609205,-1.3797243431243444,1,-0.09033087537181572,0.0,0.0
2023-05-05,2.352452363535207,2.509007606403348,0.8867181922526705,2.599409543324775,0.9032840715111234,0,-0.0950057381129481,0.0,0.0
2023-05-06,-2.155362050914711,2.516542950131833,-0.9072095213920912,2.611283932522149,2.8532076416979635,0,0.007535343728485078,0.0,0.0
2023-05-07,-1.5678412319992674,2.528733285527835,-0.6704981170374341,2.570528281293485,-0.789560619413443,0,0.012190335396002006,0.0,0.0
2023-05-08,-2.7097480312589184,2.4907175467276508,-1.1391968990718353,2.5298029466613925,-4.6287687331751926,0,-0.03801573880018427,0.0,0.0
2023-05-09,-0.1282605113646084,2.5646345019763954,-0.0997920700218335,2.5219271781534127,-4.208759462002298,0,0.07391695524874464,0.0,0.0
2023-05-10,-0.1339333611554138,2.464107358679107,-0.1061654374234234,2.5129471286085647,-6.695145186692919,0,-0.10052714329728829,0.0,0.0
2023-05-11,-2.273762787280376,2.370607371016652,-1.0130030350355042,2.4837600127855284,-6.813545923058584,0,-0.09349998766245493,0.0,0.0
2023-05-12,-0.7278017155924132,2.4113552461053027,-0.3547678805979156,2.4602844049010217,-5.97350640665173,0,0.04074787508865052,0.0,0.0
2023-05-13,-0.0780461802257548,2.336538989725384,-0.0880429796238765,2.429448693500568,-3.341804555618566,0,-0.07481625637991884,0.0,0.0
2023-05-14,0.5457011385946231,2.251451598188752,0.1856719746913017,2.36681211274304,-2.6678429056593345,0,-0.0850873915366317,0.0,0.0
2023-05-15,0.968368817972376,2.17569363683333,0.3864051120538107,2.309129368373884,-1.5655407265315446,0,-0.07575796135542223,0.0,0.0
2023-05-16,-0.5754943306691018,2.1188404988215037,-0.3318626416180127,2.2587759939348544,0.1327277300797291,0,-0.05685313801182623,0.0,0.0
2023-05-17,1.3305949198469946,2.0612312699727657,0.5835954766132857,2.188751198708347,2.191124365519137,0,-0.05760922884873798,0.0,0.0
2023-05-18,-2.0896322938492418,2.033072547162594,-1.0906162553720933,2.128057910195789,0.1795382518956501,0,-0.02815872281017162,0.0,0.0
2023-05-19,0.2156270430170082,2.096455758501395,0.0419552705671463,2.0970587422583176,-0.1505358436819648,0,0.0633832113388011,0.0,0.0
2023-05-20,0.8865600285433928,2.028065506832191,0.3741942020855817,2.06753311625809,-0.232344633110948,0,-0.0683902516692041,0.0,0.0
2023-05-21,-1.3947366814537787,1.980000359286045,-0.7688919594134636,2.039765088350998,-1.0515869838956249,0,-0.048065147546146214,0.0,0.0
2023-05-22,0.3635895571143521,1.982729604499689,0.1189874212509439,2.024064755256383,-2.018592346628268,0,0.002729245213644038,0.0,0.0
2023-05-23,1.3848962643425722,1.9243111653753788,0.6533385101781564,2.00231247889894,1.4559362115635466,0,-0.058418439124310106,0.0,0.0
2023-05-24,-3.327040018789696,1.912885258946404,-1.8060203439120763,1.9655983789879417,-2.086730850243157,0,-0.011425906428974786,0.0,0.0
2023-05-25,0.5354526205138654,2.1700140202933067,0.1879171942039885,1.9939880816801647,-2.4378382582726843,0,0.25712876134690266,0.0,0.0
2023-05-26,0.9139332662057242,2.10013124800396,0.3743878352917167,2.018014259423748,-0.1291683106131813,0,-0.06988277228934692,0.0,0.0
2023-05-27,0.5563330344848794,2.0472080416959995,0.2093892517600337,2.0309099468630096,0.0635751667573458,0,-0.052923206307960324,0.0,0.0
2023-05-28,4.430949975360043,1.9871990948970208,2.165500332590487,2.043487532767338,3.109628877774817,0,-0.06000894679897861,0.0,0.0
2023-05-29,-1.217111210733357,2.3792267820121813,-0.5652176141162412,2.1367558373804934,5.219557685831155,0,0.39202768711516045,0.0,0.0
2023-05-30,-0.1570299422033017,2.331292515225628,-0.1221209328220135,2.169011536366958,4.527075123113988,0,-0.04793426678655344,0.0,0.0
2023-05-31,-1.7577792723265873,2.247486265975988,-0.838914557702468,2.198482539961364,1.8553625845816768,0,-0.08380624924963964,0.0,0.0
2023-06-01,-1.4792581991187603,2.2523767818209497,-0.7134365291479601,2.239516287986353,-0.1802286490219629,0,0.004890515844961474,1.0,0.0
2023-06-02,1.5891611065796951,2.233961897673393,0.654215022048839,2.288868848541628,-3.022017517802311,0,-0.018414884147556876,1.0,0.0
2023-06-03,-0.6422915434420418,2.206744813358374,-0.3489126668467355,2.2543724548108663,-2.447197850510996,0,-0.02721708431501879,1.0,0.0
2023-06-04,0.1621483975300819,2.144590567421763,0.0160770655326075,2.217032065250093,-2.1280195107776123,0,-0.06215424593661112,1.0,0.0
2023-06-05,-5.141034569889236,2.0724457962517526,-2.54226395395011,2.1820239713052465,-5.511274808340261,0,-0.07214477117001028,1.0,0.0
2023-06-06,5.58151185623359,2.634834210355228,2.0698995634572674,2.258515457012102,1.5494952470120893,1,0.5623884141034754,1.0,0.0
2023-06-07,-3.332542412080919,3.085453756317444,-1.121459713804879,2.4288138287409127,-3.3722082716485247,1,0.450619545962216,1.0,1.0
2023-06-08,0.6138366063705547,3.1555373598648284,0.1540678738642315,2.6185723380422035,-2.116080121835928,1,0.07008360354738441,1.0,1.0
2023-06-09,-0.1050860137739917,3.018998261769292,-0.0770969931180466,2.793453876911709,-2.383314533140002,1,-0.13653909809553655,0.0,1.0
2023-06-10,-2.404531467747262,2.8880435885339755,-0.8767877161679836,2.9565734353681536,0.353188569001972,1,-0.1309546732353164,1.0,1.0
2023-06-11,0.3434076224344551,2.883975571683514,0.0748057473564134,3.0064017076338105,-4.8849156647971625,1,-0.004068016850461653,1.0,1.0
2023-06-12,-0.1453165003054479,2.7616641340553003,-0.0988484339482723,2.9416437831813824,-1.6976897530216917,1,-0.1223114376282135,1.0,0.0
2023-06-13,0.0626326955973866,2.647986768718776,-0.0245609153368661,2.840133664952172,-2.24889366379486,1,-0.11367736533652417,0.0,0.0
2023-06-14,-3.111535403261989,2.5405050800163647,-1.2750240506026282,2.744435028601586,-5.255343053282857,0,-0.10748168870241148,0.0,1.0
2023-06-15,1.7819375410116578,2.656744406292703,0.6226673001197884,2.6981751921533315,-1.0688740445239375,1,0.11623932627633815,0.0,0.0
2023-06-16,2.8942773265370647,2.604443165692648,1.0622645518026723,2.6422687109551584,1.481995659578672,1,-0.05230124060005492,1.0,0.0
2023-06-17,0.6934900793206467,2.6559588483244814,0.2130380917763714,2.6211276538089945,2.3208022392047667,1,0.05151568263183348,1.0,0.0
2023-06-18,-0.6602603438313537,2.5544530907712915,-0.3084535085474896,2.6024209182194977,1.5979091997760264,0,-0.10150575755318991,1.0,0.0
2023-06-19,1.9359247201741423,2.466494817580916,0.7331274458182765,2.587618865732408,6.645369323212158,0,-0.08795827319037564,1.0,0.0
2023-06-20,5.352849528514092,2.44274984417939,2.139056468073338,2.5448199533097453,10.216281310714592,0,-0.023744973401525815,1.0,1.0
2023-06-21,5.827421320682014,2.8966271489219584,1.9677201632133663,2.6032567499556074,13.14942530485954,1,0.4538773047425684,1.0,1.0
2023-06-22,-0.3837723579694696,3.332310743159137,-0.1534796937699863,2.7385271289225384,12.072162867569425,1,0.4356835942371786,1.0,1.0
2023-06-23,2.584590576815416,3.1848475829860226,0.7714406540217683,2.8646060273654848,15.317013788216194,1,-0.14746316017311445,1.0,1.0
2023-06-24,-0.4793067902493675,3.1449467185355915,-0.1930005558151488,3.00029640755642,12.901782277792684,1,-0.03990086445043106,1.0,1.0
2023-06-25,-0.2242660722428624,3.011400445534425,-0.1168678005616205,3.114026527827427,7.324666677035729,1,-0.1335462730011665,1.0,1.0
2023-06-26,-0.6884835938176792,2.882208563421341,-0.2831693995405698,3.111142810727304,0.8087617625360366,1,-0.12919188211308397,0.0,1.0
2023-06-27,1.3682563415242657,2.7717930013243106,0.4475755103265309,2.9990392623603386,2.560790462029772,1,-0.1104155620970304,0.0,1.0
2023-06-28,-1.9808917913037405,2.686265883099244,-0.7849414605631091,2.899322922382982,-2.004691906089384,1,-0.08552711822506653,0.0,0.0
2023-06-29,1.186519753773041,2.665344850819426,0.3972656967860953,2.80340254883975,-0.3388653620669757,1,-0.020921032279817897,0.0,0.0
2023-06-30,0.1047243279165499,2.579568266053459,-0.0088950336466903,2.717036112943556,-0.0098749619075633,1,-0.08577658476596728,0.0,0.0
2023-07-01,0.3695144363078384,2.476637529201449,0.0976504470352539,2.635921906099578,1.0481230682179543,0,-0.10293073685200982,0.0,0.0
2023-07-02,0.1002809469143883,2.382043240077482,-0.011497997627344,2.5579719538502124,-0.2198523263919227,0,-0.09459428912396728,0.0,0.0
2023-07-03,1.7342426317959792,2.2927699778901025,0.7007126632203117,2.4792727728083834,3.495282096707797,0,-0.0892732621873793,0.0,0.0
2023-07-04,-1.2234379050443778,2.270407171201068,-0.5950948343625337,2.400285236884712,1.085324437890378,0,-0.022362806689034453,0.0,0.0
2023-07-05,-0.8595533521292609,2.2324795193443565,-0.4422092198436931,2.3308674875428914,0.1210467578445673,0,-0.03792765185671154,0.0,0.0
2023-07-06,-2.0020299639947226,2.1775327733641414,-0.9780333340937551,2.27104653637543,-2.2504976424579937,0,-0.054946745980215095,0.0,0.0
2023-07-07,1.4370909980298665,2.213450324552348,0.5915747505459178,2.237327953270403,-0.9136875913425158,0,0.03591755118820661,0.0,0.0
2023-07-08,-0.1640134545706217,2.178020782737352,-0.1339211872170762,2.214378114239853,-2.8119436777091167,0,-0.035429541814996135,0.0,0.0
2023-07-09,-0.4012544787340033,2.1055075249139685,-0.2512098137443823,2.181398184982433,-1.9897602513987425,0,-0.07251325782338336,0.0,0.0
2023-07-10,0.8029538805166325,2.043451875628985,0.3304624954144058,2.143592656239359,-0.3272530187528488,0,-0.06205564928498353,0.0,0.0
2023-07-11,0.6765948365584862,1.9909411677652984,0.2757113926864994,2.1062743351195907,2.35137178180036,0,-0.05251070786368661,0.0,0.0
2023-07-12,-0.7516669538967236,1.9385586918073716,-0.4536033043776065,2.051296008570595,0.16261382987377,0,-0.05238247595792678,0.0,0.0
2023-07-13,3.5059117999464817,1.903538250938072,1.7747172266407778,1.996399502210739,3.8325390843908735,0,-0.03502044086929956,0.0,0.0
2023-07-14,-3.6955452769761976,2.149903450214337,-1.778319371054578,2.0052786872708124,0.5382482861486793,0,0.246365199276265,0.0,0.0
2023-07-15,-0.1262140943858014,2.419239097333305,-0.1049436449264912,2.080436131611677,-0.3909196887537547,0,0.26933564711896807,0.0,0.0
2023-07-16,-0.1541791528486769,2.32879774678805,-0.1210276107809025,2.148007447416227,-1.2216936781609178,0,-0.09044135054525526,0.0,0.0
2023-07-17,-0.3418965294113008,2.245132866073901,-0.2091485145239839,2.2093222822695333,-0.811923253675495,0,-0.0836648807141489,0.0,0.0
2023-07-18,-0.9643886494909992,2.170951312378287,-0.5030321581609652,2.262804894557576,-5.282223703112976,0,-0.07418155369561408,0.0,0.0
2023-07-19,0.1919386950282486,2.126531797052245,0.0302224592551622,2.2581305639251577,-1.3947397311085297,0,-0.044419515326041825,0.0,0.0
2023-07-20,-0.408362630764536,2.0558021141107785,-0.2607411975706732,2.185443167280652,-1.6768882674872645,0,-0.07072968294146653,0.0,0.0
2023-07-21,0.3910458253166382,1.997850666005068,0.1318297485198225,2.119253751124056,-1.1316632893219492,0,-0.0579514481057104,0.0,0.0
2023-07-22,-0.4589155219131058,1.9386271336674017,-0.302577626281575,2.057952604642756,-1.2486822818237542,0,-0.05922353233766642,0.0,0.0
2023-07-23,1.0449658783391769,1.891707638293396,0.4849037902757984,2.002103869825778,0.7606722460064219,0,-0.04691949537400575,0.0,0.0
2023-07-24,-3.0633538164858365,1.862807968626564,-1.713017951751402,1.9493591041406413,-2.4946202655076632,0,-0.028899669666831995,0.0,0.0
2023-07-25,0.1728455480240143,2.0869732142342063,0.0216465996203793,1.9555933241653272,-1.913412086719113,0,0.2241652456076424,0.0,0.0
2023-07-26,0.4355653333464104,2.019146721535169,0.1524880067533108,1.959852535271348,-1.8688925786893409,0,-0.06782649269903729,0.0,0.0
2023-07-27,-0.4927238584294002,1.9589534717087005,-0.3166964105203025,1.9639178028796076,-1.9027009152056351,0,-0.060193249826468564,0.0,0.0
2023-07-28,0.3709444204535117,1.9114760304016631,0.1272706234068557,1.9678714813012608,-2.5767223730913003,0,-0.04747744130703735,0.0,0.0
2023-07-29,0.1284060769071615,1.8587771976800551,0.0003961757606293,1.9670653271119591,0.6150375203016978,0,-0.052698832721608024,0.0,0.0
2023-07-30,-0.2783773787438548,1.8086010563160104,-0.2245089107754771,1.91139089552832,0.1638145935338286,0,-0.05017614136404469,0.0,0.0
2023-07-31,-0.1545062822442489,1.7674044679509875,-0.1596555637365878,1.8610424448114835,-0.4262570220568307,0,-0.041196588365022935,0.0,0.0
2023-08-01,1.5130233826088355,1.7271153958988847,0.802119946044944,1.8146748296495203,1.5794902189814053,0,-0.04028907205210275,0.0,0.0
2023-08-02,-1.7807507516909735,1.7465479497211136,-1.0926813812542266,1.7816892135134104,-0.5722049531630802,0,0.01943255382222886,0.0,0.0
2023-08-03,0.091618077917488,1.8143981758963093,-0.0198697270524606,1.7728134091566612,-0.6089929521527537,0,0.06785022617519565,0.0,0.0
2023-08-04,-0.3590833546295968,1.767854034577632,-0.2753355308448414,1.7646640048089854,-0.6896989280384958,0,-0.046544141318677346,0.0,0.0
2023-08-05,-0.1100031889921027,1.732309132147834,-0.137200029150946,1.757644937648355,-0.6451958347863496,0,-0.0355449024297978,0.0,0.0
2023-08-06,-0.0009347994529562,1.6942812942731995,-0.0759050308379602,1.751078117323218,-2.1591540168481416,0,-0.038027837874634596,0.0,0.0
2023-08-07,0.4765273802377123,1.6582481320462512,0.2103772644508861,1.7334181537882454,0.0981241150805445,0,-0.0360331622269483,0.0,0.0
2023-08-08,1.984638697905261,1.6287269042003378,1.1401352913611713,1.696283899449051,1.9911447350683176,0,-0.029521227845913378,0.0,0.0
2023-08-09,-0.6877101417060771,1.707575148249317,-0.4775074274060918,1.684228122183388,1.6625179479918373,0,0.07884824404897928,0.0,0.0
2023-08-10,-0.4471948989328567,1.6906927552350306,-0.3400171743741649,1.6759048468008273,1.3253262380510833,0,-0.016882393014286512,0.0,0.0
2023-08-11,-0.1083746921805683,1.664913257897597,-0.1417757745023115,1.6700312395257069,1.2178863453234712,0,-0.025779497337433677,0.0,0.0
2023-08-12,0.0620603937134589,1.6326759595013036,-0.0401851208390496,1.6649168050167171,0.8034193587992178,0,-0.0322372983962933,0.0,0.0
2023-08-13,-0.453334072444278,1.6015926443648438,-0.3627662432926079,1.6594899530496183,-1.6345534115503213,0,-0.031083315136459788,1.0,0.0
2023-08-14,0.4277614074716496,1.5843588507431967,0.1894089416004785,1.6348466935483943,-0.5190818623725946,0,-0.01723379362164712,1.0,0.0
2023-08-15,-0.8129120118754329,1.5604579650098798,-0.6027600277630727,1.6087997355033643,-0.8847989753151708,0,-0.023900885733316946,1.0,0.0
2023-08-16,-1.6193584838703146,1.5656787412024389,-1.11582798714226,1.5889528321643325,-2.395782767004917,0,0.005220776192559118,1.0,0.0
2023-08-17,-7.362412009606345,1.6413165484933476,-4.563459553806926,1.5906809499627417,-9.82025517032472,0,0.07563780729090874,0.0,0.0
2023-08-18,-2.333424865381062,2.913868067357706,-0.8446142663040374,1.8531360345613137,-11.700345963261505,1,1.2725515188643584,0.0,1.0
2023-08-19,0.1789155950790544,2.9006969839384578,0.0176667611011352,2.116403661200366,-11.9491917756541,1,-0.01317108341924822,0.0,1.0
2023-08-20,0.3571869420106566,2.7764588704733124,0.0826654664380098,2.3596038422930525,-10.77909282176801,1,-0.12423811346514535,0.0,1.0
2023-08-21,-0.2501958864606024,2.661363132079912,-0.141981962680276,2.578740720468547,-9.409930224358298,1,-0.11509573839340037,0.0,0.0
2023-08-22,-0.3546469519251971,2.555834280313908,-0.1887120108205877,2.761644266832659,-2.4021651666771504,0,-0.10552885176600402,0.0,0.0
2023-08-23,1.5248455549160769,2.4594881028777715,0.5680758849145291,2.6707682739366723,1.456105253619988,0,-0.0963461774361365,0.0,0.0
2023-08-24,-1.023956576112539,2.40781011133883,-0.4782878205911442,2.572190899416747,0.2532330824283946,0,-0.05167799153894137,0.0,0.0
2023-08-25,-0.4393992436940053,2.346624443182701,-0.2416530347574177,2.4862240139586245,-0.5433531032762673,0,-0.061185668156129136,1.0,0.0
2023-08-26,-0.1506261986445878,2.2673044153893773,-0.122743056112218,2.407412270620518,-0.4437834154602527,0,-0.0793200277933237,1.0,0.0
2023-08-27,0.3118365040993609,2.188037764965843,0.0841698587707903,2.3338529675509045,0.2227000405643053,0,-0.0792666504235342,1.0,0.0
2023-08-28,0.0630587825121153,2.1135078869346144,-0.0305704522440297,2.2646569243622734,-1.239086731839656,0,-0.07452987803122868,1.0,0.0
2023-08-29,6.024989257085167,2.043749798971519,2.88553891754062,2.191844861888812,5.80985910135805,0,-0.06975808796309524,1.0,0.0
2023-08-30,-1.5634289371323715,2.7522572986949645,-0.6144405947697074,2.272971432991264,4.685829407919684,1,0.7085074997234453,1.0,0.0
2023-08-31,-5.132914544958922,2.6941370579369237,-1.9526045283770104,2.358337961500773,-0.2964589383946503,1,-0.058120240758040786,1.0,0.0
2023-09-01,-0.5054814300672561,3.095968498125437,-0.2045082515819039,2.539924108132692,-1.1137768725612671,1,0.40183144018851324,0.0,1.0
2023-09-02,0.2634986878476297,2.9662143698842915,0.0457920421361515,2.710465404722627,-0.913336967225753,1,-0.1297541282411454,0.0,1.0
2023-09-03,0.3887765541687571,2.8380175715189915,0.0920032639515952,2.869318959232122,-6.549549670142163,1,-0.12819679836530007,0.0,1.0
2023-09-04,-0.6069712504034541,2.719145427760977,-0.2701734586683761,2.862696585045324,-5.593091983413245,1,-0.11887214375801447,0.0,0.0
2023-09-05,-0.1257301424429258,2.61767724160856,-0.0968033082352971,2.847404621779652,-0.5859075808972491,1,-0.10146818615241715,0.0,0.0
2023-09-06,-0.1038013801593962,2.5134958876602003,-0.092091280408619,2.7309100996866045,-0.1842275309893892,0,-0.10418135394835959,0.0,0.0
2023-09-07,1.8732105501950256,2.416235990476407,0.7224215195196347,2.620914423805027,1.4254843313580068,0,-0.09725989718379324,0.0,0.0
2023-09-08,-1.2831149860508262,2.392487374146706,-0.5896727714147376,2.53180838433057,-0.2464072088615765,0,-0.023748616329700933,0.0,0.0
2023-09-09,-0.0385185563079204,2.347482684508236,-0.0707942307058016,2.457475835680022,0.3220454852339571,0,-0.04500468963846993,0.0,0.0
2023-09-10,-0.2453267904856559,2.26127333780542,-0.1649497469795852,2.386195054919394,0.2024488371912269,0,-0.08620934670281599,0.0,0.0
2023-09-11,-2.626188106748195,2.183931526236917,-1.2609634267839591,2.3202821826347373,-2.319937889397572,0,-0.07734181156850317,0.0,0.0
2023-09-12,2.6305127952918284,2.2901815587952847,1.09285794885685,2.2950712962985125,-1.5626356443007694,0,0.10625003255836774,0.0,0.0
2023-09-13,1.5173852958685785,2.3519189218771337,0.5908858543143896,2.286957605844598,1.2378646376186353,0,0.06173736308184896,0.0,0.0
2023-09-14,1.180083513097152,2.309164323991342,0.4557552824309387,2.2792939337412195,2.456466707023708,0,-0.0427545978857915,0.0,0.0
2023-09-15,0.259724140931894,2.251061542326509,0.0586631969014864,2.2772515746454376,2.961517638441258,0,-0.05810278166483318,0.0,0.0
2023-09-16,-0.1519910354119247,2.171526057090229,-0.1287853345972235,2.2747704808161,5.435714709777528,0,-0.07953548523627996,0.0,0.0
2023-09-17,-0.1284074186649775,2.0993240732373333,-0.1219807348310522,2.2365989837045097,2.6767944958207224,0,-0.07220198385289578,0.0,0.0
2023-09-18,0.8260511389751812,2.032216066658448,0.3436551240766897,2.1726584126607724,1.985460338927325,0,-0.06710800657888516,0.0,0.0
2023-09-19,1.6931102662432806,1.981465847399824,0.7900416723611451,2.107118717342469,2.4984870920734537,0,-0.05075021925862422,0.0,0.0
2023-09-20,-0.291147889939225,1.9875583097785503,-0.21071963640801,2.0544180708328765,1.9476150612023344,0,0.006092462378726404,0.0,0.0
2023-09-21,-2.102046771669741,1.93202576171523,-1.1540821506061365,2.006518011757877,-0.0024406750554817,0,-0.0555325480633202,0.0,0.0
2023-09-22,0.0449150540855924,2.010575519504428,-0.0411596677412223,1.988768301011296,0.1708817976950882,0,0.07854975778919804,0.0,0.0
2023-09-23,-0.0006686902016994,1.9486768202237867,-0.0658592349982339,1.972060451724364,-0.6558380314817924,0,-0.0618986992806414,0.0,0.0
2023-09-24,-1.2210127075315214,1.8918396546978304,-0.7128946571235535,1.954135213183965,-3.5699610052565944,0,-0.0568371655259563,0.0,0.0
2023-09-25,0.1585160786216732,1.8903211250190477,0.0163180762127558,1.9346877762320644,-3.120297036695696,0,-0.001518529678782743,0.0,0.0
2023-09-26,-0.3093569595524315,1.8376508135425544,-0.2378181049243942,1.9158127865975296,-1.3276072245783863,0,-0.05267031147649326,0.0,0.0
2023-09-27,0.515378285278878,1.794783421575776,0.216019719249161,1.872654367011799,-0.857143993385101,0,-0.042867391966778357,0.0,0.0
2023-09-28,2.5063206234960944,1.7543187201015618,1.3558830113386455,1.8337827469873544,1.6498453203126928,0,-0.040464701474214326,0.0,0.0
2023-09-29,-0.4072674570299028,1.8784075509637788,-0.2847822514301893,1.831096326240544,2.4635905708143118,0,0.124088830862217,0.0,0.0
2023-09-30,0.2085958120686015,1.8348791630584511,0.0441043417249779,1.8200079338484243,2.51367030426124,0,-0.04352838790532765,0.0,0.0
2023-10-01,3.697612085638191,1.786823903722124,1.997926266692891,1.8098425518843384,6.520639349451862,0,-0.04805525933632704,0.0,0.0
2023-10-02,-1.6319145788514788,2.092071668896569,-0.8410726455736454,1.8693002013484967,4.373346485321505,0,0.30524776517444496,0.0,0.0
2023-10-03,-0.3668317065944393,2.1027249656272784,-0.2351716886967912,1.93898145045364,1.5001941552309717,0,0.01065329673070936,0.0,0.0
2023-10-04,1.337771930248266,2.039978470798729,0.5931936405865278,1.9712956344206305,3.2452335425091405,0,-0.06274649482854944,0.0,0.0
2023-10-05,-1.3890662255843012,2.0142519515881814,-0.7530020754481224,2.0071701921265763,1.6475715048562378,0,-0.025726519210547583,0.0,0.0
2023-10-06,1.91718837881556,2.012914343603951,0.8890188050299991,2.0523882801029414,-0.1328522019663935,0,-0.0013376079842304378,0.0,0.0
2023-10-07,0.079556522018187,2.035156887865107,-0.0236410041435744,2.041005323896649,1.5786188989032723,0,0.022242544261156016,0.0,0.0
2023-10-08,-0.1207428683061451,1.9712570042630015,-0.1260173291488442,2.014711731623794,1.8247077371915663,0,-0.06389988360210541,0.0,0.0
2023-10-09,-1.2659387727927296,1.9139013871930952,-0.728150601987707,1.9894963149026672,-0.7790029658494291,0,-0.05735561706990633,0.0,0.0
2023-10-10,-0.7009006012591357,1.9134791129119044,-0.4330176745097884,1.969341747167412,-0.0908373415242635,0,-0.00042227428119079313,0.0,0.0
2023-10-11,-1.90812208422706,1.878268351848592,-1.083866294536914,1.94241254881634,-3.916147804566883,0,-0.035210761063312335,0.0,0.0
2023-10-12,-0.434538164717857,1.9421956060415413,-0.2894702456364542,1.923820292451627,-4.430242491302927,0,0.0639272541929492,0.0,0.0
2023-10-13,0.3938005783231446,1.8942028233157784,0.1404975753442578,1.908409456262182,-3.915699044673637,0,-0.047992782725762906,0.0,0.0
2023-10-14,-0.0024866641728849,1.8432186667232708,-0.0706136178846847,1.8942729121682171,-2.6522469360537926,0,-0.050984156592507546,0.0,0.0
2023-10-15,1.103076031587058,1.7947924533826405,0.5434647083074604,1.8705355802623649,-0.8482703032075989,0,-0.04842621334063035,0.0,0.0
2023-10-16,4.8854397304765484,1.778179359834524,2.6756412561679226,1.8505177818595515,5.945291511496009,0,-0.016613093548116575,0.0,0.0
2023-10-17,-0.364339943277514,2.3215520100796425,-0.2119313354076721,1.926389062667171,6.015489732936352,0,0.5433726502451186,0.0,0.0
2023-10-18,-0.3080719749686267,2.2422257047563403,-0.1943344278327271,1.995993638955284,5.313617179644581,0,-0.0793263053233022,0.0,0.0
2023-10-19,1.3724231161472034,2.16751827835026,0.5742758684635311,2.0608535612806813,6.688526959964669,0,-0.0747074264060803,1.0,0.0
2023-10-20,3.2985768982552344,2.132214756838561,1.4871425186643552,2.128338021971865,8.884027826632845,0,-0.03530352151169902,1.0,0.0
2023-10-21,0.790129991607813,2.303276014706714,0.2876165570000679,2.233357352946304,4.78871808776411,0,0.17106125786815296,1.0,0.0
2023-10-22,0.2519829955234698,2.229941687675346,0.055747341633867,2.2150352884654447,5.405041026565094,0,-0.07333432703136777,1.0,0.0
2023-10-23,9.812340552916154,2.1518904398074827,4.500540872957062,2.1969682354756728,15.525453554449877,0,-0.07805124786786344,1.0,0.0
2023-10-24,2.434275178777412,3.766694331436408,0.6123686451246418,2.516803446092902,16.587305617080084,1,1.6148038916289251,1.0,1.0
2023-10-25,1.7581001125126503,3.665336379911541,0.4448242314160997,2.823427770707498,15.0468288313375,1,-0.10135795152486704,1.0,1.0
2023-10-26,-1.0083818433932024,3.5327930880691705,-0.3215731828922751,3.0693311853799896,13.248316996336484,1,-0.13254329184237035,1.0,1.0
2023-10-27,-0.7253169256571823,3.388666183186801,-0.2517175059397674,3.3010760844822804,12.271017075155832,1,-0.14412690488236946,1.0,1.0
2023-10-28,0.5287514961398898,3.245180201496092,0.1235930816778535,3.5197340368200023,2.987428018379568,1,-0.1434859816907088,1.0,1.0
2023-10-29,1.3082482218138125,3.1015866247440997,0.3806369739791445,3.3867124954815404,1.861401061415968,1,-0.14359357675199247,1.0,1.0
2023-10-30,-0.104625577652051,2.9889822011477114,-0.0777171747626614,3.251441659728775,-0.0013246287487334,1,-0.11260442359638834,0.0,1.0
2023-10-31,0.4782938801692893,2.859965882142672,0.1225973386331354,3.1168762185434757,1.4853510948137585,1,-0.1290163190050393,0.0,1.0
2023-11-01,2.1952875620689483,2.740696780202301,0.7544132216914924,2.987282337946575,4.405955582539889,1,-0.11926910194037132,0.0,1.0
2023-11-02,-1.4181643038138958,2.711162873465074,-0.5701737779682826,2.880478872340372,2.4590397825861032,1,-0.02953390673722689,0.0,0.0
2023-11-03,-0.5911206955145687,2.6472658361454355,-0.2715217943499762,2.789614714620639,0.559670865257722,1,-0.06389703731963836,0.0,0.0
2023-11-04,1.0022958693683748,2.5504209040365318,0.342934059843644,2.701902455198403,1.666592312278148,0,-0.09684493210890377,0.0,0.0
2023-11-05,-0.0936521316994287,2.465834146159038,-0.089755349718555,2.623076108001676,1.0946463004094298,0,-0.08458675787749392,0.0,0.0
2023-11-06,-0.0341987012507871,2.371782212665612,-0.0682475713087905,2.549293194494338,-1.1348399629103056,0,-0.094051933493426,0.0,0.0
2023-11-07,1.1526405303600384,2.2838175266159664,0.4487971757716357,2.4638241251245168,1.4359648712636286,0,-0.08796468604964547,0.0,0.0
2023-11-08,0.595552529347465,2.226456628742911,0.2101468534667159,2.379662283644012,2.6226380961256623,0,-0.05736089787305554,0.0,0.0
2023-11-09,2.869223982446556,2.153632952279646,1.2729905089479423,2.3003046932926345,4.489566209203844,0,-0.07282367646326504,0.0,0.0
2023-11-10,1.6778346050335458,2.262790521259042,0.6850678028004052,2.259695968312636,6.261052945936818,0,0.10915756897939621,0.0,0.0
2023-11-11,-0.472568231840853,2.239154171692761,-0.2680645727150239,2.233170360118065,5.822683415346752,0,-0.023636349566281023,1.0,0.0
2023-11-12,-0.2251742592081385,2.1688113210697115,-0.162690009138802,2.2101691190088144,4.444868625778575,0,-0.07034285062304946,1.0,0.0
2023-11-13,-1.5013537055029502,2.097972018981398,-0.7764752652568261,2.184472197056512,2.34796239092816,0,-0.07083930208831335,1.0,0.0
2023-11-14,-2.678435783979438,2.096912388032281,-1.3382082505839386,2.173128084207039,-3.199697375497834,0,-0.0010596309491170963,1.0,0.0
2023-11-15,6.384619927627711,2.22309487892928,2.814522363617808,2.165188955741087,1.5070879470963303,0,0.12618249089699907,1.0,0.0
2023-11-16,-4.662975619066501,2.9528651322545243,-1.6223718588345597,2.307931147853439,-2.683319440129317,1,0.7297702533252441,1.0,1.0
2023-11-17,1.2148746966680335,3.2242178518956925,0.3371996162082461,2.519012454018635,-1.243270484253145,1,0.27135271964116825,1.0,1.0
2023-11-18,-0.0300085015664919,3.099337441932829,-0.0508748011333641,2.719285538608921,0.2280747196833132,1,-0.12488040996286376,1.0,1.0
2023-11-19,2.1653391391504684,2.9626938719610934,0.6877759069196864,2.892441835394684,5.07184964281322,1,-0.13664356997173543,1.0,1.0
2023-11-20,0.2415334454994422,2.910401733331112,0.0391230426227408,3.02990320627505,-1.0712368393150484,1,-0.05229213862998128,1.0,1.0
2023-11-21,-4.539262192194826,2.785727006926277,-1.6753012247891683,2.996475581209401,-0.947523412443374,1,-0.12467472640483512,1.0,1.0
2023-11-22,4.4201389467836805,3.068266920258482,1.398988218399538,2.965285394881959,2.257740837672273,1,0.28253991333220485,1.0,1.0
2023-11-23,-0.3819999415433983,3.2467543783023216,-0.1569781870123871,2.9947687821558566,1.9057493976953663,1,0.1784874580438398,1.0,1.0
2023-11-24,1.148288092363181,3.1047360569763995,0.3287295277911957,3.023177219158918,0.8886983509080792,1,-0.14201832132592207,1.0,1.0
2023-11-25,0.2026342935600666,2.985711187312362,0.0251077932258133,3.0382391099551684,0.8497991989687037,1,-0.11902486966403769,0.0,1.0
2023-11-26,-0.844024984109204,2.856016910959202,-0.3402272076252823,3.052297090761753,4.545036407054326,1,-0.12969427635315967,0.0,1.0
2023-11-27,-0.6020176743920302,2.7527439206961217,-0.265076363748552,2.9891924908492813,-0.4771202141213848,1,-0.10327299026308046,0.0,0.0
2023-11-28,1.5367313611232447,2.648769832104493,0.5319683385123315,2.8695955816097154,1.4416110885452582,1,-0.10397408859162871,0.0,0.0
2023-11-29,0.0724175028494755,2.5819101996922083,-0.0213997262934013,2.7650304101528773,0.3657404990315527,1,-0.06685963241228476,0.0,0.0
2023-11-30,-0.3857188998471983,2.4788738615936183,-0.2071055660549751,2.6636629450091287,-0.2226126943757123,0,-0.10303633809858992,1.0,0.0
2023-12-01,2.555073011462916,2.38864323535134,1.0162268274729798,2.570188209887556,3.176485301196408,0,-0.09023062624227851,1.0,0.0
2023-12-02,2.015244313871989,2.4299451523714444,0.7767972201318318,2.5056284562226208,5.793747289460427,0,0.04130191702010455,1.0,0.0
2023-12-03,1.2637770520489866,2.416137417400483,0.4702163748758511,2.4591019732818187,5.520792980386169,0,-0.013807734970961327,1.0,0.0
2023-12-04,4.885656688656326,2.353477749428842,2.021683449258867,2.413415483229145,10.33403216619302,0,-0.06265966797164113,1.0,0.0
2023-12-05,4.882523455973065,2.7416698265657318,1.7342911737450373,2.465974676223568,15.602274522013282,1,0.38819207713688986,1.0,1.0
2023-12-06,-0.7610515703399656,3.046880665072031,-0.2916823277540427,2.5976221621677063,12.2861499402104,1,0.30521083850629926,0.0,1.0
2023-12-07,-1.0427160036986294,2.927373021580342,-0.3998074961775206,2.697107736009486,9.228189622639782,1,-0.11950764349168885,1.0,1.0
2023-12-08,1.9985683234800435,2.8269487910644333,0.6618084681818952,2.779270010742276,9.96298089407084,1,-0.10042423051590887,1.0,1.0
2023-12-09,-1.0026349184727223,2.774639643008287,-0.4073698708075356,2.863502389458165,4.074689286941791,1,-0.05230914805614617,1.0,0.0
2023-12-10,0.1227688266421722,2.683775645055698,-0.0018261018963663,2.851923553156158,-0.6850653423891018,1,-0.09086399795258915,1.0,0.0
2023-12-11,-5.96686466968368,2.573804870502088,-2.3679084665543475,2.75730839424217,-5.890878441732816,0,-0.10997077455360982,1.0,1.0
2023-12-12,0.4991678164291357,3.164457622114365,0.117397098130164,2.8047253143489748,-4.348994621605051,1,0.5906527516122768,1.0,1.0
2023-12-13,3.4162749571038376,3.0256326446628967,1.0869149261949511,2.844462085068667,-2.931287987981257,1,-0.13882497745146827,1.0,1.0
2023-12-14,0.3101461159202401,3.0835827248900745,0.059176762150824,2.9062507014450247,-1.6185069535882946,1,0.057950080227177736,1.0,1.0
2023-12-15,-2.57616788095838,2.948097269134941,-0.9171466571687426,2.959115026260873,-4.317443661188847,1,-0.13548545575513327,1.0,1.0
2023-12-16,0.7374628549158047,2.953888490106656,0.2064374408584247,3.0351317501817867,2.386883863410638,1,0.005791220971715028,1.0,1.0
2023-12-17,-2.094342240847169,2.833058097629042,-0.7843156895171965,2.968851845284722,-0.2066261938656666,1,-0.12083039247761418,1.0,1.0
2023-12-18,2.9979669511789098,2.807261422049969,1.0224545723447014,2.9251776007621366,-0.6249341997905944,1,-0.025796675579072836,1.0,1.0
2023-12-19,-0.8316570718614358,2.845653222448012,-0.3371200463678396,2.877591700273724,-1.7667373875722705,1,0.0383918003980428,0.0,1.0
2023-12-20,3.216473724475044,2.7426651006216494,1.1262053282910514,2.836505266571065,4.025904217861154,1,-0.10298812182636263,0.0,1.0
2023-12-21,0.4956565640048538,2.813165154439153,0.1308088467494143,2.8083605994375653,3.784097926950203,1,0.0705000538175038,0.0,0.0
2023-12-22,0.2930565787194084,2.697248626989734,0.0613168925650574,2.781198705309704,6.17149674651678,1,-0.11591652744941916,0.0,0.0
2023-12-23,-0.5889392398977122,2.586932366473391,-0.2770110744378107,2.737132894194388,2.5845905554401583,1,-0.1103162605163428,0.0,0.0
2023-12-24,-1.667770259648016,2.494340649632694,-0.719805426074997,2.6668703796313245,1.748477367653578,0,-0.09259171684069711,0.0,0.0
2023-12-25,1.378363164697305,2.466937131164161,0.5069823119773083,2.6117247857398267,-0.0896331921241611,0,-0.02740351846853306,0.0,0.0
2023-12-26,-2.5374479539831185,2.406157013700261,-1.1076241547186692,2.530323157592048,-3.1227377101121334,0,-0.06078011746390022,0.0,0.0
2023-12-27,2.146239120433968,2.4712551130680014,0.816819532440313,2.485124454807702,-1.2695551683975737,0,0.06509809936774058,0.0,0.0
2023-12-28,-1.893848326303349,2.464287195761272,-0.8203256520658454,2.4605954206652783,-2.5744642548032104,0,-0.006967917306729188,0.0,0.0
2023-12-29,-1.2474379352008569,2.4582902616358693,-0.5593756079572239,2.4533853430659134,-2.1541319303560518,0,-0.00599693412540292,0.0,0.0
2023-12-30,0.1364883236682601,2.405378059523064,0.0036662216969662,2.441073528737694,-3.396006771385096,0,-0.05291220211280523,1.0,0.0
2023-12-31,0.2565328952055523,2.314451806742668,0.0556776427113782,2.422732487346175,-0.6020259221964253,0,-0.09092625278039623,1.0,0.0
2024-01-01,4.40216648373255,2.230337922960824,1.916524292256588,2.374549049324739,1.6539014411021569,0,-0.08411388378184403,1.0,0.0
2024-01-02,1.77426040136055,2.5597545569192377,0.6432611761438779,2.3936425215563326,5.322010168766056,0,0.3294166339584139,1.0,0.0
2024-01-03,-4.806495357875562,2.5154972319384084,-1.961506842331284,2.40508391561684,1.7629527460913508,0,-0.04425732498082935,1.0,0.0
2024-01-04,3.060735771828682,2.898663031012831,1.0118685980435609,2.503740909914794,4.687200194251773,1,0.3831657990744226,1.0,1.0
2024-01-05,-0.0390082845152406,2.9330415076755205,-0.0568276850211934,2.6274588501013643,4.39165901453098,1,0.03437847666268956,1.0,1.0
2024-01-06,-0.3936304127510226,2.807171715602089,-0.1857029565703796,2.742825608629617,-0.4041378819525931,1,-0.12586979207343152,1.0,0.0
2024-01-07,-0.1048480800776019,2.69431772119445,-0.0862993078676526,2.76973824148466,-2.283246363390745,1,-0.11285399440763921,1.0,0.0
2024-01-08,6.662426635587337,2.584741466636463,2.5282052559221797,2.7835870884242704,9.185675630072154,1,-0.10957625455798681,1.0,1.0
2024-01-09,-1.7845417106437722,3.263286284737181,-0.5859772077076003,2.856511739169141,4.3403981475997,1,0.6785448181007179,1.0,1.0
2024-01-10,1.052203275194863,3.1769418818987822,0.2910136965443199,2.905291814013793,5.431609707309804,1,-0.08634440283839862,1.0,1.0
2024-01-11,-0.5574241147522585,3.0497017639900568,-0.2246428805854612,2.9537978236913864,5.267816005308568,1,-0.12724011790872547,1.0,1.0
2024-01-12,-7.884262883299442,2.924242817323119,-2.739831490830394,2.9997828429171203,-2.511598797913273,1,-0.1254589466669378,1.0,1.0
2024-01-13,-0.0251708664185557,3.818731581252514,-0.0400239025979027,3.2465808658403303,-9.199196299919166,1,0.8944887639293952,1.0,1.0
2024-01-14,-2.472077535535888,3.637411135138783,-0.7147245976288922,3.3214058359206518,-9.886732124811282,1,-0.18132044611373122,1.0,1.0
2024-01-15,1.6978564046420177,3.567831031090636,0.4400955977236969,3.399583665759022,-9.241078995364129,1,-0.06958010404814718,1.0,1.0
2024-01-16,1.5011364505806313,3.4393682438357582,0.399336935963519,3.477516961728162,-7.182518430031237,1,-0.1284627872548776,1.0,1.0
2024-01-17,-0.9599712825862028,3.3110211873462307,-0.3284910894499508,3.554872635732784,-0.2582268293179979,1,-0.1283470564895275,1.0,1.0
2024-01-18,-3.5253906004379942,3.1801897720172554,-1.1486925425075556,3.427164273885732,-3.758446563337437,1,-0.13083141532897535,1.0,1.0
2024-01-19,0.8599127738074586,3.260804838128322,0.2245590078892089,3.35184301448364,-0.4264562539940897,1,0.08061506611106672,1.0,1.0
2024-01-20,0.1132983453546288,3.1225432624006566,-0.0046024435451224,3.262785460745645,-2.0110143132814784,1,-0.1382615757276655,1.0,1.0
2024-01-21,-0.2879434924556889,2.983983820217429,-0.1392813071159465,3.1717085760219788,-3.800094256317799,1,-0.1385594421832277,1.0,1.0
2024-01-22,-5.030891028125595,2.8574782999518566,-1.8052842965245044,3.080999998543104,-7.871014001857191,1,-0.12650552026557227,1.0,1.0
2024-01-23,0.8523584257922323,3.206968506864028,0.2259731424877158,3.0863557455124586,-3.493264975626964,1,0.34949020691217125,1.0,1.0
2024-01-24,0.5793705727986875,3.072058102897015,0.1470352718705723,3.0486063984661973,-3.773807176635735,1,-0.13491040396701282,1.0,1.0
2024-01-25,-0.358115728949393,2.9403665434987074,-0.1652125325873123,3.012171054685808,-4.245221250939757,1,-0.13169155939830768,1.0,1.0
2024-01-26,4.607657449481728,2.8179087468854966,1.589827129780629,2.9789560400194204,0.65037969099766,1,-0.12245779661321077,1.0,1.0
2024-01-27,0.7224112855396925,3.065253257560859,0.1940269077720257,3.020511031541221,6.403682004662947,1,0.24734451067536245,1.0,1.0
2024-01-28,-0.2007256017307668,2.936686593262019,-0.1118251014327754,2.9664546488208194,5.350597977139948,1,-0.12856666429884012,0.0,1.0
2024-01-29,2.9364415736914395,2.812077371876738,0.998824544212266,2.914458502616764,7.7076689780327,1,-0.12460922138528119,0.0,1.0
2024-01-30,-0.7783744989936281,2.843450042273848,-0.3186425504089791,2.895075202371792,7.287410207988465,1,0.03137267039711,0.0,1.0
2024-01-31,-0.8651552809046947,2.7387117695054064,-0.3625153133661168,2.8792358068957737,1.8145974776020424,1,-0.10473827276844139,0.0,0.0
2024-02-01,1.1514890294240132,2.64474999274412,0.3871138511374742,2.7951351539324256,2.243675221486363,1,-0.09396177676128659,0.0,0.0
2024-02-02,0.2552374530244705,2.5590311908719974,0.0498500288087427,2.7196040734544216,2.6996382762416005,0,-0.08571880187212244,0.0,0.0
2024-02-03,-0.4493245492151132,2.4578359598912507,-0.2347570110731364,2.648755791057324,-0.6861278466649523,0,-0.10119523098074668,0.0,0.0
2024-02-04,-0.955108622874512,2.370649017945859,-0.4567434019607667,2.5541955861917267,-0.8628619705458362,0,-0.0871869419453919,0.0,0.0
2024-02-05,0.1761707531647616,2.3090193386310207,0.0210050552268162,2.4682571000168494,0.1784640635236201,0,-0.06162967931483809,0.0,0.0
2024-02-06,0.9936804708699398,2.224956853234165,0.3892258832678436,2.384298472114858,0.0206555049695467,0,-0.0840624853968559,0.0,0.0
2024-02-07,2.822864621028032,2.165182953030468,1.244788549077901,2.3055288245465526,2.588282672973108,0,-0.05977390020369677,0.0,0.0
2024-02-08,2.1945671282114887,2.266792229783388,0.9118160132267478,2.26732007852498,5.23217435039971,0,0.10160927675291997,0.0,0.0
2024-02-09,3.9932995408412,2.2861792877512777,1.690869078866717,2.2504261324860635,10.180582514115422,0,0.019387057967889643,0.0,0.0
2024-02-10,1.3149960695063356,2.5353433633293068,0.4683098992596246,2.295690937425721,11.319407830456996,0,0.2491640755780291,1.0,0.0
2024-02-11,1.0881064258583706,2.465672084379635,0.3895233098942218,2.3438339836548154,11.413833785445426,0,-0.06967127894967184,0.0,0.0
2024-02-12,3.3881478531652576,2.390921300122629,1.3636911338574795,2.3889816530732477,11.979117017582652,0,-0.07475078425700588,0.0,0.0
2024-02-13,-0.4328588760117213,2.532342521257733,-0.2213478412747873,2.4420917113681164,9.351691013359442,0,0.1414212211351038,0.0,0.0
2024-02-14,4.104684951040838,2.4394061225899994,1.6303211014249963,2.4727370783358604,9.46307642355908,0,-0.0929363986677334,0.0,0.0
2024-02-15,0.2156009229107525,2.677269785934934,0.0328436263448943,2.501122362856986,8.363681276963497,1,0.23786366334493447,0.0,0.0
2024-02-16,0.4258432609761442,2.567892610110315,0.1161160655103504,2.5215664680031225,7.701418112081271,0,-0.1093771758246187,0.0,0.0
2024-02-17,-0.9578029497786744,2.467640677405215,-0.4398827731098621,2.536910343459639,3.355467309137339,0,-0.10025193270510036,0.0,0.0
2024-02-18,0.8855834280712571,2.398353785127602,0.3160141586842255,2.510112596233613,4.673909613220317,0,-0.06928689227761309,0.0,0.0
2024-02-19,-0.6610163694045212,2.3209703672187314,-0.3398087519689666,2.48642544515936,-0.0917917072250418,0,-0.07738341790887038,0.0,0.0
2024-02-20,0.971967933731932,2.2505827540265124,0.3751465071810267,2.401088038777675,0.6645753035961377,0,-0.07038761319221898,0.0,0.0
2024-02-21,-0.8560904315229934,2.187861559316316,-0.4496445864094976,2.325081828618875,-0.6173583889029999,0,-0.06272119471019622,0.0,0.0
2024-02-22,-1.0358547640015203,2.136457006872301,-0.5446046584115025,2.2588450945122927,-0.6954102031258458,0,-0.051404552444015206,0.0,0.0
2024-02-23,-1.1231806115512557,2.09908041094383,-0.5959039393949914,2.198990419675538,-2.7041742427483584,0,-0.03737659592847109,1.0,0.0
2024-02-24,1.640559413021769,2.070423882042036,0.7307149766320281,2.1488811226401987,-0.4025984603220678,0,-0.02865652890179371,2.0,0.0
2024-02-25,0.3139013368237187,2.062985711837572,0.0902728803782192,2.111361714202411,-1.0606650572302811,0,-0.007438170204464356,2.0,0.0
2024-02-26,5.251118765694507,1.997826257928833,2.564511839267249,2.0733546539249144,5.046544139987219,0,-0.06515945390873878,1.0,0.0
2024-02-27,4.593621644047374,2.551824014222268,1.7501018662415304,2.156428055394908,10.676020548036114,0,0.5539977562934351,1.0,1.0
2024-02-28,9.069529297704191,2.8467607602739844,3.141064661298254,2.3059641252609384,20.86873045729156,1,0.29493674605171627,1.0,1.0
2024-02-29,-2.1122414270019263,3.9800525571822103,-0.5627843022818684,2.6878898602889736,17.115929617267867,2,1.133291796908226,2.0,1.0
2024-03-01,2.009546578842425,3.857691935544685,0.4878245686405967,3.046831105030396,18.811574859286573,2,-0.12236062163752548,2.0,1.0
2024-03-02,-0.6600547312091365,3.72403126915591,-0.2115246486167965,3.392072107275811,12.90040136238293,1,-0.13366066638877472,2.0,1.0
2024-03-03,1.8172204659013147,3.5573015895943554,0.4749529239821767,3.5931676223502294,10.12400018423687,1,-0.1667296795615547,2.0,1.0
2024-03-04,7.85670808490071,3.4355561011608016,2.249719749257537,3.710926690527592,8.911178971433387,1,-0.12174548843355382,2.0,1.0
2024-03-05,-6.858298181492017,4.126035761086999,-1.6931428277511107,3.74012333130855,4.165122216943296,2,0.6904796599261971,2.0,1.0
2024-03-06,3.5499700200865902,4.532779535348331,0.7550114270860002,3.875140851269279,5.705545658187461,2,0.406743774261332,1.0,2.0
2024-03-07,1.2308140052516237,4.4493066431614965,0.2479362335050802,4.0201959260703966,7.596414394648221,2,-0.08347289218683418,1.0,2.0
2024-03-08,2.033131223698703,4.245180147896316,0.448852930353478,4.157771637730788,7.812325152445609,2,-0.20412649526518045,1.0,1.0
2024-03-09,0.2906296632019689,4.085013388730765,0.0398921553634298,4.287663095244781,0.2462467307468685,2,-0.16016675916555112,1.0,1.0
2024-03-10,0.7575825657205826,3.887718832098432,0.1620263497665419,4.239999709447067,7.8621274779594685,2,-0.19729455663233297,1.0,1.0
2024-03-11,4.3992298582747225,3.7075282261629248,1.1521315343453251,4.074949447609987,8.7113873161476,1,-0.18019060593550718,1.0,1.0
2024-03-12,-0.8949836049348292,3.794535751014649,-0.2695068241479619,3.943995269180617,6.585589705961148,1,0.08700752485172414,1.0,1.0
2024-03-13,2.2166899064075096,3.629527016016316,0.5755626622290139,3.820864642804618,6.769148388669954,1,-0.16500873499833268,2.0,1.0
2024-03-14,-2.335246145838177,3.52509311344883,-0.6986810677081874,3.7088805877482303,4.143272579629809,1,-0.1044339025674863,1.0,1.0
2024-03-15,-2.8308923292000188,3.4549520080617,-0.8563250652204758,3.6223272229408834,0.5547976847092073,1,-0.0701411053871297,2.0,1.0
2024-03-16,-6.071772520629715,3.432379500702708,-1.80616455546292,3.5672974778488404,-9.91620469419523,1,-0.02257250735899241,2.0,1.0
2024-03-17,4.60122407046093,3.842371785497244,1.164269010330809,3.57686468474536,-4.419997018799471,1,0.4099922847945363,2.0,1.0
2024-03-18,-1.2388507554367931,3.936403622982685,-0.3471494696060629,3.638240006138633,-7.875537680643774,2,0.09403183748544075,2.0,1.0
2024-03-19,-8.712073185700753,3.77376359341751,-2.342420939021391,3.6879741021323698,-14.25236472050635,1,-0.16264002956517487,2.0,1.0
2024-03-20,9.25108529687737,4.597996510753686,1.984215429720904,3.916583002670767,-2.1703870944289605,2,0.8242329173361758,2.0,2.0
2024-03-21,-3.631867422621404,5.277503608474585,-0.7123703508267416,4.285607824225141,0.2695180035793498,2,0.679507097720899,2.0,2.0
2024-03-22,-2.6498446652158947,5.156412832223232,-0.5386524372710816,4.548416033570339,-6.981550732097475,2,-0.12109077625135267,2.0,2.0
2024-03-23,0.4434288665400743,4.978235829395616,0.0634279296771239,4.756782474852926,-5.299271110120607,2,-0.17817700282761617,2.0,2.0
2024-03-24,4.8327093150678735,4.729278443588448,0.9948747354915284,4.947885444887113,8.24551139064802,2,-0.2489573858071683,2.0,2.0
2024-03-25,3.972504769487984,4.745672328899482,0.8101771105512815,4.977420608516272,2.966930863258632,2,0.01639388531103414,2.0,2.0
2024-03-26,0.0414778606563359,4.678338124467667,-0.0184235964754047,4.857587511714889,6.640276146536372,2,-0.06733420443181437,1.0,2.0
2024-03-27,-0.7637444542950789,4.445782371297323,-0.2005078193856767,4.715461419529707,8.526376357457188,2,-0.23255575317034438,1.0,2.0
2024-03-28,1.8397189971880223,4.236636064044917,0.4041058275646215,4.567141466459567,9.922666488105136,2,-0.20914630725240624,1.0,2.0
2024-03-29,-1.2118158012203395,4.068033526099121,-0.32927100208582,4.434892482961702,3.8781413718169233,2,-0.16860253794579538,2.0,1.0
2024-03-30,-0.3547757048682598,3.895690135348077,-0.1238407990737651,4.264896044251421,-0.4491391025393199,2,-0.17234339075104455,1.0,1.0
2024-03-31,2.395285869630293,3.7126850908886113,0.6107752582513053,4.07176543753561,1.9046689064346367,1,-0.18300504445946553,1.0,1.0
2024-04-01,-2.3137002333259105,3.613096253675824,-0.6757002128795174,3.90522821401131,0.3547131274038051,1,-0.09958883721278733,1.0,1.0
2024-04-02,-6.299090436988486,3.5337927204875843,-1.8186579179264275,3.764659545299844,-7.784096306772703,1,-0.07930353318823968,1.0,1.0
2024-04-03,0.8123743073319645,3.962052265890644,0.1728156487963485,3.743463293258148,-5.759906198220399,2,0.42825954540305977,1.0,1.0
2024-04-04,3.759886271186197,3.7782893200478473,0.9613389259198314,3.719983130198102,-1.6452442221659425,1,-0.18376294584279673,1.0,1.0
2024-04-05,-0.9845630418288563,3.7869513101271663,-0.293701351081944,3.7348363740458126,-5.025093133625092,1,0.008661990079319004,1.0,1.0
2024-04-06,1.5482496362563936,3.625207238349382,0.3918617249771843,3.737258570980525,-1.1631432640427877,1,-0.16174407177778427,1.0,1.0
2024-04-07,0.6747455363626642,3.485899289964436,0.1569396636043422,3.727679884875895,5.810692709308363,1,-0.1393079483849462,1.0,1.0
2024-04-08,3.218579409702116,3.329305822765322,0.928394656366466,3.6011305962508304,8.216897811678514,1,-0.15659346719911404,1.0,1.0
2024-04-09,-3.541376120378814,3.3320682240937844,-1.1011316539935814,3.511886377060018,0.9156354201135032,1,0.002762401328462616,1.0,1.0
2024-04-10,2.0739301242535646,3.3956150346222715,0.5731687573450258,3.433619121959039,3.974128586195924,1,0.0635468105284871,1.0,1.0
2024-04-11,-0.7497782584511725,3.30079720332676,-0.265829094863463,3.3687371149545142,1.676100691488358,1,-0.09481783129551147,1.0,1.0
2024-04-12,-4.174897018143575,3.163806881323668,-1.3599334137551735,3.304318633226361,-3.1735418630178813,1,-0.13699032200309214,1.0,1.0
2024-04-13,-5.1522049715234886,3.329163499016979,-1.5859463338221558,3.3042901684766925,-11.544326244243486,1,0.16535661769331123,1.0,1.0
2024-04-14,2.959850149495935,3.6095786528490135,0.7846291070076796,3.359792254227738,-5.043099974368737,1,0.2804151538320343,1.0,1.0
2024-04-15,-3.5810999496508344,3.5611410867824778,-1.0414554025543454,3.39289746465978,-10.698130048273136,1,-0.04843756606653571,1.0,1.0
2024-04-16,0.6061920177229396,3.601942769513857,0.1328511789071246,3.453126577897199,-9.342159772099023,1,0.040801682731379074,1.0,1.0
2024-04-17,-4.053958534994528,3.436985725123032,-1.2166556814203444,3.5077623466570715,-9.221221288949977,1,-0.16495704439082504,1.0,1.0
2024-04-18,3.584120208614649,3.548090782092973,0.9741719551320792,3.5515478032722703,-0.4848961088118386,1,0.111105056969941,1.0,1.0
2024-04-19,0.5195142876912584,3.5638206116409137,0.109950711877669,3.5423961950306504,-2.9252319706165157,1,0.015729829547940888,1.0,1.0
2024-04-20,1.7865871886504792,3.4000726189609303,0.4879064949855152,3.5101825014663413,2.4424551676847983,1,-0.1637479926799834,1.0,1.0
2024-04-21,-0.1043662476567064,3.288375190281005,-0.0705624841044699,3.4474689856197704,1.7318969023051525,1,-0.11169742867992527,1.0,1.0
2024-04-22,2.9008901759276284,3.1402414510029955,0.8831233345464023,3.388120130795764,8.686745613227309,1,-0.14813373927800955,1.0,1.0
2024-04-23,-0.646039848991542,3.132446859488025,-0.2469984514134835,3.304991346274774,4.456585555621118,1,-0.007794591514970417,1.0,1.0
2024-04-24,-3.260630131627096,3.003752969116695,-1.1280221246224895,3.19297781776993,0.6764411363027634,1,-0.12869389037133017,1.0,1.0
2024-04-25,0.3181282769190829,3.075784295490269,0.0619219633708723,3.1281201530757983,-0.7920177754286328,1,0.07203132637357434,0.0,1.0
2024-04-26,-1.132893521901579,2.9408518001085238,-0.4286388033195321,3.058615475041301,-1.8205450496735052,1,-0.13493249538174545,1.0,1.0
2024-04-27,-0.5286917956356163,2.8434967314948456,-0.2308289870013646,2.999266531139672,-5.25012702123675,1,-0.09735506861367815,1.0,1.0
2024-04-28,-0.4835296290155,2.731254093372073,-0.2237797299547214,2.919027977916481,-5.087616801260708,1,-0.11224263812277258,1.0,0.0
2024-04-29,1.1467091787556782,2.625607755940352,0.3881156665587632,2.843398935281213,-0.6802774908779341,1,-0.10564633743172092,1.0,0.0
2024-04-30,-5.149462971654195,2.541129332548838,-2.076687942836063,2.7364679426929266,-6.147868739451212,0,-0.08447842339151412,1.0,1.0
2024-05-01,-4.008992348065732,2.9810364091633588,-1.3876590067089232,2.744504864503894,-9.023967565615363,1,0.4399070766145208,1.0,1.0
2024-05-02,1.4814392549697075,3.151364460928777,0.429582042101754,2.80607841039068,-7.013836515010041,1,0.1703280517654182,1.0,1.0
2024-05-03,6.17572064982479,3.042811353624941,1.9876522966770969,2.8683898624412536,-0.3545862361697516,1,-0.10855310730383616,1.0,1.0
2024-05-04,1.5801344389048566,3.508787632235394,0.4139506053669265,3.045025837700261,0.0788390239794267,1,0.4659762786104533,1.0,1.0
2024-05-05,0.2183511056964349,3.3790452601284238,0.0268364062267571,3.212609023216179,5.446653101330057,1,-0.12974237210697037,1.0,1.0
2024-05-06,-1.36673647637231,3.2244797357635084,-0.4634565180343697,3.261297688536209,8.088908973023479,1,-0.15456552436491533,1.0,1.0
2024-05-07,-1.3181929995647934,3.1173660906166685,-0.4638090721375003,3.254498014473787,5.289276718488978,1,-0.10711364514683996,1.0,1.0
2024-05-08,-1.8569986258492928,3.0158097756027544,-0.6580880254258271,3.24909769886935,-2.743442557185105,1,-0.10155631501391404,1.0,1.0
2024-05-09,2.997730860417924,2.955024377425741,0.971247888141328,3.138345047907419,-1.3258461356720377,1,-0.06078539817701323,1.0,1.0
2024-05-10,-3.645645463548952,2.976490786527102,-1.2677059694139337,3.057834153187155,-5.1898427049174245,1,0.021466409101360995,1.0,1.0
2024-05-11,0.0015356866757798,3.0991248740126123,-0.0406998726701636,3.032763180836976,-3.821570541869335,1,0.12263408748551008,1.0,1.0
2024-05-12,1.0711364152793834,2.9623359603185944,0.3184874212379628,3.001757154777361,-1.4322411270251578,1,-0.1367889136940179,1.0,1.0
2024-05-13,2.337149423787644,2.8505176741449287,0.7751152604284034,2.968698734485796,2.7619069226117787,1,-0.11181828617366563,1.0,1.0
2024-05-14,-2.167403811158053,2.8219977155097222,-0.8132797106749381,2.942093402102592,-2.4032277489641984,1,-0.02851995863520651,1.0,1.0
2024-05-15,7.380429766149987,2.803472826853577,2.5870627395568344,2.907489810167887,8.622847480734741,1,-0.018524888656145322,1.0,1.0
2024-05-16,-1.5755724397152449,3.5699948343769607,-0.4770993217556089,3.001663802240756,7.045739354343716,1,0.7665220075233838,1.0,1.0
2024-05-17,2.752283490504759,3.448026192093412,0.7611931203092857,3.09880184859572,8.726886429569092,1,-0.12196864228354887,1.0,1.0
2024-05-18,-0.1657856805291402,3.3974025176066105,-0.0863763870914249,3.2081788172880565,6.223951325252308,1,-0.050623674486801384,1.0,1.0
2024-05-19,-0.994515955321873,3.242957804646694,-0.3460376907004377,3.292370835115451,7.396839181088488,1,-0.15444471295991669,1.0,1.0
2024-05-20,7.510908882529854,3.118087375129956,2.367874379333294,3.3552937447707265,7.527318297468355,1,-0.12487042951673777,1.0,1.0
2024-05-21,-1.85288571822948,3.8226668954096654,-0.5181082858788455,3.405828156977268,7.25000501895412,1,0.7045795202797094,1.0,1.0
2024-05-22,-1.4565869510185792,3.696996799454896,-0.4285252899567564,3.4556222784495647,3.041134577430782,1,-0.1256700959547694,1.0,1.0
2024-05-23,-1.7406596587758116,3.559998992437236,-0.5248117589869742,3.4881415734156898,1.4662605991841104,1,-0.13699780701765985,1.0,1.0
2024-05-24,0.874339466804841,3.447771168216483,0.2165659366407602,3.529104246129648,3.3351160213108244,1,-0.11222782422075328,1.0,1.0
2024-05-25,1.0738658385429645,3.297707531350798,0.2869254338386873,3.565028277373816,-3.1019270226760653,1,-0.1500636368656849,1.0,1.0
2024-05-26,-1.085552305803894,3.163007678037152,-0.3835659295629045,3.433096433899313,-2.3345936102504794,1,-0.13469985331364587,1.0,1.0
2024-05-27,1.271054899375912,3.047382643565544,0.3752023814118339,3.3031736027214427,0.3930482401440116,1,-0.11562503447160832,1.0,1.0
2024-05-28,-1.5953999045956735,2.9371211572457474,-0.5866525372240664,3.178598035683145,0.5383079943241498,1,-0.11026148631979638,0.0,1.0
2024-05-29,-1.057052909384737,2.865482995985219,-0.4134460352693289,3.062140401236892,-1.3930843818654282,1,-0.07163816126052858,0.0,1.0
2024-05-30,1.1577009906272195,2.770267045421048,0.3718166152583447,2.956652304050942,-1.309249229781173,1,-0.09521595056417098,0.0,1.0
2024-05-31,-1.286049277080714,2.675476024336021,-0.5283990357822737,2.859145973310716,-1.5097462010579932,1,-0.0947910210850269,0.0,0.0
2024-06-01,0.3188258104856345,2.606698666311963,0.0733326557914183,2.7710091778599995,-2.4619752899482705,1,-0.06877735802405782,0.0,0.0
2024-06-02,0.0659449960522806,2.5026840884988477,-0.0246633918633226,2.6841217641106194,-0.8006303893003164,0,-0.1040145778131154,0.0,0.0
2024-06-03,1.5425138658129,2.405084625568656,0.5882721033324744,2.592042090027307,1.7989363858973206,0,-0.09759946293019173,0.0,0.0
2024-06-04,2.5300225248924946,2.359228909077561,1.0182788288207116,2.5098344627586093,3.171257920162596,0,-0.04585571649109488,0.0,0.0
2024-06-05,0.7272217816602478,2.401445695907215,0.2496629876932193,2.4550283970728484,5.184528978903558,0,0.042216786829653685,0.0,0.0
2024-06-06,-0.4591890272017451,2.318959412148873,-0.2530698461405844,2.3974805462402307,4.406514141216178,0,-0.082486283758342,0.0,0.0
2024-06-07,-2.0194557079891595,2.2422251093814545,-0.9575868959109556,2.345388750416752,2.3211134371747377,0,-0.07673430276741833,0.0,0.0
2024-06-08,-0.0531019638904339,2.272235081515032,-0.0795567500027035,2.318818841606027,0.7254976074714037,0,0.030009972133577367,0.0,0.0
2024-06-09,0.4925659126588044,2.191535792315382,0.1665025227976118,2.285280218253591,-1.3119590047622864,0,-0.08069928919964964,0.0,0.0
2024-06-10,-0.195042704602244,2.119212403905088,-0.1522793932522336,2.228833559853166,-2.2342234910247782,0,-0.07232338841029406,0.0,0.0
2024-06-11,-3.1867374917879943,2.051593001317673,-1.615528598555506,2.175360277686926,-4.961771955611027,0,-0.06761940258741506,0.0,0.0
2024-06-12,1.3412234174300153,2.2585693871239103,0.5373108082981409,2.1786291332354173,-1.6010928301918526,0,0.20697638580623723,0.0,0.0
2024-06-13,-2.199815542116035,2.2133426884191705,-1.0515702013660695,2.166850654616245,-3.747806408417453,0,-0.04522669870473983,0.0,0.0
2024-06-14,-1.122733440538859,2.265564684764205,-0.5519167576122543,2.181656433106009,-5.363105761615117,0,0.05222199634503433,0.0,0.0
2024-06-15,0.2721687016485674,2.221880867916877,0.0650345521661619,2.202190125908367,-4.895894355364305,0,-0.043683816847327694,0.0,0.0
2024-06-16,0.6746193121200506,2.144549420808449,0.2550417502044939,2.220781409806522,-1.0345375514562605,0,-0.0773314471084281,0.0,0.0
2024-06-17,-0.2234669798733435,2.079955109195421,-0.1688193426665838,2.1850585542208245,-2.5992279487596197,0,-0.06459431161302787,0.0,0.0
2024-06-18,-2.0505771883152946,2.01582215175361,-1.0805749211841025,2.1455544468877124,-2.449989594958879,0,-0.06413295744181102,0.0,0.0
2024-06-19,-0.2773987515325871,2.077154793237369,-0.1950111890016121,2.1078724685823453,-1.6046549059526072,0,0.06133264148375872,0.0,0.0
2024-06-20,-0.2028534277712879,2.014301787416328,-0.1640881740130252,2.066356652482235,-2.0796770353724625,0,-0.06285300582104103,0.0,0.0
2024-06-21,-1.1362664075990736,1.954873827854421,-0.6465563475384708,2.028421533891429,-3.8905627550915862,0,-0.05942795956190672,0.0,0.0
2024-06-22,0.2436781820078337,1.940875473705157,0.0597712265121995,2.0006056067933766,-3.4234175932104094,0,-0.013998354149264092,0.0,0.0
2024-06-23,-1.6821441362001366,1.8845657782312952,-0.9603346466026328,1.9743543320889136,-3.0549845410952514,0,-0.056309695473861776,0.0,0.0
2024-06-24,-4.704293399341175,1.9240387096705736,-2.511364791930571,1.9437311153755548,-7.481879188903839,0,0.039472931439278325,0.0,0.0
2024-06-25,2.5020978589857634,2.4387791540149424,0.9736134494342102,2.028626588695278,-4.776927902146788,0,0.5147404443443688,0.0,0.0
2024-06-26,-1.6203198264060248,2.4686938735371005,-0.7080624777257485,2.131390597831814,-5.260981320953739,0,0.029914719522158073,0.0,0.0
2024-06-27,1.296454786345791,2.440122183820149,0.4789863063655942,2.231239939854812,-4.208204716615782,0,-0.028571689716951454,0.0,0.0
2024-06-28,-2.107381200861269,2.3771842304795703,-0.9402093647775052,2.329763630304467,-4.633441781276915,0,-0.06293795334057872,0.0,0.0
2024-06-29,0.9359920064692772,2.400299533678214,0.3367589422448354,2.4250157951059954,1.0068436245335377,0,0.023115303198643744,0.0,0.0
2024-06-30,2.898927273172447,2.324556390333452,1.192166217287543,2.4021712423696973,1.4036730387202212,0,-0.07574314334476195,1.0,0.0
2024-07-01,0.2767262526905512,2.412957652190711,0.0617733917204031,2.3910239981004198,3.300719117816797,0,0.08840126185725872,1.0,0.0
2024-07-02,-1.3180176056291515,2.3220025021169173,-0.6226036702149034,2.367400061759773,0.6862467258418548,0,-0.09095515007379351,1.0,0.0
2024-07-03,-3.036320250661717,2.285565970990701,-1.384335418560369,2.349076409861999,-0.2426923239585932,0,-0.036436531126216476,1.0,0.0
2024-07-04,-5.457904895434851,2.430367833105891,-2.298242469220715,2.355090069747534,-6.636589225862721,0,0.14480186211519008,1.0,0.0
2024-07-05,-0.5549607840752202,2.9574054890631065,-0.2308207180370469,2.481659889493465,-10.090477283110388,1,0.5270376559572156,1.0,1.0
2024-07-06,2.855238562508866,2.8380843369273663,0.9610598432831706,2.5666852264407964,-7.5119649732920735,1,-0.11932115213574024,1.0,1.0
2024-07-07,-4.300921718932038,2.858218222829606,-1.549423818656089,2.673928370583334,-10.49486908659496,1,0.020133885902239523,1.0,1.0
2024-07-08,1.5210533790654068,3.0906886123396324,0.4508327688092763,2.8349528988531203,-5.937495456867836,1,0.23247038951002663,1.0,1.0
2024-07-09,2.2737964112149456,2.9885181700393493,0.7181240382920803,2.946582966239812,1.7942058497819602,1,-0.10217044230028316,1.0,1.0
2024-07-10,-0.4608673369846272,2.9420547025692896,-0.2000428513132979,2.943512808941049,1.8882992968725527,1,-0.046463467470059694,1.0,1.0
2024-07-11,-0.6909245978269141,2.821543230948653,-0.290122888526049,2.9402045877453062,-1.657863863463227,1,-0.1205114716206368,1.0,1.0
2024-07-12,0.9623984558103872,2.715442892419329,0.307400602569717,2.911649521663251,3.605456311279198,1,-0.10610033852932377,1.0,0.0
2024-07-13,2.275300324258289,2.617393685191982,0.8205225916038432,2.81699053623372,4.359703256472081,1,-0.09804920722734689,1.0,0.0
2024-07-14,2.592785026300426,2.606664030188485,0.9456973830590458,2.740619708263548,4.678691871557561,1,-0.010729655003497207,1.0,0.0
2024-07-15,6.499862039498083,2.6265133407029597,2.426103178807994,2.6775114358902816,11.639421248040271,1,0.019849310514474805,1.0,1.0
2024-07-16,0.3493129782674131,3.259315590339827,0.0680030201700332,2.7650659077685167,12.6796588241346,1,0.6328022496368675,1.0,1.0
2024-07-17,-1.5143242454824346,3.112934289734436,-0.527474648383774,2.844564187231538,10.202936122841775,1,-0.14638130060539112,1.0,1.0
2024-07-18,-0.2259714160352643,3.0222673916909746,-0.1170118472788175,2.925538928531336,7.701664382548223,1,-0.09066689804346151,1.0,1.0
2024-07-19,4.187942010963575,2.8923907050707807,1.403777273038631,2.982684263507795,9.296821367211372,1,-0.12987668662019392,1.0,1.0
2024-07-20,0.6774946348331312,3.0658354118422158,0.1793393599252999,3.0705486777356468,3.47445396254642,1,0.1734447067714351,1.0,1.0
2024-07-21,1.4645375370143654,2.936309712667939,0.455288438004264,3.005947502201269,4.589678521293372,1,-0.1295256991742768,0.0,1.0
2024-07-22,-0.838776669011132,2.842961976925669,-0.3399434643488481,2.951953039639516,5.265226097764675,1,-0.09334773574226984,1.0,1.0
2024-07-23,-2.483150354628449,2.740429656304278,-0.9527046326693208,2.8955854925621765,3.0080471591714897,1,-0.10253232062139128,0.0,1.0
2024-07-24,-0.8462196557577073,2.759780549764932,-0.3528865113125353,2.869063461501007,-2.026114507549792,1,0.019350893460654106,0.0,0.0
2024-07-25,0.6177613679945182,2.663540406993885,0.1840000971153328,2.788604460531341,-2.085847774388405,1,-0.09624014277104687,0.0,0.0
2024-07-26,3.193999219319821,2.559864923336213,1.197848182116779,2.7133155026649955,-0.3563860920829498,0,-0.1036754836576721,0.0,0.0
2024-07-27,-0.1454798896139308,2.651790928239296,-0.1030056936774889,2.675081292927721,0.3369106873142513,1,0.09192600490308322,0.0,0.0
2024-07-28,0.6504525639671854,2.5455076711904017,0.2053747059759112,2.636096895904945,3.4705136059098862,0,-0.10628325704889452,0.0,0.0
2024-07-29,-2.126224566408652,2.450759235427648,-0.9196718340438635,2.5742926330374885,2.190508695258941,0,-0.09474843576275349,1.0,0.0
2024-07-30,-0.9305346230673806,2.4674256589042534,-0.4288697791909741,2.5350696834195623,0.6422127041970427,0,0.016666423476605186,1.0,0.0
2024-07-31,-2.4183450577487164,2.39687362767932,-1.0622231822254338,2.502471424288184,-4.970131572871495,0,-0.07055203122493348,1.0,0.0
2024-08-01,1.1359846111043126,2.449882212244045,0.411576904239688,2.4620896810891337,-3.688667072153251,0,0.053008584564725236,2.0,0.0
2024-08-02,-6.221701386487055,2.3784378101395425,-2.6695552155519966,2.428675708878962,-10.560821022607492,0,-0.07144440210450265,2.0,0.0
2024-08-03,-1.203948679208544,3.079218567643158,-0.4324533398305657,2.554367575322064,-9.638545135407384,1,0.7007807575036153,1.0,1.0
2024-08-04,-4.315788272420917,2.9749306610881456,-1.4936341222933431,2.6558685757588423,-13.02379878476092,1,-0.10428790655501219,2.0,1.0
2024-08-05,-7.363198582120134,3.189894052563711,-2.34831255619188,2.81447266073572,-17.968652309132338,1,0.2149633914755653,2.0,1.0
2024-08-06,3.7138465099117113,3.8969828472531622,0.9202444496265728,3.103892787737544,-15.39079041032494,2,0.7070887946894513,2.0,1.0
2024-08-07,-1.8131945621423284,3.888602909804012,-0.4991160788585583,3.405925807670437,-10.982283585980213,2,-0.008379937449150443,2.0,1.0
2024-08-08,11.46158574329572,3.755847033262315,3.0176724367323597,3.541251500794269,1.6832508365240528,1,-0.13275587654169696,2.0,1.0
2024-08-09,-1.3541633552666354,5.1296289661468855,-0.2888772344906541,3.9721911618060175,4.644875753678335,2,1.3737819328845706,2.0,2.0
2024-08-10,0.1078575429618311,4.894471658105463,-0.0040478590661341,4.313106682914368,12.1159318787603,2,-0.23515730804142265,2.0,2.0
2024-08-11,-3.721354652343756,4.649261299033402,-0.8278786842075346,4.463562373270415,4.680730716504833,2,-0.24521035907206112,2.0,2.0
2024-08-12,1.0756599640608044,4.591266790341442,0.206476846786173,4.604095149377901,7.569585242707966,2,-0.057994508691959545,2.0,2.0
2024-08-13,2.092453927711624,4.374528182501916,0.4491419808732099,4.7278313792258215,-1.7995465728761315,2,-0.2167386078395257,1.0,2.0
2024-08-14,-3.137830139166553,4.208224902363161,-0.7759803454824425,4.543550566469077,-3.5832133567760494,2,-0.16630328013875584,1.0,1.0
2024-08-15,-2.024486209713494,4.140952242315127,-0.5197248744282295,4.39284668331101,-5.715557109451375,2,-0.067272660048034,1.0,1.0
2024-08-16,2.291143010134178,4.001310018411431,0.5406912550495333,4.263256427186616,0.296940553026559,2,-0.13964222390369585,1.0,1.0
2024-08-17,0.988184063726294,3.872751477203897,0.2221971624966108,4.119553364559106,0.2094646526920485,2,-0.12855854120753385,1.0,1.0
2024-08-18,-1.6870237926472242,3.698375065119406,-0.4906731835284167,3.9843227410826048,-3.5700130676668,1,-0.17437641208449106,1.0,1.0
2024-08-19,1.7113663556006742,3.572827186149356,0.4432614841554892,3.8572431978398423,1.2791834271004277,1,-0.1255478789700497,1.0,1.0
2024-08-20,-0.8112024604757906,3.444656579976213,-0.2725589948125697,3.71798406537206,2.492467176338131,1,-0.12817060617314313,1.0,1.0
2024-08-21,3.598748777475258,3.299960607764033,1.0518547084688203,3.5777141832425805,3.8000729436792113,1,-0.1446959722121801,1.0,1.0
2024-08-22,-1.3052114105544632,3.345293493402854,-0.4283274659808571,3.472222586482373,1.506677469398454,1,0.0453328856388211,1.0,1.0
2024-08-23,5.966667778992552,3.2263392735279117,1.8097904806430167,3.377815428164073,9.16036904103823,1,-0.11895421987494226,1.0,1.0
2024-08-24,0.1319630813085837,3.616596250956962,0.0011871402207026,3.3865692411255948,7.580965766746139,1,0.3902569774290501,1.0,1.0
2024-08-25,0.2405226160542284,3.447236554829846,0.0327372200376218,3.387085236096321,8.632690843276158,1,-0.169359696127116,1.0,1.0
2024-08-26,-2.284251207913357,3.2885068384579608,-0.733439521591927,3.384794482235107,2.7496908578875434,1,-0.15872971637188504,1.0,1.0
2024-08-27,-5.5192877560907405,3.2354429588985854,-1.7453429104650686,3.3628243753342533,-1.464385487648734,1,-0.053063879559375415,1.0,1.0
2024-08-28,-0.8040214509268395,3.5917136617933565,-0.2594001674673233,3.435899252987342,-8.235074717568125,1,0.35627070289477114,1.0,1.0
2024-08-29,0.6089656742739535,3.4371851509052167,0.1400262071160668,3.4000170329769928,-7.758072124602755,1,-0.1545285108881398,1.0,1.0
2024-08-30,-0.4534788620027541,3.282587695531105,-0.1770397595869125,3.367087261117245,-8.452073602659738,1,-0.15459745537411163,1.0,1.0
2024-08-31,-0.2533305049583489,3.139577415710864,-0.1213539686866147,3.337301376567825,-6.42115289970473,1,-0.14301027982024106,1.0,1.0
2024-09-01,-2.828177125772058,3.002474995324274,-0.9844700804543588,3.2907077838529637,-3.730042269386047,1,-0.13710242038659004,1.0,1.0
2024-09-02,3.0696731082649364,3.0273780571583884,0.9717991536839578,3.17784066292597,0.143652289805729,1,0.024903061834114393,1.0,1.0
2024-09-03,-2.88574422367045,3.048081107646725,-0.9886265462384596,3.1000198542742714,-3.3510576081386745,1,0.02070305048833676,1.0,1.0
2024-09-04,0.9367548966837448,3.0737729035551995,0.2632221857740066,3.05825689587909,-1.960823849452176,1,0.02569179590847437,1.0,1.0
2024-09-05,-3.1738730145491445,2.9500131875774023,-1.1191620101527255,3.020344050252398,-4.881366359042971,1,-0.12375971597779722,1.0,1.0
2024-09-06,-4.017885990553971,3.018791556956784,-1.373250052802618,3.0236073625788995,-6.071075223824884,1,0.06877836937938175,1.0,1.0
2024-09-07,0.3532917856169604,3.1845791205758998,0.0708483296025406,3.0550475752624022,-8.78745654647286,1,0.16578756361911573,1.0,1.0
2024-09-08,1.288090539570241,3.042960166172782,0.3813460583654979,3.054023386967613,-4.613621783232169,1,-0.14161895440311767,1.0,1.0
2024-09-09,3.8945513665446185,2.933718995812108,1.2839953988384103,3.0260126054189955,-1.6558253133712952,1,-0.10924117036067393,1.0,1.0
2024-09-10,1.0973955159395032,3.0615797766410267,0.316740347222438,3.04832592323172,2.6154432171173525,1,0.1278607808289185,1.0,1.0
2024-09-11,-0.5314110423380924,2.943754704342308,-0.223891180811675,3.033318552708825,6.101918165333231,1,-0.11782507229871886,1.0,1.0
2024-09-12,1.357669762940006,2.824768420875242,0.4354339560769606,2.9613564127686933,7.1062961426562765,1,-0.11898628346706586,1.0,1.0
2024-09-13,4.119072290725079,2.7346974625928357,1.4595408343648,2.899703872052704,9.937277893811114,1,-0.09007095828240619,1.0,1.0
2024-09-14,-0.9391286288542132,2.9235253362606914,-0.3649013367729942,2.8976651401424207,5.103597898412282,1,0.1888278736678557,1.0,1.0
2024-09-15,-1.3798343779418687,2.8190637334999997,-0.5347534482688912,2.849161931514215,2.62636800453091,1,-0.10446160276069172,1.0,0.0
2024-09-16,-1.6874951656181023,2.744022820032836,-0.6614977203554786,2.809215554652321,1.4702838812509,1,-0.07504091346716368,1.0,0.0
2024-09-17,3.5717088660708995,2.6951121425757485,1.2778834458229122,2.7832842989924225,3.6843229843817937,1,-0.04891067745708755,0.0,1.0
2024-09-18,2.1994330568393394,2.815421996062589,0.7358624693916941,2.7994292056863728,1.7646837504960544,1,0.12030985348684053,0.0,1.0
2024-09-19,2.0721119053916937,2.7791586503710053,0.6996513965458896,2.770555868508436,4.775924284741961,1,-0.03626334569158374,0.0,1.0
2024-09-20,0.4004011647404937,2.7364941318155958,0.0996645624533143,2.754041948171555,6.556159827424324,1,-0.042664518555409536,0.0,0.0
2024-09-21,0.3189303016478462,2.6244973230821285,0.0728751466152022,2.730136848781413,8.562585294690273,1,-0.11199680873346729,0.0,0.0
2024-09-22,0.3996604788030211,2.519275114201341,0.1079639150296681,2.694969443106532,5.390536907422394,0,-0.10522220888078726,0.0,0.0
2024-09-23,-0.5023067643080026,2.42205870459812,-0.2600995746094278,2.616296784813638,2.688797086275052,0,-0.09721640960322109,0.0,0.0
2024-09-24,1.5234244172185996,2.338904994910664,0.5967556381377864,2.5282460537215696,2.140109598101958,0,-0.08315370968745617,0.0,0.0
2024-09-25,-1.8185964558888656,2.2976909880739367,-0.8470530373439701,2.440485424973238,-0.0788880225274013,0,-0.04121400683672727,0.0,0.0
2024-09-26,3.176403065562461,2.3025855236730526,1.3240478409080472,2.376103065091423,2.7785847413872133,0,0.004894535599115901,0.0,0.0
2024-09-27,0.9309629648678096,2.429248625967621,0.3306756179025565,2.358097767444679,3.309887227452002,0,0.12666310229456856,1.0,0.0
2024-09-28,0.1473050355761174,2.35113075689145,0.0083514543295959,2.343912177903345,3.959499027336122,0,-0.07811786907617124,1.0,0.0
2024-09-29,-0.3837262677613751,2.2640297707468022,-0.2258786296920992,2.3289371330705726,2.0523483423561477,0,-0.08710098614464767,0.0,0.0
2024-09-30,-3.576247704956792,2.189427427209633,-1.6917287750041416,2.307284420897712,0.2946970932882209,0,-0.07460234353716944,0.0,0.0
2024-10-01,-4.015297041724963,2.4314068462156526,-1.7039380812019538,2.333048685406232,-6.897003013999203,0,0.24197941900601982,0.0,0.0
2024-10-02,-0.3362528965938693,2.697153936586967,-0.1720044839628088,2.386629747530101,-8.164218875460882,1,0.26574709037131417,0.0,0.0
2024-10-03,0.2086085373775859,2.590660546381649,0.0312425582169004,2.4345357054281407,-8.102915373659414,1,-0.10649339020531778,0.0,0.0
2024-10-04,2.1300283559387623,2.487103692513975,0.8050965818307878,2.479150489781575,-5.589160749959277,0,-0.1035568538676741,0.0,0.0
2024-10-05,0.0362002616499879,2.47713004828592,-0.0369255594191898,2.5366910139968324,-1.976712783352497,0,-0.009973644228054912,0.0,0.0
2024-10-06,1.1672701783517423,2.381394845648356,0.436551085098058,2.526688613883373,3.205854436724209,0,-0.09573520263756397,0.0,0.0
2024-10-07,-0.931261159307084,2.316813650955388,-0.457063447164791,2.4506205567570576,2.6108461740109945,0,-0.06458119469296797,0.0,0.0
2024-10-08,-0.1683566537620251,2.258404102517249,-0.1310776613756148,2.384169267984177,2.2338809828713835,0,-0.05840954843813906,0.0,0.0
2024-10-09,-2.526115546846341,2.1800313523143946,-1.2173151631356238,2.3227547999442613,-2.42226291991372,0,-0.07837275020285439,0.0,0.0
2024-10-10,-0.5090366975952776,2.274375373624681,-0.2799477955204845,2.2822038650120136,-2.9674998791589857,0,0.09434402131028641,1.0,0.0
2024-10-11,3.5378479360446136,2.202439231658939,1.5483642920031628,2.2464127422141305,-0.5969221214661147,0,-0.07193614196574183,1.0,0.0
2024-10-12,1.1906298332258205,2.3964732454439392,0.4435518572175338,2.2623446611118405,1.5249688710667897,0,0.19403401378500007,0.0,0.0
2024-10-13,-0.542109412935865,2.331792574666137,-0.2872378506775171,2.277022355541618,1.1512161118929498,0,-0.06468067077780226,0.0,0.0
2024-10-14,4.958054928829014,2.2565326372992227,2.14062281863263,2.292322612538584,8.635386587568306,0,-0.07525993736691428,0.0,0.0
2024-10-15,1.495264242203831,2.681390470723651,0.5100318594768913,2.373725631958378,10.639687527367414,1,0.4248578334244284,0.0,1.0
2024-10-16,0.8490108547450248,2.609546985335303,0.2764239097290324,2.4551471826936506,7.950850446067825,1,-0.07184348538834806,0.0,0.0
2024-10-17,-0.3153528787226634,2.515473546823064,-0.1761189473525619,2.478947242969476,6.444867734119342,0,-0.09407343851223926,0.0,0.0
2024-10-18,1.5004897049664123,2.4211781955305374,0.5670049536476041,2.496824367142356,8.487466852021619,0,-0.09429535129252642,0.0,0.0
2024-10-19,-0.0819623721527662,2.3713164718315483,-0.0884032346926185,2.519781134048821,3.4474495510398384,0,-0.04986172369898911,0.0,0.0
2024-10-20,0.9303330181939627,2.2837933577795844,0.3514605824658853,2.440261711460008,2.8825183270299704,0,-0.08752311405196389,0.0,0.0
2024-10-21,-2.3963262921302686,2.216816759744457,-1.1385677032044146,2.3617156663418384,-0.362818819845323,0,-0.06697659803512757,0.0,0.0
2024-10-22,-0.0095677993178,2.290595846715336,-0.0599134386590396,2.3167401263202927,-0.0570337404404597,0,0.07377908697087898,0.0,0.0
2024-10-23,-1.3890438213698175,2.2082433079436856,-0.6868416584127273,2.274153148802922,-2.9465672667766896,0,-0.08235253877165016,0.0,0.0
2024-10-24,2.569154796745288,2.1874162325160698,1.1161502260134304,2.237373100939826,-0.2954500978786356,0,-0.02082707542761586,0.0,0.0
2024-10-25,-2.253213347279548,2.2556306100765444,-1.0555287781077698,2.2317405513992186,-3.4789964633521464,0,0.06821437756047466,0.0,0.0
2024-10-26,0.5570705733250136,2.308318338496497,0.1860232584590867,2.250040867149626,-0.5255995978968642,0,0.052687728419952506,0.0,0.0
2024-10-27,1.3555484057567568,2.2286055420572226,0.5509627918210566,2.237642806218004,0.8395166071776927,0,-0.07971279643927431,0.0,0.0
2024-10-28,2.870921510255542,2.186836278750501,1.2544385981130382,2.233361400379367,5.099481938803052,0,-0.041769263306721705,0.0,0.0
2024-10-29,3.944659057776256,2.2913227807594616,1.6658453428696245,2.254142710028045,6.474986199834021,0,0.1044865020089607,0.0,0.0
2024-10-30,-0.525236341818669,2.5317444767628343,-0.2578878011775203,2.3093654833653035,8.2029632052949,0,0.2404216960033727,0.0,0.0
2024-10-31,-2.980622089692453,2.441266500903816,-1.273229187791959,2.335955115846767,4.665270542277433,0,-0.0904779758590184,0.0,0.0
2024-11-01,-1.0490161236779372,2.555093934006423,-0.4605254556218634,2.4012527942366075,2.260706012842739,0,0.11382743310260723,0.0,0.0
2024-11-02,-0.2784362785529737,2.48331584372105,-0.1635337502544527,2.460548707230717,-0.8886517759657764,0,-0.07177809028537308,1.0,0.0
2024-11-03,-0.7942586110248229,2.390599229916342,-0.3856473615170183,2.480403997062093,-5.627569444766856,0,-0.09271661380470819,1.0,0.0
2024-11-04,-1.3615611362265412,2.3200542829807493,-0.6418948132326645,2.438065958305676,-6.463894239174728,0,-0.07054494693559255,1.0,0.0
2024-11-05,2.2572112490930607,2.2867358330616305,0.9312582344961384,2.407159824737239,-1.2260609003892142,0,-0.03331844991911881,1.0,0.0
2024-11-06,8.666903126846393,2.3098760659707693,3.696836197495552,2.358116251130108,8.489858350135115,0,0.023140232909138803,1.0,0.0
2024-11-07,0.3507649687479741,3.5529148587249386,0.0627921870300623,2.572036054130886,9.119059597436063,1,1.2430387927541693,2.0,1.0
2024-11-08,0.8404323339316733,3.3882339441264087,0.2103640631811258,2.771562996972899,10.75375054239256,1,-0.16468091459852996,2.0,1.0
2024-11-09,0.3044406381334852,3.2412159472821336,0.0545384715401895,2.955795329833176,12.419752316752586,1,-0.14701799684427508,2.0,1.0
2024-11-10,4.700704537184386,3.0956739616487625,1.4772340108813486,3.1175829555506027,14.863245604843913,1,-0.14554198563337106,2.0,1.0
2024-11-11,9.734014312496164,3.309712660398173,2.902470886068837,3.3175502744360834,15.930356790493684,1,0.21403869874941028,2.0,1.0
2024-11-12,-0.8442066269106263,4.43706238255426,-0.2190359786621213,3.4943797792019478,14.735385194835082,2,1.1273497221560875,2.0,2.0
2024-11-13,2.94448504877618,4.230312359769543,0.6658646300276047,3.662795462330574,16.83943790967959,2,-0.20675002278471766,1.0,1.0
2024-11-14,-3.749692231881241,4.126406480606138,-0.9396461363032552,3.8398335689953753,12.785305039664864,2,-0.10390587916340444,1.0,1.0
2024-11-15,4.280211829142644,4.122737116385386,1.0072294297402014,4.0452461999427,12.36481233162312,2,-0.003669364220752591,1.0,1.0
2024-11-16,-0.5588812244118557,4.1475639016033705,-0.1655311202278229,4.212816448183739,2.0719167947151007,2,0.02482678521798487,1.0,1.0
2024-11-17,-0.7900350440317894,3.9524588239288,-0.2321857758296918,4.115895736458648,2.1260883775939377,2,-0.19510507767457064,1.0,1.0
2024-11-18,0.7725465406075216,3.774493135488513,0.170851248902067,4.024731891602441,-0.0458501305747205,1,-0.17796568844028693,1.0,1.0
2024-11-19,1.969754318365169,3.601591515264448,0.5114640669606539,3.919768898534103,5.673596419671689,1,-0.17290162022406497,1.0,1.0
2024-11-20,2.138144499843264,3.4847414582049794,0.5769365818151246,3.792169766898021,3.5315290903723096,1,-0.1168500570594686,1.0,1.0
2024-11-21,4.320463738221214,3.3868436055612725,1.2379650648466682,3.6400257076896025,8.41087405300538,1,-0.09789785264370687,1.0,1.0
2024-11-22,0.499172209506149,3.5060818638749733,0.1059594583049834,3.5507503156788376,9.700081306543318,1,0.11923825831370083,1.0,1.0
2024-11-23,-1.2404002529793343,3.345681994864296,-0.4089061451495945,3.4649880875539942,7.687134512956462,1,-0.16039986901067715,1.0,1.0
2024-11-24,0.2416240326478913,3.2237397155045597,0.0353484984109598,3.389417727602016,5.959004227239184,1,-0.12194227935973645,1.0,1.0
2024-11-25,-5.140963729328973,3.078989577201811,-1.7111566218922192,3.3082673514013825,-1.3201040019330534,1,-0.14475013830274852,1.0,1.0
2024-11-26,-1.2069852534281722,3.4032412416671134,-0.3921717072314885,3.3115468786225506,-6.84755299358244,1,0.3242516644653022,1.0,1.0
2024-11-27,4.232881330495708,3.275760032356267,1.2532089089278569,3.265482512318809,-3.1138438725928808,1,-0.1274812093108464,1.0,1.0
2024-11-28,-0.3236310003133624,3.399103997421584,-0.1327704816012484,3.2761669128302677,-2.1970746199269087,1,0.1233439650653172,1.0,1.0
2024-11-29,1.8736162907208251,3.246457694409261,0.5378005138617692,3.2807105086112074,-0.5650823618539746,1,-0.15264630301232307,1.0,1.0
2024-11-30,-1.0442730465097585,3.151342587844061,-0.3718868032525,3.2951811107396574,3.5316083209652405,1,-0.09511510656520006,1.0,1.0
2024-12-01,0.8576311620290156,3.034843495038009,0.240526896621021,3.2215015614138367,5.596224736422428,1,-0.11649909280605186,1.0,1.0
2024-12-02,-1.464711979836153,2.91152483114184,-0.5469236041681583,3.148654521170951,-0.1013685739094327,1,-0.12331866389616941,1.0,1.0
2024-12-03,0.1426603468560827,2.8339833754650146,0.0052896119817897,3.035630396779637,0.3649227732600124,1,-0.07754145567682524,1.0,1.0
2024-12-04,2.8408310872006126,2.7140614353335715,0.9996683853363554,2.929151144964499,1.3321375697397997,1,-0.11992194013144308,1.0,1.0
2024-12-05,-2.2266865312221995,2.7468161367207693,-0.8571218780118025,2.8482458547398406,0.1497240850273584,1,0.03275470138719783,1.0,1.0
2024-12-06,3.3864801767808927,2.74113363424124,1.188855027582746,2.7895038825804868,2.678573099779236,1,-0.005682502479529283,1.0,1.0
2024-12-07,0.0026270484823953,2.831940212243005,-0.0441544017822312,2.77358695880072,4.145912128097784,1,0.09080657800176484,1.0,0.0
2024-12-08,1.3051327819740166,2.712451209375901,0.4340955897997166,2.7492805255828974,5.308384563215718,1,-0.11948900286710407,1.0,1.0
2024-12-09,-3.8292503466212935,2.628451130824205,-1.5054189041808623,2.732158464681024,-1.3616968706061885,1,-0.08400007855169589,1.0,1.0
2024-12-10,-0.7802793553988607,2.8298923437612697,-0.3208422510621435,2.748773706089124,0.0847103052171505,1,0.20144121293706485,1.0,1.0
2024-12-11,4.547294957076353,2.726183817709648,1.621176552339889,2.745783742782806,1.245525085512611,1,-0.10370852605162195,1.0,0.0
2024-12-12,-1.1232138149603443,2.98064261875745,-0.4196690611364989,2.7755242240856948,0.1196842220698712,1,0.2544588010478024,1.0,1.0
2024-12-13,1.4057223472295988,2.879888111760002,0.4437855302689191,2.809011604562514,0.2202737873254534,1,-0.10075450699744826,0.0,1.0
2024-12-14,-0.0850841793416989,2.78794060233716,-0.0763121902957241,2.8409094988651056,3.964439954605048,1,-0.09194750942284191,1.0,0.0
2024-12-15,2.845237769652975,2.671936210302106,1.0170782089549508,2.809318272173273,7.589957079656884,1,-0.11600439203505397,1.0,1.0
2024-12-16,1.6460567443029817,2.7100725516724355,0.5602754320835163,2.806096018965831,4.688718866883512,1,0.03813634137032951,1.0,1.0
2024-12-17,0.1045224633035246,2.644594737645181,-0.0087526496230255,2.738886442743377,5.916455145147381,1,-0.0654778140272545,1.0,0.0
2024-12-18,-5.917915465376922,2.5372648976552474,-2.3827173683760154,2.670361799922426,-1.4071826674591392,0,-0.10732983998993362,1.0,0.0
2024-12-19,-2.5825905125143933,3.1279664823624023,-0.8664607508532172,2.738366975927474,-3.9046890006318336,1,0.5907015847071548,1.0,1.0
2024-12-20,0.2714273553184654,3.1156158065292336,0.0461410166748319,2.8271028951729003,-6.478499414966343,1,-0.012350675833168623,1.0,1.0
2024-12-21,-0.5448791172121048,2.9778586352744343,-0.2258498048505093,2.8806601118933,-8.66943527648143,1,-0.13775717125479936,1.0,1.0
2024-12-22,-2.204418038201439,2.856906083773318,-0.8162983466219919,2.9231223811189277,-10.978375777986392,1,-0.12095255150111628,1.0,1.0
2024-12-23,-0.4412175449120425,2.8381093065201,-0.2004458454232702,2.983291262891897,-5.501677857521514,1,-0.018796777253217822,1.0,1.0
2024-12-24,4.12739940682787,2.724167087168408,1.4682395038214395,2.902531383853099,1.2083120618207488,1,-0.11394221935169213,1.0,1.0
2024-12-25,0.6294761562736895,2.915915208184072,0.1720922749839377,2.8625912641840663,1.5663608627759729,1,0.19174812101566374,1.0,1.0
2024-12-26,-3.5921593296803778,2.7953784934432315,-1.3307067407302962,2.8260952358178257,-1.4809193496923,1,-0.12053671474084027,1.0,1.0
2024-12-27,-1.7168804864954978,2.9371779525198223,-0.6280008194090105,2.842149609567127,-0.9933817979863592,1,0.14179945907659075,0.0,1.0
2024-12-28,1.0553910906912378,2.8734779355173528,0.3228566347377144,2.849223335366577,0.5032268376169213,1,-0.06370001700246952,0.0,1.0
2024-12-29,-1.731631736860173,2.7673696294018897,-0.6718659450270303,2.857863843813273,-5.355804306071121,1,-0.10610830611546307,0.0,1.0
2024-12-30,-0.9528989191728954,2.719526961577177,-0.3973369666404244,2.818586194491895,-6.938179381517706,1,-0.04784266782471258,0.0,1.0
2024-12-31,0.8448290052871954,2.630615127099561,0.2726203934061931,2.7856335212231604,-2.501191046550133,1,-0.0889118344776163,0.0,0.0
2025-01-01,1.0546386456946166,2.5349089029514658,0.365681374260941,2.7051797113094893,0.2703280856399814,0,-0.09570622414809504,0.0,0.0
2025-01-02,2.5793710693546856,2.4535015152970776,0.9992663055766632,2.621184427265434,1.7943080643034293,0,-0.08140738765438815,0.0,0.0
2025-01-03,1.251903875349214,2.4896032082631687,0.4515716388783445,2.5656311430376904,4.777843676512816,0,0.036101692966091115,1.0,0.0
2025-01-04,0.131195370335746,2.42044046609536,0.001456634008604,2.505813843941327,5.861937966021458,0,-0.06916274216780893,1.0,0.0
2025-01-05,0.0801159028473108,2.3284594595872905,-0.0204228471292122,2.445382710438873,5.097224863581573,0,-0.09198100650806929,1.0,0.0
2025-01-06,3.7561856516818537,2.243010116225952,1.6176993367065586,2.38700295309377,7.79877186956881,0,-0.08544934336133858,1.0,0.0
2025-01-07,-5.1824282978696345,2.462947469676952,-2.155993190144309,2.388892143969745,0.03697250234449,0,0.2199373534510003,1.0,0.0
2025-01-08,-1.9578857696565424,2.9280040125333198,-0.7122788886785516,2.4765723048237747,-3.172817142661266,1,0.46505654285636755,1.0,1.0
2025-01-09,-2.729884917903469,2.882420989925858,-0.9913730861410364,2.568968409589874,-6.033897430900481,1,-0.04558302260746183,0.0,1.0
2025-01-10,2.36932656291593,2.910793965304394,0.7701187082282823,2.685435310733295,-3.744686770831862,1,0.028372975378536225,0.0,1.0
2025-01-11,-0.1425062497864004,2.879145765213021,-0.0938389182957678,2.812662440530709,-7.643378672300116,1,-0.03164820009137337,1.0,1.0
2025-01-12,-0.0826809568998498,2.7576555005774392,-0.0762787923628726,2.8716040467108064,-2.543631331330332,1,-0.12149026463558155,1.0,0.0
2025-01-13,0.0297197889064904,2.643643675331413,-0.0370510921893664,2.814731979270425,-0.556025772767299,1,-0.11401182524602627,1.0,0.0
2025-01-14,2.112109307156018,2.5365656815970707,0.7823332339139535,2.745560917604668,4.285968452292188,0,-0.10707799373434224,1.0,0.0
2025-01-15,4.030666140622685,2.5201200640772057,1.5487343328679135,2.66742613735923,5.947308029998943,0,-0.016445617519865063,1.0,0.0
2025-01-16,-0.7466135920999761,2.7321466907717453,-0.3199986550832118,2.638026322470975,5.343200687685368,1,0.21202662669453964,1.0,0.0
2025-01-17,4.608745388695823,2.634252141073244,1.7010807904034269,2.613345650570136,10.03462703328104,1,-0.09789454969850153,1.0,1.0
2025-01-18,-0.0516768544455814,2.915612408546465,-0.06151247276795,2.667739397213146,9.953230389928969,1,0.2813602674732212,1.0,1.0
2025-01-19,-3.229962927724728,2.7909602145450725,-1.203038504333912,2.7186183038027467,4.611158155048223,1,-0.12465219400139249,1.0,1.0
2025-01-20,0.9128828074565832,2.8870936707771797,0.2719735563024461,2.792013025142741,1.4933748218821208,1,0.09613345623210723,1.0,1.0
2025-01-21,3.968183425876326,2.7753998887718705,1.3837695126300318,2.8006636647427663,6.208171839858423,1,-0.11169378200530922,1.0,1.0
2025-01-22,-2.376854699304154,2.936561075445721,-0.852876650406816,2.8611254516172617,-0.777428248141554,1,0.1611611866738505,0.0,1.0
2025-01-23,0.2958402684214434,2.9249829611734963,0.0574945550851836,2.862999562142668,-0.4299111252745291,1,-0.01157811427222466,0.0,1.0
2025-01-24,0.823181116278171,2.799647055908384,0.2484282582596729,2.8647369304153303,3.6232329187283696,1,-0.1253359052651124,0.0,1.0
2025-01-25,-0.1000657457003839,2.6914479468043018,-0.0846144620436804,2.825607785620755,2.6102843655714025,1,-0.10819910910408215,0.0,0.0
2025-01-26,-1.9597313563924248,2.5820198770114446,-0.8084372430337423,2.786931783268669,-3.317630416697348,1,-0.10942806979285713,0.0,0.0
2025-01-27,-0.5809577851447756,2.5696868885005104,-0.2757641262649362,2.713556945879628,-1.5217335025379697,0,-0.012332988510934229,0.0,0.0
2025-01-28,-0.7425167615396688,2.4780968161302503,-0.3511511052806911,2.624179716870978,-2.560090532499082,0,-0.09159007237026007,0.0,0.0
2025-01-29,2.312612074653053,2.398768856156097,0.9108599165812415,2.5440040769205208,-1.0706595741241998,0,-0.0793279599741532,0.0,0.0
2025-01-30,0.9903181107727476,2.414619542549276,0.3572606040556442,2.488638396069516,0.0197242823489318,0,0.01585068639317866,1.0,0.0
2025-01-31,-2.250049117230901,2.3398307418455397,-1.01619264553833,2.4402005690363344,-0.2705934784895447,0,-0.07478880070373606,1.0,0.0
2025-02-01,-1.7227936971828228,2.381804062390728,-0.7769167081537582,2.4026240038143785,-1.412429390527592,0,0.04197332054518821,1.0,0.0
2025-02-02,-2.9919108206549083,2.3697785396532094,-1.3164016986787526,2.38096034851897,-3.661823449642832,0,-0.012025522737518557,1.0,0.0
2025-02-03,3.733783666464596,2.4956245902020693,1.4449745391135054,2.4003314953281647,-2.2406518578312884,0,0.1258460505488599,0.0,0.0
2025-02-04,-3.546789334061806,2.668371721250595,-1.3770416539929131,2.4510819310684284,-6.777759302665842,1,0.17274713104852557,0.0,1.0
2025-02-05,-1.2920048753754187,2.8232574870588447,-0.502849830849615,2.5477672801110893,-5.81971506081036,1,0.15488576580824986,0.0,1.0
2025-02-06,-0.0229269517996399,2.742953566223137,-0.0549030898995609,2.619997180877571,-4.119848315427177,1,-0.08030392083570792,0.0,0.0
2025-02-07,-0.0664976673661499,2.629490359650528,-0.0738421957283714,2.6719395448770347,-1.1944351621384186,1,-0.11346320657260867,0.0,0.0
2025-02-08,-0.0483212699446511,2.523953069542342,-0.0697282950722982,2.677605240745089,-4.976540098547666,0,-0.10553729010818591,0.0,0.0
2025-02-09,0.0182820937279615,2.425480499055659,-0.0450993445429298,2.629026996306102,-1.4114686707578985,0,-0.09847257048668334,0.0,0.0
2025-02-10,0.9667728227993776,2.333417115818885,0.3596027228367501,2.53105892205811,0.8473090274168982,0,-0.09206338323677388,0.0,0.0
2025-02-11,-1.7497924369383355,2.2639773326638424,-0.8292760198116936,2.435263675346252,-0.8795564577217974,0,-0.06943978315504262,0.0,0.0
2025-02-12,2.208831591934768,2.266409896880853,0.9182636911186882,2.362647582792317,1.3957728015791204,0,0.0024325642170106576,0.0,0.0
2025-02-13,-1.2976316589519143,2.2872009637227118,-0.6231640140047356,2.3152971616283904,0.1464624125718572,0,0.02079106684185872,0.0,0.0
2025-02-14,0.9118577917229588,2.252580742193924,0.3481287496590068,2.280717210256044,1.0400381105668544,0,-0.03462022152878763,0.0,0.0
2025-02-15,0.0731796241549176,2.1873484756156545,-0.0249114628462552,2.251503482215397,0.1464449119223942,0,-0.06523226657826964,0.0,0.0
2025-02-16,-1.4506383627455932,2.1120989066605738,-0.7472699465945354,2.221127797014743,0.4455989861151366,0,-0.07524956895508073,0.0,0.0
2025-02-17,-0.4184968400661404,2.1055053464105944,-0.2593992532169342,2.188946886920692,-2.181729445885772,0,-0.006593560249979369,0.0,0.0
2025-02-18,-0.244453999348515,2.043926874515716,-0.1820631053024905,2.1402920690792926,-1.1285517862823724,0,-0.061578471894878195,0.0,0.0
2025-02-19,1.140703518992403,1.9829741132349028,0.5108658947154743,2.086370743287488,-0.899706059012928,0,-0.060952761280813395,0.0,0.0
2025-02-20,1.742191135803317,1.9508781226220744,0.8275870453641111,2.039076672688773,0.7693054526354715,0,-0.03209599061282842,0.0,0.0
2025-02-21,-2.2714094704245014,1.964477904659984,-1.2212298948084983,2.009552472288654,-0.0514656550434367,0,0.01359978203790968,1.0,0.0
2025-02-22,0.4693347302195505,2.058644787141475,0.1659660073056791,2.0001803604348303,0.8363659152422542,0,0.09416688248149074,1.0,0.0
2025-02-23,-0.315098307034134,1.995978482648048,-0.2218300374078921,1.9905906820612969,0.7657216075566353,0,-0.0626663044934268,1.0,0.0
2025-02-24,-5.175320553649065,1.9403371093917077,-2.7330252059904034,1.9820632812926573,-5.550302465084833,0,-0.05564137325634033,1.0,0.0
2025-02-25,-2.977666935499812,2.5507074997831345,-1.2174412825464556,2.10202915672487,-10.270160536387962,0,0.6103703903914268,1.0,0.0
2025-02-26,-5.072808622096936,2.64866728099058,-1.963432075390393,2.2388670319909894,-13.071559688060397,1,0.0979597812074453,2.0,1.0
2025-02-27,0.4225980660949702,3.049836570029852,0.0967030150258357,2.4371053885686647,-13.118296352184975,1,0.4011692890392724,2.0,1.0
2025-02-28,-0.3917962993897461,2.9174842842544586,-0.178052706789309,2.6214065488899463,-13.19499434454059,1,-0.1323522857753936,2.0,1.0
2025-03-01,1.947078336241681,2.797182185320703,0.65044338954849,2.792775564075746,-6.072595454649843,1,-0.12030209893375554,2.0,1.0
2025-03-02,9.121501495686424,2.7438725457462514,3.2777877511811835,2.831408573268369,6.026572976536393,1,-0.05330963957445167,2.0,1.0
2025-03-03,-9.082270482945631,3.9273593057863496,-2.345071953007522,3.0871469782275227,2.017111115687697,2,1.1834867600400982,2.0,1.0
2025-03-04,1.3348200634373697,4.785688894259542,0.2522417181042258,3.4343174430734607,2.929333113030097,2,0.8583295884731927,2.0,2.0
2025-03-05,3.825541905303531,4.563614721845944,0.810294570478277,3.7635435305917584,7.146671317723374,2,-0.22207417241359817,2.0,2.0
2025-03-06,-0.7329931515325683,4.500410025475364,-0.1912409805101457,4.10418909862269,4.466599829949125,2,-0.06320469637058057,2.0,2.0
2025-03-07,-3.6438378269309615,4.287274880404008,-0.8796980848152633,4.412869565554241,-8.298739492668261,2,-0.21313514507135523,2.0,2.0
2025-03-08,-0.6802656950121388,4.257104428602478,-0.1897851892053298,4.478818590117467,0.1032652952652313,2,-0.03017045180153044,2.0,1.0
2025-03-09,-6.663174322153331,4.057687734926548,-1.6735748140839353,4.3332183582508685,-7.89472909032547,2,-0.1994166936759303,2.0,2.0
2025-03-10,-2.60053559872766,4.445541574085006,-0.6136946933684266,4.309603728698681,-14.32080659435666,2,0.38785383915845806,2.0,2.0
2025-03-11,5.367293406512452,4.318153383768312,1.2133945384549942,4.273152400357271,-8.22052003631164,2,-0.1273881903166938,2.0,2.0
2025-03-12,1.0326959815815329,4.444340554535931,0.2036356791382301,4.304565535183655,-3.543986227799145,2,0.12618717076761943,1.0,2.0
2025-03-13,-3.223376776091058,4.235585835482722,-0.7911648071101305,4.300261816559704,-6.087097308878064,2,-0.20875471905320975,1.0,1.0
2025-03-14,3.5176581475923285,4.1729785683025336,0.8123666147977039,4.323319983234901,4.093735160867595,2,-0.06260726718018805,1.0,1.0
2025-03-15,0.4444222151272825,4.119501587363773,0.0768909864392003,4.258111985890654,7.138692974722538,2,-0.0534769809387603,1.0,1.0
2025-03-16,-2.11293785421951,3.921136962906388,-0.571417818314558,4.17870870171827,-0.341538286009424,2,-0.19836462445738512,1.0,1.0
2025-03-17,1.7953698574084245,3.803363385351996,0.4384803696102918,4.050513267881483,0.4211355898174673,1,-0.117773577554392,1.0,1.0
2025-03-18,-1.6274157682193646,3.6627873241547033,-0.4791666256684539,3.935953565615879,2.017096597689161,1,-0.14057606119729282,1.0,1.0
2025-03-19,4.878787945306051,3.5367074544225217,1.3433732736158102,3.808699342839876,3.3782263954028835,1,-0.12607986973218166,1.0,1.0
2025-03-20,-3.142591561831054,3.7075987539542687,-0.8820429213868544,3.726318776157976,-0.208787381555453,1,0.1708912995317471,1.0,1.0
2025-03-21,-0.1473786636289276,3.6884549353550895,-0.074570068737868,3.679782370647716,1.7567718090351292,1,-0.01914381859917924,1.0,1.0
2025-03-22,-0.2510880251037406,3.515837682327645,-0.107729006217948,3.622277230042846,-0.2896860734770357,1,-0.17261725302744457,1.0,1.0
2025-03-23,2.6158789817674943,3.354915777365843,0.7416607367962349,3.560702920685074,3.9536086765098233,1,-0.16092190496180203,1.0,1.0
2025-03-24,1.6647018673747738,3.3018463026107696,0.4655068867749575,3.5137306903227232,0.7395225985785459,1,-0.05306947475507329,1.0,1.0
2025-03-25,-0.0311034368589702,3.191140078091172,-0.0497543534318847,3.4104389551501044,3.8510107235506297,1,-0.11070622451959755,1.0,1.0
2025-03-26,-0.6547157036870033,3.048661175507612,-0.2566324471901223,3.282480203180609,3.343673683492554,1,-0.14247890258356,1.0,1.0
2025-03-27,0.3173508503236277,2.925839084156036,0.0648296678083755,3.1644804835462863,3.9121125589199215,1,-0.12282209135157585,1.0,1.0
2025-03-28,-3.292956550032855,2.800591980635428,-1.2213939938847418,3.053615724200204,-1.996722972880427,1,-0.12524710352060842,1.0,1.0
2025-03-29,-2.103168000812694,2.9031727113125183,-0.7684136966970757,2.9738810059405534,-5.764592841067895,1,0.1025807306770905,1.0,1.0
2025-03-30,-0.3189951599713581,2.8713658039537977,-0.1555583178546398,2.9099261511130785,-6.052484564180283,1,-0.031806907358720604,1.0,1.0
2025-03-31,0.260051281161644,2.7528053509508563,0.0480897084419308,2.850754986201728,-5.137717579331635,1,-0.11856045300294138,1.0,0.0
2025-04-01,3.124852053156779,2.6385840425585765,1.1359055957199862,2.7933039778822355,-2.330216376498484,1,-0.11422130839227984,0.0,1.0
2025-04-02,-3.2014458322985107,2.7118393572361703,-1.2276226826829746,2.775553453202384,-2.23870565876414,1,0.07325531467759383,1.0,1.0
2025-04-03,0.7453656492041105,2.8152550222974035,0.2194103091459921,2.757969915399361,0.609827991252665,1,0.10341566506123323,1.0,0.0
2025-04-04,0.8876865806506373,2.7039903275962467,0.2810723464714593,2.724494820127851,1.8165097318746604,1,-0.11126469470115685,1.0,0.0
2025-04-05,-0.4051522069072888,2.6043578261825715,-0.2045885845591814,2.694805315174194,1.1513062438057275,1,-0.09963250141367519,2.0,0.0
2025-04-06,-6.544922522509644,2.505699353457555,-2.662966004975546,2.668228377353989,-8.518468331860696,0,-0.09865847272501638,2.0,1.0
2025-04-07,1.2967507560798452,3.2373552810309225,0.3611222680726367,2.77333156211294,-4.02027174348234,1,0.7316559275733674,2.0,1.0
2025-04-08,-3.811707626174865,3.1146882441339856,-1.2647741898506468,2.8332182064802565,-8.577345018861315,1,-0.12266703689693692,2.0,1.0
2025-04-09,7.938900944238014,3.239218116994892,2.411455785832561,2.9402637643599854,-1.5261306552739384,1,0.12452987286090655,1.0,1.0
2025-04-10,-3.63518545774042,3.998229871212273,-0.9411302634874624,3.219038173365926,-4.756163906107069,2,0.7590117542173807,1.0,1.0
2025-04-11,4.636385379527397,3.996634658078852,1.128128060436144,3.517225234290185,6.425143995929972,2,-0.0015952131334207031,1.0,1.0
2025-04-12,2.2317029488567286,4.075606741242029,0.5162503175609383,3.6848755263324064,7.360096188706855,2,0.07897208316317705,1.0,1.0
2025-04-13,-1.8963852136870685,3.938082803368535,-0.5139696114039994,3.849554438179316,9.275418601194652,2,-0.13752393787349426,1.0,1.0
2025-04-14,1.0193602875444796,3.806259478241296,0.2342695284451443,3.962962710428597,2.355877944501117,1,-0.1318233251272387,1.0,1.0
2025-04-15,-1.0384627625775522,3.6368715207735742,-0.3206416367346797,3.890691040340857,4.952600639663984,1,-0.16938795746772195,1.0,1.0
2025-04-16,0.4351453244224146,3.4868416379638854,0.0881817076627926,3.788732436317864,0.7513605845590021,1,-0.15002988280968887,1.0,1.0
2025-04-17,1.0204134780154916,3.3269537841403367,0.268336701229272,3.6390018448975257,-0.4599288862822348,1,-0.15988785382354864,1.0,1.0
2025-04-18,-0.5254861395886934,3.188674874806398,-0.2048361277552262,3.4891202591850985,0.9109701878161404,1,-0.1382789093339385,1.0,1.0
2025-04-19,0.7227854353503815,3.0532737767496667,0.1949107104135536,3.338523118886772,0.6143953356220422,1,-0.1354010980567315,1.0,1.0
2025-04-20,0.1302774044411592,2.9255063591125263,0.0008913773152488,3.1962500865545627,1.7831355026407536,1,-0.1277674176371404,1.0,1.0
2025-04-21,2.715504127854373,2.7996052969358725,0.924356892826889,3.05880281834896,4.063494306072712,1,-0.12590106217665387,1.0,1.0
2025-04-22,6.548491099549558,2.8101911458481847,2.2848344087193992,2.95545029069053,9.59157192760678,1,0.01058584891231229,1.0,1.0
2025-04-23,0.2748931682265976,3.403254522905757,0.0432596189320173,2.9983662203104013,10.39195123542207,1,0.5930633770575722,1.0,1.0
2025-04-24,0.2608013738239378,3.2474003603424424,0.0409963923798015,3.0371915370289564,9.929967173895626,1,-0.15585416256331452,1.0,1.0
2025-04-25,0.8233751969907388,3.101238863447105,0.2243314859599091,3.0723380378958725,10.623064966445206,1,-0.14616149689533753,0.0,1.0
2025-04-26,-0.0777011298330521,2.97260777895449,-0.069087757128293,3.106938534299596,7.82985970875778,1,-0.12863108449261507,0.0,1.0
2025-04-27,-0.9470108357138683,2.8444358200322566,-0.3778185124031772,3.1137874691364105,0.3343577734943537,1,-0.1281719589222332,0.0,1.0
2025-04-28,1.2969852186460074,2.746031945190943,0.4258200805918409,2.982342953593448,1.3564498239137637,1,-0.09840387484131341,0.0,0.0
2025-04-29,-0.7333309425444412,2.659090991759068,-0.3237950937556649,2.8646810798767723,0.3623175075453844,1,-0.08694095343187502,0.0,0.0
2025-04-30,-0.082206698552234,2.5660134824293457,-0.0817908301832327,2.7576360036732206,-0.5432643879975885,0,-0.09307750932972247,0.0,0.0
2025-05-01,2.396577889618712,2.46493401125815,0.920474221548668,2.6561012501339527,1.9310146314541756,0,-0.10107947117119576,0.0,0.0
2025-05-02,0.4319853436324905,2.481467647578566,0.1226353563353581,2.583507615643214,3.3100108108005344,0,0.016533636320416267,0.0,0.0
2025-05-03,-1.056299838090169,2.3872888378579304,-0.4959473247441448,2.511758994176612,0.956725754064358,0,-0.09417880972063575,0.0,0.0
2025-05-04,-1.656984190056754,2.3294934591912355,-0.7661124170373883,2.4458394876630454,0.0330725065520454,0,-0.05779537866669493,1.0,0.0
2025-05-05,0.4570714740086856,2.317360456471984,0.1421452578306036,2.396108882471573,0.5723506791129651,0,-0.01213300271925144,1.0,0.0
2025-05-06,2.1451265529472963,2.23520211079096,0.902583649492152,2.350162502378136,0.3208993424415496,0,-0.08215834568102398,1.0,0.0
2025-05-07,0.237154382422311,2.253467666593005,0.0485849917477669,2.304562506181023,0.1260683812313701,0,0.01826555580204481,1.0,0.0
2025-05-08,6.202640353374633,2.173626122028484,2.7948553881328437,2.261829963015133,7.385008572696172,0,-0.07984154456452108,0.0,0.0
2025-05-09,-0.2624571996285851,2.879019082257834,-0.1355068733200835,2.371735087628453,8.779535563124341,1,0.70539296022935,0.0,1.0
2025-05-10,1.6618093181868687,2.759047243986437,0.5560396427040594,2.460072445131344,9.984273407302524,1,-0.11997183827139679,0.0,1.0
2025-05-11,-0.565098397007624,2.690467497632266,-0.2574898496466958,2.551125522499605,7.274048457347604,1,-0.06857974635417108,0.0,0.0
2025-05-12,-1.2501714607269676,2.5898123874070182,-0.5320235326171735,2.618394466662408,5.786722614198325,1,-0.10065511022524776,0.0,0.0
2025-05-13,1.3111031807524045,2.526012710608222,0.4684986347635688,2.6888717843783554,0.8951854415760963,0,-0.06379967679879606,0.0,0.0
2025-05-14,-0.6070027639406561,2.456890211656199,-0.2990253430504088,2.6044460102580285,0.5506398772640253,0,-0.06912249895202338,0.0,0.0
2025-05-15,0.1980148737121823,2.374356913904949,0.0296270534826459,2.527507944241731,-0.9131545672106612,0,-0.08253329775124962,0.0,0.0
2025-05-16,-0.2464381118651104,2.2857212770633875,-0.1636716558821996,2.446558700127955,-0.5944942820681476,0,-0.08863563684156173,0.0,0.0
2025-05-17,-0.2885647289222248,2.2066075155824927,-0.1886309189196153,2.3699177257630497,0.3671124497365952,0,-0.07911376148089477,0.0,0.0
2025-05-18,3.105541495840747,2.1341496253950267,1.395343506363814,2.291545108720411,2.1615507648249377,0,-0.07245789018746596,0.0,0.0
2025-05-19,-0.7920998372647148,2.277636272869568,-0.4038263363899354,2.2556943209630846,1.976453691500879,0,0.14348664747454132,0.0,0.0
2025-05-20,1.1157568710077117,2.215933378340732,0.4459011296226563,2.224009613850241,2.894195688796408,0,-0.06170289452883626,0.0,0.0
2025-05-21,2.667505449687546,2.1623982140878173,1.174545816170088,2.199345001255127,5.808139250349065,0,-0.05353516425291449,0.0,0.0
2025-05-22,1.802796394236417,2.2454443714309185,0.7460112310561964,2.2071123724248123,7.899500373507706,0,0.08304615734310117,0.0,0.0
2025-05-23,-4.006256233899386,2.232986111665553,-1.851299426691453,2.226879669678918,0.7877026437675738,0,-0.012458259765365298,0.0,0.0
2025-05-24,0.4680702474075815,2.53743981216348,0.1341511910307413,2.2788403775377,2.04787272843987,0,0.30445370049792686,0.0,0.0
2025-05-25,1.1476897551185417,2.4398703494366267,0.4180632306618411,2.323627771756879,2.0798056125507003,0,-0.0975694627268533,0.0,0.0
2025-05-26,0.3707294854029541,2.369737773571082,0.1025682308298797,2.365095683653532,-0.2169703517338916,0,-0.07013257586554467,0.0,0.0
2025-05-27,-0.4081096575204057,2.2826752403036004,-0.2347155313631807,2.372541857428069,-2.427876403490714,0,-0.0870625332674817,0.0,0.0
2025-05-28,-1.0999457493792164,2.2072917645636263,-0.5561636406770819,2.367402988007683,0.4784340810294551,0,-0.07538347573997406,0.0,0.0
2025-05-29,-2.0245528009255054,2.16739091536832,-0.9930015209078208,2.2933932086486517,-2.014188967303632,0,-0.03990084919530634,0.0,0.0
2025-05-30,-1.5676574887612205,2.2068246536874523,-0.7682201485131479,2.2467840694988164,-4.729536211183394,0,0.03943373831913233,0.0,0.0
2025-05-31,0.6130518270316188,2.1998926475755125,0.2206390176036658,2.212815044299702,-4.487213869554729,0,-0.006932006111939781,0.0,0.0
2025-06-01,0.9643965283823164,2.129477645126754,0.3929258688674711,2.182175525264333,-3.114707683652007,0,-0.07041500244875865,0.0,0.0
2025-06-02,0.2169203775432393,2.076233043294175,0.0429868426352578,2.155963781010443,-1.7978415567295514,0,-0.05324460183257873,0.0,0.0
2025-06-03,-0.4250198055929743,2.009369557153684,-0.2750561627961067,2.124359509367516,-0.1983085613970203,0,-0.06686348614049109,0.0,0.0
2025-06-04,-0.6666084188029942,1.9556102733858391,-0.4061535695784895,2.0741166333071925,0.702740508561206,0,-0.05375928376784489,0.0,0.0
2025-06-05,-3.059773184703829,1.915176967528592,-1.6643072223524291,2.017173497297809,-2.9700845031742418,0,-0.04043330585724725,0.0,0.0
2025-06-06,2.733035306446041,2.128401929620801,1.2240947519123826,2.0169583541966185,-1.201445725110517,0,0.2132249620922091,0.0,0.0
2025-06-07,1.1669145986994425,2.224174957262887,0.4672496292923498,2.0465467369903605,-0.2514515039543141,0,0.09577302764208584,0.0,0.0
2025-06-08,0.1684159608366542,2.172468448195072,0.0187557552025562,2.079166515198638,0.3419842624753144,0,-0.05170650906781482,0.0,0.0
2025-06-09,4.165996456486809,2.098278654950575,1.924590317173532,2.1077001915115856,5.174589137765118,0,-0.07418979324449682,0.0,0.0
2025-06-10,-0.0334318426926216,2.4154382817783606,-0.0666965984372166,2.2077524543615388,8.200930479776325,0,0.3171596268277854,0.0,0.0
2025-06-11,-1.4347388609724732,2.324393735510624,-0.6721789478004563,2.2469508155395035,4.033156312357811,0,-0.0910445462677365,0.0,0.0
2025-06-12,-2.5699166845333465,2.295796811741054,-1.1750109352772466,2.261275186435137,0.2963250291250219,0,-0.028596923769570015,0.0,0.0
2025-06-13,0.1527347194391737,2.3793035029050857,0.010534614424574,2.30264219737714,0.2806437877275414,0,0.08350669116403164,0.0,0.0
2025-06-14,-0.5847555254664627,2.290220197461837,-0.3110727958355473,2.3410305058793925,-4.47010819422573,0,-0.08908330544324894,0.0,0.0
2025-06-15,0.0754577954749535,2.2195047208692564,-0.0235241125964481,2.3018437936975715,-4.361218556058155,0,-0.07071547659258037,0.0,0.0
2025-06-16,1.1723623976989117,2.1419008897710765,0.4877409259461752,2.265345224549662,-1.7541172973867702,0,-0.07760383109817992,0.0,0.0
2025-06-17,-2.077333636181322,2.097469948769122,-1.0512681299259303,2.225679851955276,-1.261534249034746,0,-0.04443094100195433,0.0,0.0
2025-06-18,0.2694339503861442,2.151145113034307,0.0659017725443672,2.1800481739811195,-1.144835018087775,0,0.053675164265184705,0.0,0.0
2025-06-19,-0.1899521739272103,2.0789938558371968,-0.1527767133473977,2.137802905656192,-0.7500316665485229,0,-0.07215125719711013,0.0,0.0
2025-06-20,-1.3218729770938964,2.014349578340507,-0.7196082880137972,2.096771877150442,-2.147362439117373,0,-0.06464427749668955,0.0,0.0
2025-06-21,-1.023709507364856,2.007787962245521,-0.5734565618742816,2.069949291645331,-4.343434344181141,0,-0.006561616094986178,0.0,0.0
2025-06-22,-1.250003687186485,1.981421338284863,-0.6952955108558799,2.046739569548479,-3.516104395186304,0,-0.02636662396065792,0.0,0.0
2025-06-23,4.445468211607739,1.9728421843009705,2.1886183150025342,2.011078983801812,0.6599298660352915,0,-0.00857915398389264,0.0,0.0
2025-06-24,0.4421629398587257,2.3712887683581623,0.1326254607276046,2.069537966306005,1.2920449798212277,0,0.3984465840571918,0.0,0.0
2025-06-25,1.2329889288553275,2.2850328666412723,0.483721381234654,2.1236746239661577,3.8469068857704514,0,-0.08625590171689002,0.0,0.0
2025-06-26,-0.3744456200287516,2.231609455588457,-0.2250014191364761,2.1684389226347447,4.496170773106556,0,-0.05342341105281534,0.0,0.0
2025-06-27,0.1200006027600508,2.1592088620296064,-0.0035517970548576,2.203996427383694,5.866175063053092,0,-0.07240059355885053,0.0,0.0
2025-06-28,0.2231861322037787,2.0859553446997228,0.0457902696764097,2.2266190594634443,1.6438929836491312,0,-0.07325351732988361,0.0,0.0
2025-06-29,0.980816480326574,2.01838986935856,0.4226868251972905,2.156039279663524,2.1825465241169795,0,-0.06756547534116297,0.0,0.0
2025-06-30,-1.160210785220528,1.975183212892175,-0.6520308856674469,2.0940693489137043,-0.2106531899588759,0,-0.043206656466384885,0.0,0.0
2025-07-01,-1.3504224993729608,1.9608279336888796,-0.753810239243826,2.039913044533789,-1.1866300693030851,0,-0.014355279203295268,0.0,0.0
2025-07-02,2.946777720135607,1.9620456667261257,1.4368208108033222,2.0004804054730925,1.6401470480724711,0,0.0012177330372460382,0.0,0.0
2025-07-03,0.7218611789243212,2.111871746531708,0.2813577602253176,2.0056636858394894,2.1388220947930137,0,0.14982607980558216,0.0,0.0
2025-07-04,-1.4825919147368083,2.051200323349296,-0.7850338023272774,2.0122257766376364,-0.3245863002703686,0,-0.06067142318241192,0.0,0.0
2025-07-05,0.1820390123592474,2.05353278805624,0.0264760018629555,2.02789569167045,1.0176634973094068,0,0.0023324647069440374,0.0,0.0
2025-07-06,0.9205212306969912,1.9882536390998744,0.3987678134560851,2.033380832752649,3.2886072273793587,0,-0.06527914895636555,0.0,0.0
2025-07-07,-0.8570920982480246,1.9449588317757711,-0.5063149700633793,2.0299634657625782,-0.515262591004273,0,-0.04329480732410329,0.0,0.0
2025-07-08,0.59877877476886,1.9147764182034568,0.2460386997944381,1.9905444000969277,-0.6383449951597342,0,-0.030182413572314326,0.0,0.0
2025-07-09,2.1576245274882666,1.8664060639668492,1.0876276562972482,1.9535855482204385,3.0018714470653407,0,-0.04837035423660763,0.0,0.0
2025-07-10,4.101205071842706,1.9312895723177848,2.057451898648707,1.929136905072748,6.9210375065488,0,0.06488350835093559,0.0,0.0
2025-07-11,1.3103070357297852,2.275439315625044,0.5197402335328352,1.9865740403777812,7.3108233115815935,0,0.3441497433072591,0.0,0.0
2025-07-12,-0.0696019205401299,2.227001908116565,-0.0885816910430929,2.04298265564594,8.098313489289488,0,-0.0484374075084788,0.0,0.0
2025-07-13,1.4211873752884685,2.1497385571155467,0.601709308590083,2.089975083428358,8.920722089809097,0,-0.07726335100101833,0.0,0.0
2025-07-14,0.6139691784923684,2.119120649753944,0.2294817447566299,2.1405180005857773,7.3770667408131985,0,-0.030617907361602636,0.0,0.0
2025-07-15,-1.7443885857792552,2.0548979608894062,-0.9110224915528246,2.165239678300101,1.531473083191237,0,-0.06422268886453786,0.0,0.0
2025-07-16,0.8129063950951476,2.080016848995295,0.3294380624796888,2.126155184974152,1.0340724425565997,0,0.025118888105888804,0.0,0.0
2025-07-17,0.4632531543984797,2.0248918898359785,0.1657290849185201,2.085733181318034,1.566927517495209,0,-0.05512495915931659,0.0,0.0
2025-07-18,-1.084422561798526,1.9647296551916251,-0.6169257093629696,2.0487314009332502,-0.9386824195917852,0,-0.06016223464435333,0.0,0.0
2025-07-19,-0.0536145993420333,1.9462949220094643,-0.0931432701843025,2.014166255384354,-1.6062661974261871,0,-0.018434733182160823,0.0,0.0
2025-07-20,-0.5434339336074956,1.8901004901049336,-0.3550623956545653,1.9812067612274595,-0.4053115452544276,0,-0.05619443190453066,0.0,0.0
2025-07-21,0.1182157469633793,1.850266056946267,-0.0051094962468553,1.9352566028176537,-1.100002193386196,0,-0.03983443315866664,0.0,0.0
2025-07-22,2.1529885923987635,1.8007773982183872,1.1246914360239626,1.8904337044941355,0.5897332446140879,0,-0.049488658727879775,0.0,0.0
2025-07-23,-1.0391307548022866,1.8741780366545304,-0.622566483236616,1.8723233807867168,0.6350250516103273,0,0.0734006384361432,0.0,0.0
2025-07-24,-0.3263802707891727,1.8616321781162255,-0.2438988488508257,1.855390832008069,0.3622593801631879,0,-0.012545858538304921,0.0,0.0
2025-07-25,-0.6204300770342286,1.8172028055330616,-0.4116765334025609,1.8408112950936943,0.2852632367364549,0,-0.04442937258316393,0.0,0.0
2025-07-26,0.264436929628431,1.7869383961775769,0.0765371965166557,1.828145762939956,0.4314844194015066,0,-0.03026440935548469,0.0,0.0
2025-07-27,1.2646766556766664,1.7431718221223418,0.652263286275079,1.8166246477207475,-0.4568275173205904,0,-0.0437665740552351,0.0,0.0
2025-07-28,-1.284086030452336,1.7419539241077164,-0.8104437696952932,1.7901798252113843,-0.70178279297064,0,-0.0012178980146253515,0.0,0.0
2025-07-29,-0.0019742703546654,1.7618906972006758,-0.0735822857783835,1.7702315290282744,-0.3773767925361326,0,0.01993677309295938,0.0,0.0
2025-07-30,-0.0771661971628034,1.7201475916625268,-0.1190804048400633,1.7508204862541674,0.1658870873352924,0,-0.04174310553814897,0.0,0.0
2025-07-31,-1.7749425967370058,1.6827031099037617,-1.1306880340185808,1.7299734289994046,-1.8734924390301444,0,-0.037444481758765136,0.0,0.0
2025-08-01,-2.1287126462377515,1.758920251485146,-1.282822412653219,1.7331231148719652,-5.266881740944562,0,0.07621714158138437,0.0,0.0
2025-08-02,-0.7024004180115284,1.8663531405452776,-0.4447551079245611,1.7580029581594776,-4.685196128503755,0,0.10743288906013149,0.0,0.0
2025-08-03,1.4913601071924631,1.8354183960533053,0.7429861418452449,1.7727084979300034,-3.191861750956626,0,-0.03093474449197231,0.0,0.0
2025-08-04,0.7450970809324886,1.8410371137144093,0.3353693425819968,1.79688640234038,-2.369598472861334,0,0.005618717661104,0.0,0.0
2025-08-05,-0.811857336682209,1.8034417101270503,-0.5209633368483257,1.8210341223850377,-1.4065132128065372,0,-0.03759540358735891,0.0,0.0
2025-08-06,0.7737149330479198,1.7839686204317733,0.3621393623249536,1.8260437961743636,1.495914366479134,0,-0.019473089695277057,0.0,0.0
2025-08-07,2.1236359971132046,1.752452605515186,1.138955950303375,1.803263689168345,4.321950781603867,0,-0.0315160149165874,0.0,0.0
2025-08-08,-0.6902004196733813,1.829338560287808,-0.4470851442511204,1.802047722015245,2.1403902547380227,0,0.07688595477262217,0.0,0.0
2025-08-09,-0.1615574997549274,1.801177248001402,-0.1605767419685574,1.7940757488726438,1.2337356740506067,0,-0.02816131228640595,0.0,0.0
2025-08-10,2.380361527108832,1.7581797548383082,1.281263674247558,1.7850233578148955,4.425954537841648,0,-0.04299749316309387,0.0,0.0
2025-08-11,-0.4833792329586472,1.8652595892296264,-0.3275945669567889,1.8012815515744662,3.1688603718350805,0,0.10707983439131818,0.0,0.0
2025-08-12,1.2067410412960555,1.8253523018175624,0.5911578634900008,1.8158614908349413,2.2519654160179314,0,-0.03990728741206406,0.0,0.0
2025-08-13,2.6046115310302653,1.811992708276954,1.3669712053911018,1.8123923204327703,5.546777366721578,0,-0.013359593540608339,0.0,0.0
2025-08-14,-4.125044324166893,1.9397583568849373,-2.192393698683875,1.8401085422094776,1.5832905423096122,0,0.12776564860798323,0.0,0.0
2025-08-15,-0.8154397097905886,2.3342047524774547,-0.4040388415911803,1.955313541737307,-1.6125106945898082,0,0.3944463955925175,0.0,0.0
2025-08-16,0.079186106178497,2.269003996429764,-0.0213677756120399,2.0360624231773343,-1.049945355452664,0,-0.0652007560476906,0.0,0.0
2025-08-17,-0.0325941461444045,2.1878092851071185,-0.0732531037656639,2.1085538198352456,-2.289280542893124,0,-0.08119471132264566,0.0,0.0
2025-08-18,-1.0275848947745914,2.113091342799598,-0.5467130293009695,2.168773546739774,-5.921476968697981,0,-0.0747179423075206,0.0,0.0
2025-08-19,-2.987022020522012,2.077323208598699,-1.4993775075858906,2.1962865170825268,-4.7834546650531,0,-0.03576813420089886,0.0,0.0
2025-08-20,1.271285160686908,2.24970021645721,0.5083412793775803,2.179385609878478,-2.696729794575603,0,0.17237700785851118,0.0,0.0
2025-08-21,-1.6372327846505996,2.201310381387147,-0.8017508453194517,2.1658468868699545,-4.4131486854047,0,-0.048389835070063114,0.0,0.0
2025-08-22,3.8863926424777873,2.2007039938850927,1.7079638963189951,2.168425828625549,-0.4941618967825079,0,-0.0006063875020543286,0.0,0.0
2025-08-23,-1.2915297318542684,2.449296928230888,-0.579431342085738,2.2356669457118072,-0.758106733862185,0,0.24859293434579532,0.0,0.0
2025-08-24,-1.6745357831503327,2.3998559998530093,-0.7509639985473077,2.3001735039626694,0.5543795035094945,0,-0.04944092837787872,0.0,0.0
2025-08-25,-2.982631552883141,2.382131363956385,-1.305679978183235,2.3266597334625043,-3.699537210060555,0,-0.01772463589662454,0.0,0.0
2025-08-26,1.51251233395282,2.504912655451707,0.5528506778477126,2.3873801882754164,-0.5497920914571353,0,0.12278129149532235,0.0,0.0
2025-08-27,-0.5206553469269792,2.448617568226718,-0.2647718573029452,2.4369629031437414,-4.956840080861902,0,-0.05629508722498899,0.0,0.0
2025-08-28,1.182264033331748,2.364042573220107,0.4460978710117876,2.419912032141585,-2.4830463156758853,0,-0.08457499500661125,0.0,0.0
2025-08-29,-3.742335971466204,2.3015744264892235,-1.6814601350113474,2.400255717468828,-4.550846503991757,0,-0.06246814673088341,0.0,0.0
2025-08-30,0.3657460804634027,2.5484753550393897,0.0934191517903428,2.4335245156854293,-1.2024688706452125,0,0.2469009285501662,0.0,0.0
2025-08-31,-0.5264910692758917,2.44886997467698,-0.2671275937380912,2.422315979530484,-3.2414722738739243,0,-0.09960538036240951,0.0,0.0
2025-09-01,0.9323672098975776,2.364445576846587,0.340332441287888,2.405481581254457,-1.7884497170493674,0,-0.08442439783039335,0.0,0.0
2025-09-02,1.7691382281181944,2.29130545498079,0.7163901042145977,2.390934157606594,-1.201575522262921,0,-0.07314012186579699,0.0,0.0
2025-09-03,0.4688830576405678,2.271709171859304,0.1502011733853537,2.38496110668061,3.009643506843851,0,-0.019596283121485758,0.0,0.0
2025-09-04,-0.8987461697769206,2.193057067335439,-0.4680297013251208,2.31387744913982,1.7451512566035277,0,-0.07865210452386506,0.0,0.0
2025-09-05,-0.065605715124839,2.143323182548031,-0.090175569944659,2.25276809071403,2.2060366107545804,0,-0.049733884787408034,0.0,0.0
2025-09-06,-0.3859995744180722,2.0721903111885025,-0.2478871009489895,2.194317037582413,0.8876698264389304,0,-0.0711328713595285,0.0,0.0
2025-09-07,0.8518160055379198,2.012330299738161,0.3598546079612843,2.1385220065338872,-0.0296523961413441,0,-0.05986001145034159,0.0,0.0
2025-09-08,0.8097306013038263,1.9642027240936104,0.3472456882888888,2.0770207169807486,0.3111951475219143,0,-0.0481275756445505,0.0,0.0
2025-09-09,-0.4837916692700617,1.918493181614608,-0.318719581370878,2.022107939836583,0.7261496480287732,0,-0.045709542479002385,0.0,0.0
2025-09-10,2.1508270891821724,1.8740868221910183,1.0795430557373236,1.96826066776518,2.9425824523357846,0,-0.044406359423589725,0.0,0.0
2025-09-11,1.3529013824571834,1.9371860288290976,0.6324801489306248,1.941259811293299,4.68148340921104,0,0.06309920663807933,0.0,0.0
2025-09-12,0.5129680319349461,1.922306751517057,0.2004354181214023,1.9232551016490784,4.3426354356080665,0,-0.014879277312040529,0.0,0.0
2025-09-13,-0.1302038145722051,1.8712556065172483,-0.1378077308685718,1.904665678133806,3.402701019732035,0,-0.051051144999808784,0.0,0.0
2025-09-14,-0.4692746079797416,1.821999264663255,-0.3276314617652164,1.8853668947435351,3.417218081022355,0,-0.0492563418539933,0.0,0.0
2025-09-15,0.0322446109825236,1.7853246817003885,-0.0534496970957805,1.8676144666454093,1.2986356028227064,0,-0.03667458296286652,0.0,0.0
2025-09-16,1.203961474068116,1.741401750612371,0.618060593572163,1.828457611002064,1.149695694433639,0,-0.04392293108801759,0.0,0.0
2025-09-17,-0.3211840787452402,1.7363036190555885,-0.2585110969396074,1.79125698450977,0.3155435837534526,0,-0.005098131556782404,0.0,0.0
2025-09-18,0.5725006775122665,1.7024206584368626,0.2612932361169028,1.757489994893693,1.0182480758379242,0,-0.033882960618725866,0.0,0.0
2025-09-19,-1.2441583362178932,1.6714061826979911,-0.8207627953371052,1.72737137850064,0.2433643475997726,0,-0.031014475738871505,0.0,0.0
2025-09-20,0.0286084831133237,1.6961992071659586,-0.0584018615886631,1.7095462835937545,0.2397282197305728,0,0.024793024467967495,0.0,0.0
2025-09-21,-0.3600148364977684,1.6597885835754136,-0.2938232710844768,1.693223650186363,-1.3242480908353116,0,-0.03641062359054503,0.0,0.0
2025-09-22,-2.2430533319747425,1.6338726650036235,-1.4509839458061533,1.6727374593759698,-3.246117344064814,0,-0.025915918571790098,0.0,0.0
2025-09-23,-0.6531416615244368,1.7774372611480815,-0.4392905184496501,1.6877407799182138,-4.471759683101517,0,0.14356459614445805,0.0,0.0
2025-09-24,1.166352569712359,1.7522844732936806,0.5927592871510006,1.7039164380373517,-2.061248777171265,0,-0.025152787854400893,0.0,0.0
2025-09-25,-3.849187964361533,1.7436759957482242,-2.280731998660144,1.7134117957538044,-5.939045224646122,0,-0.008608477545456461,0.0,0.0
2025-09-26,0.606632543055774,2.136222530113729,0.224210194334597,1.808698585061468,-4.97239784509258,0,0.3925465343655048,0.0,0.0
2025-09-27,-0.0281527332854025,2.070502554893706,-0.0752582542601268,1.8960245630394843,-2.75749724640324,0,-0.06571997522002304,0.0,0.0
2025-09-28,2.2008506441888898,2.0044995697491985,1.0342636142402637,1.941437024759708,0.0964950593100866,0,-0.06600298514450742,0.0,0.0
2025-09-29,2.011114740907871,2.055932426773654,0.9161026121011696,2.0021666154557023,0.9412572305055988,0,0.05143285702445555,0.0,0.0
2025-09-30,-0.3014115884239388,2.082011794043012,-0.206089736901896,2.06983377511466,4.4890336064431935,0,0.02607936726935778,0.0,0.0
2025-10-01,3.947865276779439,2.019305525260653,1.8918363539114744,2.0464503741440447,7.830266340166858,0,-0.06270626878235896,0.0,0.0
2025-10-02,1.6983874858595982,2.3158301368030947,0.67825259999029,2.0955158905259226,9.55680655931186,0,0.2965246115424418,0.0,0.0
2025-10-03,1.305050721642509,2.2886379573874662,0.5144461767773382,2.152343568053576,8.661006636765478,0,-0.02719217941562846,0.0,0.0
2025-10-04,0.1298763222354892,2.238780125309282,0.0009856473949867,2.1889131077607016,6.779768218093096,0,-0.049857832078184394,0.0,0.0
2025-10-05,0.8848164694084559,2.159710603320564,0.3505778940045529,2.204452869616212,7.965996275925491,0,-0.07906952198871764,0.0,0.0
2025-10-06,0.998175292871295,2.100818537908303,0.4143649738073003,2.220755472145742,5.016306292017347,0,-0.05889206541226111,1.0,0.0
2025-10-07,-2.6817983765198505,2.051420023411215,-1.3695235587518255,2.167873449467366,0.6361204296378986,0,-0.0493985144970881,1.0,0.0
2025-10-08,1.5551259305388143,2.18523878188593,0.6532266715813292,2.1471936143670587,0.886195638534204,0,0.1338187584747148,1.0,0.0
2025-10-09,-1.346040236705015,2.1602570338465394,-0.6821919281142055,2.13148899607451,-0.5897209204063003,0,-0.02498174803939035,1.0,0.0
2025-10-10,-7.232182184699099,2.14095405413234,-3.4376505394548693,2.1277376862368653,-8.706719574513855,0,-0.019302979714199253,1.0,0.0
2025-10-11,-2.148516003340717,3.158832488846505,-0.7205781521542254,2.339340476424506,-11.853410870725869,1,1.0178784347141647,1.0,1.0
2025-10-12,3.860934634389857,3.106934536682781,1.2015911233001926,2.550443379078819,-5.31067785981616,1,-0.051897952163723726,1.0,1.0
2025-10-13,0.0879292966288858,3.2067171407888373,-0.0123928541444002,2.7547390508594005,-6.777874493726088,1,0.0997826041060561,1.0,1.0
2025-10-14,-1.884916344559251,3.062846283833108,-0.6570966455677164,2.9352569008567144,-7.316750601580324,1,-0.1438708569557292,1.0,1.0
2025-10-15,-2.086257829089888,2.9999587647903043,-0.737985978177827,3.107057842988307,-2.1708262459711136,1,-0.06288751904280376,1.0,1.0
2025-10-16,-2.3722484783180064,2.9577160191598075,-0.8452191273809929,3.066834549050968,-2.394558720948403,1,-0.04224274563049679,1.0,1.0
2025-10-17,-1.6009839805349202,2.943582651100166,-0.587261803002496,3.0341641719344445,-7.85647733587318,1,-0.014133368059641604,1.0,1.0
2025-10-18,0.683758034970694,2.871762807592265,0.1936400732900005,2.9671733052951303,-7.260648597531372,1,-0.07181984350790094,0.0,1.0
2025-10-19,1.3605430464266988,2.755270993452674,0.4474599322242112,2.9056582472190438,-4.015189206545422,1,-0.1164918141395912,0.0,1.0
2025-10-20,1.7534490738340125,2.6706374291137127,0.608760808065406,2.839793980083725,-0.1754823036215214,1,-0.08463356433896108,0.0,0.0
2025-10-21,-1.9282830173496637,2.6152485020499503,-0.7861404719953552,2.7713004766617533,0.2684831573468216,1,-0.055388927063762416,0.0,0.0
2025-10-22,-0.729356227081901,2.596944292859299,-0.3300132020064722,2.7019728050135803,1.1401109107998408,1,-0.01830420919065112,0.0,0.0
2025-10-23,2.18704444247777,2.50826989322917,0.8210339619352053,2.6292742221409613,2.643397318306917,0,-0.08867439963012913,0.0,0.0
2025-10-24,0.872171428526336,2.501028431230387,0.2976782449942188,2.578425709696504,2.1550257004065543,0,-0.007241461998782839,0.0,0.0
2025-10-25,0.5459116892618354,2.4155572904507894,0.1731451439707949,2.527409681963919,0.9474883158343772,0,-0.08547114077959783,0.0,0.0
2025-10-26,2.503926774480369,2.3278723028178603,1.020784987719004,2.469934442117501,5.37969810766441,0,-0.08768498763292909,0.0,0.0
2025-10-27,-0.308950285538323,2.3711415378059293,-0.1841391384756253,2.424773891106827,5.800104049207988,0,0.043269234988069005,0.0,0.0
2025-10-28,-1.0244824086811375,2.2870064624558277,-0.5037817347839791,2.3805212049521587,2.58857719804908,0,-0.08413507535010156,0.0,0.0
2025-10-29,-2.6016805465767234,2.235905845119441,-1.220691035345432,2.327496687729969,-0.8852747770539793,0,-0.05110061733638682,0.0,0.0
2025-10-30,-1.6026638954619088,2.3315990709585783,-0.7421231168991484,2.3107050438315277,-3.0338503617777235,0,0.09569322583913742,0.0,0.0
2025-10-31,1.1480961196285833,2.314921023309234,0.4408039993229788,2.308114787929802,-4.38968101662951,0,-0.01667804764934422,1.0,0.0
2025-11-01,0.4624825172491853,2.254800186787696,0.1484889192284247,2.284846517726155,-3.618248213842001,0,-0.06012083652153821,1.0,0.0
2025-11-02,0.5216141233320926,2.1772817370668736,0.1809340712267053,2.262901572648365,-2.072151681828771,0,-0.07751844972082234,1.0,0.0
2025-11-03,-3.768718290100992,2.1065745020404107,-1.849632168605484,2.237035304032559,-3.23918942535304,0,-0.07070723502646281,1.0,0.0
2025-11-04,-4.764085753760838,2.3973107937977254,-2.0405178339219594,2.250177648600388,-6.400611283651969,0,0.29073629175731464,1.0,0.0
2025-11-05,2.2400061321748765,2.7997964824233503,0.75446071562656,2.347152740423211,-5.308701271105676,1,0.40248568862562495,1.0,1.0
2025-11-06,-2.525118249184999,2.7682243259725285,-0.9582994769363772,2.449837568260178,-8.29630203753986,1,-0.03157215645082179,0.0,1.0
2025-11-07,2.0238925968733668,2.788660988268552,0.6799761356484137,2.572113418500513,-6.794023563998586,1,0.020436662296023478,1.0,1.0
2025-11-08,-1.0603212214199689,2.741580605549539,-0.4333233513004338,2.699114639202339,-4.0856264953175625,1,-0.04708038271901316,1.0,0.0
2025-11-09,2.355183969967989,2.6558496267447818,0.838720036367863,2.7508224057917503,3.0336432284112647,1,-0.08573097880475711,0.0,0.0
2025-11-10,1.212026933646193,2.648191118912675,0.4094709220437197,2.720501333089615,2.005664029882581,1,-0.0076585078321067535,1.0,0.0
2025-11-11,-2.870254647684156,2.5648317717409195,-1.1688580729356368,2.679822822243293,1.660527631383424,0,-0.08335934717175553,1.0,0.0
2025-11-12,-1.303914664267758,2.647855848576873,-0.5406579589573249,2.6516617943049576,-1.6672796297577008,1,0.08302407683595359,1.0,0.0
2025-11-13,-1.9524742976585685,2.5823744195578358,-0.8055160229056829,2.619820557106617,-2.5594327059963007,1,-0.06548142901903731,1.0,0.0
2025-11-14,-5.462287113659059,2.569386713168187,-2.175599632179689,2.602527974391298,-10.376903789623348,0,-0.012987706389648856,1.0,1.0
2025-11-15,1.2123106498746594,3.0615931991878846,0.3542733814947524,2.6852083904463404,-10.376620073394882,1,0.49220648601969774,1.0,1.0
2025-11-16,-1.446393846192251,2.947981627352476,-0.5339461772843261,2.761838361568651,-8.952759271902977,1,-0.11361157183540849,1.0,1.0
2025-11-17,-2.2368382716344115,2.866445834488085,-0.8248918983999277,2.8055563587508936,-9.88568287926963,1,-0.08153579286439117,1.0,1.0
2025-11-18,0.9241173563307116,2.849515065504901,0.2795028850821535,2.858984487940307,-7.009091225280351,1,-0.01693076898318413,1.0,1.0
2025-11-19,-1.6082377699810024,2.7407687812645234,-0.6333651551653794,2.8932609015595743,-3.155041881602294,1,-0.10874628424037747,1.0,0.0
2025-11-20,-5.429914313161177,2.6866440983618665,-2.068597024439093,2.8182710813943705,-9.79726684463813,1,-0.05412468290265693,1.0,1.0
2025-11-21,-1.795049047228936,3.1443412972019025,-0.6114853764052146,2.857543015364256,-10.145922045674816,1,0.457697198840036,1.0,1.0
2025-11-22,-0.5211872393680039,3.068420641719184,-0.2114628304160705,2.8979379768104754,-8.430271013408408,1,-0.07592065548271831,1.0,1.0
2025-11-23,2.515858657899983,2.940848645592043,0.8120747686361023,2.9162046928279035,-6.838529711839136,1,-0.12757199612714132,1.0,1.0
2025-11-24,1.6742357810839437,2.9185968121047026,0.5299005673660112,2.95177029899594,-3.5560561607741903,1,-0.022251833487340278,1.0,1.0
2025-11-25,-1.0576476956753569,2.837821290659773,-0.4176856992417619,2.9820057374555207,0.8162104567116302,1,-0.0807755214449295,0.0,1.0
2025-11-26,3.57225879133356,2.7446963357322707,1.2549982568390508,2.9020767451615948,6.183518295274126,1,-0.09312495492750239,0.0,1.0
2025-11-27,0.8437806108496204,2.8580339857594903,0.250560679117429,2.859999413969656,7.548486145491751,1,0.11333765002721963,1.0,1.0
2025-11-28,-0.4018666774420865,2.7463686853096965,-0.1928132791171128,2.821103421913187,4.630760810149681,1,-0.11166530044979384,1.0,0.0
2025-11-29,-0.0742778626944939,2.6378214768642185,-0.0765584551125858,2.7649483548650897,2.8822471663712435,1,-0.10854720844547794,1.0,0.0
2025-11-30,-0.5047792573133592,2.531784018952983,-0.24980366690676,2.703740900523732,3.435115604733241,0,-0.10603745791123531,1.0,0.0
2025-12-01,-4.610183805407608,2.440736703852563,-1.941157140123393,2.64294897414779,-4.747326992007928,0,-0.09104731510042008,1.0,0.0
2025-12-02,5.662099387030395,2.805527172283858,1.972687973678767,2.632447611452664,0.0709917841728469,1,0.3647904684312948,1.0,1.0
2025-12-03,2.35582620118322,3.2317366284744296,0.6894610492433633,2.7295212000856104,2.828684662798153,1,0.4262094561905716,1.0,1.0
2025-12-04,-1.4931972865932508,3.169729349284043,-0.5113581578807009,2.8359027745695755,1.4097652388993964,1,-0.06200727919038673,1.0,1.0
2025-12-05,-3.034305997567621,3.0734579364294183,-1.0288006985636733,2.944237558064862,-1.1197615013548656,1,-0.09627141285462448,1.0,1.0
2025-12-06,-0.1291646062556495,3.111845095526929,-0.0825344041263049,3.0784592363997354,3.361257697797093,1,0.03838715909751045,1.0,1.0
2025-12-07,1.2614572226015142,2.975129281482773,0.3810884976398121,3.1123796582395187,-1.0393844666317875,1,-0.13671581404415578,0.0,1.0
2025-12-08,0.259119597981261,2.8696695638458083,0.0458066410155137,3.0399662453137943,-3.1360910698337463,1,-0.10545971763696471,0.0,1.0
2025-12-09,2.238119269819805,2.7477366340382385,0.768068369158485,2.9555677022646334,0.5952254865793094,1,-0.12193292980756976,0.0,1.0
2025-12-10,-0.7262832846635092,2.7209924947559467,-0.3138387778526867,2.8850746139299392,2.9032481994834214,1,-0.0267441392822918,0.0,0.0
2025-12-11,0.5314970108146966,2.6231967103937084,0.1539447403153601,2.787344936903295,3.5639098165537675,1,-0.09779578436223835,0.0,0.0
2025-12-12,-2.4521421452146086,2.5207031620097773,-1.0234492734141427,2.696459713008696,-0.1496895512623552,0,-0.1024935483839311,0.0,0.0
2025-12-13,0.0313418755633065,2.562232888767528,-0.037595255019952,2.63497237799304,-0.3774672736803097,0,0.041529726757750574,0.0,0.0
2025-12-14,-2.379767101791685,2.4606694384755445,-1.0190059408313474,2.577558938880501,-4.9953536452918,0,-0.10156345029198333,0.0,0.0
2025-12-15,-2.0108914713087955,2.501742397889468,-0.8548286776248302,2.5337089195072053,-6.279961831937087,0,0.04107295941392364,0.0,0.0
2025-12-16,1.6345736935077682,2.50216775522473,0.6022394045819669,2.5095031284734097,-5.176885149244015,0,0.00042535733526172237,0.0,0.0
2025-12-17,-1.954483304085386,2.453681851498524,-0.8485831108262036,2.4960988663711587,-4.679226308114792,0,-0.04848590372620576,0.0,0.0
2025-12-18,-0.7939728497769138,2.454117202840218,-0.3755495145656863,2.4744757291856967,-5.504541033455013,0,0.00043535134169392364,0.0,0.0
2025-12-19,3.043315496840826,2.378645988215887,1.225758619335653,2.458071039133765,-0.0814584348225011,0,-0.07547121462433104,0.0,0.0
2025-12-20,0.2727355122150499,2.477169080327688,0.0585611369567191,2.453156375621409,2.2021685487013443,0,0.09852309211180099,0.0,0.0
2025-12-21,0.3139028066927452,2.3817111172200898,0.0781929978447951,2.4290650480204814,0.8814976618863213,0,-0.09545796310759824,,0.0
2025-12-22,-0.1487584958889343,2.2932395036035462,-0.1205404711943917,2.396976578441486,2.687222470082773,0,-0.08847161361654354,,0.0
2025-12-23,-1.2234274952954038,2.212066467066222,-0.610785069005789,2.3485664312866867,2.257767824564283,0,-0.08117303653732444,,0.0
2025-12-24,0.2262076104063481,2.1794395019024133,0.0452125126131306,2.308725134023992,-0.5593400618701949,0,-0.032626965163808475,,0.0
2025-12-25,-0.5323780815688295,2.104938593501512,-0.3135710267480473,2.2342790366587564,-1.3644536556540745,0,-0.07450090840090118,,0.0
