Date,return_pct,volatility,shock_std,vol_trend_5,ret_5d,regime,vol_change,regime_ml
2020-01-07,4.95268893264047,3.380841116828758,1.4150218269809556,3.350457389238681,15.586425627868294,1,0.19981246051243273,1.0
2020-01-08,-1.032167320280486,3.579361365690367,-0.3355046211775744,3.4046360920472623,9.537083711584591,2,0.1985202488616089,2.0
2020-01-09,-2.516485111441824,3.4121732401988223,-0.7869500993034185,3.3810896028883044,6.129097617753132,1,-0.1671881254915446,1.0
2020-01-10,3.5837017057327003,3.356397372752572,1.0174530509058828,3.3819603503573687,9.703884930216944,1,-0.05577586744625007,1.0
2020-01-11,-1.592428993077455,3.3807333793692043,-0.5209384338315276,3.4219012949679444,3.3953092135734053,1,0.024336006616632044,1.0
2020-01-12,1.9095619045758736,3.259800999588521,0.53403166206235,3.397693271519897,0.3521821855088092,1,-0.12093237978068316,1.0
2020-01-13,-0.5913064387263134,3.149832826286434,-0.2412926143751811,3.3117875636391103,0.7930430670629818,1,-0.10996817330208719,1.0
2020-01-14,8.059650637836668,3.00645975181798,2.624657015378965,3.2306448659629425,11.369178816341474,1,-0.14337307446845404,1.0
2020-01-15,-0.2353748814135414,3.883976929359939,-0.1040428013698941,3.336160777284416,7.550102229195232,2,0.877517177541959,2.0
2020-01-16,-0.9494746324859804,3.670817292385345,-0.3046186999223995,3.394177559887644,8.193056589786707,2,-0.21315963697459406,2.0
2020-01-17,2.325533871564112,3.49245614658872,0.6175622032928554,3.4407085892876834,8.609028556774945,2,-0.17836114579662476,2.0
2020-01-18,0.1541028275862999,3.38584866613621,-0.0043186015172652,3.4879117572576384,9.354437823087558,1,-0.10660748045251012,1.0
2020-01-19,-2.680910251619828,3.2115167162540312,-0.8873175705330901,3.5289231501448493,-1.3861230663689383,1,-0.1743319498821787,1.0
2020-01-20,-0.559813180609936,3.195676388966229,-0.2279761936779578,3.3912630420661074,-1.710561365565333,1,-0.015840327287802047,1.0
2020-01-21,1.0141927934055772,3.0473111811261435,0.2774471605883143,3.2665618198142665,0.2531060603262247,1,-0.14836520784008567,1.0
2020-01-22,-0.7461951294766678,2.915907158061473,-0.3137685936674412,3.151252022108818,-2.8186229407145547,1,-0.13140402306467047,1.0
2020-01-23,-3.2115367723196897,2.799269946505761,-1.2075511814472442,3.033936278182728,-6.184262540620544,1,-0.11663721155571194,1.0
2020-01-24,0.46189330082953,2.902884635056682,0.1009920747507416,2.972209861943258,-3.041458988171186,1,0.10361468855092104,1.0
2020-01-25,-0.9229306182408692,2.772578960267606,-0.3937329081183714,2.887590376203533,-3.4045764258021194,1,-0.13030567478907606,1.0
2020-01-26,2.6996838102771648,2.6772060586456075,0.9453731973042316,2.813569351707426,-1.719085408930532,1,-0.09537290162199863,1.0
2020-01-27,3.5760424982361982,2.700392569169603,1.2617860004372905,2.770466433929052,2.603152218782334,1,0.02318651052399545,1.0
2020-01-28,4.914065669354883,2.8240121309029456,1.6803542232180528,2.775414870808489,10.728754660456907,1,0.12361956173334265,1.0
2020-01-29,-0.4493658672814149,3.1260898458678623,-0.1977201093153249,2.8200559129707248,9.817495492345962,1,0.30207771496491675,1.0
2020-01-30,2.043703691808041,2.98125279534298,0.6289230943326384,2.8617906799857997,12.784129802394872,1,-0.14483705052488238,1.0
2020-01-31,-1.6805048675941237,2.909667757628573,-0.6355467291820226,2.908283019782393,8.403941124523584,1,-0.07158503771440694,1.0
2020-02-01,0.4518472151643138,2.844216529992623,0.0995431442738791,2.937047811946997,5.2797458414517,1,-0.06545122763595002,1.0
2020-02-02,-0.5177910236525918,2.719174963888823,-0.2524721621604953,2.916080378544172,-0.1521108515557756,1,-0.1250415661037998,1.0
2020-02-03,-0.5455970077715477,2.614063160983949,-0.2732611733359107,2.81367504156739,-0.2483419920459084,1,-0.1051118029048741,1.0
2020-02-04,-1.218545364907797,2.5201342308507084,-0.5504747749934771,2.7214513286689352,-3.5105910487617464,0,-0.09392893013324066,0.0
2020-02-05,4.602834799275257,2.4675288427055846,1.7969839961993144,2.633023545684338,2.7727486181076344,0,-0.05260538814512383,0.0
2020-02-06,1.2033084493943136,2.796375293990246,0.3699730479112207,2.6234552984838624,3.524209852337634,1,0.3288464512846616,1.0
2020-02-07,0.6774835392771905,2.6961176403562126,0.1887004383224416,2.6188438337773405,4.7194844152674165,1,-0.1002576536340336,1.0
2020-02-08,0.7036859447460131,2.5887237213067733,0.2066504747377451,2.613775945841905,5.968767367784977,1,-0.10739391904943929,1.0
2020-02-09,2.5179720219250967,2.492369720075184,0.9425756717511092,2.6082230436868,9.705284754617873,0,-0.09635400123158933,0.0
2020-02-10,-2.6042505869956045,2.5228667089063306,-1.0991367621521326,2.619290616926949,2.4981993683470094,0,0.0304969888311466,0.0
2020-02-11,3.5052446746270505,2.595630045695293,1.2854373146848777,2.5791415672679587,4.800135593579746,1,0.07276333678896263,1.0
2020-02-12,1.147540494005206,2.7277770156952337,0.358832679357637,2.585473442335763,5.270192548307762,1,0.13214696999994047,1.0
2020-02-13,-1.0873762642184204,2.6320618600432537,-0.4772308896155216,2.594141070083059,3.479130339343328,1,-0.09571515565197997,1.0
2020-02-14,0.9523015160700864,2.559476815269153,0.3061471596938767,2.607562489121853,1.913459833488318,1,-0.07258504477410055,1.0
2020-02-15,-4.185355039924232,2.4733427315875587,-1.7604030137394648,2.5976576936580984,0.3323553805596901,0,-0.08613408368159448,0.0
2020-02-16,0.4540878520856495,2.786929629418331,0.1023932898413736,2.6359176104027062,-2.718801441981711,1,0.3135868978307723,1.0
2020-02-17,-2.48977234415797,2.6672206321070937,-0.996729430977322,2.6238063336850783,-6.356114280144887,1,-0.1197089973112373,1.0
2020-02-18,4.557569247775106,2.7053452177959607,1.6222862280687351,2.6384630052356197,-0.7111687681513601,1,0.03812458568886701,1.0
2020-02-19,-5.144998404328938,2.9737747290702767,-1.7868614294006495,2.721322587995844,-6.808468688550384,1,0.268429511274316,1.0
2020-02-20,-0.2589265668330398,3.340276968862736,-0.1280287621633209,2.89470943545088,-2.882040215459192,1,0.36650223979245933,1.0
2020-02-21,0.8081532009711623,3.173006958947336,0.2015212227615757,2.9719249013566804,-2.527974866573679,1,-0.16727000991539986,1.0
2020-02-22,-0.2404158134973855,3.0244563690110917,-0.1352774589386021,3.04337204873748,-0.2786183359130945,1,-0.14855058993624448,1.0
2020-02-23,2.668506547579064,2.8847215941460287,0.8665590446852026,3.079247324007494,-2.167681036109137,1,-0.13973477486506303,1.0
2020-02-24,-2.80319921936556,2.8769003067163634,-1.033029949352246,3.059872439536711,0.1741181488542409,1,-0.007821287429665258,1.0
2020-02-25,-3.248723753845262,2.919373359654001,-1.170610364487055,2.975691717694964,-2.815679038157981,1,0.04247305293763759,1.0
2020-02-26,-5.740768792548856,3.0084508373990357,-1.964297929638442,2.942780493385304,-9.364601031678,1,0.08907747774503472,1.0
2020-02-27,-0.409296638844836,3.4750403464577477,-0.1663352191600145,3.0328972888746355,-9.53348185702545,2,0.466589509058712,2.0
2020-02-28,-1.2836217768336766,3.2987619998479865,-0.4402702394636866,3.115705370015027,-13.48561018143819,1,-0.17627834660976127,1.0
2020-02-29,-0.8446835964171839,3.168832010690485,-0.3198050738478463,3.174091710809851,-11.527094558489814,1,-0.12992998915750142,1.0
2020-03-01,-0.4318240904803261,3.031933119754324,-0.1980746360599452,3.196603662829916,-8.710194895124879,1,-0.13689889093616125,1.0
2020-03-02,3.525073959015046,2.895213855377625,1.1592749855102389,3.1739562664256336,0.5556478564390233,1,-0.13671926437669857,1.0
2020-03-03,-0.927476481175482,2.9804605957772234,-0.3677959847889646,3.075040316289529,0.0374680141083771,1,0.08524674039959823,1.0
2020-03-04,-0.3709743670397003,2.864705225351335,-0.1883961117663044,2.9882289613901984,0.9501154239023536,1,-0.11575537042588824,1.0
2020-03-05,3.6284842011420793,2.742033483693151,1.261749450888959,2.902869255990732,5.423283221461617,1,-0.12267174165818417,1.0
2020-03-06,0.4811004368075799,2.8655735186490308,0.1090097587800653,2.869597335769673,6.336207748749523,1,0.12354003495587973,1.0
2020-03-07,-2.3579830530350065,2.7389186555274074,-0.9225202824877502,2.838338295799629,0.4531507366994702,1,-0.12665486312162333,1.0
2020-03-08,-9.430352876922754,2.753152077811812,-3.4865774081485346,2.7928765922065475,-8.049725659047802,1,0.014233422284404718,1.0
2020-03-09,-2.301429329184401,4.137423840598518,-0.5970271316462894,3.047420315255984,-9.980180621192504,2,1.3842717627867058,2.0
2020-03-10,-0.1757685080184146,3.986878784703424,-0.086406807278227,3.2963893754580385,-13.784433330352996,2,-0.15054505589509404,2.0
2020-03-11,0.021498848832735,3.7646956088643617,-0.0391070421719387,3.476213793501105,-14.24403491832784,2,-0.22218317583906222,2.0
2020-03-12,-46.47301753397741,3.5591300495999967,-13.104815458483312,3.640256072315623,-58.35906939927025,2,-0.20556555926436504,2.0
2020-03-13,11.268622219754576,15.861956517612423,0.6997810924936422,6.262016960275744,-37.66009430259292,2,12.302826468012427,2.0
2020-03-14,-6.753557004657296,15.242818039529851,-0.4541340023530132,8.483095800062012,-42.11222197806581,2,-0.6191384780825722,2.0
2020-03-15,3.624573263084585,14.39840900179176,0.2400159839799958,10.56540184347968,-38.31188020696281,2,-0.8444090377380906,2.0
2020-03-16,-7.264505770911889,13.476555463071186,-0.5515675537457424,12.507773814321045,-45.59788482670744,2,-0.9218535387205744,2.0
2020-03-17,4.12455256701918,12.810053979827774,0.3088064745453366,14.3579586003666,4.999685274289156,2,-0.6665014832434117,2.0
2020-03-18,0.2448204386068297,12.02154677410893,0.0063299241989069,13.5898766516659,-6.02411650685859,2,-0.7885072057188438,2.0
2020-03-19,16.710432424961397,11.215884295278116,1.4748464793946157,12.784489902815556,17.439872922760102,2,-0.8056624788308149,2.0
2020-03-20,0.1224450008686872,11.822189728976358,-0.0039146688528425,12.269246048252471,13.937744660544205,2,0.6063054336982425,2.0
2020-03-21,-0.221448507612898,11.030412997979164,-0.0353725165555892,11.78001755523407,20.980801923843195,2,-0.7917767309971939,2.0
2020-03-22,-5.907702386253,10.294759398321732,-0.5902447167455603,11.27695863893286,10.948546970571016,2,-0.7356535996574323,2.0
2020-03-23,9.57832376514638,9.819710932078886,0.9582358250113184,10.836591470526852,20.282050297110565,2,-0.47504846624284625,2.0
2020-03-24,4.844470857364058,9.686776823504394,0.4826936744578991,10.530769976172106,8.416088729513227,2,-0.13293410857449217,2.0
2020-03-25,-0.8011559939721025,9.177120009211675,-0.1056846757775506,10.00175603221917,7.492487734672437,2,-0.5096568142927183,2.0
2020-03-26,0.5281211361417348,8.576983108397878,0.0419024000428236,9.511070054302914,8.24205737842707,2,-0.6001369008137978,2.0
2020-03-27,-3.741337669931255,8.014193073914505,-0.4878922422559636,9.054956789421468,10.408422094748817,2,-0.5627900344833723,2.0
2020-03-28,-3.581324079078918,7.602447702309885,-0.4932686398766848,8.611504143467666,-2.7512257494764825,2,-0.41174537160462066,2.0
2020-03-29,-5.265021330566455,7.216714810116651,-0.7529390356013986,8.117491740790118,-12.860717937406996,2,-0.3857328921932339,2.0
2020-03-30,8.226844860278604,6.987651173953835,1.153194356859396,7.6795979737385505,-3.8327170831562896,2,-0.22906363616281578,2.0
2020-03-31,0.1368107409614793,7.064947100409887,-0.0045172621051579,7.377190772140952,-4.224027478336545,2,0.07729592645605177,2.0
2020-04-01,2.5777803165675905,6.609502133797213,0.3644836341720737,7.096252584117494,2.0950905081623006,2,-0.4554449666126734,2.0
2020-04-02,2.7888755965960854,6.238658767235643,0.4199862078662736,6.823494797102645,8.465290183837304,2,-0.37084336656157024,2.0
2020-04-03,-0.8906283829347217,5.9078510001012186,-0.1793128062453975,6.561722035099559,12.839683131469036,2,-0.3308077671344245,2.0
2020-04-04,1.9725803844387717,5.548062176986137,0.3251325180074982,6.273804235706019,6.585418655629205,2,-0.35978882311508187,2.0
2020-04-05,-1.1186860819705655,5.2382281879374455,-0.2457722333876773,5.908460453211531,5.32992183269716,2,-0.3098339890486912,2.0
2020-04-06,6.838401551364903,4.935801285478479,1.3512854766285909,5.573720283547784,9.590543067494472,2,-0.30242690245896675,2.0
2020-04-07,-1.3201383140758691,5.1401513052064125,-0.2896535888624367,5.354018791141938,5.481529156822518,2,0.20435001972793376,2.0
2020-04-08,2.173462611620991,4.851849928650903,0.4131903670411584,5.142818576851875,8.54562015137823,2,-0.28830137655550914,2.0
2020-04-09,-0.437399798396143,4.608602510715061,-0.1315202940066975,4.95492664359766,6.135639968543316,2,-0.2432474179358426,2.0
2020-04-10,-6.165264619598432,4.340350802664953,-1.459326645782295,4.775351166543162,1.08906143091545,2,-0.2682517080501077,2.0
2020-04-11,-0.0934113612810705,4.598377585531354,-0.0570062625737782,4.707866426553737,-5.842751481730524,2,0.2580267828664011,2.0
2020-04-12,1.619809433930719,4.327118423776221,0.3353466055341443,4.545259850267698,-2.9028037337239354,2,-0.2712591617551334,2.0
2020-04-13,-1.8247903368067144,4.104574025085805,-0.4856814089345475,4.395804669554679,-6.901056682151641,2,-0.22254439869041587,2.0
2020-04-14,-0.0381350856359929,3.927500087655112,-0.0526696473054959,4.259584184942689,-6.5017919693914905,2,-0.1770739374306931,2.0
2020-04-15,-2.971293707668288,3.708998739849931,-0.8465946975674739,4.133313772379685,-3.3078210574613465,2,-0.21850134780518093,2.0
2020-04-16,6.902911272643486,3.6595862694710095,1.840149628401519,3.9455555091676153,3.68850157646321,2,-0.04941247037892138,2.0
2020-04-17,-0.2901521095482806,4.122596433250046,-0.1113077827896026,3.904651111062381,1.7785400329842105,2,0.4630101637790367,2.0
2020-04-18,2.250090200060661,3.890800304352304,0.5349452756440135,3.8618963669156807,5.853420569851586,2,-0.23179612889774237,2.0
2020-04-19,-0.9446987957284492,3.739160087008047,-0.2977737589706891,3.824228366786268,4.94685685975913,2,-0.1516402173442568,2.0
2020-04-20,-4.370789261905728,3.55466035761219,-1.277059905584963,3.79336069033872,3.54736130552169,2,-0.18449972939585724,2.0
2020-04-21,-0.0237642848045283,3.688692090577739,-0.0521836029820222,3.799181854560065,-3.379314251926324,2,0.13403173296554938,2.0
2020-04-22,3.3849812461733464,3.489618173431458,0.9216642416317964,3.672586202596348,0.2958191037953028,2,-0.19907391714628098,2.0
2020-04-23,4.2973347176261,3.474969794173781,1.1880994665838884,3.5894201005606434,2.3430636213607414,2,-0.014648379257677036,2.0
2020-04-24,1.6178084496425882,3.567477793198825,0.4061927150975038,3.5550836417987988,4.905570866731779,2,0.09250799902504392,2.0
2020-04-25,0.2517739780348194,3.412014809010908,0.0243401696388849,3.526554532078542,9.528134106672326,1,-0.15546298418791693,1.0
2020-04-26,1.441763608332991,3.235577268156253,0.393450239031166,3.435931567594245,10.993661999809843,1,-0.17643754085465524,1.0
2020-04-27,1.4957356048027393,3.103092859202329,0.4276412941025393,3.358626504748419,9.104416358439238,1,-0.13248440895392388,1.0
2020-04-28,0.1468662629902084,2.9859360606756424,-0.0073205505204125,3.260819758048792,4.953947903803346,1,-0.11715679852668659,1.0
2020-04-29,11.984140644428898,2.8464433166633825,4.150940093023139,3.116612862741703,15.320280098589656,1,-0.13949274401225997,1.0
2020-04-30,-1.6321978185922958,4.776301683131676,-0.3770538162875406,3.389470237565857,13.43630830196254,2,1.9298583664682933,2.0
2020-05-01,2.353691044656969,4.53014718173269,0.4823167986008255,3.648384220281144,14.34823573828652,2,-0.2461545013989861,2.0
2020-05-02,1.387212727903453,4.324696373865294,0.2817510557489834,3.892704923213736,14.239712861387233,2,-0.205450807867396,2.0
2020-05-03,-1.0189912204170426,4.093991724844646,-0.2901120126800497,4.114316056047537,13.073855377979982,2,-0.23070464902064813,2.0
2020-05-04,0.1705271829388621,3.8816060814077504,0.0004642985733117,4.321348608996411,1.260241916489946,2,-0.21238564343689514,2.0
2020-05-05,1.0093566989645808,3.6661815231906663,0.229293540124515,4.099324577008209,3.9017964340468234,2,-0.21542455821708417,2.0
2020-05-06,2.908412623982493,3.47960995970531,0.7873548176191023,3.8892171326027336,4.456518013372346,2,-0.18657156348535642,2.0
2020-05-07,7.107536685466265,3.420733873114133,2.0284570457906663,3.708424632452501,10.176841970935158,1,-0.058876086591177046,1.0
2020-05-08,-1.099854717229043,3.979569291364432,-0.3187731091289039,3.685540145756458,10.095978474123156,2,0.558835418250299,2.0
2020-05-09,-2.559949751419488,3.779815776385303,-0.7219067995959498,3.6651820847519687,7.365501539764807,2,-0.19975351497912897,2.0
2020-05-10,-9.13387499263454,3.685956405864881,-2.52379543518363,3.669137061286812,-2.7777301518343123,2,-0.09385937052042204,2.0
2020-05-11,-1.7817356616017577,4.6596769764623,-0.4185827966675244,3.90515046463821,-7.467878437418562,2,0.9737205705974188,2.0
2020-05-12,2.328939648252515,4.430468528284085,0.4875815448611384,4.1070973956722,-12.246475474632312,2,-0.2292084481782144,2.0
2020-05-13,5.15216067309936,4.2327177502538085,1.1773607427585808,4.157727087450075,-5.99446008430391,2,-0.19775077803027674,2.0
2020-05-14,4.8814308336528,4.319286773609077,1.0910842743006588,4.26562128689483,1.4469205007683783,2,0.08656902335526873,2.0
2020-05-15,-4.25545413366315,4.359920876025214,-1.0147383904979543,4.400414180926896,6.325341359739767,2,0.04063410241613674,2.0
2020-05-16,0.5219563387115045,4.361636855453986,0.0809859673431322,4.340806156725234,8.629033360053029,2,0.0017159794287717745,2.0
2020-05-17,3.0843414668986213,4.109633188036314,0.7094590623351156,4.27663908867568,9.384435178699135,2,-0.25200366741767155,2.0
2020-05-18,0.5757095071523111,3.9951505504454983,0.101869640014898,4.229125648714017,4.807984012752087,2,-0.1144826375908159,2.0
2020-05-19,0.0253180468027025,3.77298618494548,-0.0380088621958407,4.119865530981299,-0.0481287740980107,2,-0.22216436550001806,2.0
2020-05-20,-2.140705386504038,3.566724372749863,-0.6474933591508857,3.961226230326228,2.066619973061101,2,-0.206261812195617,2.0
2020-05-21,-4.743978112005287,3.463276090802263,-1.4185132637347353,3.781554077395884,-3.1993144776556903,2,-0.10344828194760014,2.0
2020-05-22,1.1039704675422255,3.6659745947671554,0.2551151091183494,3.692822358742052,-5.179685477012086,2,0.2026985039648923,2.0
2020-05-23,0.2904542937139709,3.4820861513387484,0.0349587372770957,3.590209478920702,-5.464940690450426,2,-0.18388844342840693,2.0
2020-05-24,-4.655584805354351,3.29986591396668,-1.4619714527516317,3.495585424724942,-10.14584354260748,1,-0.18222023737206827,1.0
2020-05-25,1.3173543308948157,3.5192486090844004,0.3263848337274891,3.4860902719918494,-6.687783825208626,2,0.21938269511772024,2.0
2020-05-26,-0.8103063993219806,3.355443939342218,-0.2917740173263066,3.4645238416998403,-2.75411211252532,1,-0.16380466974218244,1.0
2020-05-27,3.84109712226941,3.200276440041688,1.1475171699381277,3.371384210754747,-0.0169854577981354,1,-0.15516749930052987,1.0
2020-05-28,3.686071480897368,3.2775557159997177,1.0731614736414643,3.330478123686941,3.378631729385262,1,0.07727927595802964,1.0
2020-05-29,-0.913557886418559,3.324721358364727,-0.3255258797759788,3.3354492125665502,7.120658648321054,1,0.04716564236500931,1.0
2020-05-30,2.730538972956431,3.1760267311511994,0.8066097142874978,3.2668048369799094,8.53384329038267,1,-0.14869462721352766,1.0
2020-05-31,-2.4984292562995947,3.1374493946732525,-0.8501027043180309,3.2232059280461174,6.845720433405056,1,-0.03857733647794692,1.0
2020-06-01,7.198931640233752,3.113362600621869,2.258075137170472,3.2058231601621534,10.203554951369398,1,-0.024086794051383364,1.0
2020-06-02,-6.47494748028361,3.772904918280568,-1.760890502929623,3.3048930006183235,0.0425359901884192,2,0.659542317658699,2.0
2020-06-03,1.322969499089588,4.194411373880778,0.2751862984885397,3.4788310037215338,2.279063375696566,2,0.4215064556002095,2.0
2020-06-04,1.4793539385651755,3.972481032329101,0.3299270579584456,3.638121863957114,1.0278783413053103,2,-0.22193034155167668,2.0
2020-06-05,-1.3881075272664134,3.7749254571732656,-0.4124141002787654,3.765617076457117,2.138200070338492,2,-0.19755557515583533,2.0
2020-06-06,-0.1227122158605098,3.605498199219263,-0.0808313188720282,3.8640441961765952,-5.18344378575577,2,-0.16942725795400237,2.0
2020-06-07,1.083566835863614,3.414093357766985,0.2679604161993003,3.792281884073879,2.3750705303914543,1,-0.19140484145227799,1.0
2020-06-08,0.1294060354382509,3.251605619628452,-0.0120921562865757,3.603720733223413,1.1815070667401173,1,-0.162487738138533,1.0
2020-06-09,0.2474647666023344,3.0887911407001383,0.0254921113932553,3.426982754897621,-0.0503821052227237,1,-0.1628144789283139,1.0
2020-06-10,0.7565917007305245,2.940267044126877,0.1999365136345932,3.2600510722883427,2.094317122774214,1,-0.1485240965732615,1.0
2020-06-11,-5.715571914128326,2.8116633132788262,-2.092817032932527,3.101284095100256,-3.4985425754936017,1,-0.12860373084805055,1.0
2020-06-12,1.6919583790143022,3.324006954164889,0.4582521761371849,3.0832668143798365,-2.8901510323429136,1,0.5123436408860629,1.0
2020-06-13,-0.0587293822661649,3.1952935688315374,-0.0711841763955501,3.0720044042204533,-3.078286450047329,1,-0.12871338533335175,1.0
2020-06-14,-0.9382843818569242,3.03826934569109,-0.3643552347325638,3.061900045218644,-4.264035598506588,1,-0.15702422314044728,1.0
2020-06-15,0.678586233768641,2.9173875515072094,0.1747663846485275,3.05732414669471,-4.342041065468472,1,-0.12088179418388068,1.0
2020-06-16,0.919733936802558,2.7892066567037905,0.2692554086031668,3.0528328153797037,2.293264785462412,1,-0.12818089480341888,1.0
2020-06-17,-0.6075177257296005,2.6792497931485624,-0.2897238945348551,2.9238813831764383,-0.0062113192814905,1,-0.10995686355522816,1.0
2020-06-18,-0.7242643975011731,2.5808433265779187,-0.3460068060227207,2.8009913347257145,-0.6717463345164987,1,-0.09840646657064367,1.0
2020-06-19,-1.3243316204146538,2.496599220985712,-0.5980361471867593,2.6926573097846385,-1.0577935730742285,0,-0.08424410559220652,0.0
2020-06-20,0.476063307275254,2.4535427020524594,0.1252630933405195,2.5998883398936887,-1.2603164995676153,0,-0.043056518933252796,0.0
2020-06-21,-0.3081241183796379,2.3662490308866557,-0.2015210871418991,2.515296814730261,-2.4881745547498118,0,-0.08729367116580367,0.0
2020-06-22,3.64203993156309,2.290991596215598,1.516074951356182,2.4376451753436683,1.7613831025428794,0,-0.07525743467105794,0.0
2020-06-23,-0.1977301049160829,2.500318306957797,-0.1465633646201889,2.421540171419644,2.2879173951279697,0,0.20932671074219922,0.0
2020-06-24,-3.337092327378066,2.4092842487721806,-1.4551281310778532,2.404077176976938,0.2751566881645573,0,-0.09103405818561638,0.0
2020-06-25,-0.525308149532222,2.599849976353987,-0.2669512143460815,2.4333386318372434,-0.7262147686429188,1,0.19056572758180623,1.0
2020-06-26,-1.1059043986902497,2.506711334610112,-0.5084866932480714,2.461431092581935,-1.5239950489535303,0,-0.09313864174387465,0.0
2020-06-27,-1.2909378740094013,2.448881914140294,-0.596052763652729,2.4930091561668744,-6.456972854526022,0,-0.05782942046981798,0.0
2020-06-28,1.0796911071169646,2.4091831790988123,0.3781224093904797,2.474782130595077,-5.179551642492974,0,-0.039698735041481914,0.0
2020-06-29,0.5156696867222976,2.3437421991312104,0.148030243291177,2.461673720666883,-1.3267896283926106,0,-0.0654409799676019,0.0
2020-06-30,-0.5768117633966341,2.2682190261940343,-0.3286881529341177,2.3953475306348926,-1.3782932422570229,0,-0.07552317293717614,0.0
2020-07-01,0.9836784692076606,2.211469367628241,0.3685122309917304,2.3362991372385182,0.7112896256408874,0,-0.05674965856579339,0.0
2020-07-02,-1.1433924918010874,2.163772825389975,-0.6064025923505679,2.279277319488455,0.8588350078492013,0,-0.047696542238266026,0.0
2020-07-03,-0.396541210726653,2.148853933901389,-0.2630547198121932,2.22721147044897,-0.6173973099944163,0,-0.014918891488585828,0.0
2020-07-04,0.4959953765061087,2.0992590809498064,0.1558980597978071,2.1783148468126887,-0.6370716202106053,0,-0.04959485295158261,0.0
2020-07-05,-0.6431364974035958,2.049529293450836,-0.3961209331191133,2.1345769002640496,-0.703396354217567,0,-0.04972978749897061,0.0
2020-07-06,3.269036405452752,2.020510013766306,1.5344202332858274,2.0963850294916626,1.5819615820275246,0,-0.029019279684529664,0.0
2020-07-07,-1.322747502849353,2.2290451206960498,-0.669108241809267,2.1094394885528773,1.402606570979259,0,0.20853510692974364,0.0
2020-07-08,1.8849585054621087,2.2185502690458256,0.7735833488357855,2.1233787555817645,3.684106287168021,0,-0.010494851650224124,0.0
2020-07-09,-1.6076772716191456,2.227346418261105,-0.7975419610655325,2.1489962230440245,1.5804336390427665,0,0.008796149215279492,0.0
2020-07-10,0.0090516130406115,2.240138717401717,-0.0712783295481343,2.187118107834201,2.232621749486974,0,0.012792299140611973,0.0
2020-07-11,-0.4153644618959617,2.173051678813864,-0.2687876346262904,2.2176264408437123,-1.45177911786174,0,-0.06708703858785325,0.0
2020-07-12,0.390491608833976,2.1213313317801337,0.1045412598864376,2.1960836830605293,0.2614599938215889,0,-0.051720347033730185,0.0
2020-07-13,-0.355135786885441,2.0676141384013818,-0.2533648498184389,2.16589645693164,-1.9786342985259608,0,-0.053717193378751915,0.0
2020-07-14,-0.0043316313902863,2.025981868149088,-0.0854186273253742,2.125623546909237,-0.3752886582971015,0,-0.04163227025229377,0.0
2020-07-15,-0.54650618081169,1.9823434262297928,-0.3608008229659227,2.074064488674852,-0.9308464521494032,0,-0.04363844191929522,0.0
2020-07-16,-0.661493946327596,1.9573080634914852,-0.4241636360603046,2.030915765610376,-1.1769759365810373,0,-0.02503536273830753,0.0
2020-07-17,0.2096417007004802,1.9403801323280123,0.0210869722100706,1.9947255257199523,-1.357825844714533,0,-0.01692793116347291,0.0
2020-07-18,0.0835311927582793,1.905748136909826,-0.044703580900763,1.9623523254216408,-0.9191588650708128,0,-0.0346319954181864,0.0
2020-07-19,0.2919331794375424,1.8753358974778855,0.0656992813021588,1.9322231312874003,-0.6228940542429839,0,-0.03041223943194038,0.0
2020-07-20,-0.2352685560559564,1.848771199137304,-0.2185200175216808,1.905508685868903,-0.3116564294872503,0,-0.026564698340581616,0.0
2020-07-21,2.272657241900866,1.8298737939526295,1.1497690660857809,1.880021831961132,2.622494758741212,0,-0.01889740518467442,0.0
2020-07-22,1.5923467431186111,1.938792565805233,0.7342826713151938,1.879704318656576,4.005199801159343,0,0.10891877185260346,0.0
2020-07-23,0.5831453188376301,1.9621829518410123,0.2112037308629632,1.890991281642813,4.504813927238693,0,0.023390386035779365,0.0
2020-07-24,-0.4621806400933792,1.9298982185043876,-0.3269113328450129,1.9019037458481132,3.750700107707772,0,-0.03228473333662474,0.0
2020-07-25,1.4595935230039103,1.9079932126599997,0.676558257998811,1.9137481485526524,5.445562186767639,0,-0.021905005844387926,0.0
2020-07-26,2.329289732455919,1.9254960212987249,1.1220821802714174,1.9328725940218716,5.502194677322692,0,0.01750280863872522,0.0
2020-07-27,10.400866598506298,2.0241687932924983,5.054984383535359,1.9499478395193244,14.310714532710378,0,0.09867277199377344,0.0
2020-07-28,-0.7126663372122977,3.9347244916791646,-0.224003306419369,2.3444561474869547,13.01490287666045,2,1.9105556983866663,2.0
2020-07-29,1.7048707177252709,3.726531241132315,0.412218671883562,2.7037827520125406,15.1819542344791,2,-0.20819325054684956,2.0
2020-07-30,0.0967607474507303,3.560543238463441,-0.0202115819139531,3.0342927571732288,13.81912145892592,2,-0.16598800266887404,2.0
2020-07-31,1.892242337372707,3.371590398537992,0.5111882449739336,3.323511632621082,13.382074063842708,1,-0.1889528399254492,1.0
2020-08-01,3.779203373214735,3.2493439381685767,1.1111407358362309,3.568546661596298,6.760410838551145,1,-0.12224646036941511,1.0
2020-08-02,-6.191185712282632,3.3116859615788568,-1.920444977223514,3.443938955576236,1.281891463480811,1,0.062342023410280056,1.0
2020-08-03,1.7286053356240672,3.7880843629862833,0.4117860711056739,3.4562495799470296,1.3056260813796072,2,0.4763984014074265,2.0
2020-08-04,-0.3603747001553969,3.6176019415799896,-0.1462570143074996,3.467661320570339,0.8484906337734799,2,-0.17048242140629366,2.0
2020-08-05,4.716003790353618,3.4283304394904266,1.326382888650722,3.4790093287608266,3.672252086754391,2,-0.189271502089563,2.0
2020-08-06,0.2784144331386073,3.584492267827144,0.0306011189785584,3.54603899469254,0.1714631466782634,2,0.15616182833671743,2.0
2020-08-07,-1.525190204918836,3.393655313531757,-0.4991417828845719,3.56243286508312,4.837458654042059,1,-0.19083695429538716,1.0
2020-08-08,1.3065469924047337,3.2675104377920543,0.3482229224034199,3.458318080044274,4.415400310822726,1,-0.12614487573970257,1.0
2020-08-09,-0.6684391826166092,3.1262475514207435,-0.2677856208185626,3.360047202012425,4.107335828361514,1,-0.1412628863713108,1.0
2020-08-10,1.7184200904589275,2.987294955070356,0.518762008771686,3.2718401051284105,1.1097521284668233,1,-0.13895259635038748,1.0
2020-08-11,-4.016111286278701,2.893863252943916,-1.4461071167736033,3.1337143021517653,-3.184773590950485,1,-0.09343170212643992,1.0
2020-08-12,1.5169300755772497,3.092947551454356,0.4358965337676661,3.073572749736285,-0.1426533104543992,1,0.19908429851043996,1.0
2020-08-13,1.7048853955415666,2.9778376096194656,0.5158644083902092,3.015638184101767,0.2556850926824339,1,-0.11510994183489043,1.0
2020-08-14,-0.1296361228176223,2.884591530275735,-0.103432696955263,2.967306979872766,0.7944881524814207,1,-0.09324607934373086,1.0
2020-08-15,0.8193734253124418,2.756019678062694,0.2360826636030044,2.921051924471233,-0.104558512665065,1,-0.12857185221304057,1.0
2020-08-16,0.2281749965851176,2.646340782596651,0.0224649970264516,2.8715474304017805,4.139727770198753,1,-0.10967889546604326,1.0
2020-08-17,2.9951760409884898,2.538205386760555,1.113562793995449,2.7605989974630205,5.6179737356099935,0,-0.10813539583609577,0.0
2020-08-18,-2.1709414754999656,2.6149073661974422,-0.8947416128454977,2.6880129487786157,1.7421468645684612,1,0.07670197943688706,1.0
2020-08-19,-1.9617886991365907,2.627370755579057,-0.8108918976835243,2.63656879383928,-0.090005711750507,1,0.012463389381614842,1.0
2020-08-20,1.0161327741759152,2.6184985634256903,0.3236235555898778,2.609064570911879,0.1067536371129662,1,-0.008872192153366765,1.0
2020-08-21,-2.43618627931248,2.528670200728052,-1.0301506449261684,2.5855304545381594,-2.557607638784632,0,-0.08982836269763839,0.0
2020-08-22,0.7676821280393042,2.581264555084675,0.2320402099375474,2.5941422882029834,-4.785101551733817,1,0.052594354356623185,1.0
2020-08-23,-0.1454386426972931,2.4872574885684338,-0.1263092393587361,2.568612312677182,-2.7595987189311444,0,-0.09400706651624136,0.0
2020-08-24,0.936445863523616,2.396702206434681,0.3203238611327382,2.522478602848307,0.1386358437290624,0,-0.09055528213375297,0.0
2020-08-25,-3.5306004408532488,2.3269103343928497,-1.5898014396810023,2.4641609570417384,-4.4080973713001015,0,-0.06979187204183113,0.0
2020-08-26,1.0696334763965254,2.5640940302144566,0.3513554912602283,2.4712457229390195,-0.902277615591096,1,0.23718369582160692,1.0
2020-08-27,-1.446347767396183,2.481891052086506,-0.6507427974372649,2.4513710223393854,-3.116307511026584,0,-0.08220297812795074,0.0
2020-08-28,1.9164718595602537,2.449122082667482,0.713621796625007,2.4437439411591955,-1.0543970087690369,0,-0.03276896941902363,0.0
2020-08-29,-0.3092041247453991,2.4304785066902124,-0.1966399135820138,2.450499201210301,-2.300046997038052,0,-0.018643575977269844,0.0
2020-08-30,1.7627931208673786,2.348650448305476,0.6787166490630285,2.4548472239928265,2.993346564682575,0,-0.08182805838473639,0.0
2020-08-31,-0.2623558191723774,2.330693536662011,-0.1849581556581959,2.4081671252823376,1.6613572691136724,0,-0.017956911643465023,0.0
2020-09-01,2.449528784504018,2.2581202054759304,1.01004535551295,2.3634129559602224,5.557233821013874,0,-0.07257333118608056,0.0
2020-09-02,-4.759982836281473,2.316036442270962,-2.128078688702236,2.3367958278809184,-1.1192208748278532,0,0.05791623679503166,0.0
2020-09-03,-10.8024907829682,2.7752741458203105,-3.953200716500191,2.4057549557069384,-11.612507533050652,1,0.45923770354934845,1.0
2020-09-04,2.568095890557487,4.510149443580773,0.5319936649104541,2.838054754761997,-10.807204763360543,2,1.7348752977604627,2.0
2020-09-05,-3.310004713411807,4.3191011623023225,-0.8054290792139158,3.23573627989006,-13.854853657599977,2,-0.19104828127845064,2.0
2020-09-06,1.0834787536524004,4.229804959404161,0.2162638239017414,3.6300732306757055,-15.220903688451592,2,-0.08929620289816143,2.0
2020-09-07,0.8640468391536871,3.998083369142424,0.1739138022351258,3.9664826160499977,-9.596874013016432,2,-0.2317215902617371,2.0
2020-09-08,-2.322390559011112,3.780326874717827,-0.6589682851089856,4.167493161829502,-1.1167737890593443,2,-0.21775649442459688,2.0
2020-09-09,1.0879835709758368,3.66779081083824,0.2506300548783595,3.999021435280995,-2.5968861086409945,2,-0.11253606387958692,2.0
2020-09-10,1.1724294913523892,3.4832758229633742,0.2881495992830645,3.831856367413205,1.8855480961232016,2,-0.18451498787486598,2.0
2020-09-11,0.3638635248421451,3.3175177829274083,0.0588206541267871,3.649398932117855,1.1659328673129463,1,-0.16575804003596595,1.0
2020-09-12,0.3958714499077587,3.149677320295356,0.0721173847463689,3.479717722348441,0.6977574780670182,1,-0.1678404626320522,1.0
2020-09-13,-1.1404867595945944,2.996640799830782,-0.4368931099254975,3.322980507371033,1.8796612774835355,1,-0.15303652046457428,1.0
2020-09-14,3.400365092776348,2.8891275908157628,1.1185522384945166,3.167247863366536,4.192042799284046,1,-0.10751320901501904,1.0
2020-09-15,1.0812510742823631,2.960043837911199,0.3082812841559791,3.0626014663561016,4.10086438221402,1,0.07091624709543609,1.0
2020-09-16,1.6347532426243203,2.839106042595102,0.5163696818140623,2.96691911828964,5.371754099996196,1,-0.12093779531609705,1.0
2020-09-17,-0.2364091830582282,2.756301891621079,-0.1469846764836999,2.888244032554785,4.7394734670302086,1,-0.08280415097402294,1.0
2020-09-18,-0.0402336913788659,2.6411823550702183,-0.079115571005856,2.817152343602672,5.839726535245937,1,-0.1151195365508606,1.0
2020-09-19,1.3590771382837374,2.534412179080243,0.4696758441014985,2.746209261255568,3.798438580753327,0,-0.10677017598997507,0.0
2020-09-20,-1.4167885530092406,2.468862493457189,-0.6422040579352503,2.647972992364766,1.3003989534617233,0,-0.06554968562305419,0.0
2020-09-21,-4.4493310828050525,2.4355222220395327,-1.8961256028741749,2.5672562282536524,-4.78368537196765,0,-0.033340271417656275,0.0
2020-09-22,0.7256944592073822,2.804887611893966,0.1985710579177856,2.57697337230823,-3.82158172970204,1,0.36936538985443335,1.0
2020-09-23,-2.8125828810468434,2.688212629395089,-1.1090297721318323,2.586379427173204,-6.593930919370017,1,-0.11667498249887709,1.0
2020-09-24,4.89361364351204,2.7599857358389457,1.7119250376497768,2.6314941385249444,-3.059394414141714,1,0.0717731064438567,1.0
2020-09-25,-0.6278889783731145,3.0725790700348186,-0.2592655612723396,2.7522374538404706,-2.270494839505588,1,0.3125933341958729,1.0
2020-09-26,0.5410230472936206,2.9373235447580623,0.1267473885145939,2.852597718384176,2.719859290593085,1,-0.13525552527675622,1.0
2020-09-27,0.2280583189740781,2.804920144587234,0.0211533152968614,2.8526042249228296,2.222223150359781,1,-0.13240340017082852,1.0
2020-09-28,-0.6108227146349066,2.681935142193558,-0.2906661168436831,2.851348727482524,4.423983316771718,1,-0.12298500239367582,1.0
2020-09-29,1.2525583307516186,2.5833728806353324,0.4195419794419936,2.816026156441801,0.7829280040112963,1,-0.09856226155822556,1.0
2020-09-30,-0.5561903231040333,2.507191334227003,-0.2891344078854035,2.702948609280238,0.8546266592803775,0,-0.0761815464083293,0.0
2020-10-01,-1.542167540122108,2.4244020136653712,-0.7056966993310543,2.6003643030617,-1.228563928135351,0,-0.08278932056163191,0.0
2020-10-02,-0.4102545378275479,2.4059480456258058,-0.2406450536840487,2.520569883269414,-1.8668767849369767,0,-0.01845396803956545,0.0
2020-10-03,-0.2522616697699931,2.32915907818584,-0.1807461896810422,2.4500146704678705,-1.5083157400720637,0,-0.076788967439966,0.0
2020-10-04,1.1334718114117237,2.256535177913216,0.4275345946659649,2.384647129923447,-1.6274022594119586,0,-0.07262390027262366,0.0
2020-10-05,1.1532279024732972,2.2104558439823667,0.4453845781992669,2.3253000318745203,0.0820159661653718,0,-0.0460793339308494,0.0
2020-10-06,-1.765966406225239,2.1706487487165305,-0.8912963767824236,2.274549378884752,-0.141782899937759,0,-0.039807095265836256,0.0
2020-10-07,0.6069812450622436,2.2060527592080588,0.1986608364010592,2.2345703216012023,0.8754528829520325,0,0.035404010491528304,0.0
2020-10-08,2.28613846473138,2.1468608046568693,0.986283554744341,2.198110666895408,3.4138530174534054,0,-0.05919195455118942,0.0
2020-10-09,1.353719392318986,2.2043806816760654,0.537563426950779,2.1876797676479782,3.634100598360668,0,0.05751987701919603,0.0
2020-10-10,2.074267777372718,2.176343768026545,0.8755706918156184,2.180857352456814,4.555140473260089,0,-0.028036913649520212,0.0
2020-10-11,0.7744148940002304,2.208119981164397,0.2743011885195336,2.1883515989463875,7.095521773485558,0,0.03177621313785162,0.0
2020-10-12,1.4924866101628351,2.153191624835614,0.6147904515887165,2.1777793720718983,7.98102713858615,0,-0.05492835632878279,0.0
2020-10-13,-1.1267025530866448,2.140401066206456,-0.6052265308182192,2.176487424381816,4.568186120768125,0,-0.0127905586291579,0.0
2020-10-14,0.0315673400464788,2.1273120372538767,-0.0644746122452644,2.161073695497378,3.246034068495618,0,-0.013089028952579351,0.0
2020-10-15,0.5744241377636072,2.0721314198152587,0.1957883438815243,2.1402312258551204,1.746190428886507,0,-0.05518061743861802,0.0
2020-10-16,-1.518396829079549,2.0269936770660086,-0.8323271093251242,2.104005965035443,-0.5466212941932724,0,-0.04513774274925009,0.0
2020-10-17,0.3172679849896553,2.060163536567799,0.0721025411720564,2.08540034738188,-1.7218399193664524,0,0.03316985950179019,0.0
2020-10-18,1.0967693217915908,2.0124711504969004,0.4611466667680383,2.059814364239968,0.5016319555117832,0,-0.04769238607089843,0.0
2020-10-19,2.2276341465063965,1.9935231380168543,1.0327992429430648,2.033056584392564,2.6976987619717008,0,-0.018948012480046073,0.0
2020-10-20,1.473482660524894,2.069125695000459,0.6305840698341424,2.0324554394296044,3.596757284732988,0,0.07560255698360474,0.0
2020-10-21,7.338405430586903,2.0658472620830097,3.470576263505828,2.0402261564330044,12.45355954439944,0,-0.0032784329174493365,0.0
2020-10-22,1.1027987566796682,3.121654886115792,0.299223915513867,2.252524426342603,13.239090316089452,1,1.055807624032782,1.0
2020-10-23,-0.2652970455377712,2.98629907883592,-0.1453377551454297,2.447290012010407,11.87702394876009,1,-0.13535580727987195,1.0
2020-10-24,1.355828284978422,2.850416015827389,0.4164666910421971,2.618668587572514,11.005218087232116,1,-0.13588306300853104,1.0
2020-10-25,-0.5883025247511497,2.751604343128086,-0.2751222156684234,2.75516431719804,8.943432901956072,1,-0.09881167269930291,1.0
2020-10-26,0.3376507193094014,2.645477326673224,0.0638545486037958,2.871090330116082,1.9426781906785704,1,-0.10612701645486178,1.0
2020-10-27,4.332755896265361,2.5379680460678347,1.640694784925972,2.754352962106491,5.172635330264264,0,-0.10750928060538945,0.0
2020-10-28,-2.844584941845696,2.80522488939667,-1.074177657559172,2.718138124218641,2.593347433956339,1,0.26725684332883537,1.0
2020-10-29,1.247510345864811,2.862972883000788,0.3768060094096978,2.72064949765332,2.485029494842728,1,0.057747993604118086,1.0
2020-10-30,0.8052075583307783,2.757986488027222,0.2307779977605858,2.721925926633148,3.878539577924656,1,-0.1049863949735661,1.0
2020-10-31,1.7160608140629918,2.64773841167479,0.584399066186882,2.722378143633461,5.256949672678246,1,-0.11024807635243183,1.0
2020-11-01,-0.3189593193523521,2.5909311211609207,-0.1882274191476542,2.7329707586520784,0.6052344570605328,1,-0.05680729051386946,1.0
2020-11-02,-1.367823012311753,2.4932892367469823,-0.616273454534945,2.6705836281221407,2.081996386594476,0,-0.0976418844139384,0.0
2020-11-03,2.907841515337317,2.453586672716603,1.1163724465178442,2.5887063860653035,3.742327556066982,0,-0.03970256403037942,0.0
2020-11-04,1.3061444695718905,2.533268328486835,0.448992906913333,2.5437627541572265,4.243264467308094,0,0.07968165577023223,0.0
2020-11-05,9.741581080424488,2.465084943412665,3.88337779078668,2.507232060504801,12.268784733669593,0,-0.06818338507417021,0.0
2020-11-06,-0.0896930308048382,3.9696447895240943,-0.0650985171922461,2.782974794177436,12.498051022217105,2,1.5045598461114293,2.0
2020-11-07,-4.817614127429692,3.748091338514452,-1.330367548667884,3.03393521453093,9.048259907099164,2,-0.2215534510096422,2.0
2020-11-08,4.261566759184454,3.911843745501289,1.0462692445520634,3.325586629087867,10.401985150946302,2,0.1637524069868368,2.0
2020-11-09,-0.9558200327299816,3.936411418387799,-0.2856777079372606,3.60621524706806,8.14002064864443,2,0.024567672886510294,2.0
2020-11-10,-0.2704687109615022,3.735294323542,-0.117579401164335,3.860257123093927,-1.8720291427415603,2,-0.2011170948457992,2.0
2020-11-11,2.6488015591814573,3.5348164564573024,0.7016139680683611,3.773291456480568,0.8664654472447353,2,-0.20047786708469761,2.0
2020-11-12,3.596670089126341,3.4478791281690007,0.9942184754526614,3.7132490144114794,9.28074966380077,2,-0.0869373282883017,2.0
2020-11-13,0.2544313205715909,3.4611295778889577,0.0247625406300909,3.623106180889012,5.273614225187906,2,0.013250449719957036,2.0
2020-11-14,-1.5418716403051036,3.280548794296768,-0.5214361091205474,3.491933656070806,4.687562617612784,1,-0.18058078359218976,1.0
2020-11-15,-0.702924092609436,3.166653942429853,-0.2752587012124551,3.3782055798483768,4.25510723596485,1,-0.11389485186691495,1.0
2020-11-16,4.656389869041355,3.025083650235189,1.483484567416623,3.276259018603954,6.262695545824748,1,-0.14157029219466377,1.0
2020-11-17,5.410247584413774,3.245068030363945,1.61522734703741,3.2356967990429424,8.07627304111218,1,0.21998438012875576,1.0
2020-11-18,0.8947999876362189,3.540848054171561,0.2050568162640319,3.2516404942994632,8.716641708176809,2,0.29578002380761603,2.0
2020-11-19,0.0734620016881848,3.362123887205129,-0.0283341602751324,3.267955512881135,10.331975350170095,1,-0.17872416696643212,1.0
2020-11-20,4.414876269819423,3.189963513518137,1.3310971404695893,3.2726174270987927,15.449775712598957,1,-0.17216037368699189,1.0
2020-11-21,0.1122704235179128,3.344686360748438,-0.0168788726852584,3.336537969201442,10.905656267075514,1,0.15472284723030105,1.0
2020-11-22,-1.4710561659747157,3.1739111657023,-0.516643673732117,3.322306596269113,4.024352516687024,1,-0.17077519504613825,1.0
2020-11-23,-0.0320185099710101,3.066611778324324,-0.0654609984097197,3.227459341099666,3.097534019079795,1,-0.10729938737797573,1.0
2020-11-24,3.968026776556144,2.920692236058846,1.300822377269636,3.139173010870409,6.992098793947754,1,-0.14591954226547799,1.0
2020-11-25,-1.9839332374637308,3.059703923751418,-0.7035511441242729,3.1131210929170647,0.5932892866646,1,0.13901168769257177,1.0
2020-11-26,-8.82052536237854,3.000167549091937,-2.996249434093249,3.0442173305857647,-8.339506499231852,1,-0.059536374659480806,1.0
2020-11-27,-0.2464794256027858,4.135203206977826,-0.1004072505252626,3.2364757388408707,-7.1149297588599225,2,1.1350356578858887,2.0
2020-11-28,3.497829330026647,3.9018542814006034,0.8532108405797592,3.403524239456126,-3.585081918862265,2,-0.2333489255772223,2.0
2020-11-29,2.563570470241139,3.847285271970512,0.6224767185619783,3.5888428466384594,-4.98953822517727,2,-0.05456900943009124,2.0
2020-11-30,7.666315234015286,3.7207561355687,2.015071668784928,3.721053289001916,4.660710246301747,2,-0.12652913640181218,2.0
2020-12-01,-4.283053060242814,4.3113166861798895,-1.032579683437843,3.9832831164195057,9.198182548437472,2,0.5905605506111895,2.0
2020-12-02,2.0950814137307816,4.32263010346514,0.4456445286432107,4.020768495716969,11.53974338777104,2,0.01131341728525026,2.0
2020-12-03,1.2643316046181852,4.122026310557363,0.2657932199605334,4.064802901548321,9.306245662362578,2,-0.20060379290777686,2.0
2020-12-04,-3.909946752423288,3.904299308914611,-1.0446616379752551,4.07620570893714,2.832728439698151,2,-0.21772700164275172,2.0
2020-12-05,2.401261307587532,3.9282778673899457,0.5683244475518183,4.11771005530139,-2.432325486729603,2,0.023978558475334477,2.0
2020-12-06,0.9916644389898366,3.782548765750823,0.2175621601149086,4.011956471215576,2.842392012503048,2,-0.14572910163912267,2.0
2020-12-07,-0.7965956561317711,3.5856309225696874,-0.2692191794835002,3.864556635036486,-0.0492850573595049,2,-0.1969178431811356,2.0
2020-12-08,-4.6418459556244684,3.4096276557933325,-1.410878664778509,3.72207690408368,-5.955462617602159,1,-0.17600326677635492,1.0
2020-12-09,1.262504102957962,3.606893100555332,0.3032468980066122,3.662595662411825,-0.7830117622209087,2,0.19726544476199948,2.0
2020-12-10,-1.5694640220806022,3.433293365168577,-0.5062745288497541,3.56359876196755,-4.753737091889043,2,-0.17359973538675488,2.0
2020-12-11,-1.1347356530151842,3.305793972486553,-0.3942957796634412,3.4682478033146964,-6.880137183894064,1,-0.12749939268202404,1.0
2020-12-12,4.041245632345891,3.168042713566674,1.222370095260802,3.384730161514093,-2.0422958954164017,1,-0.13775125891987905,1.0
2020-12-13,1.7853539827285658,3.2758163500743187,0.4935041684857526,3.357967900370292,4.384904042936633,1,0.10777363650764471,1.0
2020-12-14,0.5431863337978626,3.156935227400806,0.1186154761030878,3.2679763257393857,3.665586273776533,1,-0.1188811226735127,1.0
2020-12-15,0.8816158477202407,3.0048911937681724,0.2372434950142604,3.1822958914593054,6.116666143577376,1,-0.15204403363263364,1.0
2020-12-16,9.305159757677828,2.873477073941842,3.179574628159932,3.0958325117503622,16.556561554270388,1,-0.13141411982633056,1.0
2020-12-17,6.778242711074967,4.092513141934349,1.6150266408620095,3.280726597423897,19.293558632999463,2,1.2190360679925072,2.0
2020-12-18,1.4487680725324026,4.441278306816455,0.2882150194899274,3.513818988772325,18.9569727228033,2,0.3487651648821064,2.0
2020-12-19,3.1140804146840395,4.202944256048337,0.7007838497197189,3.723020794501831,21.52786680368948,2,-0.23833405076811864,2.0
2020-12-20,-1.658162294561727,4.080893689722566,-0.4476684256528701,3.938221293692709,18.98808866140751,2,-0.12205056632577094,2.0
2020-12-21,-2.913807693232684,3.8970143569672295,-0.790998536224205,4.142928750297787,6.769121210496998,2,-0.1838793327553363,2.0
2020-12-22,4.20765679457773,3.82024281588194,1.0572447958055249,4.088474685087305,4.198535293999761,2,-0.07677154108528939,2.0
2020-12-23,-2.303943666300867,3.851258871513096,-0.6420416563954588,3.9704707980266334,0.4458235551664913,2,0.031016055631155837,2.0
2020-12-24,2.105790865039303,3.72993431107656,0.5193297642035705,3.875868809032279,-0.5624659944782451,2,-0.12132456043653583,2.0
2020-12-25,3.838601817057885,3.585145560876509,1.0236339908574184,3.7767191832630655,4.934298117141367,2,-0.1447887502000511,2.0
2020-12-26,6.938918605018252,3.606515539779057,1.8772118327431089,3.718619419825432,14.787024415392304,2,0.02136997890254788,2.0
2020-12-27,-0.6250988870124985,4.088375050881287,-0.1941661016678224,3.772245866825301,9.954268733802074,2,0.4818595111022299,2.0
2020-12-28,3.0458043294242287,3.865330847076863,0.7443293949409011,3.775060261938055,15.30401672952717,2,-0.2230442038044238,2.0
2020-12-29,1.01981764862753,3.774331689661148,0.2254949378682808,3.783939737654973,14.218043513115395,2,-0.09099915741571518,2.0
2020-12-30,5.262518188935061,3.578834879606963,1.423310491128713,3.7826776014010632,15.641959884992572,2,-0.19549681005418496,2.0
2020-12-31,0.5558802229053583,3.78758350564542,0.1022169580037494,3.818891194574336,9.25892150287968,2,0.208748626038457,2.0
2021-01-01,1.2759952848226064,3.5821213048357365,0.3091102259866869,3.717640445365226,11.160015674714783,2,-0.20546220080968336,2.0
2021-01-02,8.95900111488075,3.4111899666536463,2.576894351249175,3.6268122692805833,17.073212460171305,1,-0.17093133818209028,1.0
2021-01-03,2.017517240339295,4.358487647433298,0.4241820629352793,3.743643460835013,18.07091205188307,2,0.947297680779652,2.0
2021-01-04,-2.5022467355816147,4.150775509957933,-0.643487388789617,3.858031586905207,10.306147127366394,2,-0.2077121374753652,2.0
2021-01-05,6.128001171320463,4.0131364136268655,1.4849423489100064,3.903142168501496,15.8782680757815,2,-0.13763909633106763,2.0
2021-01-06,8.002182823087978,4.273637486677143,1.832972003061864,4.041445404869777,22.60445561404687,2,0.2605010730502775,2.0
2021-01-07,6.687092425852725,4.795030566390763,1.359400607947744,4.3182135248172,20.33254692501885,2,0.5213930797136204,2.0
2021-01-08,3.559288987944953,5.00118781413477,0.6779517497001721,4.446753558157495,21.874318672624504,2,0.2061572477440068,2.0
2021-01-09,-1.340052262051472,4.8313589124908685,-0.3122883743792715,4.582870238664083,23.036513146154647,2,-0.16982890164390163,2.0
2021-01-10,-4.83004859568652,4.56886911514736,-1.0940942777036415,4.694016778968181,12.078463379147664,2,-0.2624897973435081,2.0
2021-01-11,-7.551390060372576,4.608803446008933,-1.675080117775697,4.761049970834539,-3.47510950431289,2,0.0399343308615725,2.0
2021-01-12,-4.73164778588302,5.038010700694298,-0.9726800985120568,4.809645997695246,-14.893849716048637,2,0.42920725468536514,2.0
2021-01-13,9.53397207362574,5.004523894835291,1.8713562591873412,4.81031321383535,-8.919166630367847,2,-0.033486805859006985,2.0
2021-01-14,4.892161277885165,5.63802889919635,0.8377815019332984,4.971647211176446,-2.68695309043121,2,0.6335050043610586,2.0
2021-01-15,-6.21664989723083,5.515163871374591,-1.157785154697943,5.160906162421893,-4.07355439197552,2,-0.12286502782175823,2.0
2021-01-16,-1.773184714361875,5.591647120185493,-0.3472875936903833,5.357474897257204,1.7046509540351806,2,0.0764832488109013,2.0
2021-01-17,-1.0750872199338346,5.2837054990863495,-0.2354052811842028,5.406613856935614,5.361211519984366,2,-0.30794162109914325,2.0
2021-01-18,2.316538885922803,4.976470730841552,0.4315938027804874,5.401003224136867,-1.856221667718572,2,-0.3072347682447978,2.0
2021-01-19,-1.5413522880193042,4.729469834195455,-0.3615790578529648,5.219291411136688,-8.289735233623041,2,-0.2470008966460968,2.0
2021-01-20,-1.4579216975338485,4.483372562749292,-0.362817640858618,5.012933149411628,-3.531007033926059,2,-0.2460972714461631,2.0
2021-01-21,-14.252813081835924,4.254651691011218,-3.3895931060766604,4.745534063576773,-16.01063540140011,2,-0.22872087173807376,2.0
2021-01-22,6.83334114753027,6.248466080976958,1.0666003627749772,4.938486179954895,-8.102207033936004,2,1.9938143899657401,2.0
2021-01-23,-2.8834641394270832,6.257475083985384,-0.487766879969141,5.194687050583662,-13.30221005928589,2,0.00900900300842622,2.0
2021-01-24,0.6890847351744611,5.947891905125942,0.0874864211894813,5.438371464769759,-11.071773036092123,2,-0.30958317885944275,2.0
2021-01-25,0.238226863679003,5.576646392813016,0.0124630288546658,5.657026230782504,-9.375624474879274,2,-0.37124551231292546,2.0
2021-01-26,0.6266383460683755,5.230317688805719,0.0875498228865383,5.852159430341404,5.503826953025026,2,-0.34632870400729754,2.0
2021-01-27,-6.787434522440883,4.912268308340874,-1.4160788956504378,5.584919875814187,-8.116948716946126,2,-0.31804938046484477,2.0
2021-01-28,9.502025954716942,5.162469752994899,1.807913933157539,5.36591880961609,4.268541377197899,2,0.2502014446540253,2.0
2021-01-29,2.509007084781878,5.75457724449524,0.4066818510860128,5.327255877489949,6.0884637268053154,2,0.5921074915003413,2.0
2021-01-30,-0.1366557312902472,5.450727516527332,-0.056025675313506,5.302072102232812,5.713581131836065,2,-0.30384972796790866,2.0
2021-01-31,-3.428942338957164,5.114764543046524,-0.703388644277138,5.278961473080974,1.6580004468105258,2,-0.3359629734808074,2.0
2021-02-01,1.2687542067995494,4.949652321238632,0.2222437409000002,5.286438275660525,9.714189176050958,2,-0.16511222180789265,2.0
2021-02-02,5.716793887942018,4.664871724668572,1.1893293656564776,5.18691866999526,5.928957109276034,2,-0.2847805965700596,2.0
2021-02-03,5.3773897801539405,4.759226737338826,1.09443510655122,4.987848568563977,8.797339804648097,2,0.09435501267025437,2.0
2021-02-04,-1.4678676703823612,4.797794720403631,-0.3411135166320295,4.857262009339237,7.466127865555983,2,0.038567983064804245,2.0
2021-02-05,3.245885330843379,4.542956191584913,0.6773475777226757,4.742900339046914,14.140955535356523,2,-0.25483852881871805,2.0
2021-02-06,2.898274128113165,4.395717962008446,0.620956392773867,4.6321134672008775,15.77047545667014,2,-0.14723822957646693,2.0
2021-02-07,-0.927658818340582,4.237585315515919,-0.2587284256199583,4.546656185370347,9.12602275038754,2,-0.15813264649252634,2.0
2021-02-08,17.18205618881239,4.010260466094319,4.24245042781696,4.396862931121445,20.93068915904599,2,-0.22732484942160003,2.0
2021-02-09,0.6142619385451908,6.803495352475444,0.0654864825636981,4.798003057535809,23.012818767973545,2,2.793234886381125,2.0
2021-02-10,-3.420320342962846,6.36869413019142,-0.5635449321897452,5.16315064525711,16.346613094167317,2,-0.4348012222840243,2.0
2021-02-11,6.446761605839413,6.081937996429341,1.032242790168544,5.5003946521412885,19.895100571893565,2,-0.2867561337620792,2.0
2021-02-12,-0.8478464657924789,6.068053781152065,-0.1675284137598038,5.866488345268517,19.974912924441668,2,-0.013884215277276013,2.0
2021-02-13,-0.844174525182062,5.695294447190851,-0.1778484841033585,6.203495141487824,1.9486822104472168,2,-0.37275933396121363,2.0
2021-02-14,3.3643879906238183,5.350678363409517,0.5972444641233111,5.912931743674639,4.698808262525844,2,-0.3446160837813341,2.0
2021-02-15,-1.5978235928811202,5.132284648313099,-0.3442031517552057,5.665649847298974,6.52130501260757,2,-0.21839371509641836,2.0
2021-02-16,2.583526074074882,4.854908877567275,0.497393705257718,5.420244023526561,2.6580694808430394,2,-0.27737577074582376,2.0
2021-02-17,5.821415216952097,4.633047195962081,1.2200804393068945,5.133242706488565,9.327331163587615,2,-0.22186168160519415,2.0
2021-02-18,-0.9038226589304088,4.745822022607217,-0.2259982807181396,4.943348221571837,9.267683029839269,2,0.11277482664513627,2.0
2021-02-19,7.828513543693205,4.476516330680858,1.711104800941289,4.768515815026106,13.731808582908656,2,-0.269305691926359,2.0
2021-02-20,0.3775183520378533,4.92300179188407,0.0424118052544604,4.7266592437403006,15.707150527827627,2,0.44648546120321164,2.0
2021-02-21,2.535215971053262,4.62642923894964,0.5115156614429126,4.680963316016773,15.658840424806009,2,-0.2965725529344292,2.0
2021-02-22,-5.966344725525374,4.422603440092552,-1.387207731238524,4.638874564842867,3.871080482328537,2,-0.20382579885708818,2.0
2021-02-23,-10.45852445010098,4.636458560663888,-2.2921049050317377,4.6170018724542015,-5.683621308842035,2,0.2138551205713357,2.0
2021-02-24,1.78814957381217,5.6119343795244045,0.2885679884190494,4.844085482222911,-11.72398527872307,2,0.9754758188605166,2.0
2021-02-25,-5.396975925205183,5.290367245438472,-1.0520443337420893,4.917558572933792,-17.498479555966107,2,-0.3215671340859325,2.0
2021-02-26,-1.6142075456887284,5.298722523803481,-0.3364834630332796,5.05201722990456,-21.647903072708097,2,0.008355278365009156,2.0
2021-02-27,-0.3270542479990368,5.008332397556874,-0.0989908750892792,5.1691630213974245,-16.00861259518176,2,-0.2903901262466073,2.0
2021-02-28,-2.3010476566760474,4.707621942902783,-0.5246327435389297,5.183395697845203,-7.851135801756826,2,-0.30071045465409085,2.0
2021-03-01,9.490116032713836,4.502482802891132,2.0702779959437674,4.961505382518548,-0.1491693428551599,2,-0.20513914001165112,2.0
2021-03-02,-2.555492520849078,5.249219301304634,-0.5189757415822028,4.95327579369178,2.6923140615009444,2,0.7467364984135019,2.0
2021-03-03,4.366472769390128,5.009861542963231,0.8378969707282848,4.895503597523731,8.672994376579801,2,-0.23935775834140305,2.0
2021-03-04,-3.990612219912748,4.908545500252869,-0.8473665321980987,4.875546218062929,5.00943640466609,2,-0.1013160427103621,2.0
2021-03-05,0.7511420176536276,4.815203971265174,0.1209537669340918,4.897062623735408,8.061626078995765,2,-0.09334152898769421,2.0
2021-03-06,-0.0305027039578575,4.530493843564143,-0.0439748225271246,4.902664831870011,-1.4589926576759282,2,-0.28471012770103155,2.0
2021-03-07,4.583962336068126,4.264139885130826,1.0354344595239653,4.705648948635249,5.680462199241276,2,-0.2663539584333172,2.0
2021-03-08,2.010313651550355,4.277641474348506,0.4305149704154967,4.559204934912303,3.324303081401503,2,0.013501589217680632,2.0
2021-03-09,4.815684025323463,4.076764965888286,1.1398643545637497,4.392848828039387,12.130599326637714,2,-0.20087650846022065,2.0
2021-03-10,2.137417979802869,4.144109734265423,0.4750581300373625,4.258629980639437,13.516875288786956,2,0.06734476837713732,2.0
2021-03-11,3.1573000390297423,3.9619999765337135,0.7543097167989611,4.14493120723335,16.704678031774556,2,-0.18210975773170945,2.0
2021-03-12,-0.821687285311512,3.8696943068298255,-0.2559406933867069,4.06604209157315,11.299028410394918,2,-0.09230566970388798,2.0
2021-03-13,6.59904612617126,3.6700238597054047,1.752119717258274,3.94451856864453,15.887760885015824,2,-0.19967044712442084,2.0
2021-03-14,-3.22025926592886,4.076817417556206,-0.8312818254032696,3.9445290589781146,7.851817593763499,2,0.40679355785080107,2.0
2021-03-15,-5.895520841682256,4.007198554545876,-1.5133379885995206,3.917146823034205,-0.1811212277216256,2,-0.06961886301033005,2.0
2021-03-16,1.5929471547609708,4.28509301690538,0.3323666931777395,3.9817654311085375,-1.7454741119903971,2,0.2778944623595043,2.0
2021-03-17,3.572418708035663,4.065078832823847,0.8373007976571385,4.020842336307343,2.6486318813567777,2,-0.22001418408153306,2.0
2021-03-18,-1.7339151916612394,3.998214897009495,-0.475872407923207,4.086480543768161,-5.684329436475721,2,-0.0668639358143519,2.0
2021-03-19,0.8394319050578858,3.8259857537643023,0.1753030433071754,4.036314211009779,-1.6246382654889755,2,-0.17222914324519278,2.0
2021-03-20,-0.056587912537509,3.621944674334221,-0.0622077065139135,3.959263434967449,4.214294663655771,2,-0.20404107943008132,2.0
2021-03-21,-1.364390413984573,3.4286189107564957,-0.4471524577863949,3.787968613737673,1.2569570949102271,2,-0.19332576357772524,2.0
2021-03-22,-5.345688104443269,3.290341752725984,-1.6759393028544198,3.6330211977181,-7.661149717568705,1,-0.13827715803051177,1.0
2021-03-23,0.3840115432943491,3.6219546117147736,0.0594393380372367,3.5577691406591554,-5.543222982613116,2,0.33161285898878967,2.0
2021-03-24,-3.655175777765862,3.4285568777722117,-1.1153091148435728,3.478283365460737,-10.037830665436864,2,-0.19339773394256188,2.0
2021-03-25,-2.0485432915554824,3.4901572659508244,-0.635291788126498,3.4519258837840576,-12.029786044454838,2,0.061600388178612686,2.0
2021-03-26,6.428841931989204,3.3881032436264347,1.847675977700025,3.443822750358046,-4.23655369848106,1,-0.10205402232438976,1.0
2021-03-27,1.5051908974824002,3.8281675701533633,0.3491137506960681,3.5513879138435214,2.614325303444609,2,0.4400643265269286,2.0
2021-03-28,-0.0406804132703442,3.644248833735845,-0.0574618752992181,3.555846758247736,2.189633346879916,2,-0.18391873641751832,2.0
2021-03-29,3.165502939331688,3.448960228122524,0.8688931684752734,3.559927428317798,9.010312063977466,2,-0.19528860561332095,2.0
2021-03-30,2.0014609919984494,3.417597636650397,0.5362644255049334,3.5454155024577125,13.060316347531398,1,-0.031362591472126944,1.0
2021-03-31,0.0019359447593458,3.2973064611449696,-0.0505834128489966,3.52725614596142,6.633410360301539,1,-0.12029117550542745,1.0
2021-04-01,0.2999232878687863,3.1310216234018324,0.0419027221387037,3.387826956611113,5.428142750687925,1,-0.16628483774313718,1.0
2021-04-02,0.4870090844088182,2.978986856390562,0.1068430781938244,3.254774561142057,5.955832248367088,1,-0.1520347670112705,1.0
2021-04-03,-3.0439981167967645,2.842076206946363,-1.130414120394662,3.1333977569068248,-0.2536688077613647,1,-0.13691064944419873,1.0
2021-04-04,1.984664313237694,2.9179357458941246,0.6223369918339792,3.03346537875557,-0.2704654865221201,1,0.07585953894776143,1.0
2021-04-05,0.5081207326213644,2.849195026033794,0.1191198814918304,2.943843091733335,0.2357193013398983,1,-0.06874071986033048,1.0
2021-04-06,-1.4763897549620708,2.7244049539270363,-0.6038436802002803,2.862519757838376,-1.5405937414909587,1,-0.12479007210675785,1.0
2021-04-07,-3.752887085316559,2.6654955322699587,-1.4712506536261143,2.799821493014256,-5.780489911216336,1,-0.058909421657077576,1.0
2021-04-08,3.978767570422725,2.8685834464359545,1.3281965411825032,2.8051229409121734,1.2422757760031544,1,0.2030879141659958,1.0
2021-04-09,-0.1354549836115381,3.01810913080838,-0.1007849382514448,2.825157617895025,-0.8778435208460778,1,0.14952568437242553,1.0
2021-04-10,2.623419809666494,2.8775096989454925,0.8530622335670834,2.830820552477364,1.237455556199052,1,-0.1405994318628876,1.0
2021-04-11,0.6862304387404095,2.8663248606168734,0.1805466948557704,2.859204533815332,3.400075749901532,1,-0.011184838328619051,1.0
2021-04-12,-0.5187618998144572,2.743029853563704,-0.2506304689664206,2.874711398074081,6.6342009354036335,1,-0.12329500705316931,1.0
2021-04-13,5.852714345026833,2.6356337820098403,2.1565930081224405,2.828121465188858,8.50814771000774,1,-0.10739607155386377,1.0
2021-04-14,-0.6219938149170545,3.156085489679778,-0.2505378185336761,2.8557167369631378,8.021608878702224,1,0.5204517076699378,1.0
2021-04-15,0.323225111697667,3.013017946957116,0.0512775415362502,2.882818386565462,5.721414180733397,1,-0.1430675427226622,1.0
2021-04-16,-2.7886621874568363,2.871555300461308,-1.0298903683849814,2.8838644745343496,2.246521554536152,1,-0.14146264649580775,1.0
2021-04-17,-1.454292610140584,2.9131691202184853,-0.5571312553223704,2.9178923278653057,1.3109908442100249,1,0.04161381975717715,1.0
2021-04-18,-7.647243109811974,2.8320524581564004,-2.759824609206954,2.9571760630946176,-12.188966610628782,1,-0.0811166620620849,1.0
2021-04-19,-0.8788979117795748,3.75119441907828,-0.2792771457604419,3.076197848974318,-12.445870707491302,2,0.9191419609218796,2.0
2021-04-20,1.3347500558966274,3.5634454405469373,0.3272184509564297,3.186283347692282,-11.434345763292342,2,-0.18774897853134265,2.0
2021-04-21,-4.651974554182736,3.396342439373341,-1.4193797000768005,3.2912407754746886,-13.297658130018242,1,-0.16710300117359633,1.0
2021-04-22,-4.058188374680682,3.59749542832918,-1.1749600291825626,3.4281060370968275,-15.90155389455834,2,0.201152988955839,2.0
2021-04-23,-1.3001302685205829,3.683710092942746,-0.398743438064717,3.598437564054097,-9.554441053266949,2,0.08621466461356597,2.0
2021-04-24,-2.0620437180109974,3.518483963286652,-0.6340141663457577,3.551895472895771,-10.737586859498371,2,-0.16522612965609396,2.0
2021-04-25,-2.113272327896709,3.4144087819650077,-0.6683433157515826,3.5220881411793856,-14.185609243291708,1,-0.10407518132164428,1.0
2021-04-26,9.74797068019555,3.325277076490515,2.880736101405524,3.50787506860282,0.2143359910865783,1,-0.08913170547449267,1.0
2021-04-27,1.8548319148653287,4.482701718349404,0.3761363262673369,3.684916326606865,6.12735628063259,2,1.1574246418588885,2.0
2021-04-28,-0.3794255373735566,4.256594117271797,-0.128776782809161,3.799493131472675,7.048061011779616,2,-0.2261076010776062,2.0
2021-04-29,-2.34296738251345,4.015316086327139,-0.6255279253952916,3.898859556080773,6.767137347277163,2,-0.24127803094465872,2.0
2021-04-30,7.54151877209619,3.879950637232059,1.900228766462556,3.991967927134183,16.421928447270062,2,-0.13536544909507953,2.0
2021-05-01,0.1347572360312909,4.408253904395995,-0.007705482369775,4.208563292715279,6.808715003105803,2,0.5283032671639356,2.0
2021-05-02,-2.0916047590224807,4.150935697334721,-0.5445349874359472,4.142210088512342,2.862278329217993,2,-0.2573182070612736,2.0
2021-05-03,1.000110220540229,3.985321793204767,0.2086118273271405,4.087955623698937,4.241814087131779,2,-0.16561390412995403,2.0
2021-05-04,-6.999363622377608,3.771655584073109,-1.900515150805395,4.03922352324813,-0.414582152732379,2,-0.21366620913165812,2.0
2021-05-05,7.389708647447613,4.287748802734015,1.6840967185554716,4.120783156348521,-0.566392277380956,2,0.516093218660906,2.0
2021-05-06,-1.805509355764201,4.698821720538351,-0.4201551861199612,4.178896719576992,-2.506658869176448,2,0.4110729178043364,2.0
2021-05-07,1.687709678143534,4.467360566320057,0.3400183837459254,4.242181693374059,1.2726555679895668,2,-0.2314611542182945,2.0
2021-05-08,2.49216197027895,4.235595545844107,0.5485502537619674,4.292236443901928,2.764707317728288,2,-0.23176502047595005,2.0
2021-05-09,-0.976562803402814,4.06582947731628,-0.2816861279022176,4.351071222550561,8.787508136703082,2,-0.16976606852782705,2.0
2021-05-10,-4.159554115971531,3.854411030563057,-1.1229417517810385,4.26440366811637,-2.761754626716062,2,-0.21141844675322297,2.0
2021-05-11,1.5009957344290117,3.9149911385933054,0.3402998189504467,4.107637551727362,0.5447504634771505,2,0.0605801080302486,2.0
2021-05-12,-14.29671467730369,3.7232800857745305,-3.885133350924805,3.958821455618256,-15.439673891970074,2,-0.19171105281877487,2.0
2021-05-13,1.144292811009251,5.958523094626935,0.1637264531400168,4.303406965374822,-16.787543051239773,2,2.2352430088524047,2.0
2021-05-14,0.3300186759766177,5.593214474424419,0.0288373917969791,4.60888396479645,-15.48096157186034,2,-0.36530862020251575,2.0
2021-05-15,-6.459870319528349,5.245873147958415,-1.2635828376599552,4.887176388275521,-17.78127777541716,2,-0.3473413264660046,2.0
2021-05-16,-0.6525257090235215,5.3945280062639664,-0.1522377243834892,5.1830837618096535,-19.93479921886969,2,0.14865485830555158,2.0
2021-05-17,-6.488398448646571,5.069121869187385,-1.3132695522443336,5.452252118492225,-12.126482990212573,2,-0.3254061370765813,2.0
2021-05-18,-1.4531934084628162,5.2497984140202565,-0.3089486946592811,5.3105071823708885,-14.72396920968464,2,0.18067654483287132,2.0
2021-05-19,-14.810707635188614,4.957310785181553,-3.021685192451198,5.183326444522315,-29.86469552084987,2,-0.2924876288387033,2.0
2021-05-20,9.72750161239606,6.817092452926552,1.4021779401743932,5.497570305515943,-13.67732358892546,2,1.8597816677449988,2.0
2021-05-21,-8.913981683679317,7.126671067944612,-1.2744669363661183,5.843998917852071,-21.938779563581257,2,0.3095786150180597,2.0
2021-05-22,0.6198237437244458,7.31819495681049,0.0616407170912461,6.293813535376692,-14.83055737121024,2,0.1915238888658779,2.0
2021-05-23,-7.654564579833334,6.846117403520542,-1.1427337682791414,6.613077333276751,-21.03192854258076,2,-0.4720775532899477,2.0
2021-05-24,10.722243682664256,6.913917602566397,1.526416617978461,7.004398696753718,4.501022775272112,2,0.06780019904585544,2.0
2021-05-25,-0.7878782581023813,7.358855986787622,-0.1299934689023688,7.112751403525932,-6.01435709522633,2,0.4449383842212251,2.0
2021-05-26,2.296156581276776,6.889548357396458,0.3087911590343522,7.065326861416303,5.195781169729763,2,-0.46930762939116466,2.0
2021-05-27,-2.205718107153487,6.485435376063856,-0.3661193009015366,6.898774945266974,2.37023931885183,2,-0.40411298133260143,2.0
2021-05-28,-7.3936111501442525,6.123111537944258,-1.235047910209439,6.754173772151718,2.6311927485409115,2,-0.36232383811959856,2.0
2021-05-29,-3.076569154215214,6.26262045569618,-0.5182006695035392,6.623914342777674,-11.16762008833856,2,0.13950891775192265,2.0
2021-05-30,3.021994407898632,5.963860043288497,0.4784266277905846,6.3449151540778495,-7.357747422337546,2,-0.2987604124076837,2.0
2021-05-31,4.533591723246566,5.668617816865416,0.7700054767296178,6.100729045971642,-5.120312280367756,2,-0.2952422264230803,2.0
2021-06-01,-1.7507853573118126,5.509748982015047,-0.3483843496955296,5.90559176716188,-4.6653795305260815,2,-0.1588688348503693,2.0
2021-06-02,2.3977788702314484,5.207579249007106,0.4280403244719397,5.7224853093744485,5.12601048984962,2,-0.3021697330079416,2.0
2021-06-03,4.255661695136936,4.944687788210917,0.8265307965667459,5.458898775877397,12.45824133920177,2,-0.2628914607961885,2.0
2021-06-04,-6.084038726712571,4.840386704471572,-1.291790112494389,5.234204108114012,3.352208204590568,2,-0.10430108373934477,2.0
2021-06-05,-3.706474257477588,5.001658743201526,-0.7747828101063542,5.100812293381233,-4.887857776133586,2,0.16127203872995377,2.0
2021-06-06,0.8693599850188249,4.871856084283787,0.143812751059275,4.973233713834982,-2.2677124338029486,2,-0.1298026589177388,2.0
2021-06-07,-6.633285563534308,4.584587223783297,-1.4836691266382438,4.84863530879022,-11.298776867568703,2,-0.2872688605004905,2.0
2021-06-08,-0.2627775063457349,4.869900439892825,-0.0886060137049408,4.833677839126601,-15.817216069051376,2,0.285313216109528,2.0
2021-06-09,10.947410238213884,4.579110835823239,2.353881717628914,4.781422665396935,1.214232895875078,2,-0.29078960406958565,2.0
2021-06-10,-1.7354742993129335,5.602954303720102,-0.3398562891761832,4.9016817775006505,3.1852328540397323,2,1.0238434678968629,2.0
2021-06-11,1.7067578415986162,5.292578681678277,0.2906017983539547,4.985826296979548,4.022630710619524,2,-0.3103756220418248,2.0
2021-06-12,-4.890419504040544,4.993706016385644,-1.0131041847904714,5.0676500555000175,5.765496770113288,2,-0.2988726652926328,2.0
2021-06-13,9.505680129465688,4.983385659954861,1.873616815515971,5.090347099512425,15.53395440592471,2,-0.010320356430783661,2.0
2021-06-14,2.8258787966320758,5.616555270654631,0.4730931522639974,5.297835986478703,7.412422964342902,2,0.6331696106997704,2.0
2021-06-15,0.4658453327527567,5.340703713205194,0.0556331880469241,5.245385868375722,9.613742596408592,2,-0.2758515574494371,2.0
2021-06-16,-5.230703159614336,5.012958968249891,-1.077094018240583,5.189461925690044,2.67628159519564,2,-0.3277447449553028,2.0
2021-06-17,-0.7684760787668665,5.039282422044544,-0.1859790658765519,5.198577206821824,6.798225020469317,2,0.026323453794653062,2.0
2021-06-18,-6.14015913917374,4.743570762571138,-1.329986293811978,5.150614227345079,-8.84761424817011,2,-0.2957116594734064,2.0
2021-06-19,-0.4800219817294504,4.928397779308717,-0.1316344519158421,5.012982729075897,-12.153515026531636,2,0.18482701673757873,2.0
2021-06-20,0.2311625313792475,4.635908683160291,0.0134682490259013,4.872023723066916,-12.388197827905143,2,-0.2924890961484259,2.0
2021-06-21,-11.952179584867828,4.36091709119713,-2.779439345019418,4.741615347656364,-19.10967425315864,2,-0.27499159196316114,2.0
2021-06-22,2.5833047609392423,5.752771363526221,0.4197246248086755,4.8843131359526994,-15.757893413452528,2,1.3918542723290912,2.0
2021-06-23,3.676667515561327,5.452651422709155,0.6433461970773287,5.026129267980303,-5.9410667587174615,2,-0.3001199408170656,2.0
2021-06-24,2.747569985764464,5.246683200460632,0.4915191042533211,5.089786352210686,-2.713474791223547,2,-0.20596822224852307,2.0
2021-06-25,-9.130465397426413,4.999047305429274,-1.8601925103009176,5.162414076664482,-12.075102720029207,2,-0.2476358950313582,2.0
2021-06-26,1.7188238400922984,5.621713675263382,0.2757342281838231,5.414573393477733,1.5959007049309193,2,0.622666369834108,2.0
2021-06-27,7.374727447930951,5.297081147012494,1.360372304891339,5.323435350174988,6.387323391922628,2,-0.32463252825088773,2.0
2021-06-28,-0.623326245575484,5.51830423696191,-0.1435316304315711,5.336565913025538,2.087329630785817,2,0.22122308994941609,2.0
2021-06-29,4.078512112413968,5.182967674232019,0.7543529883620566,5.323822807779816,3.4182717574353205,2,-0.335336562729891,2.0
2021-06-30,-2.3325202965851943,5.036607108602331,-0.4966131368647497,5.331334768414427,10.21621685827654,2,-0.14636056562968847,2.0
2021-07-01,-4.2818245600875215,4.803328756609268,-0.9265552587331808,5.167657784683604,4.215568458096719,2,-0.23327835199306257,2.0
2021-07-02,0.9632020913439732,4.751439958230261,0.1672076548488641,5.058529546927159,-2.195956898490259,2,-0.051888798379007284,2.0
2021-07-03,2.2504948021344617,4.47528476632715,0.4651703639118045,4.849925652800207,0.6778641492196869,2,-0.27615519190311044,2.0
2021-07-04,1.7703918010917974,4.269140759747141,0.3751731161971706,4.66716026990323,-1.6302561621024836,2,-0.20614400658000953,2.0
2021-07-05,-4.467475626166717,4.057797842230245,-1.142541044477385,4.471398416628813,-3.7652114916840063,2,-0.2113429175168955,2.0
2021-07-06,1.439221007946223,4.126584962743165,0.3078807441610384,4.336049657855592,1.9558340763497384,2,0.06878712051292002,2.0
2021-07-07,-1.1157826650300962,3.914318301331273,-0.3281561500418443,4.168625326475795,-0.1231506800243309,2,-0.21226666141189243,2.0
2021-07-08,-2.931177853796463,3.720811716381205,-0.8331254169411396,4.017730716486605,-5.304823335955256,2,-0.19350658495006812,2.0
2021-07-09,2.76173634478738,3.66621123167238,0.7072727734870434,3.8971448108716538,-4.313478792259673,2,-0.05460048470882484,2.0
2021-07-10,-0.8244201233594595,3.573843806383964,-0.2778926936757864,3.8003540037023975,-0.6704232894524154,2,-0.0923674252884159,2.0
2021-07-11,2.1242252673875583,3.39975501682899,0.5751885941588759,3.6549880145195615,0.0145809699889198,1,-0.1740887895549741,1.0
2021-07-12,-3.2180926347830763,3.2890748502748783,-1.02971739705867,3.529939324308283,-2.08772899976406,1,-0.11068016655411173,1.0
2021-07-13,-1.37820864258007,3.319623782653219,-0.46599666186172,3.449701737562686,-0.5347597885476674,1,0.030548932378340776,1.0
2021-07-14,0.3672599836431089,3.192594898213386,0.0621860997714133,3.354978470870888,-2.9292361496919384,1,-0.12702888443983307,1.0
2021-07-15,-3.224946835684328,3.0355819905093555,-1.117964135071177,3.247326107695966,-5.329762862016807,1,-0.15701290770403054,1.0
2021-07-16,-1.1366530858486712,3.103790658138911,-0.4205754151616996,3.1881332359579497,-8.590641215253036,1,0.06820866762955546,1.0
2021-07-17,0.3543169217346431,2.9855124544503093,0.0621641898310915,3.127420756793036,-5.018231658735317,1,-0.11827820368860165,1.0
2021-07-18,0.8329203113175865,2.846716553855336,0.2333198054597161,3.0328393110334595,-2.8071027048376607,1,-0.13879590059497326,1.0
2021-07-19,-3.1272502988711537,2.728759288344798,-1.2078658867867829,2.940072189059742,-6.301612987351923,1,-0.11795726551053809,1.0
2021-07-20,-3.3338555734211184,2.8330706168470656,-1.2363195295471523,2.899569914327284,-6.410521725088714,1,0.10431132850226765,1.0
2021-07-21,7.443417235693239,2.9470235577000654,2.46848799627428,2.8682164942395145,2.169548596453197,1,0.11395294085299978,1.0
2021-07-22,0.6283788882168295,3.707572164721516,0.1239770688261839,3.012628436293756,2.4436105629353837,2,0.7605486070214504,2.0
2021-07-23,3.8503942271905354,3.5096831372027486,1.0490033215225674,3.1452217529632387,5.461084478808331,2,-0.19788902751876725,2.0
2021-07-24,2.094824435667064,3.5428580215175987,0.5436569755817946,3.308041499597799,10.68315921334655,2,0.03317488431485005,2.0
2021-07-25,3.037861979765744,3.41580288398015,0.8399597747424672,3.424587953024416,17.05487676653341,1,-0.12705513753744846,1.0
2021-07-26,5.469542869161259,3.3763488983514733,1.569985232561811,3.510453021154697,15.08100240000143,1,-0.03945398562867686,1.0
2021-07-27,5.394285348803685,3.6552841582127065,1.429590741472115,3.499995419852936,19.84690886058829,2,0.27893525986123313,2.0
2021-07-28,1.4835126516453911,3.869877991798509,0.3397491330886231,3.5720343907720875,17.480027285043143,2,0.21459383358580242,2.0
2021-07-29,0.0312873700597293,3.681424437697012,-0.0373327202661135,3.5997476740079697,15.416490219435808,2,-0.18845355410149667,2.0
2021-07-30,5.417223065261823,3.4826627325887265,1.5070359978806829,3.6131196437296857,17.795851304931887,2,-0.19876170510828572,2.0
2021-07-31,-1.4532545375150363,3.7327005115214,-0.4345324494375372,3.684389966363671,10.873053898255591,2,0.2500377789326733,2.0
2021-08-01,-4.047804375571396,3.570342334875164,-1.1809874064896724,3.667401601696162,1.4309641738805112,2,-0.16235817664623564,2.0
2021-08-02,-1.952524946480949,3.659386930123049,-0.5796735753173625,3.625303389361071,-2.005073424245829,2,0.08904459524788466,2.0
2021-08-03,-2.7122491205131998,3.5331804856222653,-0.8154052958828417,3.5956545989461213,-4.748609914818758,2,-0.12620644450078355,2.0
2021-08-04,4.094316463847747,3.480687039708842,1.1278208756748824,3.595259460370144,-6.071516516232833,2,-0.0524934459134232,2.0
2021-08-05,2.7838357371246403,3.546947606493373,0.7372848625009482,3.5581088793645392,-1.8344262415931567,2,0.06626056678453107,2.0
2021-08-06,4.653814062641537,3.469642008364071,1.292666244257038,3.53796881406232,6.867192196619776,2,-0.07730559812930204,2.0
2021-08-07,3.981881145877608,3.610246989437606,1.0562036886286563,3.528140825925232,12.801598288978331,2,0.14060498107353503,2.0
2021-08-08,-1.715152390208985,3.6444641311318433,-0.5169147729811857,3.550397555027148,13.798695019282547,2,0.034217141694237174,2.0
2021-08-09,5.696271209006909,3.504821647375479,1.5771262581572456,3.555224476560474,15.40064976444171,2,-0.13964248375636412,2.0
2021-08-10,-1.6974141392609,3.794669648078457,-0.4917790667176999,3.6047688848774913,10.91939988805617,2,0.2898480007029778,2.0
2021-08-11,0.0188760572342516,3.639540646688488,-0.0411724764429263,3.638748612542375,6.284461882648884,2,-0.1551290013899691,2.0
2021-08-12,-2.5891753544200924,3.444299553973121,-0.8007144181207652,3.605559125449478,-0.2865946176488165,2,-0.19524109271536672,2.0
2021-08-13,7.30094797189178,3.391206275114856,2.1031522221033616,3.55490755424608,8.729505744451949,1,-0.05309327885826498,1.0
2021-08-14,-1.467774375797326,3.9953648960795354,-0.4095994676672093,3.6530162039868914,1.5654601596477136,2,0.6041586209646792,2.0
2021-08-15,-0.1060958486425178,3.809773667097132,-0.0721357307362105,3.6560370077906255,3.156778450266096,2,-0.18559122898240332,2.0
2021-08-16,-2.2408306921166243,3.6013473481891958,-0.6690706055058219,3.648398348090768,0.8970717009152196,2,-0.20842631890793628,2.0
2021-08-17,-2.88691990345864,3.5016943996038887,-0.8726189420120158,3.659877317216922,0.5993271518766718,2,-0.09965294858530704,2.0
2021-08-18,0.2364966650011624,3.469502740074407,0.0195335502823677,3.675536610208832,-6.465124155013946,2,-0.032191659529481775,2.0
2021-08-19,4.18858533323494,3.2881702653430924,1.222521965127738,3.5340976840615435,-0.8087644459816801,1,-0.18133247473131453,1.0
2021-08-20,5.4597906983852695,3.3959584424733382,1.5580478469455543,3.4513346391367845,4.757122101046107,1,0.1077881771302458,1.0
2021-08-21,-0.8828701235467307,3.669462937056769,-0.2865801073230918,3.464957756910299,6.115082669616001,2,0.2735044945834306,2.0
2021-08-22,0.8473475397265062,3.488934197754054,0.1945071309714733,3.4624057165403324,9.849350112801147,2,-0.18052873930271485,2.0
2021-08-23,0.4541346683280878,3.313573570816109,0.0861335061544106,3.431219882688673,10.066988116128073,1,-0.17536062693794507,1.0
2021-08-24,-3.78448943309504,3.1468329330959537,-1.2562517540385751,3.402952416239245,2.0939133497980933,1,-0.16674063772015524,1.0
2021-08-25,2.5960121950429738,3.268709512898062,0.7425827307969672,3.377502630324189,-0.7698651535442025,1,0.12187657980210842,1.0
2021-08-26,-4.210229745237548,3.207475547686536,-1.365234010020458,3.285105152450143,-4.09722477523502,1,-0.06123396521152591,1.0
2021-08-27,4.409943030226771,3.377966675878519,1.2555535558534296,3.262911648075036,-0.5346292847347556,1,0.17049112819198298,1.0
2021-08-28,-0.3190364438573567,3.500574125622565,-0.1393375443931547,3.300311759036328,-1.3078003969202,2,0.12260744974404592,2.0
2021-08-29,-0.148508475840714,3.3205117178997243,-0.0955375139632018,3.3350475159970814,2.328180560334125,1,-0.18006240772284077,1.0
2021-08-30,-3.702463994727623,3.153509930988768,-1.2275810250221524,3.3120075996152223,-3.970295629436471,1,-0.16700178691095635,1.0
2021-08-31,0.2371071858730644,3.263448657716296,0.0209539766891295,3.3232022216211745,0.4770413016741415,1,0.10993872672752802,1.0
2021-09-01,3.500565378801745,3.0996684306500257,1.074902201500928,3.267542572575476,-0.4323363497508836,1,-0.16378022706627027,1.0
2021-09-02,0.9792724788171724,3.151008123035396,0.2572343479912258,3.1976293720580418,0.8659725729236456,1,0.051339692385370395,1.0
2021-09-03,1.404412800618715,3.008984771960404,0.4106660337268964,3.1353239828701778,2.4188938493830747,1,-0.1420233510749922,1.0
2021-09-04,-0.1615484996733585,2.8966769899329567,-0.114018048817417,3.0839573946590155,5.959809344437339,1,-0.11230778202744718,1.0
2021-09-05,3.557543501667304,2.7673998179526613,1.2245496732746284,2.9847476267062887,9.28024566023158,1,-0.12927717198029542,1.0
2021-09-06,1.6863140380221964,2.877352139431727,0.5274255654884188,2.940284368462629,7.465994319452029,1,0.10995232147906586,1.0
2021-09-07,-11.723249529729962,2.793554558744029,-4.256932964233801,2.868793655604356,-5.236527689095105,1,-0.08379758068769805,1.0
2021-09-08,-1.5494793572990773,4.77017800762908,-0.3601971065491079,3.2210323027380907,-8.190419847012897,2,1.976623448885051,2.0
2021-09-09,0.6488390533952781,4.520989672524856,0.1061966802401565,3.54589483925647,-7.380032293944261,2,-0.24918833510422367,2.0
2021-09-10,-3.303518664446514,4.257851120855702,-0.815492022774578,3.843985099837079,-14.24109446005808,2,-0.26313855166915445,2.0
2021-09-11,0.7049939410356032,4.174962569320986,0.1284488120212573,4.10350718581493,-15.222414557044672,2,-0.08288855153471619,2.0
2021-09-12,1.888655452823862,3.940045515908298,0.4365255393894252,4.332805377247785,-1.6105095744908482,2,-0.23491705341268787,2.0
2021-09-13,-2.4174296052118294,3.763547975108304,-0.6871586548356712,4.131479370743628,-2.4784598224036003,2,-0.17649754079999402,2.0
2021-09-14,4.627200677790988,3.6600706113514585,1.2181392635404968,3.9592955585089498,1.4999018019921095,2,-0.10347736375684535,2.0
2021-09-15,2.275460131450835,3.766429548125471,0.5593454346507657,3.861011243962904,7.078880597889459,2,0.10635893677401231,2.0
2021-09-16,-0.8190739435939065,3.628565653071616,-0.272228477258178,3.751731860713029,5.554812713259949,2,-0.13786389505385488,2.0
2021-09-17,-1.0854079709277542,3.449527832100696,-0.363566549030311,3.6536283239515095,2.580749289508333,2,-0.1790378209709198,2.0
2021-09-18,2.1160126154024184,3.2962551084768643,0.590757569589059,3.5601697506252217,7.1141915101225806,1,-0.15327272362383182,1.0
2021-09-19,-2.1314594702564804,3.195772931185925,-0.7197584054183747,3.467310214592115,0.3555313620751121,1,-0.10048217729093922,1.0
2021-09-20,-9.810793836995655,3.132461421593673,-3.1858393297279863,3.340516589285756,-11.73072260637138,1,-0.06331150959225207,1.0
2021-09-21,-5.148826786332528,4.458528273879716,-1.192669737289434,3.5065091134473745,-16.06047544911,2,1.3260668522860426,2.0
2021-09-22,6.839960199678252,4.554086518862806,1.4648898770968035,3.727420850799797,-8.135107278503995,2,0.09555824498309029,2.0
2021-09-23,2.985630902322356,4.824875696028252,0.583829744229074,4.033144968310074,-7.265488991584057,2,0.2707891771654465,2.0
2021-09-24,-4.686219528987401,4.630888074175543,-1.0483830336635491,4.320167996907999,-9.820249050314978,2,-0.19398762185270968,2.0
2021-09-25,-0.2878952738409879,4.645402465650709,-0.098295085515294,4.622756205719405,-0.2973504871603083,2,0.0145143914751662,2.0
2021-09-26,1.1450682044497285,4.372261509189217,0.2233039454809905,4.605502852781305,5.996544503621948,2,-0.27314095646149195,2.0
2021-09-27,-2.277158282957004,4.130510371169875,-0.5921503693107464,4.520787623242719,-3.120573979013308,2,-0.24175113801934156,2.0
2021-09-28,-2.8852332947741037,3.978996687644731,-0.7675196772669155,4.351611821566015,-8.991438176109767,2,-0.1515136835251445,2.0
2021-09-29,1.2828924814572318,3.890412550296405,0.2863880136823121,4.203516716790188,-3.0223261656651346,2,-0.08858413734832604,2.0
2021-09-30,5.218276011816414,3.692882411154614,1.3673739076529432,4.013012705890969,2.4838451199922678,2,-0.19753013914179096,2.0
2021-10-01,9.420841893127909,3.8750516718275527,2.387611241837019,3.913570738418636,10.759618808670446,2,0.18216926067293882,2.0
2021-10-02,-0.8462113921140713,4.78017511886959,-0.2123220019452317,4.043503687958578,12.190565699513378,2,0.9051234470420368,2.0
2021-10-03,1.0185835179136404,4.506655773899847,0.1885785384502768,4.149035505209602,16.094382512201122,2,-0.27351934496974284,2.0
2021-10-04,1.8763728593427231,4.2510340249471525,0.4017017719802527,4.221159800139751,16.687862890086613,2,-0.2556217489526942,2.0
2021-10-05,4.774761053468524,4.046054492967772,1.1384018931778894,4.291794216502384,16.244347931738723,2,-0.20497953197938035,2.0
2021-10-06,7.201410137731124,4.112823592371703,1.709940876628396,4.3393486006112125,14.02491617634194,2,0.06676909940393116,2.0
2021-10-07,-2.8498794333346567,4.528479274609165,-0.6665823577978696,4.289009431759128,12.021248135121354,2,0.4156556822374613,2.0
2021-10-08,0.3003760744167749,4.378234265032349,0.0300694544134211,4.2633251299856285,11.303040691624489,2,-0.15024500957681575,2.0
2021-10-09,1.8366792910816443,4.123484152817114,0.4045012107465023,4.237815155559621,11.26334712336341,2,-0.2547501122152349,2.0
2021-10-10,-0.3583836316876088,3.9279334568178,-0.1341948880385947,4.214190948329626,6.130202438207277,2,-0.19555069599931407,2.0
2021-10-11,4.834896270757305,3.712894299063612,1.256747684188317,4.134205089668008,3.763688571233459,2,-0.21503915775418792,2.0
2021-10-12,-2.5435763506084896,3.8383995797933976,-0.7066229695470074,3.996189150704855,4.069991653959626,2,0.12550528072978562,2.0
2021-10-13,2.397881481648234,3.736816601930231,0.5965389154296923,3.867905618084431,6.167497061191085,2,-0.1015829778631665,2.0
2021-10-14,-0.1387245701897299,3.6100219896795696,-0.0851655557339488,3.765213185456922,4.192093199919711,2,-0.12679461225066158,2.0
2021-10-15,7.188745837457944,3.418394813531142,2.053601547397996,3.6633054567995904,11.739222669065263,1,-0.1916271761484274,2.0
2021-10-16,-1.1458884632588706,3.993528934812615,-0.3291859013646188,3.7194323839493912,5.758437935049088,2,0.5751341212814727,2.0
2021-10-17,1.0803865067540386,3.7943038560659006,0.2402710965078539,3.710613239203892,9.382400792411616,2,-0.19922507874671425,2.0
2021-10-18,0.7646292349290817,3.5987565070214163,0.165586161495874,3.683001220222129,7.749148545692464,2,-0.19554734904448434,2.0
2021-10-19,3.54134436604987,3.412288735706686,0.9883745686539313,3.643454569427552,11.429217481932064,1,-0.18646777131473025,1.0
2021-10-20,2.657783454203688,3.42431841496158,0.7268770580899699,3.64463928971364,6.898255098677808,2,0.012029679254894177,2.0
2021-10-21,-5.9027668390729815,3.3504304778774165,-1.8121527481126944,3.5160195983266,2.141376722863697,1,-0.07388793708416364,1.0
2021-10-22,-2.4702251082704407,3.765323301068341,-0.7008561698526109,3.510223487327088,-1.4092348921607822,2,0.41489282319092435,2.0
2021-10-23,1.1489604888575755,3.665812641715383,0.2673992442848299,3.523634714265881,-1.0249036382322885,2,-0.099510659352958,2.0
2021-10-24,-0.7566491344887183,3.483304506604116,-0.2656598329280073,3.5378378684453677,-5.322897138770877,2,-0.18250813511126696,2.0
2021-10-25,3.402727333400435,3.315027981825821,0.9755580925281162,3.515979781818216,-4.57795325957413,1,-0.16827652477829513,1.0
2021-10-26,-4.3377186101063,3.325196324206479,-1.3552413540439057,3.5109329510840284,-3.012905030607449,1,0.010168342380658224,1.0
2021-10-27,-3.166384386368293,3.493311394058409,-0.9547128695179916,3.456530569682042,-3.709064308705301,2,0.1681150698519298,2.0
2021-10-28,3.593449158802464,3.490528305186618,0.9811478093274644,3.4214737023762885,-1.2645756387604123,2,-0.0027830888717907953,2.0
2021-10-29,2.614437550515447,3.4976873603348286,0.6992370500227374,3.424350273122431,2.106511046243753,2,0.00715905514821058,2.0
2021-10-30,-0.5464750380490102,3.4121182547513955,-0.2096058645758235,3.4437683277075464,-1.842691325205692,1,-0.08556910558343311,1.0
2021-10-31,-0.9250698649358567,3.2442717769708604,-0.3371464842967708,3.427583418260422,1.5699574199647517,1,-0.16784647778053507,1.0
2021-11-01,-0.5142950065019747,3.103422853143622,-0.2200860139259506,3.3496057100774648,4.22204679983107,1,-0.14084892382723835,1.0
2021-11-02,3.5775877348473983,2.962202188470532,1.1507866645100222,3.2439404867342474,4.206185375876004,1,-0.14122066467309002,1.0
2021-11-03,-0.4062805617150999,3.043507357732226,-0.1889285790709089,3.153104486213727,1.1854672636454566,1,0.08130516926169395,1.0
2021-11-04,-2.4399034254608765,2.9051641954667016,-0.8979280373565661,3.0517136743567885,-0.7079611237664096,1,-0.13834316226552446,1.0
2021-11-05,-0.5328129187967434,2.9052864092767146,-0.2414694383761292,2.983916600817959,-0.3157041776272962,1,0.00012221381001298326,1.0
2021-11-06,0.6551908440947329,2.782833218884681,0.1748095724962616,2.919798673966171,0.8537816729694114,1,-0.1224531903920334,1.0
2021-11-07,2.882768153978432,2.666721642424679,1.0177452164589702,2.860702564757001,0.1589620921004453,1,-0.11611157646000203,1.0
2021-11-08,6.480556096155787,2.711003245299047,2.3282270680891166,2.7942017422703644,7.045798749971333,1,0.044281602874368,1.0
2021-11-09,-0.884509918220111,3.338017157536174,-0.3155271010561914,2.8807723346842598,8.601192257212098,1,0.627013912237127,1.0
2021-11-10,-2.995816542044416,3.187033479088472,-0.992942660182728,2.937121748646611,6.138188633964425,1,-0.1509836784477021,1.0
2021-11-11,-0.0696748107282374,3.2071062266666965,-0.0743348528711268,3.0219763502030137,5.413322979141455,1,0.020072747578224526,1.0
2021-11-12,-1.2300437518714349,3.049144949112078,-0.458741297638824,3.0984610115404934,1.300511073291588,1,-0.15796127755461864,1.0
2021-11-13,0.4875963708276032,2.9409772851936142,0.1084236228752459,3.144455819519407,-4.692448652036596,1,-0.10816766391846366,1.0
2021-11-14,1.535108463806978,2.807514972037337,0.4866878782991224,3.038355382419639,-2.272830270009507,1,-0.1334623131562771,1.0
2021-11-15,-2.959290584671592,2.72235331026135,-1.1490116039142635,2.945419348654215,-2.2363043126366837,1,-0.08516166177598716,1.0
2021-11-16,-5.4922454251583375,2.806568414834101,-2.017043430692948,2.865311786287696,-7.658874927066783,1,0.08421510457275083,1.0
2021-11-17,0.3430964922232604,3.2771084551666365,0.0532089602268862,2.910904487498608,-6.085734682972088,1,0.4705400403325357,1.0
2021-11-18,-5.842375040330872,3.112608105081238,-1.9312100322848356,2.9452306514761326,-12.415706094130565,1,-0.16450035008539832,1.0
2021-11-19,2.0466973046305625,3.5725364275976617,0.5256691943993114,3.098234942588197,-11.904117253306978,2,0.45992832251642346,2.0
2021-11-20,2.6782459618040377,3.43958946834496,0.7295989902650931,3.2416821742049198,-6.266580706831348,2,-0.13294695925270172,2.0
2021-11-21,-1.6326255638853482,3.3656583128946087,-0.5352149134560296,3.353500153817021,-2.406960845558359,1,-0.07393115545035123,1.0
2021-11-22,-4.245451447744841,3.248668335007782,-1.3587648695776675,3.347812129785249,-6.995508785526461,1,-0.11698997788682686,1.0
2021-11-23,2.2481248103211726,3.4169701426955443,0.6085507817483271,3.408684537308111,1.0949910651255834,1,0.16830180768776248,1.0
2021-11-24,-2.2638719964637843,3.3128649632845586,-0.7342879900619549,3.356750244445491,-3.2155782359687635,1,-0.10410517941098574,1.0
2021-11-25,1.7511838160780613,3.246995708098953,0.4873609328641371,3.318231492396289,-4.14264038169474,1,-0.06586925518560571,1.0
2021-11-26,-6.6873801021282375,3.1290580101395,-2.1911083267502875,3.270911431845268,-9.19739491993763,1,-0.11793769795945286,1.0
2021-11-27,2.298046960742184,3.748714632169971,0.5680138956686879,3.3709206912777057,-2.653896511450604,2,0.6196566220304711,2.0
2021-11-28,4.3435386277888455,3.614070678791784,1.1551555130104476,3.4103407984969536,-0.5584826939829313,2,-0.13464395337818713,2.0
2021-11-29,0.9701684218224926,3.691223003350296,0.217121388310044,3.4860124065101004,2.6755577243033457,2,0.07715232455851195,2.0
2021-11-30,-1.3955922421075684,3.501497859294621,-0.4467565778251846,3.5369128367492344,-0.4712183338822839,2,-0.1897251440556751,2.0
2021-12-01,0.3928780734842263,3.357883205923604,0.0667542916071929,3.582677875906055,6.60903984173018,1,-0.14361465337101675,1.0
2021-12-02,-1.3227302108742125,3.1867977489429182,-0.4680106135201218,3.470294499260645,2.988262670113784,1,-0.1710854569806859,1.0
2021-12-03,-5.233158566534257,3.06984691772779,-1.7596589243953826,3.361449747047846,-6.588434524209319,1,-0.11695083121512839,1.0
2021-12-04,-8.560843085516368,3.4301193077283023,-2.5449750463842866,3.3092290079234474,-16.11944603154818,2,0.3602723900005125,2.0
2021-12-05,0.3411696472447545,4.357907317447038,0.0395705268400867,3.4805108995539307,-14.382684142195856,2,0.9277880097187361,2.0
2021-12-06,2.428852685142857,4.104919582308655,0.5505900130444524,3.629918174830941,-12.346709530537224,2,-0.25298773513838313,2.0
2021-12-07,0.2319467736866087,3.943724026197283,0.0160309936733742,3.781303430281814,-10.792032545976404,2,-0.16119555611137226,2.0
2021-12-08,-0.3859286221386426,3.723335126026813,-0.1489668703294033,3.912001071941618,-5.94480260158079,2,-0.22038890017046997,2.0
2021-12-09,-5.77215558084756,3.5256461342787504,-1.6850473114301945,3.931106437251708,-3.156115096911982,2,-0.19768899174806265,2.0
2021-12-10,-0.9035819421615798,3.879442831463437,-0.2764074501209188,3.835413540054988,-4.400866686318317,2,0.3537966971846864,2.0
2021-12-11,4.388024071672447,3.681480161480653,1.1460876951194496,3.7507256558893873,-2.4416952997887265,2,-0.1979626699827839,2.0
2021-12-12,1.4796607838164275,3.754091777387708,0.3492018583401652,3.712799206127472,-1.1939812896589077,2,0.0726116159070549,2.0
2021-12-13,-6.9441370308174655,3.575695837091876,-1.989224563176348,3.683271348340485,-7.75218969833773,2,-0.17839594029583195,2.0
2021-12-14,-0.2674827620426256,4.1289290588892,-0.1056466978711143,3.803927933262576,-2.247516879532796,2,0.5532332217973237,2.0
2021-12-15,4.783877809998138,3.896336613716392,1.1844851481717904,3.807306689713166,3.439942872626922,2,-0.23259244517280742,2.0
2021-12-16,-2.550406419845963,3.986543268150756,-0.6820774780855188,3.8683193110471854,-3.498487618891488,2,0.09020665443436382,2.0
2021-12-17,-3.118009325604021,3.869627456231026,-0.8493671087341234,3.89142644681585,-8.096157728311937,2,-0.11691581191972977,2.0
2021-12-18,1.3898695656308746,3.814875349287808,0.3201007883745773,3.939262349255036,0.2378488681364032,2,-0.054752106943218415,2.0
2021-12-19,-0.3030530184135571,3.6276440751610495,-0.1300507898272017,3.839005352509406,0.2022786117654718,2,-0.18723127412675833,2.0
2021-12-20,0.3702680378991019,3.436606265101842,0.0586459616199364,3.747059282786496,-4.211331160333565,2,-0.1910378100592074,2.0
2021-12-21,4.292879288746754,3.258659156116268,1.2655985583005536,3.6014824603795987,2.631954548259152,1,-0.17794710898557398,1.0
2021-12-22,-0.6315834406489529,3.3850620016805157,-0.2364235570943,3.504569369469497,5.11838043321422,1,0.12640284556424763,1.0
2021-12-23,4.338193932958667,3.221789118659187,1.294147078105711,3.3859521233437726,8.066704800542013,1,-0.16327288302132859,1.0
2021-12-24,0.074121566755636,3.360471583460427,-0.0281518202632895,3.332517625003648,8.443879385711206,1,0.1386824648012399,1.0
2021-12-25,-0.7749727198993028,3.188449872548836,-0.2959738168685776,3.282886346493047,7.298638627912801,1,-0.1720217109115909,1.0
2021-12-26,0.7500204929835164,3.0472605969004043,0.1907600337173949,3.240606634649874,3.755779832149564,1,-0.14118927564843187,1.0
2021-12-27,-0.3333620966692763,2.9087150502346626,-0.1726147273868838,3.1453372443607037,4.0540011761292405,1,-0.1385455466657417,1.0
2021-12-28,-6.21514265119778,2.781177994685027,-2.295382612033744,3.0572150195658714,-6.499335408027207,1,-0.1275370555496358,1.0
2021-12-29,-2.4336011956341608,3.4026266658645774,-0.7647992007216105,3.0656460360467017,-9.007058170417004,1,0.6214486711795506,1.0
2021-12-30,1.5667738713133872,3.3407393750252674,0.4184848788240798,3.096103936541988,-6.665311579204314,1,-0.061887290839309994,1.0
2021-12-31,-1.8649172756866503,3.204107521542502,-0.634698498969452,3.127473321470408,-9.28024934787448,1,-0.1366318534827653,1.0
2022-01-01,2.93737331477697,3.119461994327434,0.8875403390195151,3.1696227102889614,-6.009513936428235,1,-0.08464552721506813,1.0
2022-01-02,-0.7189054400020822,3.1074541380383955,-0.2856455346869614,3.2348779389596354,-0.5132767252325365,1,-0.012007856289038443,1.0
2022-01-03,-1.891463669576332,2.9718450840058126,-0.6932355389038203,3.1487216225878822,0.0288608008252921,1,-0.13560905403258294,1.0
2022-01-04,-1.2138934663861178,2.915140734834952,-0.4742887396952738,3.06360189454982,-2.751806536874213,1,-0.056704349170860535,1.0
2022-01-05,-5.206628845481376,2.819698660134419,-1.9063575410566147,2.9867201222682027,-6.093518106668938,1,-0.09544207470053312,1.0
2022-01-06,-0.9410297303588776,3.2334893196984558,-0.3432065423477186,3.0095255873424067,-9.971921151804786,1,0.4137906595640368,1.0
2022-01-07,-3.7847988650375086,3.094268149673988,-1.2776926990723665,3.006888389669525,-13.037814576840212,1,-0.13922117002446788,1.0
2022-01-08,0.4227048332596794,3.22490250504129,0.0787558303203096,3.057499873876621,-10.7236460740042,1,0.13063435536730195,1.0
2022-01-09,0.4247935206112885,3.06553106960033,0.0835315500069511,3.0875779408296964,-9.084959087006794,1,-0.15937143544095989,1.0
2022-01-10,-0.2157811766201334,2.9201853203592747,-0.1316718266859629,3.1076752728746677,-4.094111418145552,1,-0.14534574924105526,1.0
2022-01-11,2.163341063743829,2.789528255582109,0.715037067998615,3.0188830600513983,-0.9897406240428452,1,-0.13065706477716565,1.0
2022-01-12,2.7993907251913086,2.7490017008795307,0.9569531243201967,2.949829770292508,5.594448966185972,1,-0.04052655470257838,1.0
2022-01-13,-3.1375827952070168,2.7725588057673685,-1.192511317380346,2.8593610304377224,2.034161337719276,1,0.0235571048878378,1.0
2022-01-14,1.1859664695821337,2.871054775964157,0.3543093358319567,2.820465771710488,2.795334286690121,1,0.09849597019678846,1.0
2022-01-15,0.1801155622210615,2.7626916848819043,0.004123009277614,2.7889670446150143,3.191231025531316,1,-0.10836309108225262,1.0
2022-01-16,-0.1472212364401315,2.643546956929617,-0.1195160140375178,2.759770784884516,0.8806687253473555,1,-0.11914472795228725,1.0
2022-01-17,-2.0227571699049207,2.5377731963154964,-0.8635453049388979,2.717525083971709,-3.941479169748874,0,-0.1057737606141207,1.0
2022-01-18,0.2956109256611938,2.546363864860261,0.0498302574267212,2.6722860957902874,-0.5082854488806632,1,0.008590668544764757,0.0
2022-01-19,-1.5009910442870478,2.4481189509847803,-0.6820403895768602,2.587698930794412,-3.1952429627498447,0,-0.09824491387548084,0.0
2022-01-20,-2.581674309560356,2.423533137562113,-1.1348717398187305,2.519867221330453,-5.957032834531262,0,-0.02458581342266708,0.0
2022-01-21,-10.960468291544068,2.5093966061389428,-4.435007691925189,2.493037151172319,-16.770279889635198,0,0.08586346857682958,0.0
2022-01-22,-3.993018883964616,4.4167297680543305,-0.9422681624850834,2.8688284655200857,-18.740541603694894,2,1.9073331619153877,2.0
2022-01-23,3.496657378118151,4.382668768779265,0.7593392507898781,3.236089446303886,-15.539495151237936,2,-0.03406099927506556,2.0
2022-01-24,1.0352967106697974,4.27293758216336,0.202804683015742,3.601053172539602,-13.003207396281091,2,-0.10973118661590497,2.0
2022-01-25,0.8142486826951512,4.036521135133059,0.159920808615007,3.923650772053792,-9.607284404025584,2,-0.23641644703030096,2.0
2022-01-26,-0.2760824449564936,3.81464848874811,-0.1166050830218373,4.184701148575625,1.0771014425619896,2,-0.22187264638494897,2.0
2022-01-27,0.7733837890786077,3.6076960563942673,0.167602486698902,4.022894406243613,5.843504115605214,2,-0.20695243235384275,2.0
2022-01-28,1.724750509041506,3.420641675097246,0.4548928821152141,3.830488987507208,4.071597246528569,1,-0.18705438129702134,2.0
2022-01-29,0.932135173920834,3.2843176296809866,0.2324410429273491,3.632764997010734,3.968435709779605,1,-0.1363240454162593,1.0
2022-01-30,-0.5800446457154607,3.1289594198802746,-0.2393030730060466,3.4512526539601764,2.574142381368993,1,-0.15535820980071202,1.0
2022-01-31,1.4804408066392938,2.9871680031375143,0.4391168646987555,3.285756556838058,4.330665632964781,1,-0.1417914167427603,1.0
2022-02-01,0.6737318502633372,2.8807265818399164,0.1753053881176337,3.1403626619271874,4.23101369414951,1,-0.10644142129759793,1.0
2022-02-02,-4.731073995912283,2.7558370802645924,-1.7779711978528685,3.0074017429606568,-2.2248108108042786,1,-0.12488950157532397,1.0
2022-02-03,0.5441215831991641,3.09948245079446,0.1211159057635045,2.9704347071833515,-2.6128244015259483,1,0.34364537052986766,1.0
2022-02-04,11.062688345744752,2.9525364199942645,3.689696531158389,2.935150107206149,9.029908589934266,1,-0.14694603080019553,1.0
2022-02-05,-0.1439823483734059,4.5865176335829005,-0.0681796805613131,3.255020033295227,7.405485434921566,2,1.633981213588636,2.0
2022-02-06,2.316687651757832,4.316551654345513,0.4976107932873573,3.542185047796346,9.04844123641606,2,-0.2699659792373872,2.0
2022-02-07,3.31115827095374,4.128587328698849,0.7611400854565409,3.8167350974831975,17.090673503282083,2,-0.18796432564666432,2.0
2022-02-08,0.6324808965338491,4.030942529017689,0.1150490076259551,4.003027113127843,17.17903281661677,2,-0.09764479968116024,2.0
2022-02-09,0.4982113681997191,3.80660146280002,0.086556581414292,4.173840121688995,6.614555839071734,2,-0.22434106621766858,2.0
2022-02-10,-1.7603393781389087,3.5989416524363147,-0.5360087834728103,3.976324925459677,4.998198809306231,2,-0.2076598103637055,2.0
2022-02-11,-2.6921126055171385,3.46649848454437,-0.8252816428582018,3.806314291499449,-0.0106014479687388,2,-0.13244316789194466,2.0
2022-02-12,-0.386212183286716,3.420132159747637,-0.1622560521464671,3.664623257709207,-3.707971902209195,1,-0.04636632479673297,1.0
2022-02-13,-0.1112080209543009,3.2481289789730003,-0.0861828398870776,3.5080605477002686,-4.451660819697345,1,-0.17200318077463672,1.0
2022-02-14,0.9185768314631916,3.0869889789847127,0.2429072075717957,3.364138050937207,-4.031295356433873,1,-0.16113999998828765,1.0
2022-02-15,4.563060448723988,2.9490541158790564,1.4900830290938945,3.2341605436257552,2.292104470429024,1,-0.13793486310565628,1.0
2022-02-16,-1.3855295049898686,3.169337102604856,-0.4904036438678434,3.1747282672378523,3.5986875709562938,1,0.22028298672579938,1.0
2022-02-17,-8.108233071910398,3.057573788079681,-2.7070345981353645,3.102216592904261,-4.123333317667388,1,-0.11176331452517463,1.0
2022-02-18,-1.2586526423760347,4.005440292059148,-0.3563597250416991,3.2536788555214917,-5.270777939089122,2,0.9478665039794665,2.0
2022-02-19,0.2275138191892622,3.8096696837165354,0.0154314849571956,3.398214996467856,-5.961840951363051,2,-0.19577060834261228,2.0
2022-02-20,-4.305442174652541,3.6001466725873708,-1.2427735701696094,3.528433507809518,-14.83034357473958,2,-0.2095230111291646,2.0
2022-02-21,-3.5923810948354173,3.7180461264920814,-1.011581332143684,3.638175312586964,-17.03719516458513,2,0.11789945390471068,2.0
2022-02-22,3.213453434150715,3.73151899879485,0.815948807003515,3.772964354729997,-5.715508658524016,2,0.01347287230276839,2.0
2022-02-23,-2.618363461542117,3.67054776597822,-0.7593113066524692,3.7059858495138114,-7.075219477690098,2,-0.06097123281662986,2.0
2022-02-24,2.739957995155073,3.5937840256464173,0.7154667665148512,3.6628087178997872,-4.562775301724287,2,-0.07676374033180267,2.0
2022-02-25,2.273845059530544,3.5076433307793367,0.6001522681297579,3.6443080495381808,2.0165119324587977,2,-0.08614069486708065,2.0
2022-02-26,-0.2785272326077503,3.395867311289229,-0.1317048489774645,3.5798722864976105,5.330365794686465,1,-0.11177601949010763,1.0
2022-02-27,-3.633451792442699,3.2241087231598,-1.1792954511439269,3.4783902313706,-1.5165394319069492,1,-0.17175858812942923,1.0
2022-02-28,13.576425730332176,3.313971176063687,4.045810919660637,3.4070749133876936,14.678249759967343,1,0.08986245290388739,1.0
2022-03-01,2.653338033252517,5.454184788294528,0.4555425184368067,3.779155065917316,14.591629798064789,2,2.140213612230841,2.0
2022-03-02,-0.975371593540686,5.183143896312219,-0.2207340901972277,4.114255179023893,11.342413144993555,2,-0.27104089198230863,2.0
2022-03-03,-3.409447865241333,4.881128067163787,-0.7330626803433906,4.411307330198804,8.211492512359975,2,-0.3020158291484325,2.0
2022-03-04,-8.12852755652358,4.738843188298231,-1.7509025273900904,4.71425422322649,3.7164167482790944,2,-0.14228487886555552,2.0
2022-03-05,0.6696906228633281,5.23998620286502,0.0956043860986339,5.099457228586757,-9.190318359189751,2,0.5011430145667886,2.0
2022-03-06,-2.520293705235765,4.921666554510227,-0.5463634389340433,4.992953581829897,-14.363950097678035,2,-0.31831964835479276,2.0
2022-03-07,-0.9360315270734888,4.710217720968263,-0.2345446752766014,4.898368346761106,-14.324610031210838,2,-0.2114488335419642,2.0
2022-03-08,1.7584738215960627,4.4446294690439485,0.3576786037835716,4.8110686271371375,-9.156688344373444,2,-0.26558825192431446,2.0
2022-03-09,8.04608330138592,4.21766977868099,1.867703911394489,4.70683394521369,7.017922513536057,2,-0.2269596903629587,2.0
2022-03-10,-6.254685680053029,4.759832991555864,-1.34950336497552,4.610803302951858,0.0935462106196993,2,0.5421632128748746,2.0
2022-03-11,-1.6425482290646445,4.958253079395806,-0.3653047068864958,4.618120607928975,0.9712916867908206,2,0.19842008783994203,2.0
2022-03-12,0.2806706804667769,4.6971969060067895,0.0238324524037972,4.615516444936679,2.187993894331086,2,-0.2610561733890169,2.0
2022-03-13,-2.7475269974985395,4.417580457254105,-0.6601468800602989,4.610106642578711,-2.318006924763516,2,-0.27961644875268465,2.0
2022-03-14,4.689129940953407,4.270921443406079,1.058414452731132,4.6207569755237285,-5.674960285196029,2,-0.1466590138480255,2.0
2022-03-15,-0.8302471898177899,4.295606179156642,-0.2325567351677067,4.527911613043885,-0.2505217949607896,2,0.024684735750562403,2.0
2022-03-16,4.486546767419952,4.060709843339268,1.06331700003863,4.348402965832577,5.878573201523807,2,-0.2348963358173739,2.0
2022-03-17,-0.4690916877793327,4.090770225164117,-0.1559160283872581,4.227117629664042,5.128810833277697,2,0.030060381824848825,2.0
2022-03-18,2.0538517974936,3.8643396350928056,0.487826386066405,4.116469465231782,9.930189628269837,2,-0.22643059007131106,2.0
2022-03-19,0.9274687432013096,3.703681107496031,0.204862071654212,4.003021398049772,6.168528430517739,2,-0.16065852759677446,2.0
2022-03-20,-2.260032288596747,3.5118499144784896,-0.6915891357875766,3.846270145114142,4.738743331738782,2,-0.1918311930175416,2.0
2022-03-21,-0.4125761887465273,3.4233880991021093,-0.1698028767676378,3.71880579626671,-0.1603796244276978,1,-0.08846181537638032,2.0
2022-03-22,3.0703791309973028,3.251613345723624,0.8923736815265327,3.550974420378612,3.3790911943489377,1,-0.17177475337848547,1.0
2022-03-23,1.2531246090631498,3.2357860390412543,0.3351271181735321,3.4252637011683014,2.578364005918488,1,-0.015827306682369535,1.0
2022-03-24,2.459372596578646,3.0953590223626306,0.7400264787562932,3.303599284141621,4.110267859295824,1,-0.14042701667862367,1.0
2022-03-25,0.8782716407665703,3.0428919625876016,0.23318168726243,3.209807693763444,7.248571788659142,1,-0.05246705977502897,1.0
2022-03-26,0.3423715485570966,2.907888212173513,0.0597157033262284,3.1067077163777244,8.003519525962766,1,-0.13500375041408885,1.0
2022-03-27,5.081317579238309,2.776016450724825,1.7696554424893671,3.011588337377965,10.014457974203772,1,-0.13187176144868795,1.0
2022-03-28,0.6546412763370313,3.117297175686605,0.1558774445227214,2.987890564707035,9.415974641477654,1,0.3412807249617802,1.0
2022-03-29,0.7140599739189568,2.970539930717577,0.1835811091130887,2.962926746378024,7.670662018817964,1,-0.1467572449690282,1.0
2022-03-30,-0.8527995234731023,2.838209554415164,-0.3599186256903084,2.921990264743537,5.939590854578292,1,-0.13233037630241284,1.0
2022-03-31,-3.2918009542582283,2.7332532081910803,-1.2660831798022758,2.8870632639470504,2.3054183517629667,1,-0.10495634622408367,1.0
2022-04-01,1.618345401001697,2.8583862659541857,0.5071464481532132,2.9035372269929227,-1.1575538264736451,1,0.12513305776310535,1.0
2022-04-02,-0.8957035540669622,2.7725905779294293,-0.3839111772625959,2.834595907441487,-2.707898656877638,1,-0.08579568802475634,1.0
2022-04-03,1.2664841243047675,2.6760054762480303,0.4102230639194378,2.7756890165475783,-2.155474506491828,1,-0.096585101681399,1.0
2022-04-04,0.3633785746131934,2.590793605126103,0.0751328146923586,2.7262058266897653,-0.9392964084055322,1,-0.08521187112192719,1.0
2022-04-05,-2.314486060589616,2.488733006132209,-0.9977812056352044,2.677301786277991,0.0380184852630804,0,-0.1020605989938943,0.0
2022-04-06,-5.294570510057461,2.533895427031309,-2.1560856105381268,2.612403618493416,-6.874897425796078,0,0.045162420899100386,0.0
2022-04-07,0.6852924231532498,3.038538013863014,0.1700052663561747,2.6655931056801334,-5.293901448575866,1,0.5046425868317046,1.0
2022-04-08,-2.835397225893743,2.899431373905075,-1.03610735943054,2.7102782852115417,-9.395782798774375,1,-0.1391066399579386,1.0
2022-04-09,1.1625235289933755,2.9422693463351783,0.3377660075404454,2.780573433453357,-8.596637844394195,1,0.04283797243010312,1.0
2022-04-10,-1.3518646577317384,2.826053332483521,-0.5380611890889397,2.8480374987236194,-7.634016441536318,1,-0.11621601385165725,1.0
2022-04-11,-6.574699455484989,2.7479111767612205,-2.4540183362862984,2.890840648669602,-8.914145386963845,1,-0.07814215572230054,1.0
2022-04-12,1.5198991801760542,3.455354241266874,0.3910378291366018,2.974203894150373,-8.079538629941041,2,0.7074430645056533,2.0
2022-04-13,2.5576417495491555,3.305773038587485,0.7226499710932371,3.055472227086856,-2.6864996544981423,1,-0.1495812026793888,1.0
2022-04-14,-3.0364373354540675,3.237125805867581,-0.990125959398158,3.1144435189933364,-6.885460518945585,1,-0.06864723271990414,1.0
2022-04-15,1.53551792271287,3.254751293564792,0.419937758882576,3.200183111209591,-3.998077938500977,1,0.017625487697211284,1.0
2022-04-16,-0.3185572839704775,3.1248244262874416,-0.1559390788949114,3.275565761114835,2.2580642330135348,1,-0.1299268672773506,1.0
2022-04-17,-1.7657522881942,2.977420861499816,-0.6497157563384748,3.179979085161423,-1.0275872353567197,1,-0.14740356478762573,1.0
2022-04-18,2.754626836438589,2.910563402123731,0.8884540621168554,3.1009371578686724,-0.8306021484672854,1,-0.0668574593760849,1.0
2022-04-19,1.6435294339235185,2.907732001259757,0.5072009643637937,3.0350583969471074,3.849364620910301,1,-0.002831400863974043,1.0
2022-04-20,-0.3097867846211244,2.818217108045,-0.1697923634159522,2.947751559843149,2.004059913576306,1,-0.08951489321475714,1.0
2022-04-21,-2.068443970831879,2.6986236560838326,-0.8290036754704443,2.8625114058024272,0.2541732267149044,1,-0.11959345196116722,1.0
2022-04-22,-1.9611085251920457,2.690232859820458,-0.7916911267329081,2.805073805466556,0.0588169897170587,1,-0.008390796263374689,1.0
2022-04-23,-0.640161932757799,2.673264600465966,-0.3025839235629392,2.757614045135002,-3.3359717794793298,1,-0.016968259354491977,1.0
2022-04-24,-0.0441701583344666,2.576560062245697,-0.082627655464789,2.6913796573321904,-5.023671371737315,1,-0.09670453822026914,1.0
2022-04-25,2.474905007609607,2.476040534551972,0.9313983420928904,2.622944342633585,-2.238979579506584,0,-0.10051952769372496,0.0
2022-04-26,-5.959955698854813,2.504455929682697,-2.4471106019439497,2.584110797353358,-6.1304913075295175,0,0.02841539513072533,0.0
2022-04-27,2.9052734994520435,3.155275837134345,0.8672929664254961,2.6771193928161354,-1.2641092828854283,1,0.6508199074516479,1.0
2022-04-28,1.348390672152533,3.1355700996856446,0.3762204881012527,2.769580492660072,0.7244433220249036,1,-0.01970573744870041,1.0
2022-04-29,-2.970235366082896,3.0084683342902894,-1.043374892492095,2.8559621470689898,-2.201621885723526,1,-0.12710176539535523,1.0
2022-04-30,-2.3452178557919368,3.050824165064471,-0.8240208804403244,2.970918873171489,-7.0217447491250695,1,0.04235583077418159,1.0
2022-05-01,1.980058020040154,3.023259730506266,0.5991324671809549,3.074679633336203,0.9182689697698976,1,-0.027564434558204898,1.0
2022-05-02,0.1564561605817971,2.942647864675155,-0.0041693055899039,3.0321540388443653,-1.8305483691003488,1,-0.08061186583111102,1.0
2022-05-03,-2.0422241840901023,2.807037427078189,-0.7876450529427241,2.966447504322874,-5.221163225342984,1,-0.135610437596966,1.0
2022-05-04,5.03126775329914,2.7825407610449933,1.747518980710237,2.9212619896738152,2.780339894039052,1,-0.02449666603319578,1.0
2022-05-05,-8.194136472907587,3.1136777108534925,-2.6858468371758177,2.9338326988316195,-3.068578723076598,1,0.3311369498084993,1.0
2022-05-06,-1.4713780107637575,4.062254725190165,-0.403742030101297,3.141631697768399,-6.52001475388051,2,0.9485770143366725,2.0
2022-05-07,-1.5067299056939376,3.870848946116047,-0.4328391233525582,3.3272719140565776,-8.183200820156245,2,-0.19140577907411815,2.0
2022-05-08,-4.148559878699665,3.698446975748285,-1.1673237079732042,3.5055538237905965,-10.289536514765809,2,-0.17240197036776195,2.0
2022-05-09,-11.70549632581519,3.780774534415152,-3.140684845526003,3.705200578464628,-27.026300593880137,2,0.08232755866686725,2.0
2022-05-10,2.367869238648268,5.323641215594656,0.4130902498525184,4.1471932794128605,-16.464294882324282,2,1.542866681179504,2.0
2022-05-11,-6.962706368651972,5.049372509813151,-1.412340110294016,4.344616836337458,-21.955623240212496,2,-0.2742687057815054,2.0
2022-05-12,0.3842315640511629,5.301809136779877,0.0406477486680985,4.630808874470224,-20.0646617704674,2,0.252436626966726,2.0
2022-05-13,0.8069582993284641,4.97653179157334,0.1282486211855544,4.886425837635235,-15.109143592439269,2,-0.32527734520653695,2.0
2022-05-14,2.75565403508562,4.680166044588476,0.552743012035587,5.0663041396699,-0.6479932315384573,2,-0.29636574698486395,2.0
2022-05-15,3.9214229608877114,4.484870712823691,0.8367460830887345,4.898550039115707,0.9055604907009852,2,-0.1952953317647852,2.0
2022-05-16,-4.716393882593017,4.40190038858404,-1.1097749631125844,4.769055614869885,3.15187297675994,2,-0.08297032423965067,2.0
2022-05-17,1.867531097186692,4.451627854761657,0.3816145899519584,4.599019358466241,4.635172509895469,2,0.04972746617761725,2.0
2022-05-18,-5.76896230339532,4.228756487589082,-1.4041213485796264,4.449464297669389,-1.940748092828315,2,-0.2228713671725755,2.0
2022-05-19,5.401747251089617,4.44724993204151,1.1766872499370171,4.402881075159996,0.7053451231756824,2,0.21849344445242824,2.0
2022-05-20,-3.742660999960279,4.533656156788088,-0.8627442892591228,4.412638163952876,-6.958738837672307,2,0.086406224746578,2.0
2022-05-21,0.7896156156526501,4.460146096833231,0.1392085916917352,4.424287305602713,-1.4527293394266394,2,-0.07351005995485682,2.0
2022-05-22,2.9840116535785555,4.203823956573528,0.6696966200031236,4.374726525965087,-0.336248783034776,2,-0.25632214025970335,2.0
2022-05-23,-4.122961033666606,4.071531197591925,-1.0540717445510417,4.343281467965657,1.309752486693938,2,-0.13229275898160253,2.0
2022-05-24,1.8949781767068077,4.097063744159464,0.4213391164329692,4.273244230389247,-2.1970165876888714,2,0.025532546567538894,2.0
2022-05-25,-0.3148528130159533,3.906661895698809,-0.1237828572576176,4.147845378171391,1.230791599255454,2,-0.1904018484606551,2.0
2022-05-26,-1.0033699544871766,3.692706444494476,-0.3174080937323844,3.9943574477036408,-0.5621939708843726,2,-0.2139554512043329,2.0
2022-05-27,-2.2097889022564488,3.5143670828805345,-0.6767972169486681,3.856466072965042,-5.755994526719377,2,-0.1783393616139417,2.0
2022-05-28,0.6522241153916752,3.4217339210445004,0.1413023828781457,3.726506617655557,-0.980809377661096,1,-0.0926331618360341,2.0
2022-05-29,2.166399017895948,3.2483320606910366,0.6149845587824125,3.5567602809618712,-0.7093885364719554,1,-0.17340186035346372,1.0
2022-05-30,7.459222816391886,3.156374555379933,2.309769556718918,3.4067028128980965,7.064687092935884,1,-0.09195750531110347,1.0
2022-05-31,0.2075607477006968,3.857527423142217,0.0100675341138485,3.4396670086276444,8.275617795123758,2,0.7011528677622838,2.0
2022-06-01,-6.474693067083415,3.64407953407812,-1.8230716326934324,3.465609498867161,4.010713630296792,2,-0.21344788906409695,2.0
2022-06-02,2.2182633910983185,4.094314008236651,0.5005816427860921,3.6001255163055914,5.576752906003435,2,0.45023447415853113,2.0
2022-06-03,-2.536528971019081,3.921384900950146,-0.6898720727814065,3.7347360843574138,0.873824917088406,2,-0.17292910728650535,2.0
2022-06-04,0.4317415368904065,3.810313085829207,0.069027550280704,3.865523790447269,-6.153656362413074,2,-0.11107181512093867,2.0
2022-06-05,0.2468985857086991,3.60174529524393,0.0217043739985779,3.81436736486761,-6.114318524405071,2,-0.2085677905852772,2.0
2022-06-06,4.779217112896639,3.4093771631206136,1.3522974823658216,3.767426890676109,5.139591655574982,1,-0.19236813212331638,2.0
2022-06-07,-0.68833346588697,3.577713333708106,-0.2395548063018736,3.6641067557704,2.2329947985896936,2,0.16833617058749262,2.0
2022-06-08,-3.067294698343126,3.3991979512318853,-0.9519950598768404,3.5596693658267484,1.7022290712656485,1,-0.1785153824762209,1.0
2022-06-09,-0.3393459545796062,3.398363169383132,-0.1495045961920947,3.477279382537534,0.9311415797956356,1,-0.0008347818487530745,1.0
2022-06-10,-3.474221923779908,3.2273845980973337,-1.128761314874177,3.402407243108214,-2.789978929692971,1,-0.17097857128579852,1.0
2022-06-11,-2.5173197410301995,3.296942586759056,-0.8147077569960745,3.379920327835903,-10.08651578361981,1,0.06955798866172236,1.0
2022-06-12,-5.8001081518821,3.2549812826699416,-1.8337534358290355,3.31537391762827,-15.19829046961494,1,-0.04196130408911447,1.0
2022-06-13,-17.405255177667023,3.673410296393576,-4.7841048830547575,3.370216386660608,-29.53625094893884,2,0.4184290137236344,2.0
2022-06-14,-1.2556416941055917,6.795776903442208,-0.209595852411992,4.049699133472423,-30.45254668846482,2,3.1223666070486322,2.0
2022-06-15,1.6349175083862022,6.377404714731123,0.2299042659510612,4.679703156799181,-25.34340725629871,2,-0.4183721887110856,2.0
2022-06-16,-10.211240133010335,5.991761862928683,-1.7323727693526645,5.218667012033106,-33.03732764827885,2,-0.38564285180243996,2.0
2022-06-17,0.439781088256197,6.5895551678914215,0.0411342074809316,5.885581789077402,-26.79743840814055,2,0.5977933049627389,2.0
2022-06-18,-7.366571122488885,6.1692429859076245,-1.221429614374865,6.384748326980212,-16.758754352962413,2,-0.42031218198379694,2.0
2022-06-19,7.7653019524071,6.298214431879584,1.2061477226279411,6.285235832667687,-7.7378107064497215,2,0.12897144597195975,2.0
2022-06-20,0.224848053257709,6.416034513247537,0.0087473180464853,6.29296179237097,-9.147880161578216,2,0.11782008136795241,2.0
2022-06-21,0.5376928208097098,6.007752965599516,0.0614152852404749,6.296160012905136,1.6010527922418305,2,-0.4082815476480208,2.0
2022-06-22,-3.556200532463194,5.630743876996499,-0.6615334621157047,6.104397754726152,-2.3949288284775605,2,-0.37700908860301663,2.0
2022-06-23,5.35199496525518,5.423484687227838,0.9557084246385974,5.955246094990195,10.323637259266505,2,-0.20725918976866087,2.0
2022-06-24,0.6889809613761955,5.372182279473769,0.0968425819412164,5.770039664509032,3.2473162682356005,2,-0.05130240775406936,2.0
2022-06-25,1.2668381046625043,5.044064724458518,0.2177040156849456,5.495645706751228,4.289306319640396,2,-0.3281175550152513,2.0
2022-06-26,-2.234031636729661,4.751787505568084,-0.5056532079111803,5.244452614744942,1.517581862101025,2,-0.2922772188904341,2.0
2022-06-27,-1.3975180844797208,4.538600636620288,-0.3450938226675843,5.026023966669699,3.6762643100844974,2,-0.21318686894779582,2.0
2022-06-28,-2.2179692795420536,4.302699633779262,-0.5546969208768159,4.801866955979984,-3.893699934712736,2,-0.23590100284102622,2.0
2022-06-29,-0.8746512259888206,4.130515597912091,-0.2526019234231524,4.553533619667649,-5.457332122077752,2,-0.17218403586717024,2.0
2022-06-30,-1.6009711756280964,3.9105014053875697,-0.4525496735439245,4.326820955853459,-8.325141402368352,2,-0.2200141925245216,2.0
2022-07-01,-2.6393611667963057,3.739273400066968,-0.7509710644637864,4.124318134753236,-8.730470932434997,2,-0.1712280053206019,2.0
2022-07-02,-0.1407955856373988,3.6565349985931,-0.0846485934168815,3.947905007147798,-7.473748433592675,2,-0.0827384014738679,2.0
2022-07-03,0.2844903976512825,3.4610571131823984,0.0334480001607749,3.779576503028425,-4.971288756399339,2,-0.19547788541070155,2.0
2022-07-04,4.727542718300803,3.2805843713177336,1.3896358829803628,3.6095902577095536,0.6309051878902849,1,-0.18047274186466478,1.0
2022-07-05,-0.2035878126305235,3.464084272871388,-0.1074779774612754,3.5203068312063173,2.028288550887858,2,0.18349990155365425,2.0
2022-07-06,1.7582449257883326,3.2854614160012017,0.4838041802207076,3.429544434393164,6.425894643472496,1,-0.1786228568701862,1.0
2022-07-07,5.165639338861894,3.1641061662107632,1.5792499105910025,3.3310586679166976,11.732329567971789,1,-0.12135524979043844,1.0
2022-07-08,0.4313222712422515,3.43666477115786,0.0764105113402354,3.326180199511789,11.879161441562758,2,0.27255860494709694,2.0
2022-07-09,-0.641274116384416,3.2591928384764968,-0.2485275082821287,3.321901892943542,6.510344606877538,1,-0.1774719326813634,1.0
2022-07-10,-3.4477479725026683,3.1073767539487096,-1.163834712569092,3.2505603891590065,3.2661844470053936,1,-0.15181608452778717,1.0
2022-07-11,-4.359596339476646,3.191987753586701,-1.4186524660570736,3.2318656566761064,-2.8516568182595847,1,0.08461099963799157,1.0
2022-07-12,-3.2915621389021155,3.3869693636290408,-1.0216470024304038,3.276438296159762,-11.308858296023594,1,0.1949816100423396,1.0
2022-07-13,4.49367599448216,3.412138919054291,1.2675190366832303,3.2715331257390483,-7.246504572783685,1,0.025169555425250234,1.0
2022-07-14,1.7549651263241373,3.5404264284033697,0.4480364723371415,3.3277798437244224,-4.850265330075132,2,0.12828750934907873,2.0
2022-07-15,1.2868197042893217,3.394250349920513,0.3294084496573445,3.385154562918783,-0.1156976532831421,1,-0.14617607848285674,1.0
2022-07-16,1.6846296291969765,3.2405731508858744,0.4677890607127532,3.394871642378618,5.92852831539048,1,-0.1536771990346386,1.0
2022-07-17,-1.958489970974675,3.119626198793955,-0.6818813518652206,3.3414030094116,7.26160048331792,1,-0.12094695209191952,1.0
2022-07-18,7.891967823012891,3.051287845548408,2.5311420145127888,3.269232794710424,10.659892311848653,1,-0.06833835324554682,1.0
2022-07-19,3.940528200341831,3.877090346345618,0.972843783515096,3.336565578298873,12.845455385866344,2,0.8258025007972098,2.0
2022-07-20,-0.6765243636369433,3.8706024452135175,-0.2183766827965775,3.4318359973574744,10.88211131794008,2,-0.006487901132100404,2.0
2022-07-21,-0.2892621770048009,3.666844525605708,-0.1248995239857502,3.517090272301441,8.908219511738302,2,-0.20375791960780942,2.0
2022-07-22,-1.9601945764883053,3.472323374558738,-0.613110965084568,3.587629707454398,8.906514906224672,2,-0.19452115104697,2.0
2022-07-23,-1.1044710597188256,3.3658683322850926,-0.3782667332169697,3.650545804801735,-0.0899239765070447,1,-0.10645504227364544,1.0
2022-07-24,0.6375470790258575,3.2211405945558838,0.1455453763940379,3.519355854443788,-3.392905097823018,1,-0.14472773772920888,1.0
2022-07-25,-5.675565978203245,3.064895257070251,-1.906848504363878,3.3582144168151347,-8.39194671238932,1,-0.15624533748563296,1.0
2022-07-26,-0.572504382684258,3.5055390781571507,-0.2114451800226473,3.325953327325423,-8.675188918068777,2,0.4406438210868999,2.0
2022-07-27,7.659542154936183,3.330223764465004,2.249343505410504,3.297533405306676,0.9445478133557116,1,-0.1753153136921468,1.0
2022-07-28,3.905783089201442,4.023216314400815,0.928873279085642,3.4290030017298205,5.95480196227598,2,0.6929925499358114,2.0
2022-07-29,-0.1647644691439964,3.9943369804747904,-0.0834905591459291,3.583642278913602,5.152490414106126,2,-0.02887933392602493,2.0
2022-07-30,-0.6254683466181632,3.771441798824966,-0.2105808196851159,3.724951587264545,10.202588045691208,2,-0.22289518164982436,2.0
2022-07-31,-1.3589886059607537,3.574743936424108,-0.427363076042326,3.738792558917937,9.416103822414712,2,-0.19669786240085818,2.0
2022-08-01,-0.0973064708290394,3.4223875313823475,-0.0777327018529348,3.757225312301405,1.6592551966494895,1,-0.1523564050417603,1.0
2022-08-02,-1.4520247082613125,3.246158224364342,-0.4992823993820546,3.6018136942941106,-3.698552600813265,1,-0.17622930701800543,1.0
2022-08-03,-0.5744061707542159,3.1304679155191866,-0.2373865982919917,3.4290398813029896,-4.108194302423485,1,-0.11569030884515552,1.0
2022-08-04,-0.947952556852094,2.9883840121461884,-0.3736726977143838,3.2724283239672345,-4.430678512657416,1,-0.14208390337299814,1.0
2022-08-05,2.867589908816015,2.8727317322724564,0.9394768469758882,3.132025883136905,-0.2040999978806468,1,-0.11565227987373206,1.0
2022-08-06,-1.4185359813053466,2.886336086411983,-0.5499224250255568,3.024815594142831,-1.525329508356954,1,0.013604354139526542,1.0
2022-08-07,0.9303252730044064,2.805847166506013,0.2714332852204793,2.9367533825711654,0.8570204729087649,1,-0.08048891990596996,1.0
2022-08-08,2.6971545344579795,2.694616328996389,0.9383263763663852,2.849583065266606,4.12858117812096,1,-0.11123083750962381,1.0
2022-08-09,-2.747099349637594,2.715120654560078,-1.0739207126996504,2.794930393749384,2.3294343853354604,1,0.020504325563688752,1.0
2022-08-10,3.3256795053882016,2.7750796373379627,1.1376086308079618,2.775399974762485,2.787523981907647,1,0.059958982777884806,1.0
2022-08-11,0.0412762067368177,2.8545561095371554,-0.044647485334227,2.7690439793875194,4.247336169949811,1,0.07947647219919274,1.0
2022-08-12,1.8415982056897209,2.727268824325817,0.6133877350100059,2.7533283109514803,5.1586091026351255,1,-0.12728728521133847,1.0
2022-08-13,0.0870422128858905,2.6699416834196854,-0.0305934569262185,2.74839338183614,2.548496781063037,1,-0.05732714090613156,1.0
2022-08-14,-0.4297383077330963,2.559635094358359,-0.2338080407731803,2.717296269795796,4.865857822967534,1,-0.1103065890613264,1.0
2022-08-15,-0.752687118445472,2.4677671702665087,-0.3733788536943173,2.655833776381505,0.7874911991338607,0,-0.0918679240918503,0.0
2022-08-16,-1.0565706274135778,2.3965015020590488,-0.511285131736376,2.564222854885884,-0.3103556350165348,0,-0.07126566820745994,0.0
2022-08-17,-2.3181944883864603,2.348273244217442,-1.059041767513017,2.488423738864209,-4.470148329092716,0,-0.04822825784160667,0.0
2022-08-18,-0.5295957030778453,2.41515709148612,-0.2891408862440718,2.437466820477496,-5.086786245056452,0,0.06688384726867769,0.0
2022-08-19,-10.602664190168731,2.3410147831843875,-4.601162378944892,2.393742758242701,-15.259712127492088,0,-0.0741423083017323,0.0
2022-08-20,1.3724431302662763,4.234769273783154,0.2842464591743441,2.7471431789460303,-13.134581878780338,2,1.8937544905987669,2.0
2022-08-21,1.7239723512556535,4.011077824846835,0.3877380246397826,3.070058443503588,-10.354038900111108,2,-0.22369144893631976,2.0
2022-08-22,-0.629880257162263,3.82033061268287,-0.2090408650194124,3.364469917196673,-8.66572466888691,2,-0.19074721216396462,2.0
2022-08-23,0.6018593854662413,3.61962787125998,0.1196626951992063,3.6053640731514447,-7.534269580342823,2,-0.2007027414228899,2.0
2022-08-24,-0.6200333278529868,3.4286991369452102,-0.2300459314516685,3.8229009439036097,2.4483612819729217,2,-0.19092873431476987,2.0
2022-08-25,0.9577016652956516,3.261282467094805,0.2419222236905399,3.62820358256594,2.0336198170022968,1,-0.16741666985040515,1.0
2022-08-26,-6.408571655966355,3.108682043912479,-2.1157829980133656,3.4477244263790694,-6.098924190219712,1,-0.15260042318232614,1.0
2022-08-27,-1.083244981392717,3.678169998907343,-0.3403784872743076,3.4192923036239637,-6.552288914450166,2,0.5694879549948642,2.0
2022-08-28,-2.142993430725504,3.504163608010495,-0.6597061804460377,3.3961994509740663,-9.297141730641911,2,-0.1740063908968481,2.0
2022-08-29,3.4134991629983347,3.4075665837379576,0.9522262073206056,3.391972940332616,-5.26360923979059,1,-0.09659702427253736,1.0
2022-08-30,-2.5001327783567007,3.4065493062166974,-0.7834490263385713,3.421026308156994,-8.721443683442942,1,-0.0010172775212602403,1.0
2022-08-31,1.2696624168793136,3.349992709580917,0.3286387623941828,3.469288441290682,-1.0432096105972732,1,-0.05655659663578039,1.0
2022-09-01,0.3851817363536014,3.199694599691567,0.0676491992708805,3.373593361447526,0.4252171071490451,1,-0.15029810988934988,1.0
2022-09-02,-0.78494796911599,3.042198063446883,-0.3134815380194417,3.2812002525348043,1.783262568758559,1,-0.1574965362446843,1.0
2022-09-03,-0.6918477935498046,2.914959535287201,-0.2952263116881042,3.182678842844653,-2.3220843877895803,1,-0.12723852815968195,1.0
2022-09-04,0.7766470822270222,2.796508606332419,0.2173861085488298,3.0606707028677973,0.9546954727941426,1,-0.11845092895478171,1.0
2022-09-05,-0.876115199617189,2.681847531745568,-0.3895971512259039,2.927041667300728,-1.19108214370236,1,-0.11466107458685126,1.0
2022-09-06,-5.044806467236107,2.593618537081156,-2.010138095279228,2.8058264547786456,-6.6210703472920684,1,-0.0882289946644117,1.0
2022-09-07,2.3745153749135994,3.033810965215732,0.727069168590615,2.804149035132415,-3.461607003262479,1,0.44019242813457593,1.0
2022-09-08,0.2046070303537206,2.9815494670360314,0.0120347061074539,2.817467021482181,-2.565152179358954,1,-0.052261498179700716,1.0
2022-09-09,10.08600976678906,2.8424653303476224,3.4889730059796755,2.826658366285222,6.744210505203085,1,-0.13908413668840902,1.0
2022-09-10,1.3905238413398635,4.270580405185293,0.2860966816321412,3.144404940973167,9.010849546160138,2,1.4281150748376708,2.0
2022-09-11,0.4083651963044943,4.044496107599893,0.0592509502187645,3.4345804550769143,14.46402120970074,2,-0.22608429758540005,2.0
2022-09-12,2.7242163871664005,3.8167789933514262,0.6695413679557525,3.591174060704053,14.81372222195354,2,-0.22771711424846686,2.0
2022-09-13,-9.728219892342338,3.705256308582324,-2.6710553945192896,3.735915429013312,4.880895299257482,2,-0.11152268476910221,2.0
2022-09-14,-0.2743968675373409,4.805889738533845,-0.0922039102889681,4.128600310650556,-5.479511335068921,2,1.1006334299515212,2.0
2022-09-15,-2.7034586241262204,4.520157137736808,-0.6354167555195651,4.17851565716086,-9.573493800535005,2,-0.28573260079703733,2.0
2022-09-16,0.36162281734331,4.359853622556337,0.044244113511568,4.241587160152148,-9.620236179496189,2,-0.1603035151804706,2.0
2022-09-17,1.7794492715736965,4.106813432277025,0.3922078125442196,4.299594047937267,-10.565003295088893,2,-0.2530401902793127,2.0
2022-09-18,-3.58128060475007,3.910096528118684,-0.9590570300645408,4.340562091844539,-4.418064007496625,2,-0.19671690415834053,2.0
2022-09-19,0.6396912022912815,3.8969908266950255,0.1208538240049166,4.158782309476776,-3.5039759376680024,2,-0.013105701423658633,2.0
2022-09-20,-3.4000477547087016,3.6836461358110952,-0.968815293843638,3.9914801090916336,-4.200565068250484,2,-0.21334469088393027,2.0
2022-09-21,-1.834481351522399,3.680700378809006,-0.5442459597713029,3.855649460342167,-6.396669237116193,2,-0.002945757002089433,2.0
2022-09-22,4.564167754912951,3.544767918267398,1.2399804154987493,3.743240357540242,-3.611950753776938,2,-0.1359324605416079,2.0
2022-09-23,-0.5988576296712012,3.661056618015472,-0.2096614908021789,3.693432375519599,-0.6295277786980691,2,0.1162886997480741,2.0
2022-09-24,-1.8864440709329244,3.4730562569690244,-0.5917465418483028,3.6086454615744,-3.155663051922275,2,-0.18800036104644757,2.0
2022-09-25,-0.7149858037086787,3.361459509985896,-0.2628949597210804,3.54420813640936,-0.4706011009222521,1,-0.11159674698312827,1.0
2022-09-26,2.2121968157295058,3.202691154625766,0.6380483656705196,3.448606291572711,3.5760770663296526,1,-0.15876835536013,1.0
2022-09-27,-0.5850034170169494,3.1189089407988666,-0.2416641171950977,3.363434496079005,-1.573094105600248,1,-0.08378221382689954,1.0
2022-09-28,1.6409099157190354,2.978169644859147,0.4943254187978121,3.2268571014477403,0.6666734397899887,1,-0.1407392959397198,1.0
2022-09-29,0.7504185755092152,2.881202979033981,0.201892619495743,3.1084864458607315,3.3035360862321284,1,-0.09696666582516578,1.0
2022-09-30,-0.7243323491751497,2.757938272074828,-0.3238133779101586,2.9877821982785173,3.2941895407656574,1,-0.12326470695915326,1.0
2022-10-01,-0.617871650655033,2.655866454903125,-0.2961732537326809,2.878417258333989,0.4641210743811186,1,-0.10207181717170277,1.0
2022-10-02,-1.3973887936277407,2.560129329526762,-0.6117322802166176,2.7666613360795687,-0.3482643022296727,1,-0.09573712537636281,1.0
2022-10-03,2.997417630734489,2.5146332651148606,1.1248927273823277,2.6739540601307112,1.008243412785781,0,-0.04549606441190157,0.0
2022-10-04,3.5702295702778386,2.595335108801231,1.310622508811922,2.616780486084161,3.828054407554404,1,0.08070184368637046,1.0
2022-10-05,-0.8698206075026249,2.7363834239196123,-0.3795321800291101,2.6124695164531184,3.682566149226929,1,0.14104831511838123,1.0
2022-10-06,-1.0234041758595325,2.642323348243604,-0.4511670138422182,2.6097608951212137,3.2770336240224296,1,-0.09406007567600838,1.0
2022-10-07,-2.068782806747471,2.565268168292946,-0.8722315246321884,2.6107886628744508,2.605639610902699,1,-0.07705517995065803,1.0
2022-10-08,-0.6687387417162682,2.5745404320580905,-0.3252866764340946,2.622770096263097,-1.0605167615480582,1,0.009272263765144562,1.0
2022-10-09,0.1536547989141823,2.48881381830231,-0.006055157580732,2.6014658381633127,-4.4770915329117145,0,-0.08572661375578061,0.0
2022-10-10,-1.580535214708867,2.3958356574082336,-0.7301252771963028,2.533356284861037,-5.1878061401179565,0,-0.09297816089407629,0.0
2022-10-11,-0.471640371270432,2.384058627030544,-0.2686030128550752,2.481703340618425,-4.636042335528856,0,-0.011777030377689623,0.0
2022-10-12,0.5549896374471786,2.31132967629805,0.1671179506044047,2.4309156422194453,-2.0122698913342063,0,-0.07272895073249375,0.0
2022-10-13,1.1700026522296625,2.2398761890796792,0.4470236785132135,2.363982793623763,-0.1735284973882755,0,-0.07145348721837097,0.0
2022-10-14,-1.0228526229370871,2.1975061682320174,-0.5422408359694688,2.305721263609705,-1.350035919239545,0,-0.04237002084766184,0.0
2022-10-15,-0.6170546675591027,2.170699334245756,-0.361993765758094,2.260693998977209,-0.3865553720897807,0,-0.02680683398626149,0.0
2022-10-16,1.0458171486817491,2.126426517023696,0.4124723722577945,2.2091675769758394,1.1309021478624004,0,-0.04427281722206011,0.0
2022-10-17,1.456349413146718,2.0912526088749623,0.6157192339696921,2.1651521634912223,2.03226192356194,0,-0.035173908148733446,0.0
2022-10-18,-1.1127327349329974,2.0839190504255685,-0.6149268098702827,2.1339607357604,-0.25047346360072,0,-0.007333558449393873,0.0
2022-10-19,-1.013062189594116,2.077111912436105,-0.5689568969739255,2.1098818846012173,-0.2406830302577489,0,-0.006807137989463641,0.0
2022-10-20,-0.4492679159129764,2.06462999857986,-0.2993237893042163,2.0886680174680383,-0.0728962786116227,0,-0.012481913856244642,0.0
2022-10-21,0.6211910653393105,2.0262699390357706,0.2233000144006068,2.068636701870453,-0.4975223619540614,0,-0.03836005954408961,0.0
2022-10-22,0.1861391394053058,1.9874606683444036,0.0087620252866216,2.047878313764342,-1.7677326356954737,0,-0.03880927069136697,0.0
2022-10-23,1.8508150954172464,1.9473640950907531,0.8637779349453136,2.020567322697379,1.1958151946547702,0,-0.04009657325365046,0.0
2022-10-24,-1.1381303255268094,1.9919139888082895,-0.656080177980864,2.0035277379718157,1.0707470587220769,0,0.04454989371753637,0.0
2022-10-25,3.805012559986309,1.9990450265760356,1.8190123548349668,1.9904107435710507,5.325027534621363,0,0.00713103776774604,0.0
2022-10-26,3.301719435894768,2.3005424388526934,1.361850328952906,2.045265243534435,8.00555590517682,0,0.30149741227665783,0.0
2022-10-27,-2.36079843216217,2.45791965758641,-1.0291318445368465,2.139357041382836,5.458618333609344,0,0.1573772187337168,0.0
2022-10-28,1.5142492579418132,2.5127615362761246,0.5354763194770779,2.2524365296199105,5.122052496133911,0,0.05484187868971446,0.0
2022-10-29,1.077549065326444,2.458433326667372,0.3696761253173097,2.345740397191727,7.337731886987164,0,-0.05432820960875251,0.0
2022-10-30,-0.8822978719624786,2.38762796172178,-0.4401953937487249,2.423456984220876,2.6504214550383765,0,-0.07080536494559198,0.0
2022-10-31,-0.6799218852899358,2.3310367861418197,-0.3640641147785862,2.429555853678701,-1.331219866146327,0,-0.05659117557996041,0.0
2022-11-01,-0.0512432015794317,2.271455095357345,-0.0968401976346059,2.3922629412328886,0.9783353644364112,0,-0.05958169078447462,0.0
2022-11-02,-1.603042401585597,2.2016604891563896,-0.8047414072628389,2.330042731808941,-2.138956295090999,0,-0.06979460620095557,0.0
2022-11-03,0.2501116490787325,2.217581244047748,0.0367006577657878,2.2818723152850167,-2.9663937113387107,0,0.015920754891358246,0.0
2022-11-04,4.533199824767209,2.152392765188884,2.027731618774093,2.234825275978437,2.449103985390977,0,-0.0651884788588637,0.0
2022-11-05,0.6385182519711208,2.547238959183883,0.1844323601852152,2.27806571058685,3.7675441226520334,1,0.394846193994999,0.0
2022-11-06,-1.6878487268053632,2.4535179807230207,-0.7566986262849236,2.314478287659985,2.130938597426102,0,-0.09372097846086236,0.0
2022-11-07,-1.558785986522615,2.4432045142725283,-0.7070676790273093,2.362787092683213,2.175195012489084,0,-0.01031346645049247,0.0
2022-11-08,-10.542864681146114,2.423702179647257,-4.419515619480184,2.4040112798031146,-8.617781317735762,0,-0.019502334625271178,0.0
2022-11-09,-15.488954817014822,4.258327095828393,-3.6769556268062975,2.8251981459310165,-28.639935959517796,2,1.8346249161811357,2.0
2022-11-10,10.203740901128455,6.570894318847937,1.5271918030352327,3.629929217863828,-19.07471331036046,2,2.3125672230195446,2.0
2022-11-11,-3.191845360130152,6.997081072298456,-0.4802817466568744,4.538641836178915,-20.578709943685247,2,0.4261867534505184,2.0
2022-11-12,-1.3898139747380966,6.641105655801302,-0.234680641189581,5.378222064484669,-20.40973793190073,2,-0.35597541649715403,2.0
2022-11-13,-2.689670498469887,6.237921506357971,-0.4582288273954053,6.141065929826811,-12.556543749224502,2,-0.40318414944333103,2.0
2022-11-14,1.606473240459927,5.91936329260509,0.2428890086004626,6.473273169182152,4.538884308250246,2,-0.3185582137528806,2.0
2022-11-15,1.590431717951546,5.56808028358999,0.2553315840952282,6.272710362130562,-4.074424874926663,2,-0.35128300901510023,2.0
2022-11-16,-1.2825680370736947,5.243667134021743,-0.2767706184915098,5.922027574475218,-2.1651475518702057,2,-0.3244131495682465,2.0
2022-11-17,0.1083919420649337,4.945824594811449,-0.0121987780908094,5.582971362277249,-0.6669416350671753,2,-0.29784253921029435,2.0
2022-11-18,0.0614627845701321,4.647033827940279,-0.0230818578418905,5.26479382659371,2.084191647972844,2,-0.29879076687116957,2.0
2022-11-19,0.0824292759679323,4.371278174900036,-0.0197415216676635,4.9551768030527,0.5601476834808494,2,-0.2757556530402434,2.0
2022-11-20,-2.543603029442032,4.116941272185311,-0.6588211511638614,4.664949000771764,-3.5738870639127285,2,-0.25433690271472464,2.0
2022-11-21,-3.1459062587073205,3.985857699959714,-0.8315979814116116,4.413387113959358,-5.437225285546354,2,-0.1310835722255974,2.0
2022-11-22,2.5174715080391152,3.9199582767231074,0.5991764155279341,4.208213850341689,-3.028145719572173,2,-0.06589942323660658,2.0
2022-11-23,2.5667956985737206,3.782829402108907,0.6339357356331488,4.035372965175414,-0.5228128055685843,2,-0.1371288746142003,2.0
2022-11-24,-0.0375863632257278,3.663178814122871,-0.0563202978799259,3.893753093019982,-0.6428284447622445,2,-0.1196505879860359,2.0
2022-11-25,-0.498837489510251,3.4663013855473306,-0.1925863835922474,3.7636251156923857,1.4019370951695365,2,-0.19687742857554058,2.0
2022-11-26,-0.3489989121623793,3.2926430985395743,-0.1572365590322005,3.624982195408358,4.198844441714478,1,-0.17365828700775632,1.0
2022-11-27,-0.1194466804580685,3.1309985649393117,-0.0920382533732526,3.467190253051599,1.561926253217294,1,-0.16164453360026254,1.0
2022-11-28,-1.3918848240971116,2.9801857676374754,-0.5236619139039047,3.3066615261573125,-2.396754269453538,1,-0.15081279730183628,1.0
2022-11-29,1.394046411034644,2.88814341565651,0.4242592128975034,3.1516544464640406,-0.9651214951931664,1,-0.09204235198096544,1.0
2022-11-30,4.305976658394428,2.78736731331291,1.484286509302577,3.015867632017156,3.8396926527115127,1,-0.10077610234360002,1.0
2022-12-01,-1.1802068595368809,2.9995781057161808,-0.449707182399878,2.957254633452478,3.008484705337011,1,0.2122107924032708,1.0
2022-12-02,0.7136986045805926,2.8937872570055747,0.1883254010771382,2.90981237186573,3.841629990375672,1,-0.10579084871060607,1.0
2022-12-03,-1.0614234867796668,2.768525051534597,-0.4443335070675629,2.8674802286451544,4.172091327693117,1,-0.12526220547097777,1.0
2022-12-04,1.305884246336575,2.680195166379377,0.4242822693765376,2.8258905787897275,4.083929162995048,1,-0.08832988515522011,1.0
2022-12-05,-0.9128269217153928,2.596423114890541,-0.4165545570310849,2.787701739105254,-1.1348744171147729,1,-0.08377205148883604,1.0
2022-12-06,0.6733035250819697,2.5187562298656507,0.2003284638370016,2.691537363935148,0.7186359675040777,0,-0.07766688502489005,0.0
2022-12-07,-1.4224977832437702,2.4286326489264445,-0.6551928480086365,2.598506442319322,-1.4175604203202852,0,-0.09012358093920625,0.0
2022-12-08,2.261420008103876,2.4005762895760663,0.8717469461053173,2.524916689927616,1.9052830745632576,0,-0.0280563593503782,0.0
2022-12-09,-0.583837050588798,2.4185085680257594,-0.3111678078429237,2.4725793702568923,0.0155617776378846,0,0.01793227844969314,0.0
2022-12-10,-0.0258464205314723,2.345869039900825,-0.0829421318901946,2.4224685552589493,0.9025422788218052,0,-0.07263952812493457,0.0
2022-12-11,-0.1433196797389513,2.2681186440238883,-0.1375786224121223,2.372341038090597,0.0859190740008841,0,-0.07775039587693655,0.0
2022-12-12,0.5959927912305929,2.1999029145312283,0.1942212220526705,2.3265950912115536,2.1044096484752477,0,-0.06821572949265997,0.0
2022-12-13,3.2864788730728733,2.1411313703309536,1.4561245318720717,2.274706107362531,3.1294685134442446,0,-0.05877154420027475,0.0
2022-12-14,0.1928930642170812,2.3272960729247427,0.0103846286362708,2.2564636083423277,3.906198628250124,0,0.18616470259378914,0.0
2022-12-15,-2.5628381021023827,2.250536391523425,-1.213738676327935,2.237397078666848,1.3692069466792134,0,-0.07675968140131761,0.0
2022-12-16,-4.218980898150093,2.363018942123315,-1.856822126436524,2.256377138286733,-2.7064542717319284,0,0.1124825505998901,0.0
2022-12-17,0.8827572352892332,2.708567799177426,0.2636198646136803,2.3581101152159727,-2.419689827673288,1,0.34554885705411076,1.0
2022-12-18,-0.2212331171358883,2.605304709485033,-0.1496784903851319,2.4509447830467885,-5.92740181788205,1,-0.10326308969239317,1.0
2022-12-19,-1.917645189485384,2.5043650122126717,-0.8330934740280246,2.486358570904374,-8.037940071584515,0,-0.10093969727236107,0.0
2022-12-20,2.7988705082472976,2.5076103883231267,1.048865310863944,2.537773370264314,-2.676231461234835,0,0.003245376110454945,0.0
2022-12-21,-0.5264509420177532,2.566215047226632,-0.2708954191279301,2.5784125912849776,1.0162984948975051,1,0.05860465890350541,1.0
2022-12-22,0.0761215411079874,2.4764823486515475,-0.0373931264705123,2.5319955011798023,0.2096628007162593,0,-0.08973269857508459,0.0
2022-12-23,-0.1985808428822011,2.384912455886352,-0.1540122786263021,2.4879170504600663,0.2323150749699465,0,-0.09156989276519534,0.0
2022-12-24,0.3019956154723502,2.305513540122236,0.0578051936715922,2.4481467560419787,2.451955879927681,0,-0.07939891576411595,0.0
2022-12-25,-0.0342509673970425,2.231417510518456,-0.0909627737585462,2.3929081804810446,-0.3811655957166593,0,-0.07409602960378026,0.0
2022-12-26,0.4609855984671895,2.165650183095507,0.1349528386326622,2.31279520765482,0.6062709447682835,0,-0.06576732742294888,0.0
2022-12-27,-1.2048246868378245,2.108063567308246,-0.65156936769454,2.2391114513861594,-0.6746752831775282,0,-0.057586615787260875,0.0
2022-12-28,-0.9895050300251284,2.104576421055917,-0.5503387651835053,2.1830442444200724,-1.4655994703204556,0,-0.003487146252329154,0.0
2022-12-29,0.540864482552017,2.087172688036152,0.1782983870534746,2.139376074002856,-1.2267306032407888,0,-0.017403733019765166,0.0
2022-12-30,-0.2391695878760202,2.039637108170524,-0.199983881944074,2.1010199935332694,-1.4316492237197664,0,-0.04753557986562784,0.0
2022-12-31,-0.3323665649558549,1.998233444571116,-0.2507672589958633,2.0675366458283917,-2.225001387142811,0,-0.04140366359940795,0.0
2023-01-01,0.4677606311577875,1.9639727507735945,0.1522606015113465,2.0387184825214604,-0.5524160691471991,0,-0.03426069379752161,0.0
2023-01-02,0.380570068470476,1.9291228594280456,0.1098142135748568,2.0036277701958864,0.8176590293484054,0,-0.034849891345548833,0.0
2023-01-03,-0.0516254899498136,1.897060874183408,-0.1161535993502422,1.9656054074253373,0.2251690568465747,0,-0.03206198524463755,0.0
2023-01-04,1.0934153962034898,1.8688959863310703,0.4947789733583262,1.931457183057447,1.5577540409260848,0,-0.028164887852337728,0.0
2023-01-05,-0.1572817718438202,1.868094518815408,-0.1745129742276921,1.9054293979063053,1.7328388340381196,0,-0.0008014675156624573,0.0
2023-01-06,0.6820792235552986,1.8451254431717183,0.2782218773698936,1.88165993638593,1.9471574264356304,0,-0.02296907564368955,0.0
2023-01-07,0.0183405828304117,1.8297072246265496,-0.0821904039720827,1.8617768094256308,1.5849279407955663,0,-0.015418218545168783,0.0
2023-01-08,0.7993082349020852,1.8088799329356589,0.3486042741961297,1.844140621176081,2.435861665647465,0,-0.020827291690890704,0.0
2023-01-09,0.6148589187306541,1.8021342463769308,0.2475586715331947,1.830788273185253,1.9573051881746293,0,-0.006745686558728092,0.0
2023-01-10,1.4418133870886862,1.7901435552426053,0.7111655512694609,1.8151980804706929,3.556400347107136,0,-0.011990691134325493,0.0
2023-01-11,2.7621150497731506,1.8232483174924456,1.4224009237352768,1.810822655334838,5.636436173324988,0,0.03310476224984038,0.0
2023-01-12,5.080318049018651,1.9979520097681287,2.45831384649502,1.844471612363154,10.698413639513229,0,0.17470369227568305,0.0
2023-01-13,5.3649212803669855,2.5480501630320367,2.0392833692923444,1.9923056583824292,15.264026684978129,1,0.550098153263908,0.0
2023-01-14,5.219244056084094,2.996785996238642,1.6853118986974875,2.2312360083547715,19.868411822331566,1,0.44873583320660515,1.0
2023-01-15,-0.4563152777363299,3.3129204661808944,-0.1886674439939021,2.535791390542429,17.97028315750655,1,0.3161344699422526,1.0
2023-01-16,1.373771995227635,3.1516581705001965,0.3823533426733512,2.8014733611439797,16.581940102961035,1,-0.16126229568069794,1.0
2023-01-17,-0.0383324379333416,3.024129101993502,-0.0684684382587885,3.006708779589054,11.463289616009044,1,-0.12752906850669454,1.0
2023-01-18,-2.2592831153300352,2.88203903742234,-0.8424618967946811,3.073506554467115,3.839085220312022,1,-0.1420900645711618,1.0
2023-01-19,1.9055334102898056,2.867763938659465,0.6056315961377805,3.0477021429512794,0.5253745745177341,1,-0.014275098762875249,1.0
2023-01-20,7.268455261104734,2.799093268906171,2.5364393466981747,2.944936703496335,8.250145113358798,1,-0.06867066975329372,1.0
2023-01-21,0.4447222994452104,3.5679950361740027,0.0773536223772494,3.0282040766310963,7.321095417576373,2,0.7689017672678315,2.0
2023-01-22,-0.2514790230431885,3.3795809056728503,-0.1243361214140352,3.0992944373669657,7.107948832466526,1,-0.1884141305011524,1.0
2023-01-23,0.9375442198569672,3.2088177797422506,0.2395957994054797,3.164650185830948,10.304776167653529,1,-0.17076312593059972,1.0
2023-01-24,-1.3077079200906283,3.0603618968160897,-0.4824373484716862,3.2031697774622727,7.091534837273095,1,-0.14845588292616085,1.0
2023-01-25,2.104318470132327,2.955247319589851,0.6549683671239589,3.2344005875990094,1.927398046300688,1,-0.10511457722623874,1.0
2023-01-26,-0.3687148593844114,2.890965466924573,-0.1859032300130687,3.098994673749123,1.113960887471066,1,-0.0642818526652782,1.0
2023-01-27,0.1993046474165538,2.765802383823346,0.0110563534192834,2.976238969379222,1.5647445579308084,1,-0.12516308310122692,1.0
2023-01-28,-0.2066314313093897,2.6463854050835303,-0.1418373867092303,2.863752494447478,0.4205689067644513,1,-0.1194169787398156,1.0
2023-01-29,3.1771335385045063,2.541232091157746,1.183838575862158,2.7599265333158094,4.905410365359586,0,-0.10515331392578409,0.0
2023-01-30,-4.0096914665952,2.63975969008369,-1.582877578237372,2.696829007414577,-1.208599571367941,1,0.09852759892594376,1.0
2023-01-31,1.301228853951386,2.887902935181158,0.3921544181356767,2.696216501065894,0.4613441419678565,1,0.24814324509746788,1.0
2023-02-01,2.494573459000371,2.7828120304569963,0.835790730660781,2.6996184303926243,2.7566129535516737,1,-0.1050909047241615,1.0
2023-02-02,-1.067474987736894,2.7717444295895075,-0.4460006966418184,2.72469023529382,1.8957693971241696,1,-0.011067600867488814,1.0
2023-02-03,-0.0961136247671134,2.6833887174465194,-0.0986955716919898,2.753121560551574,-1.3774777661474502,1,-0.0883557121429881,1.0
2023-02-04,-0.5022313742864881,2.5731731647739826,-0.2607505558680612,2.739804255489633,2.1299823261612616,1,-0.1102155526725368,1.0
2023-02-05,-1.6254488231275843,2.4820049499522328,-0.72287276539687,2.6586246584438475,-0.7966953509177088,0,-0.09116821482174986,0.0
2023-02-06,-0.8555376421284677,2.462949552222607,-0.4158682827982661,2.59465216279697,-4.146806452046548,0,-0.019055397729625945,0.0
2023-02-07,2.191019571493236,2.396810715515213,0.843743980127117,2.5196654199821107,-0.888311892816418,0,-0.06613883670739362,0.0
2023-02-08,-1.4063722484005226,2.4086328538098845,-0.653938272361518,2.464714247254784,-2.198570516449827,0,0.01182213829467127,0.0
2023-02-09,-5.007294792111772,2.381839699795225,-2.173118430820461,2.426447554259032,-6.703633934275111,0,-0.026793154014659315,0.0
2023-02-10,-0.7722817724904019,2.871660084768095,-0.3276873667098731,2.5043785812222046,-5.850466883637928,1,0.48982038497286995,1.0
2023-02-11,1.0095720621825066,2.7602529048358138,0.3046268339891181,2.563839251744846,-3.9853571793269538,1,-0.11140717993228133,1.0
2023-02-12,-0.3787160762945163,2.6560713622392425,-0.206109309731081,2.6156913810896523,-6.555092827114706,1,-0.10418154259657131,1.0
2023-02-13,0.0912849794238113,2.5534239413831714,-0.0303278974142249,2.644649598604309,-5.057435599290372,1,-0.10264742085607104,1.0
2023-02-14,1.8747466050136552,2.4542657769901064,0.6951250603073648,2.659134814043286,1.824605797835055,0,-0.09915816439306502,0.0
2023-02-15,8.9770007863196,2.4317075946132656,3.6222594554783822,2.57114431601232,11.573888356645057,0,-0.02255818237684082,0.0
2023-02-16,-2.855810148156479,3.750227133941241,-0.8064938466142979,2.7691391618334054,7.708506146306071,2,1.3185195393279754,2.0
2023-02-17,3.910624942609964,3.685223250947197,1.0153794570994017,2.9749695395749964,11.997847165210551,2,-0.06500388299404403,2.0
2023-02-18,0.307582364881398,3.701001952181571,0.0375188686475676,3.2044851417346765,12.214144550668138,2,0.015778701234374193,2.0
2023-02-19,-1.2809719094438066,3.500632083598584,-0.4141243162939453,3.4137584030563715,9.058426036210676,2,-0.2003698685829871,2.0
2023-02-20,2.040504474431515,3.3514126465560805,0.5585046405974071,3.5976994134449347,2.121929724322591,1,-0.1492194370425035,1.0
2023-02-21,-1.5946381537723653,3.240272031073968,-0.5442021829139498,3.4957083928714803,3.3831017187067047,1,-0.11114061548211263,1.0
2023-02-22,-1.018039688100281,3.133686151870382,-0.378712030930427,3.385400973056117,-1.5455629120035397,1,-0.10658587920358586,1.0
2023-02-23,-1.0027916762018307,3.007072629087498,-0.3895870766947308,3.2466151084373025,-2.8559369530867684,1,-0.12661352278288396,1.0
2023-02-24,-3.1792067406444247,2.892005222669455,-1.157650640868219,3.1248897362514767,-4.7541717842873865,1,-0.11506740641804303,1.0
2023-02-25,-0.0981248083164132,2.976709034060696,-0.0896459022484621,3.0499490137524,-6.892801067035315,1,0.08470381139124106,1.0
2023-02-26,1.6511545833870045,2.8394188069605857,0.5220891053408016,2.969778368929723,-3.647008329875945,1,-0.1372902271001104,1.0
2023-02-27,-0.1628652491694637,2.757550005006978,-0.1202481214630705,2.8945511395570427,-2.791833890945128,1,-0.08186880195360757,1.0
2023-02-28,-1.60927308751031,2.641180378608478,-0.6731831194430443,2.8213726894612385,-3.3983153022536072,1,-0.1163696263984999,1.0
2023-03-01,2.1336804939162235,2.601446862195655,0.7553317977383821,2.763261017366479,1.914571932307041,1,-0.03973351641282319,1.0
2023-03-02,-0.726135020948071,2.5814738013818976,-0.3466469344922837,2.6842139708307187,1.2865617196753831,1,-0.019973060813757382,1.0
2023-03-03,-4.856242572977187,2.4972388501318443,-2.0122094174071474,2.615777979464971,-5.220835436688809,0,-0.08423495125005331,0.0
2023-03-04,-0.0417303522119993,2.926593330065702,-0.0719113615216162,2.649586644476716,-5.099700539731344,1,0.42935447993385756,1.0
2023-03-05,0.3668954675324798,2.793304538018747,0.0709448275553704,2.680011476358769,-3.1235319846885545,1,-0.13328879204695498,1.0
2023-03-06,-0.0256584178192298,2.6721312393589507,-0.0727446967159326,2.694148351791428,-5.282870896424008,1,-0.1211732986597962,1.0
2023-03-07,-0.9406138966042475,2.5622879875845523,-0.4329485447196426,2.6903111890319598,-5.4973497720801845,1,-0.10984325177439835,1.0
2023-03-08,-2.2837315061131847,2.4895820592439644,-0.9850876197392956,2.6887798308543838,-2.9248387052161817,0,-0.07270592834058798,0.0
2023-03-09,-6.442451332853239,2.531310224195628,-2.611760592768582,2.6097232096803684,-9.32555968585742,0,0.04172816495166343,0.0
2023-03-10,-0.8669656883114385,3.2790190458909443,-0.3158538064554415,2.706866111254808,-10.55942084170134,1,0.7477088216953165,1.0
2023-03-11,2.181222124411164,3.132778408166558,0.6424001009429393,2.798995545016329,-8.352540299470945,1,-0.14624063772438634,1.0
2023-03-12,7.160391184532955,3.054387885706336,2.289056428778693,2.897415524640686,-0.2515352183337427,1,-0.07839052246022193,1.0
2023-03-13,8.77836343684848,3.722825410500314,2.312662434771099,3.144064194891956,10.810559724627922,2,0.668437524793978,2.0
2023-03-14,2.241616479750697,4.536398485423526,0.4569465243492738,3.545081847137536,19.494627537231857,2,0.8135730749232124,2.0
2023-03-15,-1.5069419825618269,4.324290979454172,-0.3875009682041428,3.754136233850181,18.85465124298147,2,-0.21210750596935402,2.0
2023-03-16,2.738772196964945,4.111428604670175,0.6250983503088244,3.949866273150905,19.41220131553525,2,-0.21286237478399705,2.0
2023-03-17,9.043081735478786,3.97047756606939,2.235085485066959,4.133084209223515,21.29489186648108,2,-0.1409510386007855,2.0
2023-03-18,-1.6843655914946964,4.769033013123732,-0.3885673563526083,4.342325729748199,10.832162838137904,2,0.7985554470543419,2.0
2023-03-19,3.901251239696357,4.52582210673692,0.8247178507894053,4.340210454010878,12.491797598083563,2,-0.2432109063868113,2.0
2023-03-20,-0.9728058677074714,4.436250697761309,-0.2573188271475808,4.362602397672306,13.02593371293792,2,-0.089571408975611,2.0
2023-03-21,1.4607259457310562,4.193919497610077,0.3080652806269177,4.379100576260285,11.747887461704032,2,-0.24233120015123255,2.0
2023-03-22,-3.130493478602503,3.976712094469876,-0.8296347231079646,4.380347481940383,-0.4256877523772573,2,-0.21720740314020093,2.0
2023-03-23,3.690243092144208,3.91044888170146,0.9005406386590759,4.208630655655929,4.948920931261647,2,-0.06626321276841596,2.0
2023-03-24,-3.011973318555583,3.873686722105618,-0.8211036424751867,4.078203578729668,-1.9643036269902936,2,-0.03676215959584184,2.0
2023-03-25,0.0051715836265842,3.808519608013592,-0.0429440811601404,3.9526573607801248,-0.986326175656238,2,-0.06516711409202625,2.0
2023-03-26,1.8008477903471487,3.5994477454668368,0.4534370122832166,3.833763010351477,-0.6462043310401455,2,-0.20907186254675514,2.0
2023-03-27,-3.0997440056031778,3.4500715818599987,-0.9473626522885624,3.728434907829501,-0.6154548580408203,2,-0.14937616360683803,2.0
2023-03-28,0.4714100093913487,3.445955577208393,0.087837769186639,3.635536246930888,-3.834287940793679,2,-0.004116004651605554,2.0
2023-03-29,3.885339931269094,3.268079027677726,1.1372475821482777,3.5144147080453094,3.063025309030998,1,-0.17787654953066712,1.0
2023-03-30,-1.116959874133272,3.340527459688731,-0.3848747984925044,3.4208162783803373,1.9408938512711416,1,0.07244843201100482,1.0
2023-03-31,1.5746414888454296,3.1987144690996465,0.439525485520454,3.340669623106899,1.7146875497694225,1,-0.14181299058908436,1.0
2023-04-01,-0.237123642140169,3.0761396748930343,-0.1319343865383445,3.2658832417135057,4.577307913232431,1,-0.12257479420661221,1.0
2023-04-02,-0.7480171844974848,2.931719753036119,-0.312697740744559,3.1630360768790515,3.3578807193435978,1,-0.14441992185691532,1.0
2023-04-03,-1.4613274150395483,2.8136338086034094,-0.5793406266403076,3.072147033064188,-1.9887866269650445,1,-0.11808594443270959,1.0
2023-04-04,1.3505585874638015,2.7437766037013342,0.4307324536175469,2.952796861866709,0.478731834632029,1,-0.06985720490207514,1.0
2023-04-05,0.0351205704706814,2.655592702241425,-0.0503105721708217,2.844172508495064,-1.0607890837427192,1,-0.08818390145990929,1.0
2023-04-06,-0.4761257346579839,2.5468887491571754,-0.2531915434643488,2.7383223233478926,-1.299791176260534,1,-0.10870395308424952,0.0
2023-04-07,-0.4226600896295451,2.4575904151217776,-0.2406361307253663,2.643496455765024,-0.9744340813925944,0,-0.08929833403539789,0.0
2023-04-08,0.0785183939658651,2.375832370803704,-0.0379684046382134,2.555936168205084,0.565411727612819,0,-0.08175804431807343,0.0
2023-04-09,1.369069252890753,2.294313257588804,0.5231823902631075,2.466043498982577,0.5839223930397708,0,-0.08151911321490024,0.0
2023-04-10,4.553364675738969,2.2564714070683967,1.943139941073917,2.386219239947972,5.102166498308058,0,-0.03784185052040723,0.0
2023-04-11,1.943948956433239,2.6279605546979563,0.675513943497591,2.402433601056128,7.522241189399281,1,0.37148914762955965,1.0
2023-04-12,-0.3180367816133511,2.589590614938297,-0.1879686069213128,2.4288336410194318,7.626864497415475,1,-0.0383699397596593,1.0
2023-04-13,0.859013376828166,2.4920603049858663,0.2769950697717866,2.452079227855864,8.407359480277776,0,-0.09753030995243073,0.0
2023-04-14,0.2845797962017116,2.40970115606946,0.0480785084643358,2.475156807551995,7.3228700235887345,0,-0.08235914891640617,0.0
2023-04-15,-0.5499737167522056,2.324893915278936,-0.3091318149194277,2.488841309194103,2.21953163109756,0,-0.08480724079052404,0.0
2023-04-16,-0.0103593122386058,2.2610157548020138,-0.0792052291680707,2.4154523492149145,0.265223362425715,0,-0.0638781604769223,0.0
2023-04-17,-2.912872327681981,2.1919033021923964,-1.405900197957089,2.3359148866657344,-2.329612183642915,0,-0.0691124526096174,0.0
2023-04-18,3.183646099781612,2.3627305756786905,1.276032558279513,2.3100489408042995,-0.0049794606894693,0,0.17082727348629412,0.0
2023-04-19,-5.319953662867327,2.492570037947045,-2.202015806208227,2.3266227171798164,-5.609512919758508,0,0.1298394622683543,0.0
2023-04-20,-2.021112661928015,3.013822455470317,-0.7265980836815386,2.4644084252180924,-7.0806518649343175,1,0.521252417523272,1.0
2023-04-21,-3.4910877271713048,2.962595963631812,-1.23533979350255,2.6047244669840524,-10.561380279867016,1,-0.051226491838504806,1.0
2023-04-22,1.962475655639828,3.075850869016225,0.583172193078539,2.781513980348818,-5.686032296545207,1,0.11325490538441318,1.0
2023-04-23,-0.8161741227379338,2.988406588262121,-0.3295733202367882,2.906649182865504,-9.685852519064753,1,-0.08744428075410404,1.0
2023-04-24,-0.2396548559570277,2.8674240916060234,-0.1424204448604612,2.9816199935973,-4.605553712154453,1,-0.12098249665609773,1.0
2023-04-25,2.802320777395373,2.741992910572564,0.9604677708930828,2.9272540846177493,0.2178797271689347,1,-0.12543118103345963,1.0
2023-04-26,0.4057925868579559,2.7668363030914134,0.0856818409603675,2.8881021525096693,4.114760041198196,1,0.024843392518849594,1.0
2023-04-27,3.631313286229521,2.648475745715785,1.3073891022251385,2.8026271278495813,5.783597671787888,1,-0.11836055737562834,1.0
2023-04-28,-0.4540602889752776,2.78853995388694,-0.2233373944957412,2.7626538009745456,6.145711505550544,1,0.14006420817115517,1.0
2023-04-29,-0.3132803227883229,2.675013763208069,-0.1801879632138317,2.724171735294955,6.072086038719249,1,-0.11352619067887115,1.0
2023-04-30,0.0694439488997389,2.569081871636269,-0.0386445488442664,2.689589527507695,3.339209210223615,1,-0.10593189157179994,1.0
2023-05-01,-4.105285621101551,2.468493826533775,-1.7314244556471767,2.629921032196168,-1.171868997735892,0,-0.1005880451024943,0.0
2023-05-02,2.074927029112139,2.7694559361290314,0.6882947821886636,2.6541170702788173,-2.728255254853273,1,0.3009621095952566,1.0
2023-05-03,1.1294600825028311,2.724349050245201,0.3526475888408115,2.641278889550469,-1.1447348833751647,1,-0.04510688588383038,1.0
2023-05-04,-0.5482697825375027,2.628241913055388,-0.2728039370154808,2.631924519519933,-1.3797243431243444,1,-0.09610713718981323,1.0
2023-05-05,2.352452363535207,2.5329847799485945,0.862116275647901,2.624705101182398,0.9032840715111234,0,-0.09525713310679329,0.0
2023-05-06,-2.155362050914711,2.541485369742483,-0.9144601174404188,2.63930340982414,2.8532076416979635,0,0.008500589793888569,0.0
2023-05-07,-1.5678412319992674,2.5625105122512752,-0.6776815870490716,2.5979143250485883,-0.789560619413443,1,0.02102514250879217,1.0
2023-05-08,-2.7097480312589184,2.5290583460241414,-1.1381599774308049,2.558856184204376,-4.6287687331751926,0,-0.03345216622713387,0.0
2023-05-09,-0.1282605113646084,2.6134816019180067,-0.1136359521030337,2.5559041219769,-4.208759462002298,1,0.08442325589386535,1.0
2023-05-10,-0.1339333611554138,2.510344347410423,-0.1205644636922942,2.5513760354692656,-6.695145186692919,0,-0.10313725450758371,0.0
2023-05-11,-2.273762787280376,2.4173412901355054,-1.0104025261226424,2.52654721954787,-6.813545923058584,0,-0.09300305727491764,0.0
2023-05-12,-0.7278017155924132,2.468699642000051,-0.3631574530626925,2.5077850454976254,-5.97350640665173,0,0.051358351864545515,0.0
2023-05-13,-0.0780461802257548,2.3962926796397324,-0.1029803834462998,2.481231912220744,-3.341804555618566,0,-0.07240696236031852,0.0
2023-05-14,0.5457011385946231,2.3139671349688244,0.1629133681825588,2.421329018830908,-2.6678429056593345,0,-0.08232554467090791,0.0
2023-05-15,0.968368817972376,2.242063865245027,0.3566552548278457,2.367672922397828,-1.5655407265315446,0,-0.07190326972379735,0.0
2023-05-16,-0.5754943306691018,2.190306376604436,-0.3397786252149564,2.322265939691614,0.1327277300797291,0,-0.05175748864059093,0.0
2023-05-17,1.3305949198469946,2.142167450528659,0.5423805504967196,2.256959501397336,2.191124365519137,0,-0.04813892607577719,0.0
2023-05-18,-2.0896322938492418,2.1203251634731712,-1.065099491119124,2.2017659981640234,0.1795382518956501,0,-0.02184228705548774,0.0
2023-05-19,0.2156270430170082,2.1975269301972182,0.0213431214877957,2.1784779572097026,-0.1505358436819648,0,0.077201766724047,0.0
2023-05-20,0.8865600285433928,2.134351793216604,0.3363246265454973,2.1569355428040176,-0.232344633110948,0,-0.06317513698061417,0.0
2023-05-21,-1.3947366814537787,2.0915532825510166,-0.7475122213094991,2.137184923993334,-1.0515869838956249,0,-0.042798510665587486,0.0
2023-05-22,0.3635895571143521,2.1049131109758226,0.0925760770480963,2.1297340560827664,-2.018592346628268,0,0.013359828424805986,0.0
2023-05-23,1.3848962643425722,2.052697454767214,0.5924746984729836,2.116208514341575,1.4559362115635466,0,-0.052215656208608685,0.0
2023-05-24,-3.327040018789696,2.045554051039899,-1.7089575197417337,2.0858139385101118,-2.086730850243157,0,-0.007143403727314812,0.0
2023-05-25,0.5354526205138654,2.3119438438207247,0.1586230836535822,2.1213323486309354,-2.4378382582726843,0,0.26638979278082564,0.0
2023-05-26,0.9139332662057242,2.2400636578437085,0.3326728259811856,2.1510344236894734,-0.1291683106131813,0,-0.07188018597701618,0.0
2023-05-27,0.5563330344848794,2.1864066254314407,0.1772808731931495,2.1673331265805973,0.0635751667573458,0,-0.053657032412267824,0.0
2023-05-28,4.430949975360043,2.128260768622493,2.002679878061015,2.182445789351653,3.109628877774817,0,-0.058145856808947904,0.0
2023-05-29,-1.217111210733357,2.5102503778755496,-0.5520708936928078,2.2753850547187837,5.219557685831155,0,0.3819896092530568,0.0
2023-05-30,-0.1570299422033017,2.458679753203383,-0.1324917979057605,2.304732236595315,4.527075123113988,0,-0.051570624672166776,0.0
2023-05-31,-1.7577792723265873,2.371143980884139,-0.8124788062770231,2.330948301203401,1.8553625845816768,0,-0.08753577231924403,0.0
2023-06-01,-1.4792581991187603,2.3777140600809425,-0.6930956020152252,2.3692097881333014,-0.1802286490219629,0,0.006570079196803746,0.0
2023-06-02,1.5891611065796951,2.3602244471773246,0.6018224874779763,2.415602523844268,-3.022017517802311,0,-0.017489612903617946,0.0
2023-06-03,-0.6422915434420418,2.32843993358886,-0.3483089645199117,2.3792404349869303,-2.447197850510996,0,-0.03178451358846468,0.0
2023-06-04,0.1621483975300819,2.2676219457235267,-0.002900201797494,2.3410288734909583,-2.1280195107776123,0,-0.06081798786533321,0.0
2023-06-05,-5.141034569889236,2.1970136797023474,-2.416807677493256,2.3062028132546004,-5.511274808340261,0,-0.07060826602117931,0.0
2023-06-06,5.58151185623359,2.7688943967116857,1.9548549427846225,2.384438880580749,1.5494952470120893,1,0.5718807170093383,1.0
2023-06-07,-3.332542412080919,3.202127847433907,-1.0934189818997515,2.5528195606320656,-3.3722082716485247,1,0.4332334507222213,1.0
2023-06-08,0.6138366063705547,3.258390433490523,0.1366047613639187,2.738809660612398,-2.116080121835928,1,0.05626258605661594,1.0
2023-06-09,-0.1050860137739917,3.0984956712738763,-0.0883690027665995,2.904984405722468,-2.383314533140002,1,-0.15989476221664667,1.0
2023-06-10,-2.404531467747262,2.950403341157841,-0.872171065773852,3.055662338013567,0.353188569001972,1,-0.14809233011603506,1.0
2023-06-11,0.3434076224344551,2.9411500322968744,0.0593926395264275,3.0901134651306044,-4.8849156647971625,1,-0.009253308860966758,1.0
2023-06-12,-0.1453165003054479,2.806272123397789,-0.1119069873730982,3.0109423203233807,-1.6976897530216917,1,-0.13487790889908524,1.0
2023-06-13,0.0626326955973866,2.6851187787834943,-0.0395111992862323,2.8962879893819755,-2.24889366379486,1,-0.12115334461429494,1.0
2023-06-14,-3.111535403261989,2.573475974789589,-1.274641921731286,2.791284050085117,-5.255343053282857,1,-0.11164280399390547,1.0
2023-06-15,1.7819375410116578,2.7019002576464493,0.5970659270908011,2.7415834333828397,-1.0688740445239375,1,0.12842428285686047,1.0
2023-06-16,2.8942773265370647,2.643368579870768,1.0310905518507785,2.682027142897618,1.481995659578672,1,-0.058531677775681246,1.0
2023-06-17,0.6934900793206467,2.6923637740243533,0.1949086990437251,2.6592454730229305,2.3208022392047667,1,0.04899519415358533,1.0
2023-06-18,-0.6602603438313537,2.585683892828358,-0.3206058191814281,2.639358495831904,1.5979091997760264,1,-0.10667988119599547,1.0
2023-06-19,1.9359247201741423,2.498508046088104,0.7073020093603173,2.6243649100916064,6.645369323212158,0,-0.08717584674025369,0.0
2023-06-20,5.352849528514092,2.475247563350617,2.094386293516233,2.5790343712324395,10.216281310714592,0,-0.023260482737487376,0.0
2023-06-21,5.827421320682014,2.9409993247040265,1.9240726491762732,2.638560520199092,13.14942530485954,1,0.4657517613534097,1.0
2023-06-22,-0.3837723579694696,3.3774555684138443,-0.163583888981268,2.7755788790769897,12.072162867569425,1,0.43645624370981784,1.0
2023-06-23,2.584590576815416,3.209089902314572,0.7528195505834392,2.9002600809742325,15.317013788216194,1,-0.16836566609927228,1.0
2023-06-24,-0.4793067902493675,3.1538217336947056,-0.2054750723856873,3.0313228184955525,12.901782277792684,1,-0.05526816861986639,1.0
2023-06-25,-0.2242660722428624,3.0071927869855246,-0.1306836837055303,3.1377118632225347,7.324666677035729,1,-0.14662894670918103,1.0
2023-06-26,-0.6884835938176792,2.8687649071652404,-0.2988075287904413,3.123264979714777,0.8087617625360366,1,-0.13842787982028426,1.0
2023-06-27,1.3682563415242657,2.7546198459678912,0.4354616788617813,2.998697835225587,2.560790462029772,1,-0.11414506119734913,1.0
2023-06-28,-1.9808917913037405,2.666190794587572,-0.8062501582559726,2.8901180136801865,-2.004691906089384,1,-0.0884290513803192,1.0
2023-06-29,1.186519753773041,2.654038651456617,0.3834890627690512,2.790161397232569,-0.3388653620669757,1,-0.012152143130955029,1.0
2023-06-30,0.1047243279165499,2.5674712006138827,-0.0249274970801049,2.702217079958241,-0.0098749619075633,1,-0.08656745084273432,1.0
2023-07-01,0.3695144363078384,2.466909997598638,0.0813931103000055,2.6218460980449203,1.0481230682179543,0,-0.10056120301524452,0.0
2023-07-02,0.1002809469143883,2.377023815117137,-0.0287939950047765,2.546326891874769,-0.2198523263919227,0,-0.08988618248150138,0.0
2023-07-03,1.7342426317959792,2.295301055258356,0.6820533060081134,2.472148944008926,3.495282096707797,0,-0.08172275985878086,0.0
2023-07-04,-1.2234379050443778,2.2819154866052664,-0.610085199030995,2.397724311038656,1.085324437890378,0,-0.013385568653089486,0.0
2023-07-05,-0.8595533521292609,2.257728664543984,-0.4554481355756975,2.335775803824676,0.1210467578445673,0,-0.02418682206128242,0.0
2023-07-06,-2.0020299639947226,2.2146725065210804,-0.9801697164596858,2.285328305609165,-2.2504976424579937,0,-0.043056158022903634,0.0
2023-07-07,1.4370909980298665,2.267433989416872,0.5593838873267277,2.263410340469112,-0.9136875913425158,0,0.052761482895791634,0.0
2023-07-08,-0.1640134545706217,2.2369141872952203,-0.1487488501944103,2.2517329668764847,-2.8119436777091167,0,-0.03051980212165173,0.0
2023-07-09,-0.4012544787340033,2.1723339670319493,-0.2623811283887762,2.229816662961821,-1.9897602513987425,0,-0.06458022026327104,0.0
2023-07-10,0.8029538805166325,2.120269198879622,0.2991266024515477,2.202324769828949,-0.3272530187528488,0,-0.05206476815232719,0.0
2023-07-11,0.6765948365584862,2.0760800691877104,0.2446292343551517,2.1746062823622747,2.35137178180036,0,-0.04418912969191169,0.0
2023-07-12,-0.7516669538967236,2.033034148086552,-0.452718373440054,2.127726314096211,0.16261382987377,0,-0.043045921101158235,0.0
2023-07-13,3.5059117999464817,2.011162291041981,1.659332444744866,2.0825759348455626,3.8325390843908735,0,-0.021871857044571286,0.0
2023-07-14,-3.6955452769761976,2.2592766924611065,-1.7104014964806384,2.099964479931394,0.5382482861486793,0,0.24811440141912566,0.0
2023-07-15,-0.1262140943858014,2.5383334742681427,-0.1161939737819299,2.1835773350090983,-0.3909196887537547,0,0.2790567818070362,0.0
2023-07-16,-0.1541791528486769,2.4424732158132354,-0.1322037472227798,2.2568559643342034,-1.2216936781609178,0,-0.09586025845490731,0.0
2023-07-17,-0.3418965294113008,2.356518413710232,-0.2166847011309605,2.3215528174589397,-0.811923253675495,0,-0.08595480210300321,0.0
2023-07-18,-0.9643886494909992,2.283076682884924,-0.4963099210633122,2.375935695827528,-5.282223703112976,0,-0.07344173082530814,0.0
2023-07-19,0.1919386950282486,2.2426985860568567,0.0103508052305669,2.3726200745466786,-1.3947397311085297,0,-0.04037809682806737,0.0
2023-07-20,-0.408362630764536,2.1747085961824664,-0.2653631804052621,2.299895098929543,-1.6768882674872645,0,-0.06798998987439031,0.0
2023-07-21,0.3910458253166382,2.122593045349876,0.1047402218859555,2.235919064836871,-1.1316632893219492,0,-0.05211555083259034,0.0
2023-07-22,-0.4589155219131058,2.068744269686953,-0.3033920092893782,2.1783642360322157,-1.2486822818237542,0,-0.05384877566292312,0.0
2023-07-23,1.0449658783391769,2.030235676517626,0.4315956663066074,2.1277960347587555,0.7606722460064219,0,-0.038508593169326755,0.0
2023-07-24,-3.0633538164858365,2.00652550287188,-1.610783800471494,2.08056141812176,-2.4946202655076632,0,-0.023710173645746124,0.0
2023-07-25,0.1728455480240143,2.2387294830968565,0.0018405927478151,2.0933655955046384,-1.913412086719113,0,0.23220398022497646,0.0
2023-07-26,0.4355653333464104,2.1711429489745417,0.1229031808796083,2.103075576229572,-1.8688925786893409,0,-0.06758653412231475,0.0
2023-07-27,-0.4927238584294002,2.1125902309500297,-0.3130984927943425,2.111844768482187,-1.9027009152056351,0,-0.05855271802451201,0.0
2023-07-28,0.3709444204535117,2.070215441024397,0.097680394838685,2.119840721383541,-2.5767223730913003,0,-0.042374789925632594,0.0
2023-07-29,0.1284060769071615,2.0219184778764983,-0.0199409038035446,2.122919316384465,0.6150375203016978,0,-0.048296963147898886,0.0
2023-07-30,-0.2783773787438548,1.9779488656658597,-0.2260434257315584,2.070763192898265,0.1638145935338286,0,-0.04396961221063855,0.0
2023-07-31,-0.1545062822442489,1.9446162431201672,-0.1662185236603421,2.0254578517273902,-0.4262570220568307,0,-0.03333262254569247,0.0
2023-08-01,1.5130233826088355,1.9124625044743484,0.7029149176470877,1.9854323064322537,1.5794902189814053,0,-0.03215373864581883,0.0
2023-08-02,-1.7807507516909735,1.933365807575828,-1.00833256842814,1.9580623797425405,-0.5722049531630802,0,0.020903303101479587,0.0
2023-08-03,0.091618077917488,2.006939567465737,-0.0384201308826577,1.955066597660388,-0.6089929521527537,0,0.07357375988990911,0.0
2023-08-04,-0.3590833546295968,1.964785190498464,-0.2686341061379838,1.9524338626269089,-0.6896989280384958,0,-0.0421543769672732,0.0
2023-08-05,-0.1100031889921027,1.9352454400290575,-0.1440272856351614,1.9505597020086871,-0.6451958347863496,0,-0.02953975046940638,0.0
2023-08-06,-0.0009347994529562,1.9034176146502335,-0.0891342797924241,1.948750724043864,-2.1591540168481416,0,-0.031827825378824004,0.0
2023-08-07,0.4765273802377123,1.8739148955522105,0.164256350272461,1.9368605416391405,0.0981241150805445,0,-0.029502719098023045,0.0
2023-08-08,1.984638697905261,1.8498965389524056,0.981629891669782,1.9054519359364743,1.9911447350683176,0,-0.02401835659980489,0.0
2023-08-09,-0.6877101417060771,1.9230670051857837,-0.4453485490467582,1.8971082988739385,1.6625179479918373,0,0.07317046623337808,0.0
2023-08-10,-0.4471948989328567,1.911710633622841,-0.3221825766270633,1.8924013375926951,1.3253262380510833,0,-0.011356371562942558,0.0
2023-08-11,-0.1083746921805683,1.891489513097765,-0.14649811644996,1.8900157172822007,1.2178863453234712,0,-0.020221120525076186,0.0
2023-08-12,0.0620603937134589,1.864824375263138,-0.0571981825605407,1.8881976132243867,0.8034193587992178,0,-0.026665137834626984,0.0
2023-08-13,-0.453334072444278,1.8394054438165304,-0.3381848375563635,1.886099394197212,-1.6345534115503213,0,-0.025418931446607562,0.0
2023-08-14,0.4277614074716496,1.8284328438866784,0.1416712949368775,1.8671725619373905,-0.5190818623725946,0,-0.010972599929852,0.0
2023-08-15,-0.8129120118754329,1.8091194015659704,-0.5426048550465137,1.8466543155260164,-0.8847989753151708,0,-0.019313442320707974,0.0
2023-08-16,-1.6193584838703146,1.8195995870724715,-0.9826796265217028,1.8322763303209575,-2.395782767004917,0,0.010480185506501094,0.0
2023-08-17,-7.362412009606345,1.894892641738875,-3.974439924717,1.838289983616105,-9.82025517032472,0,0.07529305466640346,0.0
2023-08-18,-2.333424865381062,3.121515416902764,-0.8015817607708169,2.094711978233352,-11.700345963261505,1,1.226622775163889,1.0
2023-08-19,0.1789155950790544,3.084197176052743,0.0033041455277481,2.345864844666565,-11.9491917756541,1,-0.03731824085002078,1.0
2023-08-20,0.3571869420106566,2.935963863753598,0.0641908388465666,2.57123373710409,-10.77909282176801,1,-0.14823331229914505,1.0
2023-08-21,-0.2501958864606024,2.8016533498163967,-0.1495262949861952,2.767644489652876,-9.409930224358298,1,-0.1343105139372014,1.0
2023-08-22,-0.3546469519251971,2.6825121100364133,-0.1951051436972632,2.925168383312383,-2.4021651666771504,1,-0.11914123977998337,1.0
2023-08-23,1.5248455549160769,2.5767502029141807,0.5262910601925105,2.816215340514666,1.456105253619988,1,-0.10576190712223266,1.0
2023-08-24,-1.023956576112539,2.515892779782257,-0.4740589680411056,2.702554461260569,0.2532330824283946,0,-0.06085742313192366,0.0
2023-08-25,-0.4393992436940053,2.4524922965118128,-0.2479617176910395,2.605860147812212,-0.5433531032762673,0,-0.06340048327044423,0.0
2023-08-26,-0.1506261986445878,2.371723123186222,-0.1346494261052997,2.519874102486177,-0.4437834154602527,0,-0.08076917332559086,0.0
2023-08-27,0.3118365040993609,2.292881354333785,0.0624155912192137,2.4419479513456515,0.2227000405643053,0,-0.07884176885243699,0.0
2023-08-28,0.0630587825121153,2.2201594936657485,-0.0475939573541733,2.370629809495965,-1.239086731839656,0,-0.07272186066803643,0.0
2023-08-29,6.024989257085167,2.154814771457352,2.717757635544392,2.298414207830984,5.80985910135805,0,-0.06534472220839671,0.0
2023-08-30,-1.5634289371323715,2.860294595238347,-0.6055858367837591,2.3799746675762905,4.685829407919684,1,0.7054798237809954,1.0
2023-08-31,-5.132914544958922,2.792132813194155,-1.898777693768456,2.464056605577877,-0.2964589383946503,1,-0.06816178204419199,1.0
2023-09-01,-0.5054814300672561,3.199104849696632,-0.2107484501185688,2.6453013046504465,-1.1137768725612671,1,0.4069720365024767,1.0
2023-09-02,0.2634986878476297,3.0490519291945746,0.0310830157292724,2.8110797917562125,-0.913336967225753,1,-0.15005292050205732,1.0
2023-09-03,0.3887765541687571,2.904096655275964,0.0757728207826266,2.9609361685199347,-6.549549670142163,1,-0.1449552739186104,1.0
2023-09-04,-0.6069712504034541,2.7729332364772223,-0.279738509017266,2.9434638967677094,-5.593091983413245,1,-0.13116341879874183,1.0
2023-09-05,-0.1257301424429258,2.6653293865186303,-0.1104760644989698,2.9181032114326046,-0.5859075808972491,1,-0.10760384995859207,1.0
2023-09-06,-0.1038013801593962,2.5571883106308926,-0.1065726516109666,2.789719903619457,-0.1842275309893892,1,-0.10814107588773769,1.0
2023-09-07,1.8732105501950256,2.459198591716416,0.6931061188646263,2.671749236123825,1.4254843313580068,0,-0.0979897189144765,0.0
2023-09-08,-1.2831149860508262,2.435910417884664,-0.5960153272322326,2.578111988645565,-0.2464072088615765,0,-0.02328817383175208,0.0
2023-09-09,-0.0385185563079204,2.3972178509584467,-0.0864516818937283,2.5029689115418097,0.3220454852339571,0,-0.03869256692621725,0.0
2023-09-10,-0.2453267904856559,2.314370577267046,-0.1789046893897607,2.4327771496914927,0.2024488371912269,0,-0.08284727369140077,0.0
2023-09-11,-2.626188106748195,2.2431473020431,-1.2459783907082889,2.3699689479739345,-2.319937889397572,0,-0.07122327522394611,0.0
2023-09-12,2.6305127952918284,2.365100967788732,1.040880651628327,2.351149423188397,-1.5626356443007694,0,0.12195366574563193,0.0
2023-09-13,1.5173852958685785,2.426538614651613,0.55579595105232,2.3492750625417878,1.2378646376186353,0,0.06143764686288122,0.0
2023-09-14,1.180083513097152,2.382266035802384,0.424536361231127,2.346284699510575,2.456466707023708,0,-0.04427257884922886,0.0
2023-09-15,0.259724140931894,2.3243279905716703,0.0391507491747782,2.3482761821715,2.961517638441258,0,-0.057938045230713886,0.0
2023-09-16,-0.1519910354119247,2.248061609455092,-0.1426633473193687,2.3492590436538983,5.435714709777528,0,-0.07626638111657824,0.0
2023-09-17,-0.1284074186649775,2.182099994490643,-0.1361680849586555,2.3126588489942805,2.6767944958207224,0,-0.06596161496444886,0.0
2023-09-18,0.8260511389751812,2.1228102533691637,0.3096490509026027,2.2519131767377907,1.985460338927325,0,-0.059289741121479445,0.0
2023-09-19,1.6931102662432806,2.079125009971542,0.7331859797555124,2.191284971571622,2.4984870920734537,0,-0.04368524339762159,0.0
2023-09-20,-0.291147889939225,2.0910153899593,-0.219928007665827,2.1446224514491483,1.9476150612023344,0,0.011890379987757882,0.0
2023-09-21,-2.102046771669741,2.0450221983026995,-1.1103897709900228,2.1040145692186694,-0.0024406750554817,0,-0.04599319165660054,0.0
2023-09-22,0.0449150540855924,2.136140330515845,-0.0579596307034826,2.09482263642371,0.1708817976950882,0,0.09111813221314558,0.0
2023-09-23,-0.0006686902016994,2.079906747082235,-0.0814429056554756,2.0862419351663246,-0.6558380314817924,0,-0.05623358343361007,0.0
2023-09-24,-1.2210127075315214,2.0302008656501407,-0.6845321021275327,2.076457106302044,-3.5699610052565944,0,-0.04970588143209431,0.0
2023-09-25,0.1585160786216732,2.0382638709931937,-0.0050086155657846,2.065906802508823,-3.120297036695696,0,0.008063005343053042,0.0
2023-09-26,-0.3093569595524315,1.9924141905110504,-0.2399510707173344,2.055385200950493,-1.3276072245783863,0,-0.04584968048214333,0.0
2023-09-27,0.515378285278878,1.9581994787726689,0.1770265645883237,2.019797030601858,-0.857143993385101,0,-0.03421471173838153,0.0
2023-09-28,2.5063206234960944,1.924904453478972,1.214395686236862,1.988796571881205,1.6498453203126928,0,-0.03329502529369677,0.0
2023-09-29,-0.4072674570299028,2.0452926985027857,-0.2816185752898117,1.9918149384517343,2.4635905708143118,0,0.12038824502381362,0.0
2023-09-30,0.2085958120686015,2.007798058543997,0.0198579997255344,1.9857217759618948,2.51367030426124,0,-0.03749463995878877,0.0
2023-10-01,3.697612085638191,1.9654239366208248,1.795483946803019,1.9803237251838497,6.520639349451862,0,-0.04237412192317214,0.0
2023-10-02,-1.6319145788514788,2.2565073461259653,-0.797976368530762,2.0399852986545093,4.373346485321505,0,0.29108340950514044,0.0
2023-10-03,-0.3668317065944393,2.267439295838411,-0.2361944888008643,2.1084922671263966,1.5001941552309717,0,0.010931949712445821,0.0
2023-10-04,1.337771930248266,2.2040463044968863,0.5304094424377424,2.140242988325217,3.2452335425091405,0,-0.06339299134152476,0.0
2023-10-05,-1.3890662255843012,2.175097010344183,-0.7161938878813068,2.173702778685254,1.6475715048562378,0,-0.02894929415270342,0.0
2023-10-06,1.91718837881556,2.1767133336999342,0.8032584690747725,2.215960658101076,-0.1328522019663935,0,0.0016163233557513479,0.0
2023-10-07,0.079556522018187,2.1940384151487957,-0.0406412377008776,2.203466871905642,1.5786188989032723,0,0.017325081448861468,0.0
2023-10-08,-0.1207428683061451,2.13138357332688,-0.1358121694761025,2.176255727403336,1.8247077371915663,0,-0.0626548418219155,0.0
2023-10-09,-1.2659387727927296,2.0774874258893603,-0.6905763730202432,2.150943951681831,-0.7790029658494291,0,-0.053896147437519915,0.0
2023-10-10,-0.7009006012591357,2.082574943725632,-0.4175722764034225,2.1324395383581205,-0.0908373415242635,0,0.005087517836271704,0.0
2023-10-11,-1.90812208422706,2.0522430799481146,-1.011988815210269,2.1075454876077564,-3.916147804566883,0,-0.030331863777517398,0.0
2023-10-12,-0.434538164717857,2.1202986082721984,-0.2845180019160385,2.092797526232437,-4.430242491302927,0,0.06805552832408379,0.0
2023-10-13,0.3938005783231446,2.0750867167788103,0.1084656451849043,2.081538154922823,-3.915699044673637,0,-0.04521189149338811,0.0
2023-10-14,-0.0024866641728849,2.026513990330329,-0.0844857838450367,2.0713434678110167,-2.6522469360537926,0,-0.04857272644848143,0.0
2023-10-15,1.103076031587058,1.9827977572973032,0.4712286310468396,2.051388030525352,-0.8482703032075989,0,-0.04371623303302563,0.0
2023-10-16,4.8854397304765484,1.967875861459367,2.3968558505542874,2.034514586827602,5.945291511496009,0,-0.014921895837936239,0.0
2023-10-17,-0.364339943277514,2.486327241617181,-0.2143985285315455,2.107720313496598,6.015489732936352,0,0.5184513801578141,0.0
2023-10-18,-0.3080719749686267,2.400134749233975,-0.198654235514863,2.1727299199876318,5.313617179644581,0,-0.08619249238320625,0.0
2023-10-19,1.3724231161472034,2.3213829645349056,0.5185263163225035,2.2317037148285466,6.688526959964669,0,-0.0787517846990693,0.0
2023-10-20,3.2985768982552344,2.280569657514645,1.3723991850759898,2.2912580948720147,8.884027826632845,0,-0.04081330702026076,0.0
2023-10-21,0.790129991607813,2.4412664419583203,0.2545420778963528,2.3859362109718054,4.78871808776411,0,0.16069678444367552,0.0
2023-10-22,0.2519829955234698,2.362031448464436,0.0352484878236866,2.361077052341256,5.405041026565094,0,-0.07923499349388452,0.0
2023-10-23,9.812340552916154,2.281882728056837,4.226166172156961,2.337426648105829,15.525453554449877,0,-0.0801487204075988,0.0
2023-10-24,2.434275178777412,3.892741915454996,0.5819934301345793,2.6516984382898467,16.587305617080084,2,1.6108591873981588,2.0
2023-10-25,1.7581001125126503,3.752712643781977,0.4235270068900812,2.9461270355433133,15.0468288313375,2,-0.14002927167301893,2.0
2023-10-26,-1.0083818433932024,3.586892396310851,-0.3281689752881833,3.175252226413819,13.248316996336484,2,-0.1658202474711259,2.0
2023-10-27,-0.7253169256571823,3.418116673406526,-0.2615597915033363,3.386469271402237,12.271017075155832,1,-0.16877572290432497,1.0
2023-10-28,0.5287514961398898,3.2546339147217163,0.110619672381054,3.581019508735213,2.987428018379568,1,-0.16348275868480977,1.0
2023-10-29,1.3082482218138125,3.093844699797049,0.3683194774176794,3.421240065603624,1.861401061415968,1,-0.16078921492466725,1.0
2023-10-30,-0.104625577652051,2.9690071184497264,-0.0920679963097858,3.264498960537173,-0.0013246287487334,1,-0.12483758134732259,1.0
2023-10-31,0.4782938801692893,2.8324797216163216,0.1092925463980131,3.113616425598268,1.4853510948137585,1,-0.13652739683340487,1.0
2023-11-01,2.1952875620689483,2.7088404067207787,0.7481291988512248,2.9717611722611186,4.405955582539889,1,-0.1236393148955428,1.0
2023-11-02,-1.4181643038138958,2.680697149452225,-0.591968870079661,2.8569738192072203,2.4590397825861032,1,-0.0281432572685536,1.0
2023-11-03,-0.5911206955145687,2.622792318076412,-0.289708662424692,2.7627633428630927,0.559670865257722,1,-0.05790483137581326,1.0
2023-11-04,1.0022958693683748,2.5294591922924283,0.3295451111191124,2.674853757631633,1.666592312278148,0,-0.09333312578398356,0.0
2023-11-05,-0.0936521316994287,2.448217547783058,-0.1071706600216659,2.59800132286498,1.0946463004094298,0,-0.08124164450937021,0.0
2023-11-06,-0.0341987012507871,2.360857973728609,-0.0859533535189357,2.5284048362665468,-1.1348399629103056,0,-0.08735957405444905,0.0
2023-11-07,1.1526405303600384,2.281657393470963,0.4312284457791248,2.448596885070294,1.4359648712636286,0,-0.07920058025764609,0.0
2023-11-08,0.595552529347465,2.2336500755246487,0.1910897213719136,2.370768436559941,2.6226380961256623,0,-0.0480073179463143,0.0
2023-11-09,2.869223982446556,2.1712351284257934,1.2437616674115748,2.2991236237866146,4.489566209203844,0,-0.06241494709885531,0.0
2023-11-10,1.6778346050335458,2.2936611087827004,0.6579479594792272,2.2682123359865427,6.261052945936818,0,0.122425980356907,0.0
2023-11-11,-0.472568231840853,2.276280649846825,-0.2817285252840474,2.2512968712101857,5.822683415346752,0,-0.017380458935875254,0.0
2023-11-12,-0.2251742592081385,2.215046094309645,-0.1778289034224408,2.2379746113779224,4.444868625778575,0,-0.061234555537180047,0.0
2023-11-13,-1.5013537055029502,2.153936945283724,-0.7753609816354525,2.2220319853297377,2.34796239092816,0,-0.06110914902592102,0.0
2023-11-14,-2.678435783979438,2.1676260379698635,-1.313492591839833,2.221310167238552,-3.199697375497834,0,0.013689092686139492,0.0
2023-11-15,6.384619927627711,2.310225565671318,2.690600892492658,2.224623058616275,1.5070879470963303,0,0.14259952770145468,0.0
2023-11-16,-4.662975619066501,3.043518920234367,-1.587537552573368,2.378070712693784,-2.683319440129317,1,0.7332933545630489,1.0
2023-11-17,1.2148746966680335,3.313855717482005,0.3156895855109323,2.5978326373282554,-1.243270484253145,1,0.27033679724763804,1.0
2023-11-18,-0.0300085015664919,3.1648138343046126,-0.0627946763204366,2.800008015132433,0.2280747196833132,1,-0.14904188317739253,1.0
2023-11-19,2.1653391391504684,3.010228606435778,0.6632765950428686,2.968528528825616,5.07184964281322,1,-0.15458522786883444,1.0
2023-11-20,0.2415334454994422,2.9442914876488637,0.0247286951824449,3.095341713221125,-1.0712368393150484,1,-0.06593711878691444,1.0
2023-11-21,-4.539262192194826,2.8086341789215656,-1.6762550232781344,3.048364764958565,-0.947523412443374,1,-0.1356573087272981,1.0
2023-11-22,4.4201389467836805,3.1077745673951225,1.3679930431936151,3.0071485349411886,2.257740837672273,1,0.29914038847355684,1.0
2023-11-23,-0.3819999415433983,3.2775935574029207,-0.1680272098023296,3.02970447956085,1.9057493976953663,1,0.1698189900077982,1.0
2023-11-24,1.148288092363181,3.1178879909302424,0.3141752161846635,3.051236356459743,0.8886983509080792,1,-0.1597055664726783,1.0
2023-11-25,0.2026342935600666,2.984492556125009,0.0113618426413458,3.059276570154972,0.8497991989687037,1,-0.1333954348052333,1.0
2023-11-26,-0.844024984109204,2.845142110630642,-0.3559575949117805,3.066578156496788,4.545036407054326,1,-0.13935044549436704,1.0
2023-11-27,-0.6020176743920302,2.7391419398124777,-0.2813810492850551,2.992851630980258,-0.4771202141213848,1,-0.10600017081816437,1.0
2023-11-28,1.5367313611232447,2.6346676169705856,0.5192330119892355,2.864266442893791,1.4416110885452582,1,-0.10447432284189206,1.0
2023-11-29,0.0724175028494755,2.5681242041097554,-0.0375010896161136,2.754313685529694,0.3657404990315527,1,-0.06654341286083021,1.0
2023-11-30,-0.3857188998471983,2.4676157610353533,-0.2246880844964585,2.6509383265117625,-0.2226126943757123,0,-0.1005084430744021,0.0
2023-12-01,2.555073011462916,2.3838541929249706,1.001046146099137,2.5586807429706284,3.176485301196408,0,-0.08376156811038271,0.0
2023-12-02,2.015244313871989,2.434131448921894,0.7585947570402282,2.497678644792512,5.793747289460427,0,0.050277255996923564,0.0
2023-12-03,1.2637770520489866,2.4254682042496385,0.4514807043676148,2.455838762248322,5.520792980386169,0,-0.008663244672255654,0.0
2023-12-04,4.885656688656326,2.3669057650233096,1.9928684105582744,2.415595074431033,10.33403216619302,0,-0.058562439226328866,0.0
2023-12-05,4.882523455973065,2.771880074779162,1.7005780805922892,2.4764479371797945,15.602274522013282,1,0.40497430975585225,1.0
2023-12-06,-0.7610515703399656,3.0799822136691524,-0.3018772397407575,2.6156735413286314,12.2861499402104,1,0.3081021388899905,1.0
2023-12-07,-1.0427160036986294,2.948353804017914,-0.4108872418299411,2.718518012347835,9.228189622639782,1,-0.13162840965123834,1.0
2023-12-08,1.9985683234800435,2.840895688511231,0.6441079030486562,2.8016035092001537,9.96298089407084,1,-0.10745811550668316,1.0
2023-12-09,-1.0026349184727223,2.781805634906749,-0.4210789792598484,2.8845834831768418,4.074689286941791,1,-0.05909005360448205,1.0
2023-12-10,0.1227688266421722,2.6892065188879783,-0.0170891048374884,2.8680487719986045,-0.6850653423891018,1,-0.09259911601877047,1.0
2023-12-11,-5.96686466968368,2.5769820164287376,-2.380920623171317,2.767448732550522,-5.890878441732816,1,-0.11222450245924076,1.0
2023-12-12,0.4991678164291357,3.207021710543541,0.1030372998628764,2.8191823138556478,-4.348994621605051,1,0.6300396941148034,1.0
2023-12-13,3.4162749571038376,3.050015821392993,1.0647649679559763,2.861006340432,-2.931287987981257,1,-0.15700588915054814,1.0
2023-12-14,0.3101461159202401,3.0988040331395985,0.0456373348023079,2.9244060200785698,-1.6185069535882946,1,0.048788211746605636,1.0
2023-12-15,-2.57616788095838,2.949655519643132,-0.930580815777288,2.9764958202296,-4.317443661188847,1,-0.14914851349646652,1.0
2023-12-16,0.7374628549158047,2.957589667250233,0.1922977695115741,3.0526173503939,2.386883863410638,1,0.007934147607100872,1.0
2023-12-17,-2.094342240847169,2.8269561060924766,-0.800531424857661,2.9766042295036863,-0.2066261938656666,1,-0.13063356115775626,1.0
2023-12-18,2.9979669511789098,2.804582787347905,1.0087924682306193,2.927517622694669,-0.6249341997905944,1,-0.022373318744571602,1.0
2023-12-19,-0.8316570718614358,2.841605885832923,-0.3520481273008459,2.8760779932333334,-1.7667373875722705,1,0.03702309848501795,1.0
2023-12-20,3.216473724475044,2.7354515460901085,1.1141666062622122,2.8332371985227294,4.025904217861154,1,-0.10615433974281441,1.0
2023-12-21,0.4956565640048538,2.8078692534435112,0.1164340557633891,2.803293115761385,3.784097926950203,1,0.0724177073534027,1.0
2023-12-22,0.2930565787194084,2.6867373556028085,0.0462760603253705,2.775249365663451,6.17149674651678,1,-0.12113189784070277,1.0
2023-12-23,-0.5889392398977122,2.5750318816379623,-0.2942348807692714,2.729339184521463,2.5845905554401583,1,-0.1117054739648462,1.0
2023-12-24,-1.667770259648016,2.4864298883503726,-0.7386072806740386,2.658303985024953,1.748477367653578,0,-0.08860199328758966,0.0
2023-12-25,1.378363164697305,2.4702572192001044,0.4896810730972755,2.605265119646952,-0.0896331921241611,0,-0.01617266915026816,0.0
2023-12-26,-2.5374479539831185,2.41282460778052,-1.1215787935972463,2.5262561905143537,-3.1227377101121334,0,-0.05743261141958422,0.0
2023-12-27,2.146239120433968,2.495089275291108,0.7925624871399204,2.4879265744520134,-1.2695551683975737,0,0.08226466751058759,0.0
2023-12-28,-1.893848326303349,2.489780550633527,-0.8284156949300739,2.4708763082511265,-2.5744642548032104,0,-0.005308724657580921,0.0
2023-12-29,-1.2474379352008569,2.4927873900891195,-0.5681041630763921,2.4721478085988755,-2.1541319303560518,0,0.003006839455592658,0.0
2023-12-30,0.1364883236682601,2.445130004731157,-0.013184016818112,2.4671223657050865,-3.396006771385096,0,-0.04765738535796249,0.0
2023-12-31,0.2565328952055523,2.3564909480354173,0.0372621573215253,2.455855633756066,-0.6020259221964253,0,-0.08863905669573979,0.0
2024-01-01,4.40216648373255,2.276924327132849,1.8592807299354923,2.412222644124414,1.6539014411021569,0,-0.07956662090256827,0.0
2024-01-02,1.77426040136055,2.6158656358339134,0.6137683146235507,2.437439661164491,5.322010168766056,1,0.3389413087010644,1.0
2024-01-03,-4.806495357875562,2.566627917387497,-1.9384267906322836,2.452207766624167,1.7629527460913508,1,-0.049237718446416334,1.0
2024-01-04,3.060735771828682,2.969003436736451,0.97406785632909,2.5569824530252254,4.687200194251773,1,0.40237551934895377,1.0
2024-01-05,-0.0390082845152406,2.98970039522153,-0.0694829634502403,2.683624342462448,4.39165901453098,1,0.020696958485079353,1.0
2024-01-06,-0.3936304127510226,2.8506974385012454,-0.1972693993859226,2.798378964736128,-0.4041378819525931,1,-0.13900295672028484,1.0
2024-01-07,-0.1048480800776019,2.729838480523288,-0.1002158335749836,2.8211735336740023,-2.283246363390745,1,-0.12085895797795754,1.0
2024-01-08,6.662426635587337,2.615334629269268,2.4829333899152286,2.8309148760503566,9.185675630072154,1,-0.11450385125401974,1.0
2024-01-09,-1.7845417106437722,3.310179201808188,-0.5900788296748118,2.899150029064704,4.3403981475997,1,0.6948445725389201,1.0
2024-01-10,1.052203275194863,3.2086414633030684,0.2753434207361637,2.942938242681012,5.431609707309804,1,-0.10153773850511971,1.0
2024-01-11,-0.5574241147522585,3.0636179008189077,-0.2370233811896922,2.985522335144544,5.267816005308568,1,-0.1450235624841607,1.0
2024-01-12,-7.884262883299442,2.927164919331604,-2.7511220119129423,3.024987622906208,-2.511598797913273,1,-0.13645298148730367,1.0
2024-01-13,-0.0251708664185557,3.8681080269318895,-0.0501267864913939,3.275542302438731,-9.199196299919166,2,0.9409431076002854,2.0
2024-01-14,-2.472077535535888,3.6543463690563223,-0.7226470147083895,3.3443757358883586,-9.886732124811282,2,-0.21376165787556722,2.0
2024-01-15,1.6978564046420177,3.5671551579877496,0.4286697320818257,3.4160784748252944,-9.241078995364129,2,-0.08719121106857264,2.0
2024-01-16,1.5011364505806313,3.415578221181834,0.3900983685703715,3.48647053889788,-7.182518430031237,1,-0.15157693680591544,1.0
2024-01-17,-0.9599712825862028,3.268848462843171,-0.3452886403848755,3.554807247600193,-0.2582268293179979,1,-0.14672975833866309,1.0
2024-01-18,-3.5253906004379942,3.127096151930128,-1.1813245834896997,3.406604872599841,-3.758446563337437,1,-0.1417523109130432,1.0
2024-01-19,0.8599127738074586,3.21841159552035,0.2147605408818451,3.319417917892647,-0.4264562539940897,1,0.09131544359022215,1.0
2024-01-20,0.1132983453546288,3.0670533549668546,-0.0180716169572721,3.219397557288468,-2.0110143132814784,1,-0.15135824055349545,1.0
2024-01-21,-0.2879434924556889,2.920390886703973,-0.1563723723793025,3.120360090392896,-3.800094256317799,1,-0.14666246826288143,1.0
2024-01-22,-5.030891028125595,2.790916229915718,-1.8630498225508267,3.0247736438074044,-7.871014001857191,1,-0.12947465678825498,1.0
2024-01-23,0.8523584257922323,3.1796321583221063,0.2150039479346189,3.0352808450858006,-3.493264975626964,1,0.38871592840638813,1.0
2024-01-24,0.5793705727986875,3.031554767435959,0.13545709892383,2.9979094794689223,-3.773807176635735,1,-0.14807739088614724,1.0
2024-01-25,-0.358115728949393,2.891204868651076,-0.1822218457899535,2.962739782205767,-4.245221250939757,1,-0.14034989878488302,1.0
2024-01-26,4.607657449481728,2.765794375987869,1.6049394449734362,2.9318204800625454,0.65037969099766,1,-0.12541049266320714,1.0
2024-01-27,0.7224112855396925,3.029721790289724,0.1827515412607039,2.9795815921373467,6.403682004662947,1,0.2639274143018553,1.0
2024-01-28,-0.2007256017307668,2.8921714666668903,-0.1277415826695952,2.922089453806304,5.350597977139948,1,-0.13755032362283393,1.0
2024-01-29,2.9364415736914395,2.763854527054061,1.0013973556952682,2.868549405729924,7.7076689780327,1,-0.1283169396128292,1.0
2024-01-30,-0.7783744989936281,2.799974054081498,-0.3382529407321312,2.8503032428160084,7.287410207988465,1,0.03611952702743704,1.0
2024-01-31,-0.8651552809046947,2.6958087862457227,-0.3835139365049768,2.8363061248675794,1.8145974776020424,1,-0.1041652678357754,1.0
2024-02-01,1.1514890294240132,2.605667770335772,0.3771639968223064,2.7514953208767885,2.243675221486363,1,-0.09014101590995072,1.0
2024-02-02,0.2552374530244705,2.522568631089045,0.0342953976296831,2.67757475376122,2.6996382762416005,0,-0.08309913924672685,0.0
2024-02-03,-0.4493245492151132,2.426447603982301,-0.2547137251073844,2.610093369146868,-0.6861278466649523,0,-0.09612102710674408,0.0
2024-02-04,-0.955108622874512,2.348643420133798,-0.4785032806655662,2.519827242357328,-0.8628619705458362,0,-0.07780418384850307,0.0
2024-02-05,0.1761707531647616,2.300209489531082,0.0032370070750265,2.4407073830143995,0.1784640635236201,0,-0.04843393060271595,0.0
2024-02-06,0.9936804708699398,2.2262223801552103,0.3705629408142589,2.364818304978287,0.0206555049695467,0,-0.07398710937587172,0.0
2024-02-07,2.822864621028032,2.177279768720733,1.2190163617854095,2.295760532504625,2.588282672973108,0,-0.048942611434477534,0.0
2024-02-08,2.1945671282114887,2.292658122039917,0.8836215700733729,2.269002636116148,5.23217435039971,0,0.11537835331918433,0.0
2024-02-09,3.9932995408412,2.3193063833007077,1.6490165377051964,2.26313522874953,10.180582514115422,0,0.026648261260790562,0.0
2024-02-10,1.3149960695063356,2.5783682979756204,0.4445722946691567,2.3187669904384376,11.319407830456996,1,0.2590619146749127,1.0
2024-02-11,1.0881064258583706,2.5057862486715536,0.3669033891349176,2.3746797641417063,11.413833785445426,0,-0.07258204930406675,0.0
2024-02-12,3.3881478531652576,2.430416426851768,1.32463838658399,2.4253070957679133,11.979117017582652,0,-0.0753698218197858,0.0
2024-02-13,-0.4328588760117213,2.5759043264533656,-0.2335427712150778,2.4819563366506032,9.351691013359442,1,0.1454878996015978,1.0
2024-02-14,4.104684951040838,2.482499801792365,1.5854825001097554,2.5145950203489345,9.46307642355908,0,-0.09340452466100047,0.0
2024-02-15,0.2156009229107525,2.7246239103414824,0.017204563154469,2.543846142822107,8.363681276963497,1,0.24212410854911726,1.0
2024-02-16,0.4258432609761442,2.609073867380935,0.0985477281488932,2.5645036665639838,7.701418112081271,1,-0.11555004296054738,1.0
2024-02-17,-0.9578029497786744,2.505875036805768,-0.4495547032495932,2.5795953885547838,3.355467309137339,0,-0.10319883057516721,0.0
2024-02-18,0.8855834280712571,2.4401049888638995,0.2937818137210222,2.55243552103689,4.673909613220317,0,-0.06577004794186836,0.0
2024-02-19,-0.6610163694045212,2.363975220726243,-0.3509940886447703,2.5287306048236653,-0.0917917072250418,0,-0.07612976813765648,0.0
2024-02-20,0.971967933731932,2.300049291777318,0.3492285916786312,2.443815681110833,0.6645753035961377,0,-0.06392592894892513,0.0
2024-02-21,-0.8560904315229934,2.242024111770246,-0.457093830934285,2.3704057299886947,-0.6173583889029999,0,-0.058025180007071686,0.0
2024-02-22,-1.0358547640015203,2.200603392651845,-0.5473861063728723,2.3093514011579104,-0.6954102031258458,0,-0.041420719118401284,0.0
2024-02-23,-1.1231806115512557,2.174212295371069,-0.5941947679510635,2.256172862459344,-2.7041742427483584,0,-0.02639109728077571,0.0
2024-02-24,1.640559413021769,2.1566330924588493,0.6824686403056979,2.214704436805865,-0.4025984603220678,0,-0.017579202912219927,0.0
2024-02-25,0.3139013368237187,2.154043698817298,0.0673971368966763,2.185503318213861,-1.0606650572302811,0,-0.0025893936415513075,0.0
2024-02-26,5.251118765694507,2.0960228063212907,2.4247798218576926,2.1563030571240707,5.046544139987219,0,-0.05802089249600728,0.0
2024-02-27,4.593621644047374,2.6513284131099595,1.6689357166749272,2.2464480612156934,10.676020548036114,1,0.5553056067886688,1.0
2024-02-28,9.069529297704191,2.937224960127863,3.0303447845355427,2.399050594167052,20.86873045729156,1,0.28589654701790357,1.0
2024-02-29,-2.1122414270019263,4.074408723763585,-0.5598275824591485,2.7826057204279997,17.115929617267867,2,1.137183763635722,2.0
2024-03-01,2.009546578842425,3.9175004405413727,0.4698969784455032,3.1352970687728146,18.811574859286573,2,-0.1569082832222124,2.0
2024-03-02,-0.6600547312091365,3.749410304895858,-0.221042676737739,3.465974568487728,12.90040136238293,2,-0.16809013564551467,2.0
2024-03-03,1.8172204659013147,3.5554437839740776,0.4636539366924294,3.646797642660552,10.12400018423687,2,-0.19396652092178046,2.0
2024-03-04,7.85670808490071,3.4111086924773706,2.253807726233457,3.741574389130453,8.911178971433387,1,-0.14433509149670698,1.0
2024-03-05,-6.858298181492017,4.121896278339423,-1.704803485034825,3.7510719000456207,4.165122216943296,2,0.7107875858620525,2.0
2024-03-06,3.5499700200865902,4.534663983044016,0.7456440155117583,3.874504608546149,5.705545658187461,2,0.412767704704593,2.0
2024-03-07,1.2308140052516237,4.41292251625213,0.2406770213088952,4.007207050817404,7.596414394648221,2,-0.12174146679188613,2.0
2024-03-08,2.033131223698703,4.170186620915701,0.44707981546308,4.130155618205729,7.812325152445609,2,-0.2427358953364287,2.0
2024-03-09,0.2906296632019689,3.980135201232897,0.0306282822732004,4.243960919956834,0.2462467307468685,2,-0.19005141968280403,2.0
2024-03-10,0.7575825657205826,3.756971864822416,0.1567372948573599,4.170976037253432,7.8621274779594685,2,-0.22316333641048125,2.0
2024-03-11,4.3992298582747225,3.557089165359744,1.189316517758353,3.975461073716578,8.7113873161476,2,-0.1998826994626719,2.0
2024-03-12,-0.8949836049348292,3.649953942505114,-0.2914306811712446,3.8228673589671742,6.585589705961148,2,0.09286477714536989,2.0
2024-03-13,2.2166899064075096,3.471535042205983,0.5899306568235089,3.683137043225231,6.769148388669954,2,-0.178418900299131,2.0
2024-03-14,-2.335246145838177,3.359609599656268,-0.7453160941281607,3.559031922909905,4.143272579629809,1,-0.11192544254971493,1.0
2024-03-15,-2.8308923292000188,3.2943287732447506,-0.9105397470752898,3.4665033045943714,0.5547976847092073,1,-0.06528082641151745,1.0
2024-03-16,-6.071772520629715,3.28280960067247,-1.9009623580132335,3.411647391656917,-9.91620469419523,1,-0.011519172572280745,1.0
2024-03-17,4.60122407046093,3.744080968897895,1.1838683908036771,3.4304727969354736,-4.419997018799471,2,0.46127136822542525,2.0
2024-03-18,-1.2388507554367931,3.834105157013514,-0.3671197467380622,3.50298681989698,-7.875537680643774,2,0.09002418811561874,2.0
2024-03-19,-8.712073185700753,3.652613483723,-2.4313544764725354,3.5615875967103263,-14.25236472050635,2,-0.18149167329051386,2.0
2024-03-20,9.25108529687737,4.544580493524307,1.998503569481487,3.811637940766237,-2.1703870944289605,2,0.8919670098013066,2.0
2024-03-21,-3.631867422621404,5.234411106589682,-0.7260783121543292,4.20195824194968,0.2695180035793498,2,0.6898306130653751,2.0
2024-03-22,-2.6498446652158947,5.0734173407663725,-0.5555564296556053,4.467825516323375,-6.981550732097475,2,-0.16099376582330915,2.0
2024-03-23,0.4434288665400743,4.856067789588837,0.0565692077766952,4.67221804283844,-5.299271110120607,2,-0.21734955117753518,2.0
2024-03-24,4.8327093150678735,4.565003760933304,1.02168247838228,4.854696098280501,8.24551139064802,2,-0.2910640286555335,2.0
2024-03-25,3.972504769487984,4.566527620667416,0.8329698463882147,4.859085523709122,2.966930863258632,2,0.0015238597341120652,2.0
2024-03-26,0.0414778606563359,4.478934188083509,-0.0284101290113436,4.707990140007888,6.640276146536372,2,-0.0875934325839065,2.0
2024-03-27,-0.7637444542950789,4.2162920919308,-0.2211586371951692,4.536565090240773,8.526376357457188,2,-0.2626420961527094,2.0
2024-03-28,1.8397189971880223,3.9861292630367817,0.41920217036361,4.362577384930362,9.922666488105136,2,-0.2301628288940183,2.0
2024-03-29,-1.2118158012203395,3.803024580310957,-0.3630112640188522,4.210181548805894,3.8781413718169233,2,-0.18310468272582492,2.0
2024-03-30,-0.3547757048682598,3.6231537429660974,-0.1444875654690826,4.02150677326563,-0.4491391025393199,2,-0.17987083734485942,2.0
2024-03-31,2.395285869630293,3.4333204044522017,0.6485153287674128,3.812384016539368,1.9046689064346367,2,-0.18983333851389572,2.0
2024-04-01,-2.3137002333259105,3.3380031132172783,-0.7436857030688545,3.636726220796663,0.3547131274038051,1,-0.09531729123492338,1.0
2024-04-02,-6.299090436988486,3.273398426795355,-1.9758717248769375,3.494180053548378,-7.784096306772703,1,-0.06460468642192341,1.0
2024-04-03,0.8123743073319645,3.779366809017161,0.1703061335626858,3.489448499289619,-5.759906198220399,2,0.505968382221806,2.0
2024-04-04,3.759886271186197,3.5786627656340477,1.003492518741656,3.480550303823209,-1.6452442221659425,2,-0.2007040433831131,2.0
2024-04-05,-0.9845630418288563,3.592147977650272,-0.3210580432035435,3.5123158184628225,-5.025093133625092,2,0.013485212016224324,2.0
2024-04-06,1.5482496362563936,3.422008015279008,0.4031330935882714,3.529116798875169,-1.1631432640427877,1,-0.17013996237126383,1.0
2024-04-07,0.6747455363626642,3.276833563616621,0.1544236433635238,3.529803826239422,5.810692709308363,1,-0.1451744516623874,1.0
2024-04-08,3.218579409702116,3.1163576589159447,0.9786599565050986,3.3972019962191786,8.216897811678514,1,-0.16047590470067608,1.0
2024-04-09,-3.541376120378814,3.1337136512124486,-1.1839311092500315,3.3082121733348586,0.9156354201135032,1,0.017355992296503864,1.0
2024-04-10,2.0739301242535646,3.2260197470777587,0.5905745515681545,3.234986527220356,3.974128586195924,1,0.09230609586531013,1.0
2024-04-11,-0.7497782584511725,3.1300903675337346,-0.293443034984318,3.176602997671301,1.676100691488358,1,-0.09592937954402414,1.0
2024-04-12,-4.174897018143575,2.9934208481244045,-1.451056232082527,3.1199204545728585,-3.1735418630178813,1,-0.13666951940933014,1.0
2024-04-13,-5.1522049715234886,3.197591251919806,-1.6640431847259889,3.1361671731736305,-11.544326244243486,1,0.20417040379540152,1.0
2024-04-14,2.959850149495935,3.516354539937397,0.7937553392362193,3.21269535091862,-5.043099974368737,2,0.31876328801759124,2.0
2024-04-15,-3.5810999496508344,3.4577379566077915,-1.084473420334808,3.259038992824627,-10.698130048273136,2,-0.05861658332960573,2.0
2024-04-16,0.6061920177229396,3.5062304226760053,0.1247684852999342,3.334267003853081,-9.342159772099023,2,0.04849246606821378,2.0
2024-04-17,-4.053958534994528,3.324914672450688,-1.2700125897231611,3.4005657687183373,-9.221221288949977,1,-0.1813157502253171,1.0
2024-04-18,3.584120208614649,3.4537019112784884,0.988908521227078,3.451787900590074,-0.4848961088118386,2,0.1287872388278002,2.0
2024-04-19,0.5195142876912584,3.464796194096776,0.1012438565696352,3.4414762314219502,-2.9252319706165157,2,0.011094282818287837,2.0
2024-04-20,1.7865871886504792,3.285851384062988,0.4923723080490848,3.4070989169129886,2.4424551676847983,1,-0.17894481003378804,1.0
2024-04-21,-0.1043662476567064,3.1660434171786584,-0.0862563049350634,3.33906151581352,1.7318969023051525,1,-0.11980796688432971,1.0
2024-04-22,2.9008901759276284,3.0119938516589166,0.9070952172261996,3.2764773516551657,8.686745613227309,1,-0.1540495655197418,1.0
2024-04-23,-0.646039848991542,3.01034819444416,-0.2706546735252627,3.1878066082883,4.456585555621118,1,-0.001645657214756735,1.0
2024-04-24,-3.260630131627096,2.881414088347094,-1.1901639213430206,3.071130187138363,0.6764411363027634,1,-0.1289341060970659,1.0
2024-04-25,0.3181282769190829,2.9780305159191847,0.050168498055119,3.0095660135096027,-0.7920177754286328,1,0.09661642757209066,1.0
2024-04-26,-1.132893521901579,2.8396707855658767,-0.4583695008910353,2.9442914871870465,-1.8205450496735052,1,-0.13835973035330795,1.0
2024-04-27,-0.5286917956356163,2.7476777726282,-0.2538204302397626,2.891428271380903,-5.25012702123675,1,-0.0919930129376767,1.0
2024-04-28,-0.4835296290155,2.640120087276888,-0.2470548938027149,2.8173826499474486,-5.087616801260708,1,-0.10755768535131205,1.0
2024-04-29,1.1467091787556782,2.5417585261175573,0.3847667706957226,2.7494515375015416,-0.6802774908779341,0,-0.0983615611593307,0.0
2024-04-30,-5.149462971654195,2.4651156685782083,-2.157378657000158,2.646868568033346,-6.147868739451212,0,-0.07664285753934896,0.0
2024-05-01,-4.008992348065732,2.95998656065134,-1.411397390236643,2.670931723050439,-9.023967565615363,1,0.4948708920731315,1.0
2024-05-02,1.4814392549697075,3.1457441189289423,0.4172984980874897,2.750544992310587,-7.013836515010041,1,0.18575755827760254,1.0
2024-05-03,6.17572064982479,3.023734230187064,1.9866149713429209,2.8272678208926223,-0.3545862361697516,1,-0.12200988874187813,1.0
2024-05-04,1.5801344389048566,3.504887010811081,0.4026975693590562,3.0198935178313278,0.0788390239794267,2,0.4811527806240168,2.0
2024-05-05,0.2183511056964349,3.353466961272323,0.0147984600702612,3.19756377637015,5.446653101330057,1,-0.15142004953875787,1.0
2024-05-06,-1.36673647637231,3.1819300009572125,-0.4825566353387745,3.241952464431325,8.088908973023479,1,-0.17153696031511068,1.0
2024-05-07,-1.3181929995647934,3.0678596998291443,-0.484675996891484,3.226375580611365,5.289276718488978,1,-0.11407030112806815,1.0
2024-05-08,-1.8569986258492928,2.962566109788789,-0.6837732930006479,3.21414195653171,-2.743442557185105,1,-0.10529359004035532,1.0
2024-05-09,2.997730860417924,2.9042556977391767,0.9740898171765876,3.094015693917329,-1.3258461356720377,1,-0.05831041204961229,1.0
2024-05-10,-3.645645463548952,2.9271905719777647,-1.3030823680690076,3.0087604160584176,-5.1898427049174245,1,0.022934874238587977,1.0
2024-05-11,0.0015356866757798,3.0671551373917287,-0.0545095584045031,2.9858054433453205,-3.821570541869335,1,0.13996456541396407,1.0
2024-05-12,1.0711364152793834,2.920954028507293,0.3089440804953169,2.9564243090809503,-1.4322411270251578,1,-0.14620110888443572,1.0
2024-05-13,2.337149423787644,2.8033853250467256,0.7735021103381122,2.9245881521325376,2.7619069226117787,1,-0.11756870346056747,1.0
2024-05-14,-2.167403811158053,2.7756410153798945,-0.8416537862737338,2.898865215660681,-2.4032277489641984,1,-0.027744309666831057,1.0
2024-05-15,7.380429766149987,2.7664533768238244,2.606841260291423,2.866717776629893,8.622847480734741,1,-0.009187638556070077,1.0
2024-05-16,-1.5755724397152449,3.57069919527328,-0.4885030362673417,2.9674265882062034,7.045739354343716,2,0.8042458184494556,2.0
2024-05-17,2.752283490504759,3.4301475744157703,0.7531916559513302,3.0692652973878984,8.726886429569092,2,-0.14055162085750972,2.0
2024-05-18,-0.1657856805291402,3.363480506423911,-0.0994537172620339,3.181284333663336,6.223951325252308,1,-0.06666706799185951,1.0
2024-05-19,-0.994515955321873,3.1929831453861985,-0.3643116362126247,3.2647527596645967,7.396839181088488,1,-0.1704973610377123,1.0
2024-05-20,7.510908882529854,3.059736601961067,2.39961306442226,3.323409404692045,7.527318297468355,1,-0.13324654342513176,1.0
2024-05-21,-1.85288571822948,3.800350193707914,-0.5319537868772424,3.369339604378972,7.25000501895412,2,0.7406135917468473,2.0
2024-05-22,-1.4565869510185792,3.653827044553588,-0.4448245332833646,3.414075498406536,3.041134577430782,2,-0.14652314915432596,2.0
2024-05-23,-1.7406596587758116,3.498982829766832,-0.5456970526706348,3.44117596307512,1.4662605991841104,2,-0.15484421478675614,2.0
2024-05-24,0.874339466804841,3.375273486223877,0.209054025077283,3.477634031242656,3.3351160213108244,1,-0.12370934354295482,1.0
2024-05-25,1.0738658385429645,3.210411624717717,0.2819391983261476,3.5077690357939857,-3.1019270226760653,1,-0.16486186150616033,1.0
2024-05-26,-1.085552305803894,3.065924922397988,-0.4091024067203764,3.3608839815320004,-2.3345936102504794,1,-0.1444867023197287,1.0
2024-05-27,1.271054899375912,2.9489104178119385,0.3738092327066087,3.2199006561836705,0.3930482401440116,1,-0.11701450458604956,1.0
2024-05-28,-1.5953999045956735,2.836486810630284,-0.6219400903813055,3.087401452356361,0.5383079943241498,1,-0.11242360718165445,1.0
2024-05-29,-1.057052909384737,2.7731992518921618,-0.4420085817207297,2.9669866054900176,-1.3930843818654282,1,-0.06328755873812231,1.0
2024-05-30,1.1577009906272195,2.684165220644981,0.3684482699677001,2.8617373246754707,-1.309249229781173,1,-0.08903403124718068,1.0
2024-05-31,-1.286049277080714,2.5932805837664463,-0.5609783395443179,2.767208456949162,-1.5097462010579932,1,-0.09088463687853476,1.0
2024-06-01,0.3188258104856345,2.536634796704531,0.0591732211146562,2.684753332727681,-2.4619752899482705,0,-0.056645787061915254,0.0
2024-06-02,0.0659449960522806,2.439482479136329,-0.0421318716571449,2.6053524664288896,-0.8006303893003164,0,-0.09715231756820186,0.0
2024-06-03,1.5425138658129,2.3516289340324588,0.5841860878468134,2.521038402856949,1.7989363858973206,0,-0.08785354510387045,0.0
2024-06-04,2.5300225248924946,2.3177761532659398,1.018777228677637,2.447760589381141,3.171257920162596,0,-0.033852780766518986,0.0
2024-06-05,0.7272217816602478,2.375335199698161,0.2351233724646993,2.404171512567484,5.184528978903558,0,0.057559046432221095,0.0
2024-06-06,-0.4591890272017451,2.3011672844836952,-0.2728675964623467,2.3570780101233164,4.406514141216178,0,-0.07416791521446564,0.0
2024-06-07,-2.0194557079891595,2.2368340286794792,-0.9782490067240546,2.3165483200319468,2.3211134371747377,0,-0.064333255804216,0.0
2024-06-08,-0.0531019638904339,2.2880709433430018,-0.0969493202599034,2.303836721894055,0.7254976074714037,0,0.05123691466352254,0.0
2024-06-09,0.4925659126588044,2.2165636760705407,0.1461004515150198,2.283594226454976,-1.3119590047622864,0,-0.07150726727246104,0.0
2024-06-10,-0.195042704602244,2.1540028990687152,-0.1688798392669877,2.2393277663290863,-2.2342234910247782,0,-0.0625607770018255,0.0
2024-06-11,-3.1867374917879943,2.09891516896049,-1.598665110521322,2.1988773432244453,-4.961771955611027,0,-0.05508773010822532,0.0
2024-06-12,1.3412234174300153,2.330424187706436,0.5031266259774202,2.2175953750298367,-1.6010928301918526,0,0.2315090187459461,0.0
2024-06-13,-2.199815542116035,2.2867694070357087,-1.0357583469508762,2.217335067768378,-3.747806408417453,0,-0.043654780670727256,0.0
2024-06-14,-1.122733440538859,2.349911498613966,-0.5495774628421956,2.244004632277063,-5.363105761615117,0,0.06314209157825745,0.0
2024-06-15,0.2721687016485674,2.311026933127164,0.0447609421563453,2.275409439088753,-4.895894355364305,0,-0.03888456548680219,0.0
2024-06-16,0.6746193121200506,2.2361877641009977,0.2262307134796108,2.302863958116854,-1.0345375514562605,0,-0.07483916902616627,0.0
2024-06-17,-0.2234669798733435,2.1753738041793707,-0.1802871478423445,2.2718538814114413,-2.5992279487596197,0,-0.06081395992162708,0.0
2024-06-18,-2.0505771883152946,2.1185186649354497,-1.047572619406694,2.2382037329913897,-2.449989594958879,0,-0.05685513924392094,0.0
2024-06-19,-0.2773987515325871,2.191612714344761,-0.203559555657658,2.2065439761375485,-1.6046549059526072,0,0.07309404940931108,0.0
2024-06-20,-0.2028534277712879,2.134165831148221,-0.174109425388222,2.17117175574176,-2.0796770353724625,0,-0.05744688319654001,0.0
2024-06-21,-1.1362664075990736,2.0814054695569872,-0.6269760435721052,2.1402152968329577,-3.8905627550915862,0,-0.05276036159123354,0.0
2024-06-22,0.2436781820078337,2.0765424861831323,0.0360952033167875,2.1204490332337103,-3.4234175932104094,0,-0.004862983373854934,0.0
2024-06-23,-1.6821441362001366,2.026580994265982,-0.9132963845067632,2.1020614990998165,-3.0549845410952514,0,-0.04996149191715027,0.0
2024-06-24,-4.704293399341175,2.0752831581627964,-2.3481221533297942,2.078795587863424,-7.481879188903839,0,0.048702163896814366,0.0
2024-06-25,2.5020978589857634,2.5931189807374886,0.8998325636215276,2.1705862177812776,-4.776927902146788,1,0.5178358225746922,1.0
2024-06-26,-1.6203198264060248,2.607938075066176,-0.685999718430329,2.275892738883115,-5.260981320953739,1,0.014819094328687221,1.0
2024-06-27,1.296454786345791,2.573019491633701,0.4382904331815416,2.3751881399732286,-4.208204716615782,1,-0.034918583432475,1.0
2024-06-28,-2.107381200861269,2.500078736741787,-0.9104137906475288,2.46988768846839,-4.633441781276915,0,-0.07294075489191387,0.0
2024-06-29,0.9359920064692772,2.522082558507831,0.3042196398797184,2.5592475685373968,1.0068436245335377,0,0.022003821766043874,0.0
2024-06-30,2.898927273172447,2.439201800599008,1.1193015328739384,2.5284641325097006,1.4036730387202212,0,-0.08288075790882266,0.0
2024-07-01,0.2767262526905512,2.520114536271738,0.042855708485862,2.510899424750813,3.300719117816797,0,0.08091273567272994,0.0
2024-07-02,-1.3180176056291515,2.4243285072389664,-0.613259531438455,2.4811612278718664,0.6862467258418548,0,-0.09578602903277167,0.0
2024-07-03,-3.036320250661717,2.3893771775714234,-1.3413726554015426,2.459020916037793,-0.2426923239585932,0,-0.034951329667542996,0.0
2024-07-04,-5.457904895434851,2.5403552328682,-2.214898838323168,2.462675450909868,-6.636589225862721,0,0.15097805529677677,0.0
2024-07-05,-0.5549607840752202,3.075906193749546,-0.2352756219675703,2.590016329539975,-10.090477283110388,1,0.5355509608813458,1.0
2024-07-06,2.855238562508866,2.938261496325002,0.9143208006148827,2.673645721550628,-7.5119649732920735,1,-0.13764469742454377,1.0
2024-07-07,-4.300921718932038,2.941783997496081,-1.519366031465775,2.7771368196020503,-10.49486908659496,1,0.0035225011710786625,1.0
2024-07-08,1.5210533790654068,3.175098023582722,0.4259170615357437,2.93428098880431,-5.937495456867836,1,0.2333140260866413,1.0
2024-07-09,2.2737964112149456,3.0521574385987864,0.6896994977455211,3.036641429950428,1.7942058497819602,1,-0.12294058498393579,1.0
2024-07-10,-0.4608673369846272,2.98974889350732,-0.2105836704630899,3.0194099699019827,1.8882992968725527,1,-0.062408545091466205,1.0
2024-07-11,-0.6909245978269141,2.857575277446739,-0.3008318147853386,3.0032727261263297,-1.657863863463227,1,-0.1321736160605811,1.0
2024-07-12,0.9623984558103872,2.744591038094632,0.2891773258825002,2.96383413424604,3.605456311279198,1,-0.112984239352107,1.0
2024-07-13,2.275300324258289,2.6403352318440936,0.7978439025766755,2.8568815758983144,4.359703256472081,1,-0.10425580625053854,1.0
2024-07-14,2.592785026300426,2.6276619566953165,0.9225159504824368,2.77198247951762,4.678691871557561,1,-0.01267327514877703,1.0
2024-07-15,6.499862039498083,2.6467924897512267,2.3920035685608445,2.703391198766401,11.639421248040271,1,0.01913053305591017,1.0
2024-07-16,0.3493129782674131,3.297077554547635,0.0547721479117842,2.7912916541865807,12.6796588241346,1,0.6502850647964085,1.0
2024-07-17,-1.5143242454824346,3.1308969358327063,-0.5375613566174161,2.868552833734196,10.202936122841775,1,-0.16618061871492884,1.0
2024-07-18,-0.2259714160352643,3.03061129332402,-0.1302365551391652,2.946608046030181,7.701664382548223,1,-0.10028564250868621,1.0
2024-07-19,4.187942010963575,2.8901008592838044,1.3906840099644378,2.9990958265478787,9.296821367211372,1,-0.14051043404021568,1.0
2024-07-20,0.6774946348331312,3.0655154988049995,0.1659654554864765,3.082840428358633,3.47445396254642,1,0.17541463952119507,1.0
2024-07-21,1.4645375370143654,2.9238234529629925,0.4431911157043656,3.0081896080417048,4.589678521293372,1,-0.141692045842007,1.0
2024-07-22,-0.838776669011132,2.822946480614291,-0.3568971763024708,2.9465995169980213,5.265226097764675,1,-0.10087697234870152,1.0
2024-07-23,-2.483150354628449,2.7189218071282104,-0.975340778998911,2.88426161975886,3.0080471591714897,1,-0.10402467348608058,1.0
2024-07-24,-0.8462196557577073,2.7489457050357267,-0.3692123175337952,2.856030588909244,-2.026114507549792,1,0.03002389790751625,1.0
2024-07-25,0.6177613679945182,2.65260783211604,0.1692811141491678,2.773449055571452,-2.085847774388405,1,-0.09633787291968687,1.0
2024-07-26,3.193999219319821,2.548173155484288,1.1872326078137936,2.6983189960757112,-0.3563860920829498,1,-0.10443467663175188,0.0
2024-07-27,-0.1454798896139308,2.647683836820616,-0.1186715891140309,2.6632664673169764,0.3369106873142513,1,0.09951068133632823,1.0
2024-07-28,0.6504525639671854,2.541489712693933,0.1895453689180809,2.627780048430121,3.4705136059098862,0,-0.10619412412668305,0.0
2024-07-29,-2.126224566408652,2.4485938796169013,-0.9372520058495036,2.567709683346356,2.190508695258941,0,-0.09289583307703175,0.0
2024-07-30,-0.9305346230673806,2.479774007728365,-0.4432902266152391,2.5331429184688203,0.6422127041970427,0,0.031180128111463645,0.0
2024-07-31,-2.4183450577487164,2.4154637540837056,-1.0710448509724029,2.5066010381887045,-4.970131572871495,0,-0.06431025364465937,0.0
2024-08-01,1.1359846111043126,2.483326047747893,0.3895016738572874,2.47372948037416,-3.688667072153251,0,0.0678622936641875,0.0
2024-08-02,-6.221701386487055,2.4123933936237734,-2.648998443682849,2.4479102165601274,-10.560821022607492,0,-0.07093265412411975,0.0
2024-08-03,-1.203948679208544,3.150358864180513,-0.4357197694487789,2.5882632134728505,-9.638545135407384,1,0.7379654705567398,1.0
2024-08-04,-4.315788272420917,3.030836154900907,-1.479629053501457,2.698475642907358,-13.02379878476092,1,-0.11952270927960607,1.0
2024-08-05,-7.363198582120134,3.2492429367495776,-2.3180549092546148,2.8652314794405327,-17.968652309132338,1,0.21840678184867057,1.0
2024-08-06,3.7138465099117113,3.973917687280968,0.8920973784850199,3.163349807347148,-15.39079041032494,2,0.7246747505313902,2.0
2024-08-07,-1.8131945621423284,3.93169076335212,-0.5040883528758681,3.467209281292817,-10.982283585980213,2,-0.04222692392884797,2.0
2024-08-08,11.46158574329572,3.7701878012703536,2.995304578917135,3.5911750687107853,1.6832508365240528,2,-0.1615029620817663,2.0
2024-08-09,-1.3541633552666354,5.17536513942162,-0.2942571727818096,4.020080865614927,4.644875753678335,2,1.4051773381512667,2.0
2024-08-10,0.1078575429618311,4.885390472637253,-0.0124590687586159,4.347310372792462,12.1159318787603,2,-0.28997466678436723,2.0
2024-08-11,-3.721354652343756,4.591215109523346,-0.8472875956188263,4.470769857240938,4.680730716504833,2,-0.294175363113907,2.0
2024-08-12,1.0756599640608044,4.508924574096009,0.201142199294724,4.586216619389717,7.569585242707966,2,-0.08229053542733666,2.0
2024-08-13,2.092453927711624,4.254423206450786,0.4521715108223498,4.683063700425803,-1.7995465728761315,2,-0.254501367645223,2.0
2024-08-14,-3.137830139166553,4.059831364961065,-0.814456266946785,4.459956945533692,-3.5832133567760494,2,-0.19459184148972142,2.0
2024-08-15,-2.024486209713494,3.9845620133166535,-0.5504271639283697,4.279791253669572,-5.715557109451375,2,-0.0752693516444114,2.0
2024-08-16,2.291143010134178,3.830796775992983,0.5540408890030243,4.1277075869635,0.296940553026559,2,-0.15376523732367042,2.0
2024-08-17,0.988184063726294,3.687579582721489,0.222221402025557,3.963438588688595,0.2094646526920485,2,-0.1432171932714943,2.0
2024-08-18,-1.6870237926472242,3.49862523331904,-0.5304222737969102,3.812278994062246,-3.5700130676668,2,-0.1889543494024486,2.0
2024-08-19,1.7113663556006742,3.3716461239865483,0.4575336023116175,3.674641945867343,1.2791834271004277,1,-0.1269791093324919,1.0
2024-08-20,-0.8112024604757906,3.239339633075622,-0.3025083906742113,3.525597469819137,2.492467176338131,1,-0.1323064909109264,1.0
2024-08-21,3.598748777475258,3.094737776460611,1.108340695225235,3.3783856699126624,3.8000729436792113,1,-0.14460185661501068,1.0
2024-08-22,-1.3052114105544632,3.158426927108282,-0.4666678708559014,3.2725551387900205,1.506677469398454,1,0.06368915064767089,1.0
2024-08-23,5.966667778992552,3.04334987157964,1.905118722748116,3.1815000664421405,9.16036904103823,1,-0.115077055528642,1.0
2024-08-24,0.1319630813085837,3.480659534210909,-0.0105617562140724,3.203302748487013,7.580965766746139,2,0.4373096626312689,2.0
2024-08-25,0.2405226160542284,3.298333906214617,0.0217678559304876,3.215101603114812,8.632690843276158,1,-0.18232562799629193,1.0
2024-08-26,-2.284251207913357,3.13156115319114,-0.7833077646230281,3.2224662784609173,2.7496908578875434,1,-0.16677275302347727,1.0
2024-08-27,-5.5192877560907405,3.0886703411894594,-1.841573261804745,3.208514961277153,-1.464385487648734,1,-0.042890812001680434,1.0
2024-08-28,-0.8040214509268395,3.4952475075716394,-0.2783054440616057,3.298894488475553,-8.235074717568125,2,0.40657716638218,2.0
2024-08-29,0.6089656742739535,3.327413151365012,0.1323071994592094,3.268245211906373,-7.758072124602755,1,-0.16783435620662734,1.0
2024-08-30,-0.4534788620027541,3.1614451560310006,-0.1968099366167714,3.2408674618696502,-8.452073602659738,1,-0.1659679953340114,1.0
2024-08-31,-0.2533305049583489,3.013531335512341,-0.1400534511646948,3.2172614983338903,-6.42115289970473,1,-0.14791382051865964,1.0
2024-09-01,-2.828177125772058,2.8749870890919964,-1.0424054062419017,3.174524847914398,-3.730042269386047,1,-0.13854424642034457,1.0
2024-09-02,3.0696731082649364,2.9205571356357725,0.993285874840564,3.0595867735272244,0.143652289805729,1,0.045570046543776055,1.0
2024-09-03,-2.88574422367045,2.9489626923962167,-1.0357774923092056,2.9838966817334653,-3.3510576081386745,1,0.028405556760444206,1.0
2024-09-04,0.9367548966837448,2.990327132318607,0.2568380996212718,2.9496730769909867,-1.960823849452176,1,0.04136443992239025,1.0
2024-09-05,-3.1738730145491445,2.8618359166806955,-1.167990783063191,2.919333993224657,-4.881366359042971,1,-0.12849121563791144,1.0
2024-09-06,-4.017885990553971,2.9506256719458683,-1.4188892169999,2.934461709795432,-6.071075223824884,1,0.08878975526517285,1.0
2024-09-07,0.3532917856169604,3.139410718742124,0.0587902773415404,2.978232426416702,-8.78745654647286,1,0.18878504679625552,1.0
2024-09-08,1.288090539570241,2.986951590459036,0.3747518320593574,2.985830206029266,-4.613621783232169,1,-0.15245912828308805,1.0
2024-09-09,3.8945513665446185,2.871554034107904,1.2974947932432,2.962075586387125,-1.6558253133712952,1,-0.11539755635113158,1.0
2024-09-10,1.0973955159395032,3.0089360949824657,0.3086375143410312,2.99149562204748,2.6154432171173525,1,0.1373820608745615,1.0
2024-09-11,-0.5314110423380924,2.88393838540336,-0.2427707903382528,2.9781581647389777,6.101918165333231,1,-0.12499770957910572,1.0
2024-09-12,1.357669762940006,2.763453852814653,0.4302387039884625,2.902966791553484,7.1062961426562765,1,-0.12048453258870717,1.0
2024-09-13,4.119072290725079,2.6735911826155734,1.4775435218511417,2.840294709984791,9.937277893811114,1,-0.08986267019907945,1.0
2024-09-14,-0.9391286288542132,2.879455925838025,-0.3847440683798258,2.8418750883308155,5.103597898412282,1,0.20586474322245163,1.0
2024-09-15,-1.3798343779418687,2.774105443107556,-0.558219349795254,2.7949089579558333,2.62636800453091,1,-0.10535048273046899,1.0
2024-09-16,-1.6874951656181023,2.70333125953118,-0.6866417564797886,2.758787532781397,1.4702838812509,1,-0.07077418357637599,1.0
2024-09-17,3.5717088660708995,2.662182813401641,1.2782683030507522,2.7385333248987958,3.6843229843817937,1,-0.04114844612953883,1.0
2024-09-18,2.1994330568393394,2.7917635042951403,0.7273925943017665,2.7621677892347085,1.7646837504960544,1,0.1295806908934991,1.0
2024-09-19,2.0721119053916937,2.753884955268312,0.6911642924579398,2.737053595120765,4.775924284741961,1,-0.03787854902682852,1.0
2024-09-20,0.4004011647404937,2.710396253323857,0.0854768765575419,2.7243117571640263,6.556159827424324,1,-0.04348870194445498,1.0
2024-09-21,0.3189303016478462,2.597274729820754,0.057831904014677,2.7031004512219408,8.562585294690273,1,-0.11312152350310267,1.0
2024-09-22,0.3996604788030211,2.4942499931980384,0.0925871587289522,2.6695138871812203,5.390536907422394,0,-0.10302473662271572,0.0
2024-09-23,-0.5023067643080026,2.4019584193198726,-0.2793685842701285,2.5915528701861668,2.688797086275052,0,-0.09229157387816578,0.0
2024-09-24,1.5234244172185996,2.328312853877976,0.5818373833177712,2.5064384499080994,2.140109598101958,0,-0.07364556544189682,0.0
2024-09-25,-1.8185964558888656,2.2960024625706072,-0.8655571790794006,2.4235596917574496,-0.0788880225274013,0,-0.03231039130736857,0.0
2024-09-26,3.176403065562461,2.318497244133091,1.2972532593688526,2.367804194619917,2.7785847413872133,0,0.022494781562483634,0.0
2024-09-27,0.9309629648678096,2.4552735931116567,0.3104493153973492,2.3600089146026404,3.309887227452002,0,0.13677634897856583,0.0
2024-09-28,0.1473050355761174,2.379125997355698,-0.0090032739841421,2.3554424302098056,3.959499027336122,0,-0.07614759575595853,0.0
2024-09-29,-0.3837262677613751,2.2970890523150085,-0.2405005700487407,2.349197669897213,2.0523483423561477,0,-0.0820369450406897,0.0
2024-09-30,-3.576247704956792,2.2309893778558934,-1.6786151923901262,2.336195052954269,0.2946970932882209,0,-0.06609967445911513,0.0
2024-10-01,-4.015297041724963,2.496526846617425,-1.6759371148630158,2.371800973451136,-6.897003013999203,0,0.2655374687615315,0.0
2024-10-02,-0.3362528965938693,2.7760826654589628,-0.1819030325177614,2.4359627879205976,-8.164218875460882,1,0.2795558188415379,1.0
2024-10-03,0.2086085373775859,2.660988788694848,0.0149882550328375,2.4923353461884274,-8.102915373659414,1,-0.11509387676411498,1.0
2024-10-04,2.1300283559387623,2.551420507238253,0.7687103680485189,2.543201637173076,-5.589160749959277,1,-0.10956828145659481,1.0
2024-10-05,0.0362002616499879,2.537457080888081,-0.0522273649951691,2.604495177779514,-1.976712783352497,0,-0.013963426350172004,0.0
2024-10-06,1.1672701783517423,2.440112191144275,0.4092210281160781,2.593212246684884,3.205854436724209,0,-0.09734488974380584,0.0
2024-10-07,-0.931261159307084,2.3752413893630955,-0.4631049808268724,2.51304399146571,2.6108461740109945,0,-0.06487080178117965,0.0
2024-10-08,-0.1683566537620251,2.322532925696307,-0.1451353428860745,2.4453528188660023,2.2338809828713835,0,-0.052708463666788496,0.0
2024-10-09,-2.526115546846341,2.249038605953132,-1.1982188738273736,2.3848764386089782,-2.42226291991372,0,-0.07349431974317477,0.0
2024-10-10,-0.5090366975952776,2.357117495177625,-0.2875383419600429,2.3488085214668866,-2.9674998791589857,0,0.1080788892244926,0.0
2024-10-11,3.5378479360446136,2.2884110492582344,1.4722542868177353,2.318468293089679,-0.5969221214661147,0,-0.06870644591939046,0.0
2024-10-12,1.1906298332258205,2.4824592088620308,0.4116502179792752,2.339911856989466,1.5249688710667897,0,0.1940481596037964,0.0
2024-10-13,-0.542109412935865,2.4141064191645656,-0.2944503051174376,2.358226555683117,1.1512161118929498,0,-0.06835278969746517,0.0
2024-10-14,4.958054928829014,2.3404900573961864,2.0462936618428,2.3765168459717287,8.635386587568306,0,-0.07361636176837916,0.0
2024-10-15,1.495264242203831,2.7661158603642724,0.4795675056271979,2.458316519009058,10.639687527367414,1,0.42562580296808594,1.0
2024-10-16,0.8490108547450248,2.683111727285328,0.2535436333321112,2.5372566546144766,7.950850446067825,1,-0.08300413307894416,1.0
2024-10-17,-0.3153528787226634,2.5813352613998046,-0.1875300139173956,2.557031865122031,6.444867734119342,1,-0.10177646588552358,1.0
2024-10-18,1.5004897049664123,2.4845576367721294,0.5360168452052895,2.5711221086435443,8.487466852021619,0,-0.09677762462767525,0.0
2024-10-19,-0.0819623721527662,2.432590470749925,-0.1030536516278425,2.589542191314292,3.4474495510398384,0,-0.0519671660222043,0.0
2024-10-20,0.9303330181939627,2.3466547248151257,0.3245505405491035,2.505649964204463,2.8825183270299704,0,-0.08593574593479936,0.0
2024-10-21,-2.3963262921302686,2.281981170761285,-1.124045756279249,2.4254238528996543,-0.362818819845323,0,-0.06467355405384057,0.0
2024-10-22,-0.0095677993178,2.368578239138575,-0.0752741687586175,2.382872448447408,-0.0570337404404597,0,0.08659706837728987,0.0
2024-10-23,-1.3890438213698175,2.2883649013749148,-0.6807344314741813,2.343633901367965,-2.9465672667766896,0,-0.08021333776366024,0.0
2024-10-24,2.569154796745288,2.2752739107130213,1.055006971543017,2.3121705893605844,-0.2954500978786356,0,-0.013090990661893454,0.0
2024-10-25,-2.253213347279548,2.3437921789758307,-1.033341747522586,2.311598080192726,-3.4789964633521464,0,0.06851826826280938,0.0
2024-10-26,0.5570705733250136,2.404060853344784,0.1615373479467459,2.336014016709425,-0.5255995978968642,0,0.060268674368953334,0.0
2024-10-27,1.3555484057567568,2.323088224256989,0.5108817799475702,2.326916013733108,0.8395166071776927,0,-0.08097262908779523,0.0
2024-10-28,2.870921510255542,2.281099995574856,1.1846024096815009,2.3254630325730963,5.099481938803052,0,-0.0419882286821327,0.0
2024-10-29,3.944659057776256,2.384627428370341,1.583448237691215,2.3473337361045603,6.474986199834021,0,0.10352743279548493,0.0
2024-10-30,-0.525236341818669,2.621801423844645,-0.2646887343489732,2.402935585078323,8.2029632052949,1,0.23717399547430418,1.0
2024-10-31,-2.980622089692453,2.5264749372320225,-1.2465380131243051,2.4274184018557707,4.665270542277433,0,-0.09532648661262266,0.0
2024-11-01,-1.0490161236779372,2.645612305751558,-0.460287049543758,2.4919232181546844,2.260706012842739,1,0.1191373685195356,1.0
2024-11-02,-0.2784362785529737,2.569535331509671,-0.1740241637632437,2.549610285341648,-0.8886517759657764,1,-0.0760769742418872,1.0
2024-11-03,-0.7942586110248229,2.4731512804942297,-0.3893751172413069,2.567315055766425,-5.627569444766856,0,-0.09638405101544123,0.0
2024-11-04,-1.3615611362265412,2.4031145736131005,-0.6367928153749453,2.523577685720116,-6.463894239174728,0,-0.07003670688112917,0.0
2024-11-05,2.2572112490930607,2.3737622085924217,0.8798211896541952,2.493035139992196,-1.2260609003892142,0,-0.02935236502067884,0.0
2024-11-06,8.666903126846393,2.395021502277417,3.5482680051065936,2.442916979297368,8.489858350135115,0,0.02125929368499513,0.0
2024-11-07,0.3507649687479741,3.649363169050148,0.0498826785776569,2.658882546805464,9.119059597436063,2,1.254341666772731,2.0
2024-11-08,0.8404323339316733,3.4534793029341606,0.1945016362448931,2.8549481512934496,10.75375054239256,2,-0.19588386611598718,2.0
2024-11-09,0.3044406381334852,3.2810217007744744,0.0413638469164479,3.030529576725724,12.419752316752586,1,-0.1724576021596862,1.0
2024-11-10,4.700704537184386,3.1159717168576844,1.4544354025721309,3.178971478378777,14.863245604843913,1,-0.16504998391679004,1.0
2024-11-11,9.734014312496164,3.325513904369509,2.8763341933873403,3.3650699587971955,15.930356790493684,1,0.20954218751182463,1.0
2024-11-12,-0.8442066269106263,4.479561940370082,-0.2261229109380388,3.531109713061183,14.735385194835082,2,1.1540480360005727,2.0
2024-11-13,2.94448504877618,4.230073318229619,0.6561966853011408,3.686428516120274,16.83943790967959,2,-0.24948862214046308,2.0
2024-11-14,-3.749692231881241,4.0920786633629245,-0.9575615507435382,3.848639908637964,12.785305039664864,2,-0.13799465486669416,2.0
2024-11-15,4.280211829142644,4.07346131860739,1.0093349485334373,4.040137828987905,12.36481233162312,2,-0.018617344755534226,2.0
2024-11-16,-0.5588812244118557,4.078278098671968,-0.1784101440806345,4.190690667848396,2.0719167947151007,2,0.004816780064578197,2.0
2024-11-17,-0.7900350440317894,3.8546191219560817,-0.2487301527001088,4.065702104165597,2.1260883775939377,2,-0.22365897671588675,2.0
2024-11-18,0.7725465406075216,3.65529684313044,0.1651908470769491,3.950746809145761,-0.0458501305747205,2,-0.19932227882564169,2.0
2024-11-19,1.969754318365169,3.4642088714923744,0.519896295634213,3.8251728507716503,5.673596419671689,2,-0.19108797163806557,2.0
2024-11-20,2.138144499843264,3.337351150994334,0.5901145704980392,3.67795081724904,3.5315290903723096,1,-0.12685772049804056,1.0
2024-11-21,4.320463738221214,3.234060754752684,1.2837541080039483,3.509107348465183,8.41087405300538,1,-0.10329039624165004,1.0
2024-11-22,0.499172209506149,3.3682691717127526,0.098105951124153,3.411837358416517,9.700081306543318,1,0.1342084169600688,1.0
2024-11-23,-1.2404002529793343,3.197314770812353,-0.4407214530818368,3.320240943952899,7.687134512956462,1,-0.1709544009003996,1.0
2024-11-24,0.2416240326478913,3.0750386374426077,0.0237067180188059,3.2424068971429465,5.959004227239184,1,-0.1222761333697453,1.0
2024-11-25,-5.140963729328973,2.9277123273322387,-1.813596451581813,3.160479132410527,-1.3201040019330534,1,-0.147326310110369,1.0
2024-11-26,-1.2069852534281722,3.3040552113003194,-0.4163702251391447,3.1744780237200545,-6.84755299358244,1,0.3763428839680807,1.0
2024-11-27,4.232881330495708,3.1698416491153063,1.2821323023681312,3.134792519200565,-3.1138438725928808,1,-0.13421356218501312,1.0
2024-11-28,-0.3236310003133624,3.302852212637986,-0.149069933314765,3.155900007565692,-2.1970746199269087,1,0.1330105635226797,1.0
2024-11-29,1.8736162907208251,3.139866849908089,0.5429820477889453,3.1688656500587875,-0.5650823618539746,1,-0.16298536272989717,1.0
2024-11-30,-1.0442730465097585,3.0399994345400136,-0.3990125759567468,3.191323071500343,3.5316083209652405,1,-0.0998674153680752,1.0
2024-12-01,0.8576311620290156,2.92359920484542,0.2356363355531608,3.115231870209363,5.596224736422428,1,-0.11640022969459363,1.0
2024-12-02,-1.464711979836153,2.799083247855896,-0.5835613999192327,3.041080189957481,-0.1013685739094327,1,-0.12451595698952422,1.0
2024-12-03,0.1426603468560827,2.731052425104977,-0.0095437977233342,2.926720232450879,0.3649227732600124,1,-0.06803082275091876,1.0
2024-12-04,2.8408310872006126,2.614868803352698,1.0218891766200355,2.821720623139801,1.3321375697397997,1,-0.11618362175227892,1.0
2024-12-05,-2.2266865312221995,2.66212266157529,-0.8998125911214923,2.7461452685468566,0.1497240850273584,1,0.04725385822259209,1.0
2024-12-06,3.3864801767808927,2.673663780406672,1.2035003210158146,2.696158183659106,2.678573099779236,1,0.011541118831381869,1.0
2024-12-07,0.0026270484823953,2.776991734538198,-0.059812173088204,2.6917398809955677,4.145912128097784,1,0.10332795413152596,1.0
2024-12-08,1.3051327819740166,2.65709024593454,0.4276888317736525,2.67694744516148,5.308384563215718,1,-0.11990148860365801,1.0
2024-12-09,-3.8292503466212935,2.5756927140092167,-1.5521942053294535,2.6691122272927834,-1.3616968706061885,1,-0.08139753192532329,1.0
2024-12-10,-0.7802793553988607,2.808388246030036,-0.3379177773990074,2.6983653441837325,0.0847103052171505,1,0.23269553202081905,1.0
2024-12-11,4.547294957076353,2.7034684180329984,1.6196120395181188,2.704326271708997,1.245525085512611,1,-0.10491982799703736,1.0
2024-12-12,-1.1232138149603443,2.970619088496722,-0.4349055652191457,2.7430517425007026,0.1196842220698712,1,0.26715067046372365,1.0
2024-12-13,1.4057223472295988,2.86484298841111,0.4317854044568607,2.784602290996017,0.2202737873254534,1,-0.10577610008561189,1.0
2024-12-14,-0.0850841793416989,2.7669925306311285,-0.0917274388366033,2.822862254320399,3.964439954605048,1,-0.09785045777998169,1.0
2024-12-15,2.845237769652975,2.6487887197478863,1.0104667053756635,2.790942349063969,7.589957079656884,1,-0.11820381088324217,1.0
2024-12-16,1.6460567443029817,2.6915540371376734,0.5488768812165259,2.7885594728849044,4.688718866883512,1,0.04276531738978706,1.0
2024-12-17,0.1045224633035246,2.62537406898314,-0.0244546086700888,2.7195104689821874,5.916455145147381,1,-0.06617996815453342,1.0
2024-12-18,-5.917915465376922,2.5192495704910374,-2.416052976825022,2.650391785398173,-1.4071826674591392,0,-0.10612449849210259,0.0
2024-12-19,-2.5825905125143933,3.156510387542353,-0.8716320029061154,2.728295356780418,-3.9046890006318336,1,0.6372608170513154,1.0
2024-12-20,0.2714273553184654,3.138074633124853,0.0327278374648118,2.826152539455811,-6.478499414966343,1,-0.018435754417499783,1.0
2024-12-21,-0.5448791172121048,2.985297831360152,-0.2390394916342671,2.8849012983003077,-8.66943527648143,1,-0.1527768017647011,1.0
2024-12-22,-2.204418038201439,2.855716258576173,-0.8310149826151729,2.930969736218914,-10.978375777986392,1,-0.12958157278397886,1.0
2024-12-23,-0.4412175449120425,2.8396994494254217,-0.2147912180666031,2.9950597120057907,-5.501677857521514,1,-0.01601680915075132,1.0
2024-12-24,4.12739940682787,2.7210036832927025,1.4548581732400847,2.9079583711558605,1.2083120618207488,1,-0.11869576613271926,1.0
2024-12-25,0.6294761562736895,2.918994994961034,0.1578458333419423,2.8641424435230967,1.5663608627759729,1,0.19799131166833162,1.0
2024-12-26,-3.5921593296803778,2.789722636887939,-1.3481212213443985,2.8250274046286536,-1.4809193496923,1,-0.129272358073095,1.0
2024-12-27,-1.7168804864954978,2.946284840544267,-0.6399942800236097,2.843141121022273,-0.9933817979863592,1,0.1565622036563279,1.0
2024-12-28,1.0553910906912378,2.8793540740628534,0.3079392492591297,2.851072045949759,0.5032268376169213,1,-0.0669307664814136,1.0
2024-12-29,-1.731631736860173,2.765218376535716,-0.6872356670846586,2.859914984598362,-5.355804306071121,1,-0.11413569752713748,1.0
2024-12-30,-0.9528989191728954,2.720158899481332,-0.4123376315111105,2.820147765502422,-6.938179381517706,1,-0.045059477054383734,1.0
2024-12-31,0.8448290052871954,2.631511647097611,0.256926108330088,2.788505567544356,-2.501191046550133,1,-0.08864725238372095,1.0
2025-01-01,1.0546386456946166,2.5346888894759565,0.3495157494869802,2.706186377330694,0.2703280856399814,0,-0.09682275762165471,0.0
2025-01-02,2.5793710693546856,2.454932745715204,0.9819601432214704,2.621302111661164,1.7943080643034293,0,-0.07975614376075235,0.0
2025-01-03,1.251903875349214,2.497274395220058,0.4337444530122045,2.5677133153980325,4.777843676512816,0,0.04234164950485386,0.0
2025-01-04,0.131195370335746,2.430264730225917,-0.0154425927227571,2.509734481546949,5.861937966021458,0,-0.06700966499414118,0.0
2025-01-05,0.0801159028473108,2.343114963375035,-0.0378167769447224,2.452055144802434,5.097224863581573,0,-0.0871497668508816,0.0
2025-01-06,3.7561856516818537,2.264915037766501,1.5839272701577574,2.398100374460543,7.79877186956881,0,-0.07819992560853439,0.0
2025-01-07,-5.1824282978696345,2.4974955559883205,-2.142607719085673,2.4066129365151663,0.03697250234449,0,0.2325805182218197,0.0
2025-01-08,-1.9578857696565424,2.989954698024436,-0.7112518225894099,2.505148997076042,-3.172817142661266,1,0.4924591420361155,1.0
2025-01-09,-2.729884917903469,2.9364032141358787,-0.987129377437892,2.606376693858034,-6.033897430900481,1,-0.05355148388855735,1.0
2025-01-10,2.36932656291593,2.9623362564249334,0.7428601663197405,2.730220952468014,-3.744686770831862,1,0.025933042289054686,1.0
2025-01-11,-0.1425062497864004,2.918071245121744,-0.1066564803994433,2.8608521939390625,-7.643378672300116,1,-0.04426501130318927,1.0
2025-01-12,-0.0826809568998498,2.78659747566436,-0.0902196739459177,2.91867257787427,-2.543631331330332,1,-0.1314737694573842,1.0
2025-01-13,0.0297197889064904,2.666542000960118,-0.0521293757295273,2.853990038461407,-0.556025772767299,1,-0.12005547470424194,1.0
2025-01-14,2.112109307156018,2.5568305579416406,0.76007553271243,2.778075507222559,4.285968452292188,1,-0.10971144301847735,1.0
2025-01-15,4.030666140622685,2.540658906605609,1.520054963619355,2.6937400372586944,5.947308029998943,0,-0.01617165133603171,0.0
2025-01-16,-0.7466135920999761,2.7592379461602627,-0.3317359969432362,2.6619733774663983,5.343200687685368,1,0.21857903955465385,1.0
2025-01-17,4.608745388695823,2.657875073611391,1.670515094560044,2.6362288970558043,10.03462703328104,1,-0.10136287254887177,1.0
2025-01-18,-0.0516768544455814,2.9448707312889773,-0.0748426105353076,2.691894643121576,9.953230389928969,1,0.2869956576775863,1.0
2025-01-19,-3.229962927724728,2.8100117106038742,-1.209492427975488,2.742530873654023,4.611158155048223,1,-0.13485902068510303,1.0
2025-01-20,0.9128828074565832,2.9142459650187,0.2553517642697335,2.8172482853366407,1.4933748218821208,1,0.10423425441482559,1.0
2025-01-21,3.968183425876326,2.7921711165530496,1.3607541617269043,2.8238349194151984,6.208171839858423,1,-0.1220748484656502,1.0
2025-01-22,-2.376854699304154,2.953754013442514,-0.8618116628847035,2.883010707381423,-0.777428248141554,1,0.1615828968894646,1.0
2025-01-23,0.2958402684214434,2.941409232768504,0.043215785220302,2.882318407677328,-0.4299111252745291,1,-0.012344780674010014,1.0
2025-01-24,0.823181116278171,2.806225447900817,0.2332158159262035,2.881561155136717,3.6232329187283696,1,-0.13518378486768734,1.0
2025-01-25,-0.1000657457003839,2.6918477822165605,-0.0998536047428947,2.837081518576289,2.6102843655714025,1,-0.11437766568425634,1.0
2025-01-26,-1.9597313563924248,2.5808753335689385,-0.8247032653926045,2.7948223619794668,-3.317630416697348,1,-0.11097244864762201,1.0
2025-01-27,-0.5809577851447756,2.577865166076934,-0.2908153435576188,2.719644592506351,-1.5217335025379697,1,-0.0030101674920044452,1.0
2025-01-28,-0.7425167615396688,2.488709800972485,-0.3661502518118824,2.629104706147147,-2.560090532499082,0,-0.08915536510444921,0.0
2025-01-29,2.312612074653053,2.414798952385281,0.8878118461010038,2.5508194070440395,-1.0706595741241998,0,-0.07391084858720376,0.0
2025-01-30,0.9903181107727476,2.435688201536492,0.3373145838130514,2.4995874909080262,0.0197242823489318,0,0.02088924915121071,0.0
2025-01-31,-2.250049117230901,2.363785464204062,-1.0232629452345252,2.456169517035051,-0.2705934784895447,0,-0.07190273733242991,0.0
2025-02-01,-1.7227936971828228,2.4206418259468023,-0.78141203530435,2.4247248490090247,-1.412429390527592,0,0.05685636174274045,0.0
2025-02-02,-2.9919108206549083,2.4175673442259904,-1.307362041837939,2.4104963576597256,-3.661823449642832,0,-0.003074481720811928,0.0
2025-02-03,3.733783666464596,2.557302844309892,1.3940698168087124,2.438997136044647,-2.2406518578312884,1,0.1397355000839018,1.0
2025-02-04,-3.546789334061806,2.728284773905943,-1.3618498803244812,2.497516450518538,-6.777759302665842,1,0.17098192959605063,1.0
2025-02-05,-1.2920048753754187,2.88944508081747,-0.5055399197050187,2.60264837384122,-5.81971506081036,1,0.16116030691152705,1.0
2025-02-06,-0.0229269517996399,2.801030734491765,-0.0684219234772233,2.678726155550212,-4.119848315427177,1,-0.08841434632570477,1.0
2025-02-07,-0.0664976673661499,2.6790892747028807,-0.0877994728881675,2.7310305416455902,-1.1944351621384186,1,-0.12194145978888438,1.0
2025-02-08,-0.0483212699446511,2.5689635777843,-0.0844878575137126,2.733362688340472,-4.976540098547666,1,-0.11012569691858065,1.0
2025-02-09,0.0182820937279615,2.469220152036878,-0.0609272789714773,2.6815497639666583,-1.4114686707578985,0,-0.0997434257474219,0.0
2025-02-10,0.9667728227993776,2.3786943077808385,0.3354982863564324,2.5793996093593323,0.8473090274168982,0,-0.09052584425603971,0.0
2025-02-11,-1.7497924369383355,2.311951100286606,-0.8298261133090611,2.4815836825183006,-0.8795564577217974,0,-0.06674320749423224,0.0
2025-02-12,2.208831591934768,2.3258410696288103,0.8771479099761746,2.4109340415034866,1.3957728015791204,0,0.0138899693422041,0.0
2025-02-13,-1.2976316589519143,2.349170600952688,-0.624201842612176,2.366975446137164,0.1464624125718572,0,0.023329531323877717,0.0
2025-02-14,0.9118577917229588,2.3218720942255264,0.3200576098907501,2.337505834574894,1.0400381105668544,0,-0.02729850672716161,0.0
2025-02-15,0.0731796241549176,2.2591922308871424,-0.0422918126717661,2.313605419196155,0.1464449119223942,0,-0.06267986333838405,0.0
2025-02-16,-1.4506383627455932,2.1896923001010755,-0.7395392135433595,2.289153659159049,0.4455989861151366,0,-0.06949993078606687,0.0
2025-02-17,-0.4184968400661404,2.194305455150284,-0.2676116934681862,2.2628465362633428,-2.181729445885772,0,0.0046131550492085616,0.0
2025-02-18,-0.244453999348515,2.1403307653754533,-0.1930444419179023,2.2210785691478963,-1.1285517862823724,0,-0.053974689774830775,0.0
2025-02-19,1.140703518992403,2.0877561511089926,0.4655613442704948,2.174255380524589,-0.899706059012928,0,-0.052574614266460706,0.0
2025-02-20,1.742191135803317,2.061861163169389,0.7631290627791631,2.134789166981039,0.7693054526354715,0,-0.025894987939603542,0.0
2025-02-21,-2.2714094704245014,2.080165457722519,-1.1730482400516364,2.1128837985053277,-0.0514656550434367,0,0.018304294553129985,0.0
2025-02-22,0.4693347302195505,2.185642173421793,0.1375384201046122,2.11115114215963,0.8363659152422542,0,0.10547671569927397,0.0
2025-02-23,-0.315098307034134,2.1260246914066454,-0.2275717999714892,2.108289927365868,0.7657216075566353,0,-0.059617482015147605,0.0
2025-02-24,-5.175320553649065,2.076716065849237,-2.5733154379179983,2.106081910313917,-5.550302465084833,0,-0.04930862555740845,0.0
2025-02-25,-2.977666935499812,2.694604572349852,-1.1676636811794177,2.2326305921500094,-10.270160536387962,1,0.617888506500615,1.0
2025-02-26,-5.072808622096936,2.785515593133755,-1.8817103712470056,2.373700619232257,-13.071559688060397,1,0.09091102078390323,1.0
2025-02-27,0.4225980660949702,3.1831203333498874,0.0797560508982361,2.573196251217875,-13.118296352184975,1,0.39760474021613224,1.0
2025-02-28,-0.3917962993897461,3.0273905336543,-0.1851499672512547,2.7534694196674065,-13.19499434454059,1,-0.15572979969558753,1.0
2025-03-01,1.947078336241681,2.890197398000658,0.6153051617508134,2.9161656860976906,-6.072595454649843,1,-0.137193135653642,1.0
2025-03-02,9.121501495686424,2.821907565004788,3.1725973763063804,2.941626284628678,6.026572976536393,1,-0.0682898329958701,1.0
2025-03-03,-9.082270482945631,4.015825961527297,-2.303634552479561,3.187688358307386,2.017111115687697,2,1.1939183965225095,2.0
2025-03-04,1.3348200634373697,4.879744946281896,0.2389664044947196,3.5270132808937875,2.929333113030097,2,0.8639189847545987,2.0
2025-03-05,3.825541905303531,4.602299843823271,0.7945629512684239,3.841995142927582,7.146671317723374,2,-0.27744510245862486,2.0
2025-03-06,-0.7329931515325683,4.497159240422732,-0.2005083792009359,4.1633875114119965,4.466599829949125,2,-0.10514060340053888,2.0
2025-03-07,-3.6438378269309615,4.24347840972148,-0.8984522642956737,4.447701680355335,-8.298739492668261,2,-0.2536808307012519,2.0
2025-03-08,-0.6802656950121388,4.19500239204624,-0.2023814468842588,4.483536966459124,0.1032652952652313,2,-0.04847601767524079,2.0
2025-03-09,-6.663174322153331,3.964515013886232,-1.723262304972189,4.300490979979991,-7.89472909032547,2,-0.23048737816000742,2.0
2025-03-10,-2.60053559872766,4.377209994428878,-0.6326542617387242,4.255473010101112,-14.32080659435666,2,0.4126949805426454,2.0
2025-03-11,5.367293406512452,4.223780151209532,1.230785756273482,4.200797192258472,-8.22052003631164,2,-0.15342984321934594,2.0
2025-03-12,1.0326959815815329,4.339647725018561,0.1990878240709576,4.220031055317889,-3.543986227799145,2,0.11586757380902934,2.0
2025-03-13,-3.223376776091058,4.097764499295262,-0.827793235908882,4.200583476767693,-6.087097308878064,2,-0.24188322572329923,2.0
2025-03-14,3.5176581475923285,4.025989833018259,0.831828526081634,4.212878440594098,4.093735160867595,2,-0.07177466627700291,2.0
2025-03-15,0.4444222151272825,3.958583554574792,0.0696454306327734,4.129153152623281,7.138692974722538,2,-0.06740627844346703,2.0
2025-03-16,-2.11293785421951,3.738060145485814,-0.6103868648951558,4.032009151478538,-0.341538286009424,2,-0.22052340908897783,2.0
2025-03-17,1.7953698574084245,3.6147589585440136,0.4500009315394334,3.887031398183628,0.4211355898174673,2,-0.12330118694180037,2.0
2025-03-18,-1.6274157682193646,3.4636531123401064,-0.5185683059869023,3.760209120792597,2.017096597689161,2,-0.1511058462039072,2.0
2025-03-19,4.878787945306051,3.3365594503688354,1.411652648962175,3.622323044262713,3.3782263954028835,1,-0.12709366197127103,1.0
2025-03-20,-3.142591561831054,3.532162535272632,-0.937475693017217,3.53703884040228,-0.208787381555453,2,0.19560308490379663,2.0
2025-03-21,-0.1473786636289276,3.521821179414533,-0.089755727590514,3.4937910471880245,1.7567718090351292,2,-0.010341355858098922,2.0
2025-03-22,-0.2510880251037406,3.337672760301392,-0.1257801510292272,3.4383738075395,-0.2896860734770357,1,-0.18414841911314106,1.0
2025-03-23,2.6158789817674943,3.170511873281808,0.7718482443219272,3.37974555972784,3.9536086765098233,1,-0.16716088701958398,1.0
2025-03-24,1.6647018673747738,3.122464668670736,0.4791013085309048,3.3369266033882203,0.7395225985785459,1,-0.048047204611072036,1.0
2025-03-25,-0.0311034368589702,3.0121691341140826,-0.0663403636166826,3.2329279231565105,3.8510107235506297,1,-0.11029553455665342,1.0
2025-03-26,-0.6547157036870033,2.8710912035561984,-0.2868040769447439,3.102781927984843,3.343673683492554,1,-0.1410779305578842,1.0
2025-03-27,0.3173508503236277,2.755585659671551,0.0539362262352014,2.986364507858875,3.9121125589199215,1,-0.11550554388464729,1.0
2025-03-28,-3.292956550032855,2.6375616318881314,-1.312455211265669,2.87977445958014,-1.996722972880427,1,-0.1180240277834197,1.0
2025-03-29,-2.103168000812694,2.779422334418828,-0.817397533095973,2.8111659927297583,-5.764592841067895,1,0.1418607025306966,1.0
2025-03-30,-0.3189951599713581,2.7638392190306083,-0.1764647217487302,2.761500009713063,-6.052484564180283,1,-0.01558311538821977,1.0
2025-03-31,0.260051281161644,2.649547035220573,0.0344686548963019,2.7171911760459384,-5.137717579331635,1,-0.11429218381003503,1.0
2025-04-01,3.124852053156779,2.5412112881873234,1.1632748162756328,2.674316301749093,-2.330216376498484,0,-0.10833574703324977,0.0
2025-04-02,-3.2014458322985107,2.6332114174454624,-1.2798709472181673,2.673446258860559,-2.23870565876414,1,0.09200012925813894,1.0
2025-04-03,0.7453656492041105,2.763375808849248,0.2086725549903162,2.670236953746643,0.609827991252665,1,0.13016439140378555,1.0
2025-04-04,0.8876865806506373,2.651099440151292,0.2711937587058227,2.64768899797078,1.8165097318746604,1,-0.11227636869795576,1.0
2025-04-05,-0.4051522069072888,2.5536365423996705,-0.2247293834310181,2.6285068994066,1.1513062438057275,1,-0.09746289775162165,1.0
2025-04-06,-6.544922522509644,2.461721005955756,-2.7272170424837388,2.612608842960286,-8.518468331860696,0,-0.09191553644391437,0.0
2025-04-07,1.2967507560798452,3.255945388847077,0.3464510802824523,2.7371556372406087,-4.02027174348234,1,0.7942243828913207,1.0
2025-04-08,-3.811707626174865,3.1153638756530926,-1.2776782243819045,2.8075532506013774,-8.577345018861315,1,-0.14058151319398426,1.0
2025-04-09,7.938900944238014,3.2461160377037817,2.393683988869766,2.926556570111875,-1.5261306552739384,1,0.13075216205068907,1.0
2025-04-10,-3.63518545774042,4.022065269748773,-0.9457604890512198,3.220242315581696,-4.756163906107069,2,0.7759492320449914,2.0
2025-04-11,4.636385379527397,4.000295428794965,1.116832619059866,3.527957200149538,6.425143995929972,2,-0.02176984095380785,2.0
2025-04-12,2.2317029488567286,4.056734207012727,0.5085317116702959,3.688114963782668,7.360096188706855,2,0.05643877821776133,2.0
2025-04-13,-1.8963852136870685,3.888123275283789,-0.5311328952936673,3.842666843708807,9.275418601194652,2,-0.1686109317289377,2.0
2025-04-14,1.0193602875444796,3.735746324225688,0.2277015768589923,3.940592901013188,2.355877944501117,2,-0.152376951058101,2.0
2025-04-15,-1.0384627625775522,3.543510171801357,-0.3406756754805588,3.844881881423705,4.952600639663984,2,-0.1922361524243308,2.0
2025-04-16,0.4351453244224146,3.37978728043138,0.0788275543824473,3.720780251750988,0.7513605845590021,1,-0.16372289136997686,1.0
2025-04-17,1.0204134780154916,3.2071890190225725,0.2655560723707976,3.550871214152957,-0.4599288862822348,1,-0.17259826140880774,1.0
2025-04-18,-0.5254861395886934,3.061302843437677,-0.2267698211726868,3.3855071277837347,0.9109701878161404,1,-0.14588617558489547,1.0
2025-04-19,0.7227854353503815,2.9242055194598127,0.1894738495260164,3.22319896683056,0.6143953356220422,1,-0.13709732397786434,1.0
2025-04-20,0.1302774044411592,2.7963252164962613,-0.0137493143162085,3.0737619757695405,1.7831355026407536,1,-0.12788030296355135,1.0
2025-04-21,2.715504127854373,2.674091675768956,0.9523903732092208,2.932622854837056,4.063494306072712,1,-0.12223354072730519,1.0
2025-04-22,6.548491099549558,2.699356658249017,2.3634394963260594,2.8310563826823447,9.59157192760678,1,0.025264982480060816,1.0
2025-04-23,0.2748931682265976,3.3440820194994068,0.0317480877665148,2.8876122178946906,10.39195123542207,1,0.6447253612503898,1.0
2025-04-24,0.2608013738239378,3.1734990867858546,0.0290141615084211,2.9374709313598992,9.929967173895626,1,-0.17058293271355218,1.0
2025-04-25,0.8233751969907388,3.0175868703066246,0.2169449518287147,2.981723262121972,10.623064966445206,1,-0.15591221647922993,1.0
2025-04-26,-0.0777011298330521,2.8834764588586617,-0.0854614532569129,3.023600218739913,7.82985970875778,1,-0.13411041144796298,1.0
2025-04-27,-0.9470108357138683,2.754439603473553,-0.40506816452971,3.034616807784821,0.3343577734943537,1,-0.12903685538510867,1.0
2025-04-28,1.2969852186460074,2.662007957017047,0.4238380493562424,2.8982019952883484,1.3564498239137637,1,-0.09243164645650603,1.0
2025-04-29,-0.7333309425444412,2.579701240362529,-0.3496745620011332,2.779442426003683,0.3623175075453844,1,-0.08230671665451794,1.0
2025-04-30,-0.082206698552234,2.495934605058881,-0.1005361505933448,2.6751119729541344,-0.5432643879975885,0,-0.08376663530364814,0.0
2025-05-01,2.396577889618712,2.403698115232076,0.9268438980452032,2.5791563042288166,1.9310146314541756,0,-0.09223648982680466,0.0
2025-05-02,0.4319853436324905,2.4344793096991766,0.1081382716256951,2.5151642454739416,3.3100108108005344,0,0.03078119446710037,0.0
2025-05-03,-1.056299838090169,2.348506123393615,-0.5216187365494717,2.4524638787492554,0.956725754064358,0,-0.08597318630556172,0.0
2025-05-04,-1.656984190056754,2.305786694606925,-0.7917944678491149,2.397680969598135,0.0330725065520454,0,-0.04271942878668966,0.0
2025-05-05,0.4570714740086856,2.3122403108330114,0.1247043890224798,2.3609421107529607,0.5723506791129651,0,0.006453616226086201,0.0
2025-05-06,2.1451265529472963,2.23906337193837,0.8826912265833762,2.32801516209422,0.3208993424415496,0,-0.07317693889464127,0.0
2025-05-07,0.237154382422311,2.268596424433808,0.0301637712694021,2.2948385850411457,0.1260683812313701,0,0.029533052495438028,0.0
2025-05-08,6.202640353374633,2.198003207512125,2.7451804319390383,2.264738001864848,7.385008572696172,0,-0.07059321692168297,0.0
2025-05-09,-0.2624571996285851,2.928774263510269,-0.1472227353858606,2.3893355156455165,8.779535563124341,1,0.7307710559981437,1.0
2025-05-10,1.6618093181868687,2.798084031720705,0.533609549422852,2.486504259823055,9.984273407302524,1,-0.13069023178956396,1.0
2025-05-11,-0.565098397007624,2.721274180812097,-0.2696616757528411,2.582946421597801,7.274048457347604,1,-0.07680985090860792,1.0
2025-05-12,-1.2501714607269676,2.617376342485271,-0.5421063820546312,2.6527024052080934,5.786722614198325,1,-0.10389783832682609,1.0
2025-05-13,1.3111031807524045,2.555797984159272,0.4469751635535007,2.7242613605375228,0.8951854415760963,1,-0.061578358325999005,1.0
2025-05-14,-0.6070027639406561,2.4854385893731648,-0.3121089879389871,2.635594225710102,0.5506398772640253,0,-0.0703593947861072,0.0
2025-05-15,0.1980148737121823,2.4066336200650973,0.0121704918832987,2.5573041433789805,-0.9131545672106612,0,-0.07880496930806746,0.0
2025-05-16,-0.2464381118651104,2.321835716664989,-0.1788081162066641,2.477416450549559,-0.5944942820681476,0,-0.08479790340010851,0.0
2025-05-17,-0.2885647289222248,2.2498557016595107,-0.2032528963337651,2.4039123223844068,0.3671124497365952,0,-0.07198001500547813,0.0
2025-05-18,3.105541495840747,2.186389369632968,1.343226681330164,2.3300305994791457,2.1615507648249377,0,-0.06346633202654273,0.0
2025-05-19,-0.7920998372647148,2.337801525632756,-0.4109950248140768,2.3005031867310644,1.976453691500879,0,0.15141215599978786,0.0
2025-05-20,1.1157568710077117,2.282397147970601,0.4149286258426414,2.275655892312165,2.894195688796408,0,-0.05540437766215467,0.0
2025-05-21,2.667505449687546,2.2325451634791227,1.1192519335288271,2.2577977816749915,5.808139250349065,0,-0.04985198449147843,0.0
2025-05-22,1.802796394236417,2.3193528590602206,0.7045376597528246,2.2716972131551336,7.899500373507706,0,0.08680769558109791,0.0
2025-05-23,-4.006256233899386,2.308179753549918,-1.8087764552355523,2.296055289938524,0.7877026437675738,0,-0.011173105510302594,0.0
2025-05-24,0.4680702474075815,2.62923015749578,0.1138528279013762,2.354341016311128,2.04787272843987,1,0.32105040394586215,1.0
2025-05-25,1.1476897551185417,2.524607918944989,0.3877690428676687,2.402783170506006,2.0798056125507003,0,-0.10462223855079111,0.0
2025-05-26,0.3707294854029541,2.449814563322586,0.0824570682426988,2.446237050474699,-0.2169703517338916,0,-0.07479335562240319,0.0
2025-05-27,-0.4081096575204057,2.361639988407876,-0.2442517145394336,2.4546944763442298,-2.427876403490714,0,-0.08817457491471004,0.0
2025-05-28,-1.0999457493792164,2.289402514858122,-0.5541492594328457,2.4509390286058705,0.4784340810294551,0,-0.07223747354975396,0.0
2025-05-29,-2.0245528009255054,2.2562705019557026,-0.972081032747408,2.376347097497855,-2.014188967303632,0,-0.033132012902419294,0.0
2025-05-30,-1.5676574887612205,2.305109887720868,-0.7532753456934499,2.3324474912530304,-4.729536211183394,0,0.04883938576516522,0.0
2025-05-31,0.6130518270316188,2.304041623819593,0.192846719288828,2.3032929033524323,-4.487213869554729,0,-0.0010682639012746797,0.0
2025-06-01,0.9643965283823164,2.23454165318887,0.3560781999627185,2.277873236308632,-3.114707683652007,0,-0.06949997063072288,0.0
2025-06-02,0.2169203775432393,2.183464093674324,0.0220729156525904,2.2566855520718714,-1.7978415567295514,0,-0.05107755951454607,0.0
2025-06-03,-0.4250198055929743,2.1217913528161865,-0.2798318334071924,2.2297897222439684,-0.1983085613970203,0,-0.061672740858137676,0.0
2025-06-04,-0.6666084188029942,2.0761075863146794,-0.4023555345023855,2.1839892619627306,0.702740508561206,0,-0.04568376650150707,0.0
2025-06-05,-3.059773184703829,2.04496975654161,-1.5787510466349743,2.132174888507134,-2.9700845031742418,0,-0.03113782977306956,0.0
2025-06-06,2.733035306446041,2.268158153267084,1.1305694640293356,2.1388981885227767,-1.201445725110517,0,0.2231883967254742,0.0
2025-06-07,1.1669145986994425,2.356937231412306,0.423511337774663,2.173592816070373,-0.2514515039543141,0,0.08877907814522201,0.0
2025-06-08,0.1684159608366542,2.301172072242097,-0.0001342785010209,2.2094689599555557,0.3419842624753144,0,-0.05576515917020908,0.0
2025-06-09,4.165996456486809,2.2270842443,1.794845214295023,2.2396642915526197,5.174589137765118,0,-0.07408782794209712,0.0
2025-06-10,-0.0334318426926216,2.536385797965392,-0.0797027020210772,2.337947499837376,8.200930479776325,0,0.30930155366539225,0.0
2025-06-11,-1.4347388609724732,2.4396728161421875,-0.657245434361608,2.3722504324123967,4.033156312357811,0,-0.09671298182320465,0.0
2025-06-12,-2.5699166845333465,2.4111685746740217,-1.1358150865402283,2.38309670106474,0.2963250291250219,0,-0.02850424146816577,0.0
2025-06-13,0.1527347194391737,2.497610860129415,-0.0064022140475093,2.4223844586422034,0.2806437877275414,0,0.08644228545539345,0.0
2025-06-14,-0.5847555254664627,2.4037687515132338,-0.3134579745931191,2.45772136008485,-4.47010819422573,0,-0.09384210861618136,0.0
2025-06-15,0.0754577954749535,2.3327156047013484,-0.0399822263417718,2.416987321432041,-4.361218556058155,0,-0.07105314681188535,0.0
2025-06-16,1.1723623976989117,2.255599675835004,0.4449537077337394,2.3801726933706044,-1.7541172973867702,0,-0.07711592886634433,0.0
2025-06-17,-2.077333636181322,2.211539120045157,-1.0156088013982618,2.340246802444832,-1.261534249034746,0,-0.04406055578984702,0.0
2025-06-18,0.2694339503861442,2.2728726374832084,0.0443091222764487,2.29529915791559,-1.144835018087775,0,0.06133351743805138,0.0
2025-06-19,-0.1899521739272103,2.2019710589021124,-0.162889122111873,2.254939619393366,-0.7500316665485229,0,-0.07090157858109603,0.0
2025-06-20,-1.3218729770938964,2.1415862427451517,-0.6960251733576268,2.2167137470021263,-2.147362439117373,0,-0.060384816156960675,0.0
2025-06-21,-1.023709507364856,2.142407410839037,-0.5565862310338844,2.1940752940029333,-4.343434344181141,0,0.0008211680938852162,0.0
2025-06-22,-1.250003687186485,2.1224084794085583,-0.6684522134753917,2.176249165875613,-3.516104395186304,0,-0.019998931430478706,0.0
2025-06-23,4.445468211607739,2.1203406672026777,2.0170076058942232,2.1457427718195072,0.6599298660352915,0,-0.0020678122058805926,0.0
2025-06-24,0.4421629398587257,2.50715817922718,0.1090629156752708,2.206780195884521,1.2920449798212277,0,0.38681751202450254,0.0
2025-06-25,1.2329889288553275,2.414084629760573,0.440856114554598,2.261279873287605,3.8469068857704514,0,-0.09307354946660729,0.0
2025-06-26,-0.3744456200287516,2.3552251435948883,-0.2306236328526925,2.3038434198387754,4.496170773106556,0,-0.058859486165684594,0.0
2025-06-27,0.1200006027600508,2.282747952865091,-0.0213446061585121,2.3359113145300823,5.866175063053092,0,-0.07247719072979741,0.0
2025-06-28,0.2231861322037787,2.210625566891375,0.0246360913608978,2.3539682944678217,1.6438929836491312,0,-0.0721223859737159,0.0
2025-06-29,0.980816480326574,2.146079523304401,0.3784070034380922,2.2817525632832654,2.1825465241169795,0,-0.06454604358697402,0.0
2025-06-30,-1.160210785220528,2.105727971459491,-0.631105138938028,2.220081231623049,-0.2106531899588759,0,-0.040351551844910016,0.0
2025-07-01,-1.3504224993729608,2.0993773224709784,-0.7236181137548071,2.168911667398268,-1.1866300693030851,0,-0.006350648988512564,0.0
2025-07-02,2.946777720135607,2.108087549202279,1.317807110247268,2.133979586665705,1.6401470480724711,0,0.008710226731300619,0.0
2025-07-03,0.7218611789243212,2.2523903083221857,0.245577428613271,2.142332534951867,2.1388220947930137,0,0.14430275911990664,0.0
2025-07-04,-1.4825919147368083,2.191095130715046,-0.7536491001059459,2.151335656433996,-0.3245863002703686,0,-0.06129517760713954,0.0
2025-07-05,0.1820390123592474,2.198147340217278,0.0060569432005523,2.1698195301855536,1.0176634973094068,0,0.007052209502231843,0.0
2025-07-06,0.9205212306969912,2.13485390079297,0.3521534994243109,2.1769148458499514,3.2886072273793587,0,-0.06329343942430787,0.0
2025-07-07,-0.8570920982480246,2.093314938830247,-0.4900443015012167,2.173960323775545,-0.515262591004273,0,-0.04153896196272289,0.0
2025-07-08,0.59877877476886,2.069618744604827,0.2077937383959422,2.137406011032074,-0.6383449951597342,0,-0.023696194225420353,0.0
2025-07-09,2.1576245274882666,2.0253194116933435,0.9820177287750712,2.104250867227733,3.0018714470653407,0,-0.04429933291148336,0.0
2025-07-10,4.101205071842706,2.0882753489310346,1.883123370240708,2.082276468970485,6.9210375065488,0,0.0629559372376911,0.0
2025-07-11,1.3103070357297852,2.420044129079226,0.4717195290943005,2.139314514627736,7.3108233115815935,0,0.3317687801481912,0.0
2025-07-12,-0.0696019205401299,2.364513570176206,-0.1007931958265207,2.1935542408969275,8.098313489289488,0,-0.055530558903019944,0.0
2025-07-13,1.4211873752884685,2.28531799534712,0.5480473260462486,2.236694091045386,8.920722089809097,0,-0.07919557482908601,0.0
2025-07-14,0.6139691784923684,2.251671846585258,0.1977393910193846,2.2819645780237687,7.3770667408131985,0,-0.033646148761862005,0.0
2025-07-15,-1.7443885857792552,2.187737100881023,-0.8744714087364208,2.301856928413766,1.531473083191237,0,-0.06393474570423496,0.0
2025-07-16,0.8129063950951476,2.218589946457728,0.2903562406160554,2.261566091889467,1.0340724425565997,0,0.03085284557670498,0.0
2025-07-17,0.4632531543984797,2.163740648805878,0.1361199161220719,2.221411507615401,1.566927517495209,0,-0.05484929765184976,0.0
2025-07-18,-1.084422561798526,2.1063958884926235,-0.5949249746534627,2.1856270862445024,-0.9386824195917852,0,-0.05734476031325464,0.0
2025-07-19,-0.0536145993420333,2.094806910670245,-0.1061384497934469,2.1542540990615,-1.6062661974261871,0,-0.011588977822378332,0.0
2025-07-20,-0.5434339336074956,2.0440143952688103,-0.3484118771516504,2.125509557939057,-0.4053115452544276,0,-0.05079251540143481,0.0
2025-07-21,0.1182157469633793,2.011488615022176,-0.0251103642508908,2.0840892916519467,-1.100002193386196,0,-0.03252578024663455,0.0
2025-07-22,2.1529885923987635,1.9687234014346704,1.0078935579165982,2.0450858421777047,0.5897332446140879,0,-0.0427652135875054,0.0
2025-07-23,-1.0391307548022866,2.0402613302554813,-0.5920102957713487,2.031858930530277,0.6350250516103273,0,0.07153792882081089,0.0
2025-07-24,-0.3263802707891727,2.0341797075644426,-0.2433930629241586,2.0197334899091164,0.3622593801631879,0,-0.006081622691038735,0.0
2025-07-25,-0.6204300770342286,1.99557946934315,-0.3954515707996771,2.010046504723984,0.2852632367364549,0,-0.03860023822129266,0.0
2025-07-26,0.264436929628431,1.972063530455012,0.0485339185970552,2.002161487810551,0.4314844194015066,0,-0.023515938888137855,0.0
2025-07-27,1.2646766556766664,1.9339832643985475,0.5666810654870854,1.9952134604033265,-0.4568275173205904,0,-0.03808026605646453,0.0
2025-07-28,-1.284086030452336,1.9346378236949584,-0.7509472684922098,1.974088759091222,-0.70178279297064,0,0.0006545592964108948,0.0
2025-07-29,-0.0019742703546654,1.960986054816092,-0.0870476507002903,1.959450028541552,-0.3773767925361326,0,0.026348231121133603,0.0
2025-07-30,-0.0771661971628034,1.9247553418468475,-0.1277519020677045,1.9452852030422916,0.1658870873352924,0,-0.036230712969244516,0.0
2025-07-31,-1.7749425967370058,1.893661012354579,-1.0264073362810353,1.929604699422205,-1.8734924390301444,0,-0.031094329492268535,0.0
2025-08-01,-2.1287126462377515,1.9731765661948624,-1.1643345275690713,1.937443359781468,-5.266881740944562,0,0.07951555384028341,0.0
2025-08-02,-0.7024004180115284,2.0799001103325137,-0.4188303911601638,1.9664958171089784,-4.685196128503755,0,0.10672354413765128,0.0
2025-08-03,1.4913601071924631,2.049957677399385,0.6452011975668086,1.984290141625637,-3.191861750956626,0,-0.029942432933128593,0.0
2025-08-04,0.7450970809324886,2.0504596451612835,0.2810941066406828,2.0094310022885247,-2.369598472861334,0,0.0005019677618984808,0.0
2025-08-05,-0.811857336682209,2.0123789463825985,-0.4872751711192293,2.0331745890941284,-1.4065132128065372,0,-0.03808069877868503,0.0
2025-08-06,0.7737149330479198,1.996217969780067,0.3030680934815292,2.0377828698111697,1.495914366479134,0,-0.016160976602531463,0.0
2025-08-07,2.1236359971132046,1.9654242668540447,0.994650911413252,2.014887701115476,4.321950781603867,0,-0.030793702926022348,0.0
2025-08-08,-0.6902004196733813,2.0343628602191064,-0.4222085426559443,2.01176873767942,2.1403902547380227,0,0.0689385933650617,0.0
2025-08-09,-0.1615574997549274,2.0093248733373,-0.1643748419733965,2.003541783314623,1.2337356740506067,0,-0.02503798688180625,0.0
2025-08-10,2.380361527108832,1.9697933672148484,1.1227759241888535,1.9950246674810732,4.425954537841648,0,-0.03953150612245171,0.0
2025-08-11,-0.4833792329586472,2.0668046363192665,-0.3155132228138763,2.0091420007889136,3.1688603718350805,0,0.09701126910441804,0.0
2025-08-12,1.2067410412960555,2.0293723676164643,0.5114961152950548,2.0219316209413973,2.2519654160179314,0,-0.03743226870280214,0.0
2025-08-13,2.6046115310302653,2.0142745081000264,1.20931211831441,2.017913950517581,5.546777366721578,0,-0.01509785951643794,0.0
2025-08-14,-4.125044324166893,2.130865489612491,-2.0150353477829537,2.04222207377262,1.5832905423096122,0,0.11659098151246461,0.0
2025-08-15,-0.8154397097905886,2.518092713351223,-0.3908373442111714,2.151881942999894,-1.6125106945898082,0,0.3872272237387322,0.0
2025-08-16,0.079186106178497,2.4442183695275976,-0.0366329186094426,2.2273646896415604,-1.049945355452664,0,-0.07387434382362557,0.0
2025-08-17,-0.0325941461444045,2.355833516307841,-0.0854555738017626,2.292656919379836,-2.289280542893124,0,-0.08838485321975664,0.0
2025-08-18,-1.0275848947745914,2.2771297393455976,-0.525358670995836,2.34522796562895,-5.921476968697981,0,-0.0787037769622434,0.0
2025-08-19,-2.987022020522012,2.2410748019686157,-1.4081399587925547,2.367269828100175,-4.7834546650531,0,-0.036054937376981844,0.0
2025-08-20,1.271285160686908,2.413039527619812,0.4569175884994108,2.346259190953893,-2.696729794575603,0,0.17196472565119647,0.0
2025-08-21,-1.6372327846505996,2.3562408242949946,-0.7664571994520392,2.328663681907372,-4.4131486854047,0,-0.05679870332481762,0.0
2025-08-22,3.8863926424777873,2.354291333864566,1.579102649799137,2.328355245418717,-0.4941618967825079,0,-0.0019494904304284688,0.0
2025-08-23,-1.2915297318542684,2.5886000572127776,-0.5641098116175096,2.390649308992153,-0.758106733862185,1,0.2343087233482115,1.0
2025-08-24,-1.6745357831503327,2.5328303464462003,-0.7277474168412849,2.44900041788767,0.5543795035094945,0,-0.05576971076657733,0.0
2025-08-25,-2.982631552883141,2.5113856929168445,-1.254827771195953,2.468669650947077,-3.699537210060555,0,-0.02144465352935576,0.0
2025-08-26,1.51251233395282,2.6333789288553464,0.510290167683471,2.524097271859147,-0.5497920914571353,1,0.12199323593850186,1.0
2025-08-27,-0.5206553469269792,2.565563619714876,-0.2687052078547557,2.566351729029209,-4.956840080861902,1,-0.06781530914047051,1.0
2025-08-28,1.182264033331748,2.475717508693447,0.4093920534146621,2.543775219325343,-2.4830463156758853,0,-0.08984611102142903,0.0
2025-08-29,-3.742335971466204,2.40769959319068,-1.6243973879882492,2.5187490686742384,-4.550846503991757,0,-0.0680179155027667,0.0
2025-08-30,0.3657460804634027,2.661676005000996,0.0740214516417909,2.548807131091069,-1.2024688706452125,1,0.2539764118103158,1.0
2025-08-31,-0.5264910692758917,2.552847904670829,-0.2723295918949941,2.532700926254165,-3.2414722738739243,1,-0.10882810033016721,1.0
2025-09-01,0.9323672098975776,2.4644635787214644,0.3098614472203482,2.5124809180554832,-1.7884497170493674,0,-0.0883843259493644,0.0
2025-09-02,1.7691382281181944,2.3874083001390334,0.6703559124142638,2.4948190763446005,-1.201575522262921,0,-0.077055278582431,0.0
2025-09-03,0.4688830576405678,2.365097898502573,0.1269114902421173,2.4862987374069787,3.009643506843851,0,-0.022310401636460586,0.0
2025-09-04,-0.8987461697769206,2.2866468706469187,-0.4668281500973636,2.411292910536164,1.7451512566035277,0,-0.07845102785565405,0.0
2025-09-05,-0.065605715124839,2.242298979830724,-0.1045046517015475,2.349183125568143,2.2060366107545804,0,-0.044347890816194724,0.0
2025-09-06,-0.3859995744180722,2.1757312433089124,-0.2549600438460119,2.2914366584856323,0.8876698264389304,0,-0.06656773652181158,0.0
2025-09-07,0.8518160055379198,2.122844194621743,0.3217810560452034,2.238523837382174,-0.0296523961413441,0,-0.052887048687169536,0.0
2025-09-08,0.8097306013038263,2.08007206184634,0.3081651132613851,2.181518670050928,0.3111951475219143,0,-0.04277213277540293,0.0
2025-09-09,-0.4837916692700617,2.0407154526125564,-0.3197489523626655,2.1323323864440558,0.7261496480287732,0,-0.03935660923378359,0.0
2025-09-10,2.1508270891821724,2.00634053448664,0.9879190976502026,2.0851406973752384,2.9425824523357846,0,-0.03437491812591631,0.0
2025-09-11,1.3529013824571834,2.0715940613062287,0.571625708821256,2.0643132609747017,4.68148340921104,0,0.06525352681958863,0.0
2025-09-12,0.5129680319349461,2.0599642321212976,0.167111189502231,2.0517372684746125,4.3426354356080665,0,-0.011629829184931051,0.0
2025-09-13,-0.1302038145722051,2.0149385746061137,-0.1483562710608916,2.0387105710265674,3.402701019732035,0,-0.04502565751518395,0.0
2025-09-14,-0.4692746079797416,1.9742124365767135,-0.3231666232733999,2.025409967819398,3.417218081022355,0,-0.04072613802940017,0.0
2025-09-15,0.0322446109825236,1.9472008544113448,-0.0700905340511684,2.01358203180434,1.2986356028227064,0,-0.027011582165368697,0.0
2025-09-16,1.203961474068116,1.9122662772153551,0.541366298004545,1.981716474986165,1.149695694433639,0,-0.03493457719598969,0.0
2025-09-17,-0.3211840787452402,1.9120764519694955,-0.2562183311309156,1.9521389189558047,0.3155435837534526,0,-0.00018982524585964278,0.0
2025-09-18,0.5725006775122665,1.887738887090115,0.2138938396091245,1.926698981452605,1.0182480758379242,0,-0.024337564879380436,0.0
2025-09-19,-1.2441583362178932,1.864079515323056,-0.7579522672594461,1.904672397201873,0.2433643475997726,0,-0.023659371767059012,0.0
2025-09-20,0.0286084831133237,1.8974186259738424,-0.0738458417882707,1.8947159515143728,0.2397282197305728,0,0.03333911065078632,0.0
2025-09-21,-0.3600148364977684,1.8683566253854875,-0.2829972544250125,1.8859340211483997,-1.3242480908353116,0,-0.02906200058835484,0.0
2025-09-22,-2.2430533319747425,1.850533562262424,-1.3032880569857153,1.873625443206985,-3.246117344064814,0,-0.017823063123063587,0.0
2025-09-23,-0.6531416615244368,1.9946001689371984,-0.412045799001143,1.8949976995764013,-4.471759683101517,0,0.14406660667477444,0.0
2025-09-24,1.166352569712359,1.97267909285505,0.5057222001047269,1.9167176150828005,-2.061248777171265,0,-0.02192107608214844,0.0
2025-09-25,-3.849187964361533,1.962472304209161,-2.047373058216881,1.9297283507298644,-5.939045224646122,0,-0.010206788645888976,0.0
2025-09-26,0.606632543055774,2.3429313773560865,0.1869058515818891,2.024643301123984,-4.97239784509258,0,0.3804590731469255,0.0
2025-09-27,-0.0281527332854025,2.2692297125050325,-0.0867597013090282,2.1083825311725057,-2.75749724640324,0,-0.073701664851054,0.0
2025-09-28,2.2008506441888898,2.1994262231851107,0.9239344625403938,2.1493477420220883,0.0964950593100866,0,-0.06980348931992175,0.0
2025-09-29,2.011114740907871,2.2402015248530467,0.8224214481130766,2.202852228421688,0.9412572305055988,0,0.04077530166793597,0.0
2025-09-30,-0.3014115884239388,2.2570863096507323,-0.2082935620081782,2.2617750295100016,4.4890336064431935,0,0.016884784797685626,0.0
2025-10-01,3.947865276779439,2.193148051608288,1.7231578667181169,2.231818364360442,7.830266340166858,0,-0.06393825804244413,0.0
2025-10-02,1.6983874858595982,2.4730005197439477,0.6185451700773893,2.2725725258082248,9.55680655931186,0,0.27985246813565956,0.0
2025-10-03,1.305050721642509,2.4352214375432726,0.4666211233816025,2.3197315686798574,8.661006636765478,0,-0.03777908220067516,0.0
2025-10-04,0.1298763222354892,2.377721600561009,-0.0163385976425712,2.3472355838214503,6.779768218093096,0,-0.057499836982263464,0.0
2025-10-05,0.8848164694084559,2.29585188709508,0.3119066672638947,2.3549886993103195,7.965996275925491,0,-0.0818697134659292,0.0
2025-10-06,0.998175292871295,2.2350181587266547,0.3711157025098835,2.363362720733993,5.016306292017347,0,-0.060833728368425266,0.0
2025-10-07,-2.6817983765198505,2.185274848527829,-1.3044232569707608,2.305817586490769,0.6361204296378986,0,-0.04974331019882561,0.0
2025-10-08,1.5551259305388143,2.325066799802597,0.5962843613282063,2.283786658942634,0.886195638534204,0,0.13979195127476807,0.0
2025-10-09,-1.346040236705015,2.2952371210553264,-0.6599602200497906,2.267289763041497,-0.5897209204063003,0,-0.029829678747270716,0.0
2025-10-10,-7.232182184699099,2.2780735782814334,-3.248756850538344,2.2637341012787684,-8.706719574513855,0,-0.01716354277389298,0.0
2025-10-11,-2.148516003340717,3.304078524616297,-0.701327448742437,2.477546174456697,-11.853410870725869,1,1.0260049463348637,1.0
2025-10-12,3.860934634389857,3.2298623727763034,1.1431476792130388,2.6864636793063914,-5.31067785981616,1,-0.07421615183999375,1.0
2025-10-13,0.0879292966288858,3.3050903575824906,-0.0244458255003104,2.8824683908623703,-6.777874493726088,1,0.0752279848061872,1.0
2025-10-14,-1.884916344559251,3.137761993942113,-0.6544923761895256,3.050973365439728,-7.316750601580324,1,-0.16732836364037773,1.0
2025-10-15,-2.086257829089888,3.061843135036583,-0.736478875112605,3.207727276790757,-2.1708262459711136,1,-0.07591885890552996,1.0
2025-10-16,-2.3722484783180064,3.010345143533298,-0.8440804346137947,3.1489806005741574,-2.394558720948403,1,-0.05149799150328471,1.0
2025-10-17,-1.6009839805349202,2.990358053933478,-0.5918050304979947,3.1010797368055925,-7.85647733587318,1,-0.019987089599819985,1.0
2025-10-18,0.683758034970694,2.910496160112896,0.1769571399048367,3.022160897311674,-7.260648597531372,1,-0.07986189382058217,1.0
2025-10-19,1.3605430464266988,2.7830560569883995,0.4282407767751839,2.951219709920931,-4.015189206545422,1,-0.1274401031244965,1.0
2025-10-20,1.7534490738340125,2.6913212779838727,0.588827550253702,2.877115338510389,-0.1754823036215214,1,-0.09173477900452687,1.0
2025-10-21,-1.9282830173496637,2.632074607302235,-0.7967129694215295,2.8014612312641765,0.2684831573468216,1,-0.05924667068163769,1.0
2025-10-22,-0.729356227081901,2.619611533003152,-0.3428299099086026,2.7273119270781114,1.1401109107998408,1,-0.012463074299082777,1.0
2025-10-23,2.18704444247777,2.5316004331902104,0.7972504101531012,2.651532781693574,2.643397318306917,0,-0.08801109981294175,0.0
2025-10-24,0.872171428526336,2.525134748858586,0.278577794737965,2.599948520067611,2.1550257004065543,0,-0.006465684331624644,0.0
2025-10-25,0.5459116892618354,2.439817714347684,0.1545962750703181,2.549647807340373,0.9474883158343772,0,-0.085317034510902,0.0
2025-10-26,2.503926774480369,2.3550208348774397,0.9915843550610424,2.494237052855414,5.37969810766441,0,-0.08479687947024406,0.0
2025-10-27,-0.308950285538323,2.404107939541229,-0.1986912635888482,2.4511363341630297,5.800104049207988,0,0.049087104663789294,0.0
2025-10-28,-1.0244824086811375,2.324968536899677,-0.5132144149552124,2.4098099549049232,2.58857719804908,0,-0.07913940264155217,0.0
2025-10-29,-2.6016805465767234,2.28312957840081,-1.2134245605500529,2.361408920813368,-0.8852747770539793,0,-0.04183895849886676,0.0
2025-10-30,-1.6026638954619088,2.3949344072938974,-0.7396398201304211,2.352432259402611,-3.0338503617777235,0,0.1118048288930873,0.0
2025-10-31,1.1480961196285833,2.385076870171832,0.4106245685846253,2.3584434664614893,-4.38968101662951,0,-0.009857537122065274,0.0
2025-11-01,0.4624825172491853,2.325316938123449,0.1263301159768543,2.342685266177933,-3.618248213842001,0,-0.059759932048383035,0.0
2025-11-02,0.5216141233320926,2.250863657916352,0.1567794492206869,2.3278642903812683,-2.072151681828771,0,-0.07445328020709718,0.0
2025-11-03,-3.768718290100992,2.1851533238493666,-1.8019070817135605,2.3082690394709795,-3.23918942535304,0,-0.06571033406698534,0.0
2025-11-04,-4.764085753760838,2.4940433528376738,-1.9778367953874936,2.328090828579735,-6.400611283651969,0,0.3088900289883072,0.0
2025-11-05,2.2400061321748765,2.906847566981125,0.712552387311068,2.4324449679415934,-5.308701271105676,1,0.41280421414345136,1.0
2025-11-06,-2.525118249184999,2.858578143750848,-0.9423717220559912,2.539097209067073,-8.29630203753986,1,-0.04826942323027694,1.0
2025-11-07,2.0238925968733668,2.8735935465182134,0.645591524364353,2.663643186787445,-6.794023563998586,1,0.015015402767365238,1.0
2025-11-08,-1.0603212214199689,2.8126362900174597,-0.436973022269241,2.789139780021064,-4.0856264953175625,1,-0.060957256500753676,1.0
2025-11-09,2.355183969967989,2.71971043536252,0.8039308092383157,2.8342731965260333,3.0336432284112647,1,-0.09292585465493985,1.0
2025-11-10,1.212026933646193,2.704024037553064,0.3858330992564681,2.793708490640421,2.005664029882581,1,-0.015686397809455688,1.0
2025-11-11,-2.870254647684156,2.613459038572297,-1.1628189160819686,2.7446846696047107,1.660527631383424,1,-0.09056499898076709,1.0
2025-11-12,-1.303914664267758,2.7040498610634103,-0.5446052028277782,2.71077593251375,-1.6672796297577008,1,0.09059082249111317,1.0
2025-11-13,-1.9524742976585685,2.636205345478732,-0.8046411331612209,2.675489743606005,-2.5594327059963007,1,-0.06784451558467808,1.0
2025-11-14,-5.462287113659059,2.625361217558232,-2.144852310140163,2.656619900045148,-10.376903789623348,1,-0.010844127920500046,1.0
2025-11-15,1.2123106498746594,3.138115820290987,0.3325516809652949,2.7434382565927318,-10.376620073394882,1,0.512754602732755,1.0
2025-11-16,-1.446393846192251,3.0052176093765266,-0.5374382207551471,2.821789970753578,-8.952759271902977,1,-0.13289821091446052,1.0
2025-11-17,-2.2368382716344115,2.913851015679564,-0.8255615051912653,2.8637502016768086,-9.88568287926963,1,-0.09136659369696254,1.0
2025-11-18,0.9241173563307116,2.8934611703820665,0.2610687868528955,2.915201366657475,-7.009091225280351,1,-0.020389845297497544,1.0
2025-11-19,-1.6082377699810024,2.773681684122559,-0.6406512827070285,2.9448654599703405,-3.155041881602294,1,-0.11977948625950763,1.0
2025-11-20,-5.429914313161177,2.7184261207224294,-2.059514963182604,2.860927520056629,-9.79726684463813,1,-0.05525556340012949,1.0
2025-11-21,-1.795049047228936,3.1998849797573,-0.6137014356531613,2.8998609941327835,-10.145922045674816,1,0.48145885903487073,1.0
2025-11-22,-0.5211872393680039,3.11074427509315,-0.2217836431188002,2.939239646015501,-8.430271013408408,1,-0.08914070466415014,1.0
2025-11-23,2.515858657899983,2.969035994058136,0.7905373002631635,2.9543546107507157,-6.838529711839136,1,-0.14170828103501387,1.0
2025-11-24,1.6742357810839437,2.9365323291768908,0.512683210517499,2.986924739761581,-3.5560561607741903,1,-0.03250366488124534,1.0
2025-11-25,-1.0576476956753569,2.8457936658287384,-0.4309422250721485,3.012398248782844,0.8162104567116302,1,-0.09073866334815239,1.0
2025-11-26,3.57225879133356,2.749352709413428,1.2379400507280114,2.9222917947140683,6.183518295274126,1,-0.09644095641531036,1.0
2025-11-27,0.8437806108496204,2.8642242768723727,0.235685332858658,2.872987795069913,7.548486145491751,1,0.11487156745894467,1.0
2025-11-28,-0.4018666774420865,2.7449069634063568,-0.2078728510007871,2.828161988939557,4.630760810149681,1,-0.11931731346601593,1.0
2025-11-29,-0.0742778626944939,2.634248592888134,-0.0922474902800183,2.767705241681806,2.8822471663712435,1,-0.11065837051822269,1.0
2025-11-30,-0.5047792573133592,2.5284771196836875,-0.2663675343721207,2.704241932452796,3.435115604733241,0,-0.10577147320444658,0.0
2025-12-01,-4.610183805407608,2.4418881420156,-1.9570547405320853,2.6427490189732303,-4.747326992007928,0,-0.08658897766808771,0.0
2025-12-02,5.662099387030395,2.83923700706706,1.9348065746480108,2.6377515650121675,0.0709917841728469,1,0.3973488650514603,1.0
2025-12-03,2.35582620118322,3.2700266668187066,0.668832846105768,2.742775505694637,2.828684662798153,1,0.4307896597516465,1.0
2025-12-04,-1.4931972865932508,3.1895108530801277,-0.5210586581830973,2.853827957733036,1.4097652388993964,1,-0.08051581373857886,1.0
2025-12-05,-3.034305997567621,3.0819374290329344,-1.039291364635456,2.9645200196028854,-1.1197615013548656,1,-0.10757342404719328,1.0
2025-12-06,-0.1291646062556495,3.121019627109951,-0.0954462325200434,3.1003463166217555,3.361257697797093,1,0.03908219807701663,1.0
2025-12-07,1.2614572226015142,2.971192880476821,0.3677756065614443,3.1267374913037083,-1.0393844666317875,1,-0.14982674663313,1.0
2025-12-08,0.259119597981261,2.856190430703225,0.0316486737846463,3.043970244080612,-3.1360910698337463,1,-0.1150024497735962,1.0
2025-12-09,2.238119269819805,2.7285901863943107,0.758411549438758,2.9517861107434484,0.5952254865793094,1,-0.12760024430891415,1.0
2025-12-10,-0.7262832846635092,2.7016137728134795,-0.3312865267578746,2.875721379499558,2.9032481994834214,1,-0.02697641358083125,1.0
2025-12-11,0.5314970108146966,2.6052095572572256,0.1392487030576988,2.7725593655290126,3.5639098165537675,1,-0.09640421555625389,1.0
2025-12-12,-2.4521421452146086,2.503827852038375,-1.046744128936044,2.6790863598413237,-0.1496895512623552,0,-0.10138170521885037,0.0
2025-12-13,0.0313418755633065,2.5619575934225423,-0.0536242612143584,2.6202397923851866,-0.3774672736803097,1,0.058129741384167044,1.0
2025-12-14,-2.379767101791685,2.462261227320807,-1.0350209930153564,2.566974000570486,-4.9953536452918,0,-0.09969636610173538,0.0
2025-12-15,-2.0108914713087955,2.518560710405248,-0.8654214373618143,2.53036338808884,-6.279961831937087,0,0.05629948308444099,0.0
2025-12-16,1.6345736935077682,2.5286213723229074,0.5797027387251996,2.515045751101976,-5.176885149244015,0,0.01006066191765953,0.0
2025-12-17,-1.954483304085386,2.4800499224890187,-0.8561151304275382,2.5102901651921044,-4.679226308114792,0,-0.048571449833888725,0.0
2025-12-18,-0.7939728497769138,2.489988900393719,-0.3866273493820785,2.49589642658634,-5.504541033455013,0,0.00993897790470033,0.0
2025-12-19,3.043315496840826,2.418145949933822,1.1887580806056763,2.4870733711089428,-0.0814584348225011,0,-0.07184295045989719,0.0
2025-12-20,0.2727355122150499,2.5202339620588345,0.0412701975323652,2.48740802143966,2.2021685487013443,0,0.10208801212501273,0.0
2025-12-22,0.1014515936770266,2.424416986584636,-0.0277482650337514,2.466567144292006,0.6690464488706027,0,-0.09581697547419843,0.0
