Date,return_pct,volatility,shock_std,vol_trend_5,ret_5d,regime,vol_change,signal
2014-09-22,0.8317415847791665,4.701495487850206,0.14427371106677,4.776649765407145,-12.8583863266293,2,,-1
2014-09-23,8.033258980830826,4.388558116728606,1.79553725575848,4.802247278330055,2.639207769106555,2,-0.3129373711215999,-1
2014-09-24,-2.9306072958098284,4.946659837005088,-0.6234604320115086,4.831733469803888,6.948751304895406,2,0.5581017202764817,-1
2014-09-25,-2.7867817193167888,4.730309493343895,-0.6215705561417008,4.743586580486723,0.6508456931705986,2,-0.2163503436611931,-1
2014-09-26,-1.7522571265167208,4.527701773518115,-0.4208970919520831,4.658944941689182,1.3953544239666549,2,-0.20260771982577985,-1
2014-09-27,-1.2202475999441909,4.277400935838422,-0.3211499234542236,4.574126031286825,-0.6566347607567025,2,-0.2503008376796929,-1
2014-09-28,-5.753862134517362,4.027249628240367,-1.4668327178620395,4.501864333589177,-14.443755876104891,2,-0.25015130759805526,-1
2014-09-29,-0.4554565208133354,4.305954800787509,-0.1414078716955687,4.373723326345662,-11.968605101108398,2,0.27870517254714233,-1
2014-09-30,3.010936786854668,4.029701404175212,0.709108967902844,4.233601708511925,-6.170886594936942,2,-0.2762533966122973,-1
2014-10-01,-0.8640560327417113,3.905884626555684,-0.2605031927997088,4.109238279119438,-5.282685501161932,2,-0.12381677761952758,-1
2014-10-02,-2.2521436563614827,3.680367677672379,-0.6536257380312116,3.9898316274862298,-6.314581557579224,2,-0.2255169488833051,-1
2014-10-03,-4.2370445494221975,3.5618421369281994,-1.2326441666479857,3.896750129223797,-4.797763972484059,1,-0.11852554074417965,0
2014-10-04,-8.90971731632364,3.6915941579512888,-2.455079380810574,3.773878000656553,-13.252024767994364,2,0.12975202102308936,-1
2014-10-05,-2.573685720834984,4.71046110471262,-0.5789507743286431,3.9100299407640335,-18.83664727568401,2,1.0188669467613316,-1
2014-10-06,2.941854248408226,4.493617261797454,0.620527896073978,4.027576467812389,-15.030736994534076,2,-0.216843842915166,-1
2014-10-07,1.8335537549769576,4.306766151987769,0.3901104245045126,4.152856162675467,-10.945039583195635,2,-0.18685110980968567,-1
2014-10-08,4.863049010753251,4.06783600371215,1.157767821335988,4.254054936032256,-1.8449460230201888,2,-0.23893014827561831,-1
2014-10-09,3.367050886515788,4.153078673380542,0.7737901821919051,4.346351839118107,10.43182217981924,2,0.08524266966839189,-1
2014-10-10,-0.953501968586945,4.046714658297029,-0.2735407473073774,4.213602549834989,12.052005932067278,2,-0.10636401508351323,-1
2014-10-11,0.2036301839769549,3.809821613393752,0.0131740553460986,4.0768434201542485,9.313781867636006,2,-0.2368930449032769,-1
2014-10-12,4.387568380252471,3.576500961496292,1.1838746983861306,3.930790382055953,11.86779649291152,1,-0.23332065189745999,0
2014-10-13,3.086216574971345,3.680990590143755,0.7967358568209402,3.853421299342274,10.090964057129614,2,0.10448962864746303,-1
2014-10-14,2.6429454735337643,3.610850708094758,0.6894514040055656,3.7449757062851177,9.366858644147593,1,-0.07013988204899713,0
2014-10-15,-1.5326230901941074,3.5084555969274644,-0.4805711307431172,3.637323894011205,8.787737522540429,1,-0.1023951111672936,0
2014-10-16,-3.1435894996154623,3.358421174637481,-0.981719894960672,3.54704380625995,5.440517838948011,1,-0.15003442228998365,0
2014-10-17,0.3137086997376137,3.3764235357637387,0.0474671837986754,3.5070283211134394,1.366658158433154,1,0.01800236112625786,0
2014-10-18,1.982518661870092,3.1879530693970004,0.5737472412141621,3.408420816964089,0.2629602453319002,1,-0.18847046636673825,0
2014-10-19,-0.4855387987120707,3.0867362308638144,-0.2070077046125179,3.3035979215179,-2.865524026913935,1,-0.10121683853318597,0
2014-10-20,-1.7351722052715068,2.9374421829736472,-0.6429442592612871,3.189395238727136,-3.0680731419913343,1,-0.1492940478901672,0
2014-10-21,0.943698795797232,2.8738357437345248,0.274984196413033,3.092478152546545,1.01921515342136,1,-0.06360643923912246,0
2014-10-22,-0.861978932439289,2.753760964402668,-0.368738728142619,2.967945638274331,-0.1564724787555427,1,-0.12007477933185662,0
2014-10-23,-6.675031813644416,2.6575464840962795,-2.5694644431214293,2.861864321214187,-8.814022954270051,1,-0.09621448030638868,0
2014-10-24,-0.0200878304656981,3.500739237553676,-0.0495687344511561,2.944664922552159,-8.348571986023678,1,0.8431927534573966,-1
2014-10-25,-3.1390769190214662,3.299372034526369,-0.9979221099500698,3.017050892862703,-9.752476699773638,1,-0.20136720302730726,0
2014-10-26,2.117822335217845,3.326324583625543,0.5905566046394107,3.1075486608409078,-8.578353160353025,1,0.026952549099174217,0
2014-10-27,-0.4846733365239331,3.217584548282852,-0.1983204202195157,3.2003133776169435,-8.201047564437669,1,-0.10874003534269105,0
2014-10-28,1.3028475982844512,3.0537395206710745,0.3763936666243623,3.279551984931903,-0.2231681525088014,1,-0.16384502761177755,0
2014-10-29,-6.357224291092667,2.9274828315460835,-2.2239801388818226,3.1649007037303845,-6.56030461313577,1,-0.126256689124991,0
2014-10-30,2.853489646409191,3.606265584760725,0.7487108754928253,3.226279413777256,-0.567738047705113,1,0.6787827532146413,-1
2014-10-31,-2.043287172521868,3.523673432212836,-0.6234194507422572,3.2657491834947145,-4.728847555444826,1,-0.08259215254788899,0
2014-11-01,-3.7868067090557567,3.407980292797617,-1.1561821823225815,3.303828332397667,-8.03098092797665,1,-0.11569313941521875,0
2014-11-02,0.0438908464379217,3.501224109778221,-0.0312886388618979,3.393325250219097,-9.28993767982318,1,0.0932438169806038,0
2014-11-03,0.5086850113011465,3.2994676588876994,0.1076675587835773,3.46772221568742,-2.424028377429366,1,-0.2017564508905214,0
2014-11-04,0.8929583542814257,3.121127792355964,0.2369396642166521,3.3706946572064678,-4.384559669557131,1,-0.1783398665317355,0
2014-11-05,2.685022019464345,2.9708673842183924,0.852135860970798,3.2601334476075783,0.3437495224290821,1,-0.15026040813757158,0
2014-11-06,2.846986043923039,2.962573702629694,0.9091914433550804,3.1710521295739937,6.9775422754078775,1,-0.008293681588698476,0
2014-11-07,-1.9879070506610752,2.973181581750333,-0.7202205364745302,3.0654436239684166,4.945744378308881,1,0.010607879120639208,0
2014-11-08,0.8934452738033727,2.9262956255097405,0.2528814533190323,2.990809217292825,5.330504640811107,1,-0.04688595624059255,0
2014-11-09,5.0171934079645375,2.798348627180239,1.7380800867839563,2.92625338425768,9.45473969449422,1,-0.1279469983295014,0
2014-11-10,1.0024909256235226,3.172775136210203,0.2676053316070643,2.966634934656041,7.772208600653396,1,0.37442650902996366,-1
2014-11-11,0.2099037344141407,3.020292166050329,0.0186949964197129,2.978178627340169,5.135126291144498,1,-0.15248297015987378,0
2014-11-12,14.144374235950076,2.869794437954279,4.875239378727109,2.9575011985809576,21.267407577755648,1,-0.15049772809605022,0
2014-11-13,-0.6694405456441288,5.627296605812552,-0.1462300615143516,3.4977013946415205,19.704521758308147,2,2.7575021678582736,-1
2014-11-14,-5.600854991385607,5.231128406211274,-1.1000101560757871,3.984257350447727,9.086473358958004,2,-0.396168199601278,-1
2014-11-15,-5.605180451604586,5.266602218643244,-1.0934222095610318,4.4030227669343365,2.4788019817298945,2,0.03547381243196934,-1
2014-11-16,3.075834750888085,5.296966527939263,0.5517111260360699,4.858357639312123,5.344732998203838,2,0.03036430929601952,-1
2014-11-17,-0.1222765922247681,5.028660605978702,-0.0548289091294618,5.290130872917008,-8.921917829971004,2,-0.268305921960561,-1
2014-11-18,-3.2024492730085896,4.67988792725447,-0.7170873978943161,5.100649137205391,-11.454926557335463,2,-0.3487726787242327,-1
2014-11-19,1.4176812837003894,4.519128332101452,0.2797534850994502,4.958249122383426,-4.436390282249469,2,-0.1607595951530172,-1
2014-11-20,-6.154474536821297,4.240218848153668,-1.48763876250192,4.752972448285511,-4.985684367466181,2,-0.2789094839477846,-1
2014-11-21,-1.9732890613734175,4.542379700408654,-0.4681969770967032,4.602055082779389,-10.034808179727683,2,0.30216085225498635,-1
2014-11-22,0.5888382124504155,4.303339179194103,0.1011769723781361,4.456990797422469,-9.3236933750525,2,-0.23904052121455077,-1
2014-11-23,4.068049266746598,4.024560645975736,0.9726800582512224,4.325925341166722,-2.053194835297312,2,-0.2787785332183672,-1
2014-11-24,2.506062301536982,4.013137518123262,0.5862303267030431,4.224727178371085,-0.964813817460719,2,-0.011423127852474124,-1
2014-11-25,-0.4128981904107043,3.8494745948199474,-0.147120745869096,4.146578327704341,4.776762528949874,2,-0.16366292330331467,-1
2014-11-26,-1.876571959481588,3.6176303803670447,-0.5611439337976163,3.9616284636960186,4.873479630841704,1,-0.2318442144529027,0
2014-11-27,0.352289751237933,3.4776620895861825,0.0571793241931254,3.7964930457744335,4.6369311696292215,1,-0.13996829078086215,0
2014-11-28,1.816649098488732,3.278867261577143,0.5072513104740267,3.647354368894716,2.385531001371355,1,-0.19879482800903947,0
2014-11-29,-0.254274736036475,3.1548491605085407,-0.1292341086615047,3.475696697371772,-0.3748060362021022,1,-0.12401810106860234,0
2014-11-30,0.678402304273984,2.992962266236065,0.1753991111123602,3.304394231654995,0.7164944584825861,1,-0.1618868942724756,0
2014-12-01,0.316390258603505,2.8514085376367664,0.0571475021096819,3.15114986310894,2.909456676567679,1,-0.1415537285992987,0
2014-12-02,0.5443390244398216,2.720452220637899,0.1436892139810563,2.999707889319283,3.1015059497695674,1,-0.13095631699886745,0
2014-12-03,-1.667309327292088,2.607684814395887,-0.6982242257284599,2.865471399883032,-0.3824524760112524,0,-0.11276740624201187,0
2014-12-04,-1.4520545533967422,2.5851606538277254,-0.6210422296977581,2.7515336985468686,-1.5802322933715196,0,-0.022524160568161644,0
2014-12-05,1.942568211280804,2.5481638708426457,0.7021247136299044,2.6625740194681846,-0.3160663863646995,0,-0.03699678298507969,0
2014-12-06,-0.550531691143874,2.5317382321734145,-0.2780583969468599,2.5986399583755144,-1.1829883361120783,0,-0.01642563866923119,0
2014-12-07,0.0826792484755145,2.4505131919564405,-0.0288756391681918,2.5446521526392227,-1.6446481120763856,0,-0.08122504021697408,0
2014-12-08,-3.578654091018585,2.3669672780543287,-1.5767406287381152,2.496508645370911,-3.5559928758028825,0,-0.08354591390211175,0
2014-12-09,-2.7139664971795874,2.642432220196154,-1.0851388574690009,2.5079629586445966,-4.817904819585728,1,0.2754649421418254,-1
2014-12-10,-1.676002046478242,2.728242756242424,-0.6705566890906925,2.543978735724552,-8.436475077344774,1,0.08581053604626998,0
2014-12-11,1.1884754732860436,2.688946631242936,0.3849225113197084,2.575420415538457,-6.697467912914856,1,-0.03929612499948787,0
2014-12-12,0.5791883069589332,2.601826507657216,0.1636346322564571,2.605683078678612,-6.200958854431438,0,-0.08712012358572041,0
2014-12-13,-1.4761954756862927,2.504027726086208,-0.650805437133379,2.633095168284988,-4.098500239099145,0,-0.09779878157100796,0
2014-12-14,1.21773543779371,2.4807181001813583,0.4290274072384764,2.600752344282028,-0.166798304125848,0,-0.02330962590484953,0
2014-12-15,-1.8041220652238896,2.42232761168168,-0.8081324090791387,2.53956931536988,-0.2949183228714958,0,-0.058390488499678206,0
2014-12-16,-5.43941296973518,2.441157169217908,-2.29106606630754,2.4900114229648738,-6.92280676589272,0,0.01882955753622806,0
2014-12-17,-2.252903746855228,3.070372505649067,-0.7837300280702838,2.583720622563244,-9.75489881970688,1,0.6292153364311588,-1
2014-12-18,-2.655535217535032,3.0345176195582075,-0.9256741772115104,2.6898186012576444,-10.93423856155562,1,-0.035854886090859406,0
2014-12-19,2.049210790497291,3.0467630194515145,0.6222247661569785,2.803027585111676,-10.10276320885204,1,0.012245399893306974,0
2014-12-20,3.740178353672974,2.9689989176466884,1.208063414631549,2.912361846304677,-4.558462789955176,1,-0.07776410180482607,0
2014-12-21,-2.8007426419111248,3.0927226029642547,-0.9552043310521928,3.0426749330539464,-1.91979246213112,1,0.12372368531756628,-1
2014-12-22,3.3839628681328726,3.112463662227306,1.0379313095780016,3.051093164369594,3.7170741528569806,1,0.01974105926305114,0
2014-12-23,0.8060580781696913,3.16259966005482,0.2063551398013608,3.076709572468917,7.178667448561704,1,0.05013599782751399,0
2014-12-24,-3.664352960532735,3.005206431223204,-1.2703927104808332,3.0683982548232547,1.4651036975316778,1,-0.15739322883161577,0
2014-12-25,-1.0992379373534256,3.1557901538262434,-0.3969456964741326,3.1057565020591653,-3.3743125934947216,1,0.15058372260303932,-1
2014-12-26,2.7565741401271997,3.022605666883784,0.8612220857865363,3.091733114843071,2.1830041885436025,1,-0.1331844869424592,0
2014-12-27,-3.7473312321175456,3.014000139534108,-1.2942171316235749,3.072040410304432,-4.948289911706816,1,-0.008605527349676123,0
2014-12-28,0.434687997420724,3.17534949242543,0.0885724909677753,3.074590376778554,-5.319659992455783,1,0.1613493528913219,-1
2014-12-29,-1.4507111911498782,3.009433940214172,-0.5330406336213044,3.075435878576747,-3.106018223072926,1,-0.1659155522112581,0
2014-12-30,-0.6201470535028619,2.915113619535156,-0.2653709383751432,3.0273005717185297,-2.6269273392223624,1,-0.09432032067901597,0
2014-12-31,2.9977023965103378,2.78959701240016,1.019596379220309,2.9806988408218054,-2.385799082839224,1,-0.1255166071349958,0
2015-01-01,-1.8738274882212025,2.846458690771483,-0.7122066720929963,2.9471905510692804,-0.5122953389428808,1,0.05686167837132272,0
2015-01-02,0.2488619285688997,2.8073880497763484,0.0339897953876233,2.873598262539464,-0.6981214077947051,1,-0.039070640995134465,0
2015-01-03,-11.40278177246481,2.681092956190469,-4.31026500926258,2.8079300657347237,-10.650191989109636,1,-0.12629509358587931,0
2015-01-04,-6.195894974124361,4.8060538930521695,-1.3211117683233982,3.186118120438126,-16.225939909731135,2,2.1249609368617004,-1
2015-01-05,3.8169040662009657,5.00223158597465,0.7323660690339314,3.628645035153024,-15.406738240040507,2,0.19617769292248077,-1
2015-01-06,4.17958802770686,4.829684508724157,0.8336255996123217,4.025290198743559,-9.353322724112443,2,-0.1725470772504929,-1
2015-01-07,2.80729729527458,4.715629148254668,0.5627791814531204,4.406938418439223,-6.794887357406765,2,-0.11405536046948939,-1
2015-01-08,-3.804603850823263,4.492777550127151,-0.880979124794324,4.769275337226559,0.8032905642347821,2,-0.22285159812751676,-1
2015-01-09,2.4607444672523293,4.417759112197649,0.5222795144484915,4.691616381055654,9.459930005611472,2,-0.07501843792950247,-1
2015-01-10,-5.525782685593139,4.204081401990791,-1.3508829933899842,4.531986344258884,0.1172432538173673,2,-0.21367771020685744,-1
2015-01-11,-3.3811658286022173,4.409590122170684,-0.8015722808372039,4.447967466948188,-7.44351060249171,2,0.20550872017989263,-1
2015-01-12,0.800814975810038,4.301051526976738,0.1505156561288033,4.365051942692602,-9.449992921956252,2,-0.10853859519394593,-1
2015-01-13,-17.03057269491355,4.026016838163869,-4.268241482550267,4.271699800299946,-22.675961766046537,2,-0.27503468881286874,-1
2015-01-14,-23.755771549530547,7.120298730094893,-3.3578943579513623,4.8122077238793945,-48.89247778282942,2,3.0942818919310238,-1
2015-01-15,16.400235279402953,10.67586905456766,1.5218242012127747,6.106565254394769,-26.96645981783332,2,3.5555703244727663,-1
2015-01-16,-0.83600518607998,11.376371263301122,-0.0869736532294052,7.499921482620858,-24.421299175311084,2,0.7005022087334627,-1
2015-01-17,-4.339384068730556,10.487471124767616,-0.4283991248665728,8.737205402179033,-29.56149821985168,2,-0.888900138533506,-1
2015-01-18,5.411005929718193,9.79493816781272,0.5367636279534477,9.890989668108803,-7.119919595219937,2,-0.6925329569548957,-1
2015-01-19,2.1270735850477784,9.219297619084031,0.214076417034091,10.31078944590663,18.76292553935839,2,-0.5756405487286891,-1
2015-01-20,-1.664134942574513,8.533186878918707,-0.2130006469503422,9.88225301077684,0.6985553173809222,2,-0.6861107401653239,-1
2015-01-21,7.114626123199219,7.902671624255149,0.8808649873101605,9.187513082967644,8.649186626660121,2,-0.6305152546635586,-1
2015-01-22,2.828326756390531,7.699038070186172,0.3474313737407596,8.629826472051358,15.816897451781209,2,-0.20363355406897643,-1
2015-01-23,-0.2260455630802127,7.17559226224198,-0.0528855225317648,8.105957290937209,10.179845958982805,2,-0.5234458079441922,-1
2015-01-24,6.229262485473264,6.636663330258474,0.9154936449146788,7.589430433172096,14.282034859408288,2,-0.5389289319835058,-1
2015-01-25,2.341180238004448,6.50376486611309,0.3363806810144701,7.183546030610974,18.28735003998725,2,-0.1328984641453843,-1
2015-01-26,7.497944406522539,6.070812207192982,1.2098059983863585,6.81717414719854,18.67066832331057,2,-0.43295265892010804,-1
2015-01-27,-3.724435725045616,6.1909195341741245,-0.6263811194480775,6.51555043999613,12.11790584187442,2,0.12010732698114257,-1
2015-01-28,-11.900073718364457,5.896267699591653,-2.0442615084085425,6.259685527466065,0.4438776865901772,2,-0.2946518345824716,-1
2015-01-29,-0.1720020633391605,6.917117062538599,-0.0470487117075138,6.315776273922089,-5.957386862222247,2,1.0208493629469464,-1
2015-01-30,-3.0823974429389445,6.400254889758031,-0.5055793686123994,6.295074278651077,-11.38096454316564,2,-0.5168621727805682,-1
2015-01-31,-4.038043738172892,6.035605222690902,-0.6944594562941796,6.288032881750662,-22.91695268786107,2,-0.36464966706712953,-1
2015-02-01,4.279332203631991,5.785698800474574,0.7131191862442305,6.206988735010752,-14.913184759183462,2,-0.24990642221632786,-1
2015-02-02,4.840574994570179,5.559780251098691,0.8430433218040574,6.139691245312159,1.8274639537511737,2,-0.22591854937588263,-1
2015-02-03,-4.710245086441045,5.418188440560045,-0.8976587881689951,5.8399055209164485,-2.7107790693507106,2,-0.141591810538646,-1
2015-02-04,-0.1827744845303236,5.315250314513865,-0.0632545689890837,5.622904605867616,0.1888438890579102,2,-0.10293812604617969,-1
2015-02-05,-4.389350799334935,4.940682030339319,-0.919466210256458,5.403919967397299,-0.1624631721041325,2,-0.37456828417454613,-1
2015-02-06,2.346618327569683,4.868286301798531,0.450503279475592,5.220437467662091,-2.095177048166441,2,-0.07239572854078791,-1
2015-02-07,2.439119754380581,4.598394254211465,0.4970605487130394,5.028160268284646,-4.49663228835604,2,-0.2698920475870663,-1
2015-02-08,-1.9248477480192427,4.363246929869877,-0.4763166432261868,4.817171966146612,-1.7112349499342372,2,-0.2351473243415878,-1
2015-02-09,-1.4890187808608069,4.140753992668668,-0.396656784477458,4.582272701777573,-3.0174792462647204,2,-0.222492937201209,-1
2015-02-10,-0.1231943361006848,3.917534363008628,-0.0706142419313906,4.377643168311434,1.2486772169695293,2,-0.2232196296600404,-1
2015-02-11,-0.297936986906766,3.6747338378196,-0.1228323982119838,4.138932675515648,-1.3958780975069196,1,-0.24280052518902773,0
2015-02-12,1.1697676548013014,3.4586193967741634,0.2938537477023007,3.910977704028188,-2.665230197086199,1,-0.21611444104543676,0
2015-02-13,5.978710744575189,3.2805628692406112,1.7756926459209383,3.694440891902334,5.238328295508232,1,-0.17805652753355217,0
2015-02-14,8.892349379425557,3.716518711018335,2.3513698371365748,3.609593835572267,15.619696455794596,2,0.43595584177772384,-1
2015-02-15,-9.148384584019986,4.650957020204981,-1.9999806334037835,3.756278367011538,6.594506207875295,2,0.9344383091866457,-1
2015-02-16,-0.4190582960673872,5.430596054732695,-0.105420781343478,4.107450810394157,6.473384898714674,2,0.7796390345277144,-1
2015-02-17,4.091862847771832,5.048167784551216,0.7801688915018138,4.425360487949568,9.395480091685204,2,-0.38242827018147896,-1
2015-02-18,-3.0356363592726865,4.896333448849235,-0.6513191504973062,4.748514603871293,0.3811329878373293,2,-0.1518343357019809,-1
2015-02-19,1.6605190341726583,4.6945421871797866,0.3210280344492299,4.944119299103583,-6.850697357415569,2,-0.20179126166944883,-1
2015-02-20,1.444469055157871,4.407718221627005,0.2929020429754185,4.895471539387987,3.742156281762288,2,-0.2868239655527818,-1
2015-02-21,0.3092238871982289,4.140979301396969,0.0376202083314765,4.637548188720842,4.470438465027904,2,-0.2667389202300354,-1
2015-02-22,-3.561998071591699,3.875359825678824,-0.9587335426650944,4.402986596946364,-3.183422454335627,2,-0.26561947571814537,-1
2015-02-23,1.2277195944320418,3.862873078407812,0.2781039370031523,4.19629452285808,1.0799334993691012,2,-0.012486747271012177,-1
2015-02-24,-0.0657407084102779,3.6438287019564624,-0.0601510415338507,3.986151825813414,-0.646326243213835,1,-0.21904437645134944,0
2015-02-25,-0.5312847871440596,3.428080205669134,-0.1997398337399021,3.79022422262184,-2.622080085515765,1,-0.21574849628732817,0
2015-02-26,-0.4406063968622753,3.2426436103262515,-0.1831979864064831,3.610557084407696,-3.3719103695762698,1,-0.1854365953428827,0
2015-02-27,7.102164294766755,3.074960552635661,2.2597769280738924,3.450477229799064,7.292251996782184,1,-0.16768305769059033,0
2015-02-28,0.1712282492501771,3.80543360514945,0.0046745963568416,3.4389893351473915,6.23576065160032,2,0.7304730525137888,-1
2015-03-01,2.308907017458761,3.57251408838023,0.6033475532780062,3.424726412432145,8.610408377469358,1,-0.23291951676921974,0
2015-03-02,5.774631039705636,3.447454979751886,1.630533738522338,3.428601367248696,14.916324204319054,1,-0.12505910862834435,0
2015-03-03,2.1645212985012208,3.8042810254346153,0.5286365286560618,3.540928850270368,17.52145189968255,2,0.35682604568272946,-1
2015-03-04,-3.104098668249211,3.640742846795676,-0.8947454375415742,3.654085309102372,7.315188936666583,1,-0.16353817863893916,0
2015-03-05,1.1236844892018816,3.6107653481095303,0.2687089889478763,3.615151657694388,8.267645176618288,1,-0.029977498686145854,0
2015-03-06,-1.2589019563884918,3.4145932825081853,-0.4136191993367951,3.5835674965199784,4.699836202771035,1,-0.19617206560134504,0
2015-03-07,1.288942303374352,3.2596408059076216,0.3483521614200793,3.546004661751126,0.2141474664397513,1,-0.15495247660056366,0
2015-03-08,-0.6926764001895513,3.1087669889953182,-0.2721708594976876,3.4069018544632663,-2.6430502322510208,1,-0.1508738169123034,0
2015-03-09,5.41055553911578,2.9634230060899167,1.774001263109896,3.271437886322115,5.87160397511397,1,-0.14534398290540151,0
2015-03-10,0.7406767027843486,3.370727674677413,0.174216779365662,3.223430351635691,5.488596188696437,1,0.40730466858749637,-1
2015-03-11,1.570745332394985,3.189044222076864,0.4444296944520332,3.1783205395494267,8.318243477479914,1,-0.18168345260054908,0
2015-03-12,-0.6855895378802934,3.060831703753242,-0.274117952984741,3.138558719118551,6.343711636225269,1,-0.1282125183236218,0
2015-03-13,-3.111218037934105,2.920711261650617,-1.1177610960668711,3.1009475736496106,3.9251699984807153,1,-0.1401204421026252,0
2015-03-14,-1.2171736547596623,3.0086673062111653,-0.4555548681349641,3.1099964336738606,-2.702559195394727,1,0.08795604456054829,0
2015-03-15,1.5865791211225222,2.899684966396892,0.4942398069263293,3.015787892017756,-1.8566567770565532,1,-0.1089823398142733,0
2015-03-16,1.455860602341552,2.8081751733407243,0.4637962871841766,2.939614082270528,-1.9715415071099864,1,-0.09150979305616769,0
2015-03-17,-1.7664059044772529,2.720369179930804,-0.7057296861852513,2.8715215775060403,-3.0523578737069457,1,-0.08780599340992046,0
2015-03-18,-10.791478367740217,2.689992756558035,-4.068753614388191,2.8253778764875244,-10.732618203513056,1,-0.0303764233727688,0
2015-03-19,1.789976631377943,4.6302716553389205,0.3534430309952972,3.1496987463130752,-7.72546791737545,2,1.9402788987808854,-1
2015-03-20,0.3141460438573773,4.355679667402312,0.036895886048911,3.440897686514159,-8.997900994640595,2,-0.2745919879366081,-1
2015-03-21,-0.6608245488491704,4.069366716095665,-0.2000959827021328,3.693135995065147,-11.114586145831318,2,-0.28631295130664736,-1
2015-03-22,3.005992698487692,3.82107284113774,0.7465320431983677,3.913276727306534,-6.342187542866373,2,-0.2482938749579251,-1
2015-03-23,-0.4563319168048529,3.7240744841003752,-0.1637376756537935,4.120093072815003,3.9929589080689887,2,-0.0969983570373647,-1
2015-03-24,-8.25905218532661,3.505883626616639,-2.3995353139055697,3.895215467070546,-6.056069908635564,1,-0.21819085748373634,0
2015-03-25,0.2448211017894941,4.433353291754885,0.0206123249360935,3.910750191941061,-6.125394850703447,2,0.9274696651382457,-1
2015-03-26,0.943954680202186,4.139362357989199,0.1909751378719248,3.924749320319768,-4.520615621652091,2,-0.2939909337656852,-1
2015-03-27,-0.6065833740134252,3.883464803182733,-0.1957073890753132,3.937227712728766,-8.133191694153208,2,-0.2558975548064666,-1
2015-03-28,2.3085000457077958,3.6525385255214258,0.5900172297886448,3.922920521012976,-5.36835973164056,1,-0.23092627766130702,0
2015-03-29,-4.071110245965492,3.5175537140673145,-1.2009907943279217,3.925254538503112,-1.1804177922794423,1,-0.13498481145411123,0
2015-03-30,1.9635966134509355,3.631308650380517,0.4984861945232636,3.764845610228238,0.5383577193819988,1,0.11375493631320266,0
2015-03-31,-1.3429797994593429,3.474709781539316,-0.4306601922822353,3.631915094938261,-1.74857676027953,1,-0.156598868841201,0
2015-04-01,1.2403125199170972,3.3174322895965056,0.3276248139689836,3.518708592221016,0.0983191336509925,1,-0.1572774919428106,0
2015-04-02,2.2920312531112152,3.1578782105692005,0.6772243029418149,3.41977652923057,0.0818503410544124,1,-0.15955407902730512,0
2015-04-03,0.5191934481623584,3.085191236856322,0.1185515052064336,3.333304033788372,4.672154035182263,1,-0.07268697371287836,0
2015-04-04,-0.2460539074355061,2.930290157450619,-0.1363323320057874,3.193100335202393,2.462503514295822,1,-0.15490107940570308,0
2015-04-05,2.683829306360952,2.7933113949557997,0.9058746288534184,3.0568206578856896,6.489312620116117,1,-0.13697876249481933,0
2015-04-06,-1.978784394901289,2.812731842913394,-0.758061520673119,2.955880568549067,3.27021570529773,1,0.019420447957594345,0
2015-04-07,-0.9090445919443192,2.7882089083890413,-0.3810632596183544,2.881946708113035,0.0691398602421955,1,-0.024522934524352724,0
2015-04-08,-3.275265389486304,2.689965974880713,-1.2746275620908891,2.802901655717913,-3.7253189774064666,1,-0.09824293350832836,0
2015-04-09,-0.5508562383289117,2.8449935427541173,-0.2475561406126974,2.7858423327786133,-4.030121308299872,1,0.15502756787340433,-1
2015-04-10,-3.170258338758991,2.725432502394028,-1.219512029383515,2.772266554266259,-9.884208953419815,1,-0.11956104036008952,0
2015-04-11,0.2031195556136289,2.858086884477771,0.0173823170667408,2.781337562579134,-7.702305002904897,1,0.13265438208374336,-1
2015-04-12,-0.168816563569063,2.725820588384682,-0.1182234620009874,2.7688598985782624,-6.962076974529641,1,-0.13226629609308915,0
2015-04-13,-5.021671457956245,2.611258948532165,-1.981845134144436,2.753118493308553,-8.708483042999582,0,-0.11456163985251688,0
2015-04-14,-2.44657067673959,3.097997304806285,-0.8392551071265405,2.803719245718986,-10.60419748141026,1,0.4867383562741199,-1
2015-04-15,2.11027266361059,3.077664899206895,0.6358175254659849,2.87416572508156,-5.323666479040679,1,-0.02033240559938987,0
2015-04-16,2.095542078042989,3.00064999299909,0.6472273338746026,2.902678346785824,-3.4312439566113184,1,-0.07701490620780493,0
2015-04-17,-2.521312519580743,2.932802564478001,-0.9120122626598136,2.9440747420044877,-5.783739912622998,1,-0.06784742852108927,0
2015-04-18,0.212442326608464,2.946026193776223,0.0200279765162207,3.0110281910532986,-0.5496261280582893,1,0.013223629298221962,0
2015-04-19,-0.3390457413688708,2.803823123577694,-0.1756477148686183,2.952193354807581,1.55789880731243,1,-0.14220307019852907,0
2015-04-20,0.90603622167853,2.68331807989488,0.28047246583777,2.873323990945177,0.3536623653803694,1,-0.1205050436828139,0
2015-04-21,4.629269993654095,2.5848765843041748,1.7315451877465962,2.7901693092061945,2.8873902809914758,0,-0.09844149559070514,1
2015-04-22,-0.465658091082588,2.940769312193269,-0.2105222846616957,2.791762658749248,4.94304470948963,1,0.3558927278890942,-1
2015-04-23,0.9714594733087444,2.8075249039201893,0.2913669933909359,2.764062400778042,5.702061856189911,1,-0.1332444082730797,0
2015-04-24,-2.2210307810531127,2.696375907043463,-0.8806154060470104,2.742572957471196,3.8200768165056687,1,-0.11114899687672608,0
2015-04-25,-2.1318061379512088,2.7143005123236894,-0.8419279703035432,2.748769443956957,0.7822344568759299,1,0.017924605280226213,0
2015-04-26,-3.1225931376802407,2.7199270129020285,-1.2044560406671418,2.775779529676528,-6.969628674458406,1,0.005626500578339133,0
2015-04-27,4.393687124600199,2.8468359156023166,1.4894598308872782,2.756992850358338,-2.110283458775619,1,0.1269089027002881,-1
2015-04-28,-1.507693138911126,3.0978303886873437,-0.5362244905856022,2.8150539473117684,-4.58943607099549,1,0.2509944730850271,-1
2015-04-29,-0.0208106801160568,2.996156317199359,-0.0581578678986545,2.8750100293429472,-2.3892159700584337,1,-0.10167407148798491,0
2015-04-30,4.476096650210959,2.848929588752107,1.5172917168939348,2.901935844628631,4.218686818103734,1,-0.1472267284472517,0
2015-05-01,-1.73682328997824,3.113486232042793,-0.607120935274334,2.9806476884567834,5.604456665805735,1,0.26455664329068584,-1
2015-05-02,1.2209757927329257,3.0264869683219158,0.3527312097238257,3.0165778990007035,2.431745333938462,1,-0.08699926372087718,0
2015-05-03,2.284191943443492,2.8996116661065128,0.734840663377949,2.9769341544845376,6.22363041629308,1,-0.126875302215403,0
2015-05-04,-0.5590600314612892,2.862272617407968,-0.2489278660290091,2.9501574145262595,5.685381064947848,1,-0.037339048698544985,0
2015-05-05,-1.2194490570728966,2.740936057454721,-0.5008830601948177,2.928558708266782,-0.010164642336008,1,-0.12133655995324677,0
2015-05-06,-2.7213371532452517,2.666173559575171,-1.0782405841901237,2.8390961737732576,-0.9946785056030194,1,-0.0747624978795498,0
2015-05-07,3.233740691424458,2.7486381009984164,1.120664560067848,2.7835264003085576,1.0180863930885131,1,0.08246454142324522,0
2015-05-08,2.7138189042092087,2.8431379035538984,0.9005470743523954,2.772231647798035,1.4477133538542295,1,0.09449980255548196,-1
2015-05-09,-0.8363345997192795,2.857897950776594,-0.3463293651313424,2.7713567144717604,1.1704387855962397,1,0.014760047222695416,0
2015-05-10,-0.6371754642038319,2.747707145192108,-0.287736212634807,2.772710932019238,1.7527123784653045,1,-0.11019080558448602,0
2015-05-11,0.771890674817044,2.642775900855045,0.2340157905305581,2.768031400275212,5.2459402065276,1,-0.10493124433706269,0
2015-05-12,-0.4328871534384326,2.544886238020226,-0.2303940065619213,2.727281027679574,1.579312361664709,0,-0.09788966283481892,1
2015-05-13,-1.9833570375609175,2.4581808462357184,-0.8692592426697966,2.650289616215938,-3.1178635801054178,0,-0.08670539178450776,0
2015-05-14,0.2332538373417847,2.4895233160369084,0.0320601352252041,2.576614689268001,-2.048275143044353,0,0.03134246980118993,0
2015-05-15,0.2849091256635461,2.401147174797932,0.0547528880612106,2.507302695189166,-1.1261905531769756,0,-0.0883761412389763,0
2015-05-16,-0.6129713522271096,2.3241582936493392,-0.3297584065184528,2.4435791737480246,-2.511052580221129,0,-0.07698888114859281,0
2015-05-17,0.2744457633568231,2.2726185482299277,0.0532453544690676,2.389125635789965,-1.8037196634258732,0,-0.05153974541941153,0
2015-05-18,-1.5636672562722609,2.212214993751367,-0.7761933827886309,2.339932465293095,-1.3840298821372166,0,-0.06040355447856083,0
2015-05-19,-0.5078760472612132,2.242195673422129,-0.2949409983631044,2.2904669367701387,-2.1251597667402145,0,0.02998067967076201,0
2015-05-20,0.8889134295102963,2.1977423492871,0.3346498039524631,2.2497859716679725,-1.5211554628934645,0,-0.04445332413502889,0
2015-05-21,0.5650190252098675,2.162435206161024,0.1903315488269371,2.217441354170309,-0.3431650854564871,0,-0.03530714312607586,0
2015-05-22,2.103965439267608,2.121362161450763,0.9194686751414166,2.1871900768144767,1.4863545904542974,0,-0.041073044710261186,1
2015-05-23,-0.6160084501104279,2.191021379459497,-0.3511822570547375,2.182951353956102,2.4340133966161304,0,0.06965921800873387,-1
2015-05-24,0.8674087312006584,2.158129389144894,0.3308278695468804,2.166138097100656,3.809298175078002,0,-0.03289199031460299,1
2015-05-25,-1.6077734830485468,2.127558217170786,-0.8278094822589342,2.1521012706773925,1.3126112625191588,0,-0.03057117197410797,1
2015-05-26,0.002529049072919,2.17623880940086,-0.0693445652464817,2.15486199132536,0.7501212863822104,0,0.04868059223007393,-1
2015-05-27,0.0704080120142336,2.129004622863036,-0.0390000896557239,2.1563904836078143,-1.2834361408711636,0,-0.04723418653782385,0
2015-05-28,0.0526658396228008,2.087798435221518,-0.0482678508904283,2.135745894760219,-0.6147618511379349,0,-0.04120618764151773,0
2015-05-29,-0.1315106996626625,2.052440424253117,-0.138834764448619,2.1146081017818634,-1.6136812820012558,0,-0.0353580109684013,0
2015-05-30,-1.594704270682712,2.0242565178250387,-0.8635978881492483,2.0939477619127143,-1.600612069635421,0,-0.02818390642807822,0
2015-05-31,-1.3612984892928282,2.0899804117238228,-0.7247617556505279,2.076696082377307,-2.964439608001168,0,0.06572389389878408,-1
2015-06-01,-3.206521063768797,2.121882046008945,-1.5834812558369586,2.0752715670064883,-6.241368683784199,0,0.03190163428512216,0
2015-06-02,1.2823055324273192,2.3931180182507505,0.4717135304798386,2.136335483612335,-5.01172899097968,0,0.2712359722418056,-1
2015-06-03,0.0314380179571749,2.3504195877465635,-0.0519062068160924,2.1959313163110243,-4.848780273359843,0,-0.04269843050418709,0
2015-06-04,-0.6885832118475932,2.2798651766480207,-0.3693299953240754,2.24705304807562,-3.942659214524724,0,-0.07055441109854277,0
2015-06-05,0.2795569450764645,2.2377529176467266,0.0563590202021722,2.276607549260201,-2.3018037801554314,0,-0.04211225900129412,0
2015-06-06,0.2960722881837796,2.182017047314017,0.0653674567648372,2.288634549521216,1.200789571797145,0,-0.05573587033270977,1
2015-06-07,-1.2209768590978776,2.133924908278747,-0.64407900997315,2.2367959275268148,-1.3024928197280516,0,-0.04809213903526999,0
2015-06-08,2.48500802334366,2.146885229062528,1.0860238864182017,2.196089055790008,1.1510771856584334,0,0.012960320783781398,0
2015-06-09,0.2443544510369655,2.2570251148210576,0.0402809287573349,2.191521043424616,2.084014848542992,0,0.1101398857585294,-1
2015-06-10,-0.1070262598419802,2.198507671185341,-0.1184738386129401,2.183671994132338,1.6974316436245471,0,-0.05851744363571676,1
2015-06-11,0.393454085390843,2.1495418441044616,0.111658539174656,2.177176953490427,1.7948134408316108,0,-0.048965827080879265,1
2015-06-12,0.1205136684347962,2.106988382655945,-0.015626908539022,2.1717896483658667,3.1363039683642846,0,-0.04255346144851657,1
2015-06-13,1.0467578165981095,2.068670282975048,0.4318321971203866,2.1561466591483707,1.698053761618734,0,-0.038318099680897166,1
2015-06-14,0.4897611391449175,2.059773506268281,0.1632809408112513,2.116696337437815,1.943460449726686,0,-0.008896776706766918,1
2015-06-15,1.3946807230270863,2.0315098934910245,0.6109944843589942,2.083296781898952,3.4451674325957526,0,-0.02826361277725642,1
2015-06-16,5.772152352003612,2.050777068113655,2.739797053605867,2.0635438267007906,8.823865699208522,0,0.01926717462263028,0
2015-06-17,-0.6441746888821598,2.82516720615236,-0.2823245542170178,2.207179591400074,8.059177341891566,1,0.7743901380387053,-1
2015-06-18,-0.1111771339154188,2.711147860138865,-0.0976031300208052,2.335675106832837,6.901242391378037,1,-0.11401934601349506,0
2015-06-19,-1.7832259441455278,2.59751796791698,-0.7455830339768293,2.443223999162577,4.628255308087592,0,-0.1136298922218848,1
2015-06-20,0.2474401130184489,2.586918937986044,0.0363369444843475,2.5543058080615806,3.4810146980789547,0,-0.010599029930935977,1
2015-06-21,-0.5184473648919941,2.486666010593792,-0.2701958144812929,2.641483596557608,-2.809585018816652,0,-0.10025292739225211,0
2015-06-22,1.240918046262518,2.410077395344938,0.4512214691443682,2.558465634396124,-0.9244922836719738,0,-0.07658861524885419,0
2015-06-23,-1.0967245914400792,2.362616991303593,-0.5291437330828785,2.488759460629069,-1.910039741196634,0,-0.047460404041344884,0
2015-06-24,-1.5598171178905496,2.331860717398153,-0.7347164812594433,2.435628010525304,-1.6866309149416558,0,-0.03075627390543989,0
2015-06-25,0.9451468843974632,2.342032789354137,0.3380428766039821,2.3866507807989223,-0.9889241435626416,0,0.010172071955983686,0
2015-06-26,0.3268956967133363,2.2891322172030333,0.0757738291508257,2.3471440221207707,-0.1435810819573113,0,-0.05290057215110355,0
2015-06-27,2.991023864998521,2.22698088521726,1.2741844802760172,2.310524720095235,1.6065247367786917,0,-0.06215133198577316,1
2015-06-28,-0.791604101802168,2.390236646914541,-0.3953765357105661,2.3160486512174248,1.9116452264166028,0,0.16325576169728073,-1
2015-06-29,3.1827984516985097,2.337891347868476,1.2957655501300875,2.317254777311489,6.654260796005662,0,-0.052345299046064664,1
2015-06-30,2.3102661546717584,2.505980471887049,0.8606718191480104,2.350044313818072,8.019380066279957,0,0.1680891240185729,-1
2015-07-01,-1.7064046599051252,2.5315630912512144,-0.7346623315515506,2.398530488627708,5.986079709661496,0,0.025582619364165282,0
2015-07-02,-1.2485740380607346,2.523951715166323,-0.555483455891583,2.4579246546175204,1.7464818066022405,0,-0.007611376084891486,1
2015-07-03,0.3611140537128854,2.480594933915041,0.0837197027576673,2.4759963120176205,2.8991999621172937,0,-0.04335678125128206,1
2015-07-04,1.7594399701258645,2.39427645114007,0.6707665633923773,2.487273332671939,1.4758414805446485,0,-0.086318482774971,1
2015-07-05,4.13986636490371,2.3854450799699256,1.671145990823074,2.463166254288515,3.3054416907766004,0,-0.008831371170144209,1
2015-07-06,-1.0659248530481946,2.70168994039157,-0.4513338921692874,2.497191624116586,3.945921497633531,1,0.31624486042164435,-1
2015-07-07,-1.0548688624993474,2.622759424163901,-0.4607011358153376,2.5169531659161017,4.139626673194918,0,-0.07893051622766878,1
2015-07-08,1.7050957210580364,2.5535286973324283,0.6076518111958752,2.5315399185995786,5.483608340540069,0,-0.06923072683147291,1
2015-07-09,-0.5766569135055022,2.516907029633641,-0.2900767839625435,2.556066034298293,3.1475114569087026,0,-0.036621667698787164,1
2015-07-10,5.655863250545501,2.4385211464534384,2.2564593607748,2.566681247594996,4.663508342550493,0,-0.07838588318020268,1
2015-07-11,2.8447765197700647,3.048340849296966,0.8828858942094422,2.636011429376075,8.574209715368752,1,0.6098197028435277,-1
2015-07-12,5.880019194966213,3.045303490716889,1.880462761507816,2.720520242686672,15.509097772834313,1,-0.003037358580077143,0
2015-07-13,-6.242651475623262,3.523409349144337,-1.815313017875684,2.9144963730490545,7.561350576153014,1,0.478105858427448,-1
2015-07-14,-1.5841069719805922,4.008761035605808,-0.4334372489981447,3.2128671742434878,6.553900517677924,2,0.48535168646147087,-1
2015-07-15,-0.5703832709607504,3.805000534725857,-0.1902293173255081,3.486163051897972,0.3276539961716729,2,-0.2037605008799508,-1
2015-07-16,-2.745259721551641,3.5811662635798216,-0.8094287981584447,3.5927281347545423,-5.262382245150032,1,-0.2238342711460355,0
2015-07-17,0.4960886812377829,3.5215416606206347,0.0973009355209649,3.687975768735292,-10.646312758878462,1,-0.05962460295918692,0
2015-07-18,-1.6491018120761147,3.319646085739891,-0.5429919782721967,3.647223116054403,-6.052763095331315,1,-0.20189557488074383,0
2015-07-19,-0.4692632405765451,3.2000070724945844,-0.1945941398418399,3.4854723234321576,-4.937919363927268,1,-0.11963901324530646,0
2015-07-20,1.9425230515445868,3.0377007354669736,0.5889598167036739,3.332012363580381,-2.42501304142193,1,-0.16230633702761077,0
2015-07-21,-1.1347996066651156,2.952932458059529,-0.4362575196504844,3.2063656024763225,-0.8145529265354057,1,-0.08476827740744453,0
2015-07-22,0.5022936197976335,2.8461223848204997,0.1225717623651284,3.0712817473162954,-0.8083479879755551,1,-0.10681007323902936,0
2015-07-23,-0.4240147770213198,2.7179347569811823,-0.21246064083085,2.950939481564554,0.4167390470792398,1,-0.12818762783931748,0
2015-07-24,4.334691796585766,2.609745028439291,1.602168935216994,2.832887072753495,5.220694084241551,0,-0.10818972854189113,1
2015-07-25,0.1452319075485597,2.9055534718490845,-0.0028247546342899,2.806457620029917,3.4234029402455235,1,0.2958084434097934,-1
2015-07-26,1.3722713943767673,2.7678377335936384,0.4403552984339681,2.769438675136739,5.930473941287406,1,-0.13771573825544614,0
2015-07-27,0.3199635296651237,2.6803652535850317,0.0621274082922289,2.7362872488896457,5.748143851154897,1,-0.08747248000860663,0
2015-07-28,0.2731088083621102,2.569370754566953,0.0465753823055936,2.7065744484067995,6.445267436538327,0,-0.11099449901807867,1
2015-07-29,-1.6564984356815415,2.471384964365094,-0.7323577042680045,2.6789024355919606,0.4540772042710195,0,-0.09798579020185905,1
2015-07-30,-0.6471433314072073,2.468473710405981,-0.3243229657320842,2.5914864833033397,-0.3382980346847475,0,-0.0029112539591129583,0
2015-07-31,-1.0734349613804817,2.3991093231357365,-0.5113874272974973,2.5177408012117595,-2.7840043904419964,0,-0.06936438727024452,0
2015-08-01,-1.0769111724396652,2.361619889303319,-0.5209773855630776,2.4539917283554167,-4.180879092546785,0,-0.03748943383241743,0
2015-08-02,0.359083515518499,2.3297046622809265,0.0882704729336026,2.4060585098982115,-4.094904385390397,0,-0.03191522702239258,0
2015-08-03,-0.4919921450150966,2.2625797582358875,-0.2852635474391746,2.36429746867237,-2.930398094723952,0,-0.06712490404503901,0
2015-08-04,1.4091618850608612,2.214742218277971,0.5669835936273796,2.313551170246768,-0.8740928782558832,0,-0.04783753995791651,0
2015-08-05,-1.176525184182431,2.2062323068156,-0.602821635444818,2.274975766982741,-0.9771831010578323,0,-0.008509911462371011,0
2015-08-06,-1.1794015540393945,2.204402521265549,-0.6046268430402412,2.243532293375187,-1.0796734826575616,0,-0.0018297855500510884,0
2015-08-07,0.3611842885058003,2.2030702477430686,0.0942979033624921,2.218205410467615,-1.0775727096702603,0,-0.0013322735224803317,0
2015-08-08,-6.879738173945338,2.1527765652904978,-3.26702625368816,2.196244771878537,-7.465318738600501,0,-0.05029368245257082,0
2015-08-09,1.5534065416502152,3.2487528583426024,0.4309244868755839,2.403046899891464,-7.3210740820111475,1,1.0959762930521046,-1
2015-08-10,-0.2315186034841154,3.112458242563134,-0.1236829401927789,2.5842920870409705,-6.376067501312832,1,-0.13629461577946822,0
2015-08-11,2.212268918500637,2.9548515096144947,0.6967624358172572,2.73438188471076,-2.984397028772801,1,-0.15760673294863947,0
2015-08-12,-1.4941646019162036,2.9032042240162923,-0.5675122581697857,2.8744086799654047,-4.8397459191948045,1,-0.05164728559820242,0
2015-08-13,-0.8656834399337399,2.825724007568436,-0.3606590100050317,3.008998168420992,1.1743088148167935,1,-0.07748021644785652,0
2015-08-14,0.6040512802955256,2.720788696894246,0.1656181156686485,2.9034053361313203,0.2249535534621038,1,-0.10493531067418971,0
2015-08-15,-1.566327593274064,2.609171111412018,-0.6591238761365527,2.802747909901097,-1.1098554363278446,0,-0.11161758548222789,0
2015-08-16,-1.1706545070411245,2.5778754231189445,-0.5136376561682178,2.727352692601987,-4.492778861869606,0,-0.03129568829307372,0
2015-08-17,-0.2056120054692911,2.521810483162375,-0.1423784186202525,2.651073944431204,-3.204226265422694,0,-0.05606493995656958,0
2015-08-18,-20.06341623244268,2.432557928305723,-8.31094519081281,2.572440728578661,-22.40195905793163,0,-0.08925255485665184,0
2015-08-19,7.13245563578564,7.484390961142115,0.9324761745927423,3.525161181428235,-15.873554702441515,2,5.051833032836392,-1
2015-08-20,3.7516791304678776,7.339521475905203,0.4902553605295847,4.471231254326872,-10.555547978699575,2,-0.1448694852369119,-1
2015-08-21,-1.1886837538968464,6.901960120694696,-0.1944553595805334,5.336048193842022,-10.573577225555296,2,-0.4375613552105069,-1
2015-08-22,-0.94134337891445,6.40279145313438,-0.1709852288819839,6.112244387836424,-11.309308599000456,2,-0.4991686675603155,-1
2015-08-23,-0.9686912182081286,5.942273078035795,-0.1888386122036635,6.8141874177824375,7.785416415234092,2,-0.4605183750985855,-1
2015-08-24,-8.062473359634037,5.524058654152174,-1.4872964349576314,6.4221209563844495,-7.409512580185584,2,-0.4182144238836205,-1
2015-08-25,5.145266189809483,5.886146706959339,0.848063606828586,6.131446002595277,-6.015925520843979,2,0.36208805280716483,-1
2015-08-26,1.8872365248561171,5.733839680591776,0.302379773111102,5.897821914574694,-2.940005242091015,2,-0.15230702636756277,-1
2015-08-27,-0.4713708157641605,5.354903818626902,-0.1166800039944912,5.688244387673197,-2.4700326789407256,2,-0.37893586196487483,-1
2015-08-28,2.9057315980820952,4.980165383607076,0.552650766168994,5.495822848787453,1.4043901373494982,2,-0.3747384350198253,-1
2015-08-29,-0.7008187531501342,4.734726861652618,-0.180423952911046,5.337956490287542,8.766044743833401,2,-0.24543852195445837,-1
2015-08-30,-0.4444526744575405,4.4224052979407205,-0.1351961245884202,5.045208208483818,3.1763258795663774,2,-0.31232156371189745,-1
2015-08-31,0.5644959118663806,4.134675331823207,0.0994168817849551,4.725375338730105,1.8535852665766408,2,-0.28772996611751367,-1
2015-09-01,-0.8446556918348946,3.871978117229964,-0.2577739452030478,4.428790198450717,1.4803003905059064,2,-0.2626972145932429,-1
2015-09-02,0.5085195369725959,3.6493124743804177,0.0973005617584279,4.162619616605385,-0.9169116706035928,1,-0.22266564284954615,0
2015-09-03,-0.9205540744851248,3.4344084839165983,-0.3127157013203291,3.902555941058181,-1.1366469919385835,1,-0.21490399046381947,0
2015-09-04,1.361828629261641,3.2612872599663407,0.37052524042018,3.6703323334633056,0.6696343117805981,1,-0.17312122395025753,0
2015-09-05,2.029220950741273,3.1136161592560234,0.6024447046825884,3.4661204989498686,2.1343593506554903,1,-0.1476711007103173,0
2015-09-06,2.03056690919432,3.025486759863222,0.6204381889596634,3.2968222274765204,5.009581951684705,1,-0.0881293993928014,0
2015-09-07,0.0029201476094975,2.9490879909600776,-0.0510392487559666,3.156777330792452,4.503982562321607,1,-0.07639876890314445,0
2015-09-08,1.5555028445460195,2.806963001723322,0.499494813612394,3.031288234353797,6.980039481352751,1,-0.14212498923675554,0
2015-09-09,-2.2579945075460905,2.725425932214272,-0.8847915704574895,2.924115968803384,3.3602163445450195,1,-0.08153706950905004,0
2015-09-10,0.1296586674883748,2.7426886351014663,-0.0086705852755641,2.849930463972472,1.4606540612921215,1,0.017262702887194337,0
2015-09-11,0.681174434529197,2.6237079056815538,0.2011409312001009,2.7695746931361382,0.1112615866269983,0,-0.11898072941991256,1
2015-09-12,-2.052511060196771,2.5256216259873647,-0.8734287118394946,2.684881420141596,-1.9441696211792705,0,-0.09808627969418904,0
2015-09-13,-2.025663112683329,2.553189276860428,-0.8534825504775115,2.634126675169017,-5.525335578408619,0,0.027567650873063343,0
2015-09-14,0.0572490829461536,2.573424906781689,-0.0373783202236447,2.6037264700825,-3.2100919879163747,0,0.020235629921260934,0
2015-09-15,-0.1475205016576275,2.47481952306913,-0.121608821182943,2.550152647676033,-3.487271157062377,0,-0.09860538371255911,0
2015-09-16,-0.5280859583558062,2.3904482157225644,-0.2851035789257385,2.5035007096842348,-4.69653154994738,0,-0.0843713073465655,0
2015-09-17,0.3133550493113368,2.326723629552553,0.0687299789699334,2.463721110397273,-2.3306654404392724,0,-0.06372458617001131,0
2015-09-18,1.3678307924647193,2.259529904618383,0.5374531254484449,2.404989235948864,1.062828464708776,0,-0.06719372493417008,1
2015-09-19,-0.6381558728588921,2.241460219477075,-0.3531605197200025,2.3385962984879414,0.3674235089037303,0,-0.0180696851413078,1
2015-09-20,-0.121455628971212,2.2024231008111235,-0.1248148060439951,2.2841170140363403,0.3934883815901457,0,-0.03903711866595172,1
2015-09-21,-1.8010636554186554,2.1531469558755245,-0.907742517652376,2.236656762066932,-0.8794893154727035,0,-0.04927614493559895,0
2015-09-22,1.543821932437428,2.21749254462452,0.6270066398304459,2.2148105450813254,0.3509775676533877,0,0.06434558874899565,-1
2015-09-23,-0.1453637607019331,2.218507424766961,-0.1346865647369483,2.2066060491110404,-1.162216985513265,0,0.0010148801424407772,0
2015-09-24,1.827026927081565,2.167442930625684,0.7721483782805307,2.1918025913407626,1.3029658144271927,0,-0.051064494141277006,1
2015-09-25,0.2618803211655418,2.2008083398904765,0.0492732311199782,2.191479639156633,1.6863017645639466,0,0.03336540926479259,-1
2015-09-26,-0.3425043884538681,2.149919308860391,-0.2306801792947736,2.1908341097536064,3.144861031528734,0,-0.05088903103008535,1
2015-09-27,-0.6778029461708357,2.1128269831563387,-0.3934265966787261,2.16990099745997,0.9232361529204702,0,-0.03709232570405252,1
2015-09-28,2.706250346100969,2.094141860403309,1.2190248479279155,2.14502788458724,3.774850259723373,0,-0.01868512275302958,1
2015-09-29,-1.031893239891879,2.2446997374778035,-0.5280584317290867,2.160479245957664,0.915930092749928,0,0.15055787707449442,-1
2015-09-30,-0.2652578554447338,2.226903165331301,-0.1880177122860149,2.1656982110458287,0.3887919161396524,0,-0.01779657214650232,1
2015-10-01,0.6287901367532989,2.177146240417355,0.2183366210066037,2.1711435973572213,1.3600864413468194,0,-0.04975692491394623,1
2015-10-02,-0.1078239631161714,2.13567246313334,-0.1223330594037828,2.175712693352622,1.930065424401484,0,-0.0414737772840148,1
2015-10-03,0.603752692685422,2.095353372952908,0.2149104372154032,2.1759549958625413,-0.1724322290140634,0,-0.04031909018043223,0
2015-10-04,-0.1974859783494764,2.064704676392504,-0.1699639495881626,2.139955983645481,0.6619750325283391,0,-0.03064869656040381,1
2015-10-05,0.8875137866671601,2.0360389113225272,0.360540458928161,2.101783132843727,1.814746674640233,0,-0.028665765069976867,1
2015-10-06,2.3354148687660725,2.024227799554377,1.0779298091168792,2.0711994446711315,3.521371406653006,0,-0.011811111768150084,1
2015-10-07,-1.265377602231954,2.1397512482895205,-0.6630756666455851,2.072015201702367,2.363817767537224,0,0.11552344873514331,-1
2015-10-08,-0.2740699397022261,2.155335709348457,-0.1983492970637052,2.084011668981477,1.485995135149576,0,0.015584461058936405,0
2015-10-09,0.6692257742013652,2.115639766366114,0.2437968879285874,2.094198686976199,2.3527068877004176,0,-0.03969594298234291,1
2015-10-10,0.4131944378731766,2.083983655469197,0.124643518200411,2.103787635805533,1.8783875389064344,0,-0.03165611089691689,1
2015-10-11,0.8573415850475996,2.0508893762233584,0.3432180253234664,2.1091199511393297,0.4003142551879612,0,-0.03309427924583863,1
2015-10-12,-0.7076199258949423,2.0355374730494797,-0.4230132436659664,2.088277196091321,0.958071931524973,0,-0.01535190317387869,1
2015-10-13,1.6976402807395097,2.0299740938432085,0.760699805105709,2.063204872990272,2.929782151966709,0,-0.005563379206271257,1
2015-10-14,0.9894468274496582,2.0747671632354256,0.402940367998996,2.055030352364134,3.250003205215002,0,0.044793069392217166,-1
2015-10-15,0.9207915934275056,2.061981060388153,0.3721431903451694,2.050629833347925,3.757600360769331,0,-0.012786102847272662,1
2015-10-16,3.3062418315287445,2.0477996695687506,1.53960492092928,2.0500118920170034,6.206500607250476,0,-0.014181390819402395,1
2015-10-17,2.9133814880569098,2.302040711114906,1.198911075528675,2.103312539630089,9.827502021202328,0,0.25424104154615534,-1
2015-10-18,-3.38085789053455,2.43859343122233,-1.4493179668520422,2.1850364071059127,4.749003849928268,0,0.13655272010742392,0
2015-10-19,0.6833295002768303,2.663774505291372,0.1989245396113311,2.3028378755171026,4.44288652275544,1,0.2251810740690421,0
2015-10-20,2.2616842061920828,2.5608633567754566,0.8232554921100372,2.4026143347945625,5.783779135520017,0,-0.10291114851591532,1
2015-10-21,-1.1912782119455123,2.572575450589776,-0.5227125971448463,2.507569490998768,1.2862590920457606,0,0.01171209381431959,0
2015-10-22,2.8693727253368277,2.518584139716353,1.0783572005100286,2.5508781767190576,1.242250329325678,0,-0.05399131087342335,1
2015-10-23,0.8984280367577924,2.607460260457912,0.2857142886786,2.5846515425661742,5.52153625661802,0,0.08887612074155893,-1
2015-10-24,1.8482975533646415,2.5181572942854324,0.6730549255312672,2.5555281003649863,6.686504309705832,0,-0.08930296617247935,1
2015-10-25,0.716747871519452,2.4981385790920854,0.2254912890144133,2.542983144828312,5.141567975033201,0,-0.02001871519334708,1
2015-10-26,0.5694398925500721,2.416654664827325,0.1721389966970946,2.5117989876758218,6.9022860795287855,0,-0.08148391426476032,1
2015-10-27,2.9317184247969585,2.341809476436414,1.186381330150473,2.476444055019834,6.964631778988917,0,-0.07484518839091114,1
2015-10-28,3.620017059679181,2.472913860855347,1.4018190165737503,2.4495347750993206,9.686220801910306,0,0.13110438441893324,-1
2015-10-29,2.987256054086007,2.67946576224792,1.057605105774986,2.481796468691818,10.825179302631671,1,0.20655190139257273,-1
2015-10-30,4.41282528852005,2.7542977955995163,1.5464507549408195,2.5330283119933044,14.52125671963227,1,0.07483203335159638,0
2015-10-31,-4.31379224712698,3.029647596194787,-1.4745053635680694,2.6556268982667968,9.638024579955218,1,0.2753498005952708,-1
2015-11-01,3.522899562797299,3.2784561021616683,1.0277582113703716,2.842956223411848,10.229205717955558,1,0.2488085059668812,0
2015-11-02,10.42508973339027,3.3183617206539404,3.0953980352035644,3.0120457953715665,17.034278391666646,1,0.039905618492272144,0
2015-11-03,11.056939286686609,4.7816797523406604,2.280265611298192,3.432488593390114,25.10396162426725,2,1.46331803168672,-1
2015-11-04,1.9991331284303195,5.8762844899834255,0.3140919654916473,4.056885932266896,22.690269464177515,2,1.094604737642765,-1
2015-11-05,-6.32080206022696,5.488317236314097,-1.1796405281700413,4.548619860290758,20.68325965107753,2,-0.3879672536693288,-1
2015-11-06,-3.1242361543841746,5.581550538321813,-0.5872338725706505,5.009238747522787,14.03612393389606,2,0.09323330200771629,-1
2015-11-07,3.157358504810137,5.308007809100208,0.5659221368282061,5.407167965212041,6.768392705315929,2,-0.27354272922160483,-1
2015-11-08,-3.452072206175405,5.044405741097941,-0.7147544774171931,5.459713162963498,-7.740618787546083,2,-0.2636020680022675,-1
2015-11-09,1.8282750549876603,4.861251898374549,0.3445276457211218,5.256706644641722,-7.911476860988742,2,-0.1831538427233914,-1
2015-11-10,-12.130161493200742,4.565056630838465,-2.690788279252508,5.072054523546596,-13.720836293962524,2,-0.29619526753608394,-1
2015-11-11,-7.9482674757560545,6.064087050394139,-1.3360142741375756,5.168561825961061,-18.544867615334404,2,1.499030419555674,-1
2015-11-12,8.343250231798294,6.3010557858950325,1.29975215692391,5.367171421320025,-13.358975888346247,2,0.23696873550089315,-1
2015-11-13,-0.4145825976570982,6.508151912565617,-0.0872785375128893,5.65992065561356,-10.32148627982794,2,0.2070961266705842,-1
2015-11-14,-1.1489510937649603,6.029229977100811,-0.2160127382592503,5.893516271358813,-13.29871242858056,2,-0.47892193546480577,-1
2015-11-15,-3.9020620675381146,5.607911012530028,-0.7231750720830008,6.102087147697125,-5.070613002917934,2,-0.42131896457078266,-1
2015-11-16,3.2526283053829985,5.397103375284212,0.574231899354059,5.96869041267514,6.130282778221119,2,-0.21080763724581608,-1
2015-11-17,1.3045224166090108,5.130654721859973,0.224354024160171,5.734610199868128,-0.908445036968164,2,-0.26644865342423873,-1
2015-11-18,-0.1505181264756849,4.788634576589844,-0.0634747765354621,5.390706732672973,-0.6443805657867507,2,-0.34202014527012903,-1
2015-11-19,-2.555159898797488,4.462359133358347,-0.6069881874214712,5.077332563924481,-2.050589370819278,2,-0.3262754432314976,-1
2015-11-20,-1.2734415693713252,4.272883602748183,-0.3339386431301202,4.810327081968112,0.5780311273475114,2,-0.18947553061016364,-1
2015-11-21,1.511703431131739,4.025482748939029,0.3374164373965794,4.536002956699075,-1.162893746903748,2,-0.2474008538091539,-1
2015-11-22,-0.7340407360659995,3.800852870730166,-0.2334949942639721,4.270042586473114,-3.2014568995787585,2,-0.22462987820886315,-1
2015-11-23,-0.460180604072935,3.5819931959381925,-0.1713068545055008,4.028714310342783,-3.5111193771760085,1,-0.21885967479197355,0
2015-11-24,-0.932999277102109,3.378585234325035,-0.3215661541546095,3.8119595305361216,-1.8889587554806295,1,-0.20340796161315744,0
2015-11-25,2.5176736497360963,3.212166471630623,0.7360248254358296,3.599816104312609,1.902156463626792,1,-0.16641876269441225,0
2015-11-26,7.193100419943921,3.15215237674934,2.23328703545107,3.425150029874671,7.583553452438974,1,-0.060014094881283064,0
2015-11-27,1.507783125161044,3.87872978580834,0.3491719755609249,3.4407254128903064,9.825377313666015,2,0.7265774090590003,-1
2015-11-28,-0.1847803072712039,3.669497693382185,-0.0921705690303374,3.458226312379105,10.100777610467748,1,-0.20923209242615526,0
2015-11-29,3.819174564629346,3.452321466082797,1.0618174516654608,3.472973558730657,14.852951452199203,1,-0.21717622729938757,0
2015-11-30,1.610210351494601,3.501091470530306,0.4160905193632667,3.530758558510594,13.945488153957708,1,0.048770004447508786,0
2015-12-01,-4.0104933740255255,3.338617569447058,-1.247202673140697,3.5680515970501374,2.7418943599882617,1,-0.16247390108324788,0
2015-12-02,-0.9148211621262448,3.4766592117043067,-0.3072663957724839,3.4876374822293306,0.3192900727009728,1,0.13804164225724858,-1
2015-12-03,0.5162169451390142,3.298660500021176,0.1099772352909135,3.413470043557129,1.020287325111191,1,-0.17799871168313075,0
2015-12-04,0.5901531467588761,3.120513978378195,0.1399493053392774,3.3471085460162087,-2.208734092759279,1,-0.17814652164298073,0
2015-12-05,6.854136502537322,2.962907303345617,2.2615277608542708,3.239471712579271,3.0351920582834424,1,-0.1576066750325782,0
2015-12-06,-0.042692245829734,3.6730861004153335,-0.0533969593010355,3.3063654187729257,7.002993186479234,1,0.7101787970697164,-1
2015-12-07,1.72205138958752,3.454186445067478,0.4541190903705067,3.30187086544556,9.639865738193,1,-0.2188996553478555,0
2015-12-08,4.939236490664456,3.3034155604758424,1.448742073126198,3.302821877536493,14.06288528371844,1,-0.15077088459163557,0
2015-12-09,0.4801203895183015,3.546424221856362,0.0921156031818322,3.388003926232127,13.952852526477866,1,0.2430086613805198,0
2015-12-10,-0.5003322142095534,3.341752006630537,-0.1956373770691886,3.463772866889111,6.59838380973099,1,-0.20467221522582513,0
2015-12-11,8.41128954484418,3.164788714348114,2.609289563067023,3.3621133896756668,15.052365600404904,1,-0.1769632922824229,0
2015-12-12,-3.820582051168042,4.173001949559117,-0.9523171765523007,3.505876490573995,9.509732159649342,2,1.0082132352110027,-1
2015-12-13,-0.2859286011326567,4.146225308390021,-0.105968188324673,3.6744384401568304,4.28456706785223,2,-0.026776641169095505,-1
2015-12-14,2.3754533912740072,3.882781246670271,0.5722738075950535,3.7417098451196127,6.179900069607935,2,-0.26344406171975043,-1
2015-12-15,4.649311721861515,3.724929070520014,1.206968576733337,3.818345257897508,11.329544005679004,2,-0.1578521761502567,-1
2015-12-16,-2.2575188405546958,3.840248739614908,-0.6278130369179689,3.9534372629508665,0.6607356202801284,2,0.11531966909489366,-1
2015-12-17,0.2511521386751703,3.70212437816529,0.0263936987282562,3.859261748672101,4.732469810123341,2,-0.1381243614496177,-1
2015-12-18,1.639276364644271,3.479764327378925,0.426993566710913,3.7259695524698815,6.657674775900269,1,-0.222360050786365,0
2015-12-19,-0.2795019118873476,3.3213183012490477,-0.1303522444409722,3.613676963385637,4.002719472738914,1,-0.15844602612987746,0
2015-12-20,-4.340314781103682,3.14184996637838,-1.430289228440462,3.4970611425573104,-4.986907030226284,1,-0.1794683348706676,0
2015-12-21,-0.9181682084783204,3.3708500030312423,-0.3179042647100934,3.403181395240577,-3.647556398149909,1,0.22900003665286217,-1
2015-12-22,-0.4723479133980746,3.204676801815584,-0.1952731383791597,3.303691879970636,-4.371056450223154,1,-0.16617320121565848,0
2015-12-23,1.3263423371260965,3.0419349580702333,0.3855779200114222,3.216126006108897,-4.683990477741329,1,-0.1627418437453505,0
2015-12-24,2.804770636831311,2.9182367245389047,0.9085387869165724,3.135509690766869,-1.5997179290226704,1,-0.12369823353132858,0
2015-12-25,0.1467168962047793,2.9311536966074243,-0.0022934610990696,3.0933704368126778,2.887313748285792,1,0.012916972068519605,0
2015-12-26,-8.798853937524775,2.790547596984977,-3.2080776297743663,2.977309955603425,-4.993371980760664,1,-0.1406060996224472,0
2015-12-27,1.3210598374460147,4.124004802305651,0.2831278114928184,3.161175555701438,-3.1999642299165743,2,1.3334572053206735,-1
2015-12-28,-0.1287433775797097,3.881404793001908,-0.0727011934626922,3.329069522687773,-4.65504994462238,2,-0.2426000093037426,-1
2015-12-29,2.503225684419075,3.642252974414376,0.6451463744397232,3.473872772662866,-4.956594897034616,1,-0.2391518185875321,0
2015-12-30,-1.4804794390454568,3.523940452277009,-0.463662438215446,3.592430123796784,-6.583791232284852,1,-0.1183125221373671,0
2015-12-31,0.9209236604592164,3.3689174440722853,0.2278133228305389,3.7081040932142457,3.13598636569914,1,-0.15502300820472348,0
2016-01-01,0.87109452403622,3.1921559366950847,0.2248183218755543,3.5217343200921327,2.6860210522893446,1,-0.17676150737720064,0
2016-01-02,-0.2065120622682492,3.033306699404734,-0.1186663536272906,3.352114701372697,2.608252367600805,1,-0.1588492372903505,0
2016-01-03,-0.7937979079086332,2.8840751646903557,-0.3284371027111128,3.2004791394278937,-0.6887712247269029,1,-0.14923153471437844,0
2016-01-04,0.7137117514959712,2.768880569312737,0.2023461663612647,3.04946716283504,1.505419965814525,1,-0.11519459537761856,0
2016-01-05,-0.261490389365715,2.654148706220129,-0.1563325263489001,2.906513415264608,0.3230059159895937,1,-0.11473186309260797,0
2016-01-06,-0.6631301754832286,2.549776185608635,-0.3202514649228536,2.7780374650473183,-1.211218783529855,0,-0.10437252061149405,0
2016-01-07,6.527232134918748,2.4705464608517542,2.579912117717452,2.6654854173367224,5.522525413657142,0,-0.07922972475688095,1
2016-01-08,-1.0574244034119218,3.2716249741465546,-0.370110815317741,2.7429953792279624,5.258898918153854,1,0.8010785132948004,-1
2016-01-09,-1.2475212401744429,3.1228832667420643,-0.4486112683998375,2.813795918713828,3.29766592648344,1,-0.14874170740449033,0
2016-01-10,0.0848602191526382,3.0017001074950787,-0.0228467740196517,2.883306198968817,3.644016535001793,1,-0.12118315924698564,0
2016-01-11,0.0975016705973885,2.8532999964214345,-0.0196045675730243,2.944010961131377,4.40464838108241,1,-0.14840011107364415,0
2016-01-12,-2.881716674744528,2.7215955816948347,-1.1152120022320768,2.9942207852999934,-5.004300428580866,1,-0.13170441472659977,0
2016-01-13,-0.7646965823602692,2.815023423390015,-0.3261557107890559,2.902900475148685,-4.711572607529213,1,0.09342784169518037,0
2016-01-14,-0.4787438127617172,2.7069414791202115,-0.233541508311634,2.8197121176243147,-3.9427951801164873,1,-0.10808194426980355,0
2016-01-15,-16.643380526657747,2.6016465195140044,-6.456226771721005,2.7397014000281,-20.671035925926876,0,-0.10529495960620716,0
2016-01-16,6.174599774960399,6.410783197217265,0.93922383686141,3.451198040187266,-14.593937821563864,2,3.8091366777032607,-1
2016-01-17,-1.3605721094879897,6.302973458658239,-0.2402059127492552,4.167473615579947,-13.072793256307325,2,-0.10780973855902598,-1
2016-01-18,1.265565113903655,5.862956783921231,0.1896868374964392,4.77706028768619,-11.0425315600434,2,-0.44001667473700845,-1
2016-01-19,-1.829545901698637,5.451735867974946,-0.3637346586305844,5.326019165457137,-12.39333364898032,2,-0.4112209159462843,-1
2016-01-20,10.023896012970912,5.111125055691674,1.9311710283425707,5.827914872692671,14.27394289064834,2,-0.3406108122832725,-1
2016-01-21,-2.4006242647882203,5.884992548399231,-0.4339960716970305,5.722756742929064,5.69871885089972,2,0.7738674927075575,-1
2016-01-22,-7.008821442776636,5.531106798064893,-1.2949055383392272,5.5683834108103945,0.0504695176110736,2,-0.35388575033433867,-1
2016-01-23,1.2984866282222285,5.719353602411748,0.2002057093577917,5.539662774508498,0.0833910319296471,2,0.18824680434685526,-1
2016-01-24,3.917200387198161,5.322166981255217,0.7071858168431887,5.513748997164552,5.830137320826445,2,-0.39718662115653114,-1
2016-01-25,-2.8301970204966054,5.119414910999141,-0.5828080856016494,5.515406968226046,-7.023955712641072,2,-0.2027520702560759,-1
2016-01-26,0.1089458908665186,4.875414817196876,-0.0091260936730724,5.3134914219855744,-4.514385556986333,2,-0.24400009380226528,-1
2016-01-27,0.7162729626808861,4.539821865804541,0.1239770185118924,5.115234435533504,3.2107088484711888,2,-0.3355929513923348,-1
2016-01-28,-3.788334415456074,4.240226708156696,-0.9296139263159772,4.819409056682494,-1.8761121952071136,2,-0.29959515764784506,-1
2016-01-29,-0.2145413118275208,4.199697535625241,-0.0876207612308631,4.594915167556499,-6.007853894232795,2,-0.04052917253145516,-1
2016-01-30,-0.32174964557381,3.930125958725992,-0.120909363655915,4.357057377101869,-3.49940651931,2,-0.2695715768992488,-1
2016-01-31,-2.5403580608563736,3.688575421437004,-0.7303083538387457,4.119689497949895,-6.148710471032892,2,-0.24155053728898768,-1
2016-02-01,1.156353811667632,3.59435192845073,0.2790251061800101,3.930595510479132,-5.708629622046146,1,-0.09422349298627397,0
2016-02-02,0.372439452940565,3.4011030419436663,0.0643908952643986,3.762770777236527,-1.5478557536495074,1,-0.19324888650706384,0
2016-02-03,-1.2087764139590895,3.2104680221874284,-0.4243044278056059,3.5649248745489643,-2.542090855781076,1,-0.19063501975623787,0
2016-02-04,5.173998404095492,3.076621720042964,1.631841505962598,3.394224026812359,2.953657193888226,1,-0.13384630214446425,0
2016-02-05,-0.784648837057933,3.4116123258664723,-0.2749691731175882,3.3388314076982524,4.709366417686667,1,0.33499060582350815,-1
2016-02-06,-2.6282180931772814,3.235795358828124,-0.8596518530665146,3.2671200937737312,0.9247945128417534,1,-0.17581696703834826,0
2016-02-07,0.0260221695602247,3.2140500102842853,-0.0396438179914468,3.2297094874418546,0.5783772294614131,1,-0.021745348543838805,0
2016-02-08,-0.8460639214486143,3.042667690155984,-0.3284957170530564,3.196149421035566,0.9410897219718884,1,-0.17138232012830112,0
2016-02-09,0.6890176622256661,2.9109002049428128,0.1839906013036421,3.163005118015536,-3.543891019897938,1,-0.1317674852131714,0
2016-02-10,1.483505749508396,2.7789608447314658,0.478620045635648,3.0364748217885342,-1.275736433331609,1,-0.131939360211347,0
2016-02-11,-0.5241013735836297,2.696572643440843,-0.2512599682471103,2.9286302787110783,0.8283802862620426,1,-0.08238820129062274,0
2016-02-12,1.2066925497951964,2.593948634921284,0.4060424144226803,2.804610003638478,2.0090506664970142,0,-0.10262400851955888,1
2016-02-13,1.957738050316582,2.519963993631678,0.7160017649827415,2.700069264333617,4.8128526382622105,0,-0.07398464128960613,1
2016-02-14,3.8473567610243897,2.509121541239536,1.4721954744433017,2.619713531592961,7.971191737060934,0,-0.01084245239214221,1
2016-02-15,-1.7451229283921066,2.7446341890370096,-0.6917360131849062,2.61284820045407,4.742563059160432,1,0.23551264779747383,-1
2016-02-16,1.8084566484096063,2.708883841825768,0.6109591115249867,2.615310440131055,7.075121081153668,1,-0.035750347211241706,0
2016-02-17,2.144747704066585,2.6582766686824693,0.7490974676726186,2.628176046883292,8.013176235425057,1,-0.050607173143298656,0
2016-02-18,1.44297987573756,2.643566117431753,0.4878033819736715,2.652896471643307,7.498418060846035,1,-0.014710551250716186,0
2016-02-19,-0.3766753265905365,2.5764594967547074,-0.2057531703648392,2.6663640627463416,3.2743859732311087,0,-0.06710662067704565,1
2016-02-20,3.818639098201349,2.4842514274232625,1.475373899178819,2.614287510423592,8.838147999824564,0,-0.09220806933144488,1
2016-02-21,0.3730765878716902,2.7206611610747755,0.0807293491121774,2.6166429742733937,7.402767939286647,1,0.23640973365151297,-1
2016-02-22,-0.2395809974120588,2.6053913833720608,-0.1508488832440713,2.6060659172113114,5.018439237808003,0,-0.11526977770271474,1
2016-02-23,-3.963782937665261,2.506496962134819,-1.6426201120714332,2.578652086151925,-0.3883235755948178,0,-0.09889442123724157,0
2016-02-24,0.9977708754210112,2.816085639374621,0.2998245083289343,2.626577314675908,0.98612262641673,1,0.30958867723980177,-1
2016-02-25,-0.0967582681318468,2.704906133978885,-0.0924977204096734,2.6707082559870328,-2.9292747399164654,1,-0.11117950539573584,0
2016-02-26,1.776173016747684,2.5918378183133,0.6260938173285757,2.6449435874347373,-1.5261783110404714,0,-0.11306831566558495,0
2016-02-27,0.0848887976735213,2.555233277575108,-0.0268275253423731,2.634911966275346,-1.2017085159548913,0,-0.03660454073819208,0
2016-02-28,0.2274733499286974,2.458729190843301,0.030110663273153,2.625358412017043,2.9895477716390677,0,-0.09650408673180699,1
2016-02-29,0.96258511960281,2.3741667260147907,0.3408125164729592,2.536974629345077,2.954362015820866,0,-0.08456246482851038,1
2016-03-01,-0.5898152327930006,2.317672595097724,-0.3206900826063417,2.459527921568845,2.4613050511597123,0,-0.05649413091706679,1
2016-03-02,-2.592117345278666,2.2660633810139394,-1.2115975005224795,2.3943730341089724,-1.906985310866638,0,-0.051609214083784494,0
2016-03-03,-0.5529583775895297,2.407926728287744,-0.2933634784124789,2.3649117242515,-2.544832486129689,0,0.14186334727380467,-1
2016-03-04,-2.5733186267470565,2.3428103535651505,-1.1638833701502895,2.3417279567958698,-5.345624462805443,0,-0.06511637472259357,0
2016-03-05,-2.555622265816382,2.466622912075528,-1.0982877178904489,2.360219194008017,-8.863831848224635,0,0.12381255851037754,-1
2016-03-06,1.7660229918132764,2.564255379810262,0.6288701278845534,2.409535750950525,-6.507993623618358,0,0.097632467734734,0
2016-03-07,1.609228951048891,2.530812765934196,0.5752261042227572,2.4624856279345764,-2.306647327290801,0,-0.03344261387606595,0
2016-03-08,-0.0842768348840117,2.490308031670543,-0.0954565519783872,2.478961888611136,-1.8379657845852824,0,-0.04050473426365331,0
2016-03-09,0.2142776485375641,2.403123503478856,0.0253163290468215,2.491024518593877,0.949630490699338,0,-0.08718452819168698,1
2016-03-10,0.545927121582146,2.325522576405376,0.1687739961679848,2.4628044514598466,4.051179878097866,0,-0.07760092707347965,1
2016-03-11,1.087010289601853,2.2619957826136314,0.4127200031026637,2.402352532020521,3.3721671758864424,0,-0.06352679379174475,1
2016-03-12,-2.41601586229514,2.226893011458454,-1.1538296776079398,2.3415685811253724,-0.6530776374575886,0,-0.03510277115517724,0
2016-03-13,0.5912678130918003,2.352405661890429,0.1861194423229758,2.3139881071693496,0.0224670105182234,0,0.12551265043197501,-1
2016-03-14,0.5714590613499659,2.2863763292451367,0.1828306533879465,2.290638672322605,0.3796484233306252,0,-0.06602933264529254,1
2016-03-15,0.0940869760420959,2.2286004038786134,-0.0266321441196685,2.271254237817253,-0.0721917222094248,0,-0.05777592536652332,0
2016-03-16,0.0434134959985677,2.173737373259343,-0.0506159982978073,2.253602555946395,-1.11578851581271,0,-0.054863030619270337,0
2016-03-17,0.8619628357029008,2.126534808022495,0.3331821561756741,2.233530915259203,2.1621901821853307,0,-0.04720256523684796,1
2016-03-18,-2.667807324424576,2.1002815947958813,-1.343270690272418,2.183106101840294,-1.0968849553310456,0,-0.02625321322661378,0
2016-03-19,0.2185378505023649,2.288805878780478,0.0284421094521602,2.183592011747362,-1.4498061661786463,0,0.18852428398459686,-1
2016-03-20,0.8034521831448593,2.2259803803798746,0.29201191784565,2.1830680070476145,-0.7404409590758831,0,-0.06282549840060359,0
2016-03-21,-0.1083348247997939,2.183353264718209,-0.1198954892977074,2.1849911853393875,-0.8921892798742448,0,-0.04262711566166555,0
2016-03-22,1.1503628063921134,2.136472590091926,0.4666212091051803,2.1869787417532742,-0.6037893091850322,0,-0.04688067462628309,0
2016-03-23,-0.0114824613194564,2.123141590176927,-0.077678212920814,2.191550740829483,2.052535553920088,0,-0.013330999914999087,1
2016-03-24,-0.3947520896867118,2.0833504091962585,-0.2631297502572036,2.150459646912639,1.4392456137310106,0,-0.03979118098066836,1
2016-03-25,0.1878639536898596,2.0573538299287435,0.0167324502016793,2.1167343368224127,0.8236573842760109,0,-0.025996579267514974,1
2016-03-26,0.1839265590103167,2.026028191859785,0.0150477549865623,2.085269322250728,1.1159187680861216,0,-0.031325638068958384,1
2016-03-27,2.088368232159521,1.9991735066710807,0.9678643912194096,2.057809505566559,2.053924193853529,0,-0.026854685188704375,1
2016-03-28,-0.5955455919149699,2.089913776559209,-0.3583808018775904,2.0511639428430155,1.4698610632580156,0,0.09074026988812833,-1
2016-03-29,-1.8353233713113148,2.070753316517542,-0.96040544213119,2.048644524307272,0.0292897816334125,0,-0.01916046004166727,1
2016-03-30,-0.4089783762666776,2.154053614029395,-0.2610973820646719,2.0679844811274024,-0.5675525483231247,0,0.0833002975118533,-1
2016-03-31,0.4601068441725253,2.118433620917975,0.1447614208729822,2.08646556693904,-0.2913722631609161,0,-0.03561999311142028,0
2016-04-01,0.2949573908685998,2.0812822841359666,0.0679955855887216,2.102887322432017,-2.084783104451837,0,-0.037151336782008215,0
2016-04-02,0.6945378098913935,2.047139626689507,0.2643192577846181,2.094332492458077,-0.7946997026454738,0,-0.03414265744645961,0
2016-04-03,0.0073667634579166,2.026176952621103,-0.0720927259272511,2.085417219678789,1.0479904321237576,0,-0.02096267406840413,1
2016-04-04,0.1282150902153667,1.9999312203096864,-0.012612580228669,2.054592740934848,1.585183898605802,0,-0.02624573231141647,1
2016-04-05,0.6117294209925461,1.9768403711620044,0.2318295622118524,2.026274090983654,1.7368064754258228,0,-0.023090849147682002,1
2016-04-06,-0.1456155773385425,1.9637176356773192,-0.1522902046040525,2.002761161291924,1.2962335072186804,0,-0.013122735484685233,1
2016-04-07,-0.1578899956363066,1.948744207346649,-0.1597589758809577,1.983082077423352,0.4438057016909802,0,-0.014973428330670169,1
2016-04-08,-0.5683832552028534,1.9362432124418112,-0.3727954389964781,1.9650953293874944,-0.1319443169697898,0,-0.012500994904837803,0
2016-04-09,-0.2233944604240534,1.939174201155057,-0.1943269683471126,1.952943925556568,-0.4835538676092099,0,0.002930988713245819,0
2016-04-10,0.5120221902404687,1.9295524854617436,0.1858372911640788,1.943486348416516,-0.5832610983612874,0,-0.009621715693313382,0
2016-04-11,0.2177619762901095,1.9209548749836305,0.0334846976076493,1.9349337962777784,-0.2198835447326352,0,-0.008597610478113138,0
2016-04-12,0.6386920242425376,1.9096407174834311,0.2541067733927836,1.9271130983051343,0.576698475146209,0,-0.011314157500199373,1
2016-04-13,-0.3430212977198366,1.9075349024733368,-0.2602629604624593,1.92137143631144,0.8020604326292258,0,-0.002105815010094325,1
2016-04-14,0.1292438380009919,1.906110634133673,-0.0126936730476547,1.9147587229071632,1.1546987310542711,0,-0.0014242683396636924,1
2016-04-15,1.271921454071201,1.896917273217539,0.589631443964183,1.908231680458322,1.9145979948850036,0,-0.009193360916134097,1
2016-04-16,0.1996962758353149,1.9295644451207383,0.023972711960433,1.909953594485744,1.8965322944302088,0,0.032647171903199323,-1
2016-04-17,-0.7396563983103732,1.9168952979881215,-0.4659074402399886,1.911404510586682,0.518183871877298,0,-0.012669147132616798,1
2016-04-18,0.2785119886191012,1.9317303809812332,0.0647464090574726,1.9162436062882613,1.1397171582162358,0,0.014835082993111648,0
2016-04-19,1.60123759529327,1.9191719761675023,0.754386907525147,1.918855874695027,2.611710915508514,0,-0.012558404813730828,1
2016-04-20,1.3411121805217086,1.97467989346997,0.6014507978056887,1.9344083987455127,2.680901641959021,0,0.055507917302467735,-1
2016-04-21,1.8042370819081557,1.9993183355919424,0.8256802677878995,1.948359176839754,4.285442448031862,0,0.024638442121972304,0
2016-04-22,-0.8239869878303274,2.059703153841023,-0.4745472031690214,1.9769207480103343,4.201111858511908,0,0.060384818249080485,-1
2016-04-23,1.0144991001068249,2.0568977945315923,0.4186205650142997,2.0019542307204063,4.937098969999632,0,-0.0028053593094305995,1
2016-04-24,1.8206143015635057,2.048083228540723,0.8140171723236265,2.02773648119505,5.156475676269867,0,-0.008814565990869383,1
2016-04-25,0.6241458369899533,2.101387935419197,0.2239978853370124,2.053078089584896,4.439509332738112,0,0.05330470687847422,-1
2016-04-26,1.005489668755022,2.070439778834473,0.4115310642125171,2.0673023782334017,3.6407619195849774,0,-0.030948156584724273,1
2016-04-27,-4.700588971564468,2.059115582598437,-2.357336516594382,2.0671848639848847,-0.235840064149162,0,-0.011324196236035977,0
2016-04-28,0.9676665628468584,2.649768313491004,0.3072824048494985,2.1857589677767666,-0.2826726014091285,1,0.5906527308925673,-1
2016-04-29,1.3463193902922832,2.5578033493393337,0.4663689284076724,2.287702991936489,-0.756967512680351,0,-0.09196496415167044,0
2016-04-30,-1.5007762991123386,2.4963263390318544,-0.662660028230617,2.36669067265902,-2.881889648782643,0,-0.06147701030747932,0
2016-05-01,0.7902806121518502,2.476166372446485,0.2571883844538685,2.4478359913814227,-3.0970987053858146,0,-0.02015996658536956,0
2016-05-02,-1.60753934680109,2.3997470618241734,-0.7338184752879,2.5159622872265706,-0.0040490806224369,0,-0.07641931062231144,0
2016-05-03,1.2592678802025858,2.403531174874996,0.4600849402657553,2.466714859503369,0.2875522367332905,0,0.0037841130508224907,0
2016-05-04,-0.7986434929728503,2.3580309068794825,-0.4037618308473059,2.4267603710113983,-1.857410646531843,0,-0.04550026799551343,0
2016-05-05,0.2803245663338671,2.310453520957291,0.0549178687212682,2.389585807396485,-0.0763097810856372,0,-0.04757738592219152,0
2016-05-06,2.562337748220056,2.245120536322016,1.0729483455632187,2.343376640171592,1.6957473549825686,0,-0.06533298463527482,1
2016-05-07,-0.2324237518540606,2.346047693894579,-0.1644736959276592,2.332636766585673,3.070862949929598,0,0.10092715757256299,-1
2016-05-08,0.0026155527756976,2.2796913249833577,-0.0661597597686809,2.307868796607345,1.81421062250271,0,-0.06635636891122143,1
2016-05-09,0.4210957857927688,2.218580011110705,0.1206431146359365,2.279978617453589,3.033949901268329,0,-0.06111131387265267,1
2016-05-10,-2.104147026328995,2.167002886304666,-1.0418012932886034,2.251288490523065,0.6494783086054667,0,-0.05157712480603882,1
2016-05-11,0.4057024567579503,2.2639656095116303,0.1114253116367012,2.255057505160988,-1.507156982856639,0,0.09696272320696409,-1
2016-05-12,0.4491484985559069,2.206078945947686,0.1340428527799279,2.227063755571609,-0.8255847324466714,0,-0.05788666356394412,0
2016-05-13,0.1985911166300979,2.156646608368619,0.0209360834879248,2.2024548122486616,-0.6296091685922711,0,-0.04943233757906729,0
2016-05-14,0.0002143133023047,2.1114882051163937,-0.072567334029977,2.181036451049799,-1.0504906410827353,0,-0.0451584032522252,0
2016-05-15,0.4154456691545682,2.0732099690989063,0.1263771107974669,2.1622778676086467,1.4691020544008282,0,-0.038278236017487366,1
2016-05-16,-0.7469340532431978,2.0416793487045743,-0.4409964948696859,2.117820615447236,0.31646554439968,0,-0.031530620394331965,1
2016-05-17,-0.0837065005506509,2.0372787270122186,-0.116403259205372,2.0840605716601424,-0.2163894547068778,0,-0.004400621692355777,0
2016-05-18,0.1840592142777986,2.010509133916915,0.0152298890753118,2.054833076769801,-0.2309213570591772,0,-0.026769593095303357,0
2016-05-19,-3.560968804456888,1.9858937116894624,-1.87039626832811,2.0297141780844155,-3.7921044748183697,0,-0.024615422227452832,0
2016-05-20,0.8988122730631432,2.3589906757167647,0.315971104740939,2.086870319407987,-3.3087378709097948,0,0.3730969640273023,-1
2016-05-21,0.1155918910685116,2.3018854748659976,-0.0164419527070669,2.138911544640272,-2.4462119265980853,0,-0.05710520085076709,0
2016-05-22,-0.8759131625917682,2.237268073067725,-0.4600935212755574,2.178909413851373,-3.2384185886392025,0,-0.06461740179827258,0
2016-05-23,1.0938696675652615,2.2109468825735887,0.4253518217892408,2.218996963582708,-2.32860813535174,0,-0.026321190494136282,0
2016-05-24,0.4102724435104399,2.183514742827874,0.1176236895906973,2.25852116981039,1.642633112615588,0,-0.02743213974571468,1
2016-05-25,0.8079749908501022,2.136537926369976,0.3063533764546036,2.2140306199410325,1.551795830402547,0,-0.046976816457898085,1
2016-05-26,0.8383382240354287,2.106684318661099,0.3251074851534342,2.174990388700053,2.274542163369464,0,-0.029853607708877128,1
2016-05-27,4.333640303418651,2.082336533835524,2.0074569371050024,2.1440040808536125,7.484095629379883,0,-0.02434778482557487,1
2016-05-28,11.287657646153535,2.5200282184072944,4.418291105488982,2.205820348020353,17.67788360796816,0,0.43769168457177043,-1
2016-05-29,-0.7208408249861797,4.605172226927553,-0.1898474508852014,2.690151844840289,16.54677033947154,2,2.0851440085202584,-1
2016-05-30,1.439712479280164,4.30577476020438,0.2987320906762356,3.123999211607169,17.1785078279016,2,-0.2993974667231729,-1
2016-05-31,-0.4652488737150406,4.04916795327983,-0.1527939231064113,3.512495938530916,15.874920730151132,2,-0.25660680692454996,-1
2016-06-01,1.0360414042520638,3.7983473799018914,0.2323647451886083,3.85569810774419,12.577321830984545,2,-0.2508205733779385,-1
2016-06-02,0.1957410271090864,3.579598248624607,0.0118174278194479,4.067612113787652,1.485405211940094,1,-0.21874913127728446,0
2016-06-03,5.64147858021844,3.3695782518846267,1.6287021065516438,3.820493318779067,7.8477246171447135,1,-0.21001999673998029,0
2016-06-04,0.6187873623702878,3.720393549214106,0.1250803101960127,3.7034170765810126,7.026799500234837,2,0.35081529732947914,-1
2016-06-05,0.3920876676725804,3.49984135819469,0.0681883148590308,3.593551757563984,7.884136041622458,1,-0.22055219101941592,0
2016-06-06,1.8199331047312304,3.2990697527183817,0.5051404930661813,3.493696232127282,8.668027742101625,1,-0.20077160547630823,0
2016-06-07,-1.5385797185729189,3.1728050452524035,-0.5332880771505637,3.4123375914528418,6.93370699641962,1,-0.12626470746597818,0
2016-06-08,0.8716773544991341,3.0638090178231,0.2344264825704163,3.3511837446405366,2.163905770700314,1,-0.10899602742930359,0
2016-06-09,-1.2133965657505463,2.919370389435608,-0.468195455390001,3.1909791126848366,0.3317218425794799,1,-0.14443862838749189,0
2016-06-10,0.4930078348693634,2.821292071133599,0.1203591982412446,3.0552692552726186,0.4326420097762629,1,-0.09807831830200886,0
2016-06-11,4.942247784544396,2.6958290760326866,1.7763768645186129,2.9346211199354792,3.554956689589428,1,-0.12546299510091252,0
2016-06-12,10.334540197584108,3.082416254415793,3.3029610455160205,2.916543361768157,15.428076605746456,1,0.3865871783831065,-1
2016-06-13,4.588794913443195,4.621668900021928,0.959686993206893,3.2281153382079237,19.145194164690515,2,1.5392526456061346,-1
2016-06-14,-2.707767672920092,4.583006042933828,-0.6243079387850473,3.560842468907567,17.65082305752097,2,-0.03866285708809958,-1
2016-06-15,1.2912921843862613,4.391409023814905,0.2591088179288849,3.874865859443828,18.449107407037868,2,-0.19159701911892313,-1
2016-06-16,9.843663970118577,4.120742040458867,2.351572724473715,4.159848452329063,23.35052359261205,2,-0.2706669833560378,-1
2016-06-17,-2.2966679788031463,5.145235077189333,-0.476189586137413,4.572412216883772,10.719315416224797,2,1.0244930367304654,-1
2016-06-18,0.9724105855092092,4.86163156873499,0.1684560400653653,4.620404750626385,7.102931088290809,2,-0.2836035084543429,-1
2016-06-19,0.993952443153745,4.536431272616153,0.1852806775766889,4.611089796562849,10.804651204364646,2,-0.3252002961188367,-1
2016-06-20,-3.538659489137963,4.242836381333771,-0.8701959115285665,4.581375268066623,5.974699530840422,2,-0.2935948912823818,-1
2016-06-21,-10.06263747004592,4.1738136486259085,-2.447660033071331,4.591989589700032,-13.931601909324076,2,-0.06902273270786274,-1
2016-06-22,-11.183281125116816,5.304563331175793,-2.137163758922885,4.623855240497323,-22.818215055637747,2,1.1307496825498848,-1
2016-06-23,4.567816659395874,6.338484415024718,0.6964405033084421,4.919225809755268,-19.222808981751083,2,1.0339210838489246,-1
2016-06-24,6.41230882631163,6.072684636502097,1.030659390001427,5.2264764825324574,-13.804452598593198,2,-0.26579977852262093,-1
2016-06-25,-0.0264615876826468,6.043376844481517,-0.0297682860916186,5.586584575162007,-10.29225469713788,2,-0.02930779202057998,-1
2016-06-26,-5.525740531723855,5.602447629573762,-1.0136962075162268,5.872311371351577,-5.755357758815816,2,-0.4409292149077553,-1
2016-06-27,4.034047275833963,5.570408937806184,0.6966468594994993,5.925480492677655,9.461970642134965,2,-0.032038691767577454,-1
2016-06-28,-1.270722824007109,5.3481882472426205,-0.266288720843869,5.727421259121236,3.6234311587319823,2,-0.22222069056356375,-1
2016-06-29,-1.105149439629649,4.994361179857269,-0.2520019633119446,5.51175656779227,-3.894027107209297,2,-0.3538270673853514,-1
2016-06-30,5.094960079975497,4.668747181949208,1.058425419970816,5.236830635285808,1.2273945604488468,2,-0.3256139979080608,-1
2016-07-01,0.4384970078765704,4.686121836146021,0.0608301778443869,5.0535654766002605,7.191632100049272,2,0.0173746541968125,-1
2016-07-02,3.972412820578164,4.369292913743537,0.8740483901599514,4.8133422717877306,7.129997644793473,2,-0.3168289224024843,-1
2016-07-03,-6.61414652854635,4.296334513908707,-1.5751999500552618,4.602971525120948,1.7865739402542324,2,-0.07295839983482999,-1
2016-07-04,3.7250081600358698,4.666943551648425,0.765290759857381,4.537487999479179,6.616731539919751,2,0.370609037739718,-1
2016-07-05,-1.9250508084877715,4.528230548216956,-0.4590071484963468,4.509384672732729,-0.4032793485435171,2,-0.13871300343146853,-1
2016-07-06,0.994694898291204,4.28780196196101,0.1961973809823801,4.429720697895727,0.1529185418711165,2,-0.24042858625594565,-1
2016-07-07,-5.581413144886582,4.018497845420833,-1.4271135007836115,4.359561684231186,-9.40090742359363,2,-0.2693041165401775,-1
2016-07-08,3.972872871268418,4.270100273770445,0.8944599056716211,4.3543148362035335,1.186111976221138,2,0.2516024283496119,-1
2016-07-09,-2.3626432892049465,4.211288316696439,-0.5974615089669376,4.263183789213136,-4.901539473019678,2,-0.05881195707400533,-1
2016-07-10,-0.2460990247985073,4.036525154233657,-0.098980779932165,4.164842710416477,-3.222587689330414,2,-0.17476316246278234,-1
2016-07-11,-0.2622921897702746,3.7833208501983937,-0.1098853598239802,4.063946488063953,-4.479574777391893,2,-0.2532043040352634,-1
2016-07-12,2.574734485411767,3.555615373649094,0.6809777908411597,3.971369993709606,3.6765728529064567,1,-0.22770547654929985,0
2016-07-13,-1.5288944121917505,3.454485459902618,-0.4869998194818044,3.80824703093604,-1.825194430553712,1,-0.10112991374647606,0
2016-07-14,0.5500751056055186,3.3105842481716943,0.1198083760113406,3.628106217231091,1.0875239642567536,1,-0.14390121173092352,0
2016-07-15,0.783606920163038,3.131670619477853,0.2012240792694743,3.4471353102799305,2.117229909218299,1,-0.1789136286938411,0
2016-07-16,-0.3758213895677542,2.977119981165231,-0.1777760977385757,3.285895136473298,2.0037007094208192,1,-0.15455063831262228,0
2016-07-17,2.7895545199186245,2.837461555834588,0.9290399481588452,3.1422643729103967,2.2185207439276766,1,-0.139658425330643,0
2016-07-18,-0.9394022492954512,2.861635027741624,-0.3818941346064157,3.023694286478198,2.808012906823976,1,0.024173471907035893,0
2016-07-19,-0.0359598492436497,2.755806065885765,-0.0687273443409437,2.912738650021012,2.2219779519748077,1,-0.10582896185585877,0
2016-07-20,-1.0726667292042968,2.6361217027368395,-0.4651174151461549,2.81362886667281,0.3657043026074724,0,-0.1196843631489255,1
2016-07-21,-0.1011460429114485,2.566169619433494,-0.099208339217652,2.731438794326462,0.6403796492637781,0,-0.06995208330334535,1
2016-07-22,-2.188087564058528,2.4698365416721604,-0.9480493578156308,2.6579137914939768,-4.337262434713374,0,-0.09633307776133382,0
2016-07-23,0.7559530760041788,2.5218064952903885,0.238921461240608,2.58994808500373,-2.641907109413744,0,0.05196995361822809,0
2016-07-24,0.8701094514186991,2.4384912220674217,0.2938989739843079,2.526485116240061,-1.7358378087513948,0,-0.08331527322296672,0
2016-07-25,-1.0929235856856678,2.369748281076265,-0.5259474091918961,2.4732104319079458,-1.7560946652327658,0,-0.06874294099115685,0
2016-07-26,-0.3542421909612514,2.3377153107858963,-0.217169974377214,2.4275195701784265,-2.0091908132825687,0,-0.032032970290368556,0
2016-07-27,0.3932203843779902,2.275405031143107,0.105379480977146,2.388633268072616,0.5721171351539489,0,-0.06231027964278946,1
2016-07-28,0.1043211028877166,2.215828273082709,-0.0221670067542245,2.32743762363108,-0.0795148379625132,0,-0.05957675806039786,0
2016-07-29,0.2983220215593718,2.16264683722116,0.0669932029041748,2.272268746661827,-0.6513022678218405,0,-0.053181435861549,0
2016-07-30,-0.2964864225579511,2.117219495256772,-0.2125078702275636,2.221762989497929,0.1451348953058762,0,-0.045427341964388024,1
2016-07-31,-4.746581641342207,2.08345393923374,-2.3518739398326685,2.170910715187498,-4.247204555075079,0,-0.033765556023031884,0
2016-08-01,-2.991248274860503,2.676166147155465,-1.1750719070213105,2.2510629383899694,-7.631673214313572,1,0.5927122079217249,-1
2016-08-02,-10.203010339079022,2.7929926972426844,-3.7080117439929294,2.366495823221965,-17.93900465628031,1,0.11682655008721943,0
2016-08-03,3.392247382401425,4.51310144075046,0.7176457346989122,2.8365867439278243,-14.845079295438255,2,1.7201087435077755,-1
2016-08-04,2.085269066225681,4.362547379296065,0.4428214790767627,3.285652320735683,-12.463323806654625,2,-0.15055406145439498,-1
2016-08-05,-0.5628873840730186,4.131360275655687,-0.1733876300930142,3.695233588020072,-8.279629549385437,2,-0.2311871036403783,-1
2016-08-06,2.190447893396641,3.874477693823737,0.5257504807578249,3.9348958973537274,-3.0979333811282928,2,-0.2568825818319498,-1
2016-08-07,0.8322149488365405,3.704503648620889,0.1832298278086166,4.117198087629367,7.937291906787269,2,-0.16997404520284798,-1
2016-08-08,-0.2764089776312595,3.489897064754324,-0.1231693522298377,3.91255721243014,4.2686355467545845,1,-0.21460658386656473,0
2016-08-09,-0.5518912614127736,3.292556570413895,-0.2142197497634647,3.6985590506537065,1.6314752191161297,1,-0.1973404943404291,0
2016-08-10,0.7292153979075344,3.122309294872134,0.1844071039566152,3.496748854496996,2.9235780010966828,1,-0.17024727554176122,0
2016-08-11,-0.5050762660932406,2.967436734180269,-0.2219139642276124,3.315340662568302,0.2280538416068012,1,-0.1548725606918646,0
2016-08-12,-0.2653187514032318,2.8322293433511456,-0.1478545992645822,3.140885801514353,-0.8694798586329711,1,-0.13520739082912359,0
2016-08-13,-0.3360209928904289,2.706871020484728,-0.1808214622601865,2.984280592660434,-0.9290918738921404,1,-0.12535832286641746,0
2016-08-14,-2.6150611665026524,2.597781281355665,-1.0657173371582842,2.8453255348487883,-2.9922617789820194,0,-0.10908973912906328,0
2016-08-15,-0.5683403271326881,2.678951639306099,-0.2694261813934745,2.7566540037355813,-4.289817504022242,1,0.08117035795043392,0
2016-08-16,1.7820376550906405,2.579960051340715,0.6312494145252256,2.6791586671676706,-2.002703582838361,0,-0.09899158796538376,0
2016-08-17,-0.7340238932528997,2.5455207926799366,-0.3486372136453526,2.621816957033429,-2.471408724688029,0,-0.03443925866077846,0
2016-08-18,0.1920622984813214,2.469859288210131,0.0156376986666184,2.574414610578509,-1.9433254333162784,0,-0.07566150446980568,0
2016-08-19,0.2281863684742369,2.383803195039212,0.0313561897418568,2.5316189933152184,0.8999221016606107,0,-0.08605609317091911,1
2016-08-20,1.048462887476198,2.308712996277983,0.3876720518036574,2.4575712647095957,2.516725316269497,0,-0.07509019876122869,1
2016-08-21,-0.0669022229165428,2.2651134745853723,-0.0972761888409228,2.3946019493585267,0.6677854382623138,0,-0.04359952169261083,1
2016-08-22,0.9323223506195076,2.2066519313084543,0.3529704691461328,2.32682817708423,2.3341316821347213,0,-0.05846154327691799,1
2016-08-23,-0.5705201028606055,2.171957155711042,-0.333321255504666,2.2672477505844126,1.5715492807927944,0,-0.034694775597412075,1
2016-08-24,-0.5556871584669665,2.139827569538379,-0.3313942449125878,2.2184526254842463,0.787675753851591,0,-0.03212958617266315,1
2016-08-25,-0.418159451696809,2.111681613885552,-0.2706841936405338,2.17904634900576,-0.678946585321416,0,-0.02814595565282696,0
2016-08-26,0.3265935292063204,2.082390203986532,0.0831516330087853,2.142501694885992,-0.2854508331985528,0,-0.029291409899020238,0
2016-08-27,-1.688278823394196,2.048391443526641,-0.8991046181127956,2.1108495973296293,-2.9060520072122564,0,-0.03399876045989103,0
2016-08-28,0.6932640596470918,2.119564274915693,0.2546866272716457,2.1003710211705595,-1.642267844704559,0,0.07117283138905206,-1
2016-08-29,0.0339728400249761,2.0881006011277004,-0.0572130208160696,2.090025627488424,-1.0526078462126165,0,-0.03146367378799253,0
2016-08-30,0.5897840381638986,2.052823969267551,0.2125582424567284,2.078254098564824,-0.0446643563519089,0,-0.03527663186014918,0
2016-08-31,-0.3523073792798925,2.027913671002903,-0.2493926490535066,2.067358791968098,-0.7235652648381219,0,-0.0249102982646483,0
2016-09-01,-0.5522013463223452,2.008639623582269,-0.3513028027632087,2.0594084279792235,0.4125122122337288,0,-0.019274047420633877,1
2016-09-02,0.5634962090119267,1.9997044945962448,0.2050587108928699,2.0354364719153337,0.2827443615985636,0,-0.008935128986024221,1
2016-09-03,3.864166859006168,1.9818738281949857,1.8723328513815705,2.014191117328791,4.112938380579756,0,-0.017830666401259077,1
2016-09-04,1.7271891548303664,2.355416371950529,0.6681407968408558,2.074709597865386,5.250343497246224,0,0.3735425437555433,-1
2016-09-05,-0.3363902032143429,2.349840504569767,-0.2084522696094085,2.139094964578759,5.266260673311773,0,-0.005575867380762212,1
2016-09-06,0.6320259493134195,2.28545081958613,0.2094057601365246,2.194457203779531,6.450487968947538,0,-0.06438968498363673,1
2016-09-07,0.6707126144461562,2.2293033073763824,0.232033581770253,2.240376966335559,6.557704374381768,0,-0.056147512209747674,1
2016-09-08,1.8974462843429407,2.1818337785115016,0.7993307823611571,2.280368956398862,4.59098379971854,0,-0.04746952886488076,1
2016-09-09,-0.5531585770423675,2.219496055216566,-0.3183596377947896,2.2531848930520693,2.310636067845806,0,0.03766227670506428,0
2016-09-10,0.1039738247327726,2.1799452775057158,-0.0226911927381812,2.219205847639259,2.751000095792921,0,-0.03955077771085014,1
2016-09-11,-2.729741326030144,2.131616790549461,-1.3525792825408811,2.1884390418319253,-0.610767179550642,0,-0.04832848695625458,0
2016-09-12,0.250870010242199,2.322563849683808,0.041949601115216,2.2070911502934107,-1.030609783754599,0,0.19094705913434673,-1
2016-09-13,0.1639523954911403,2.255471198520304,0.0046611157414444,2.221818634295171,-2.7641036726063994,0,-0.06709265116350371,0
2016-09-14,0.2365709005539784,2.1969307551674344,0.0378398441439725,2.2173055742853447,-1.9743741950100533,0,-0.058540443352869787,0
2016-09-15,-0.5795513908027239,2.1464267579824114,-0.341493494366917,2.210601870380684,-2.65789941054555,0,-0.050503997185022964,0
2016-09-16,-0.0299814895203809,2.118335824459212,-0.0865872495691512,2.207945677162634,0.041860425964213,0,-0.028090933523199357,1
2016-09-17,-0.1630748436377338,2.079404876403891,-0.1522138523443564,2.159313882506651,-0.3720844279157198,0,-0.038930948055321046,0
2016-09-18,0.6398819300182268,2.047945984433349,0.2375270395471289,2.11780883968926,0.1038451066113665,0,-0.03145889197054208,1
2016-09-19,-0.106149325636462,2.0251531462185848,-0.1281822608351941,2.0834533178994894,-0.2388751195790739,0,-0.02279283821476419,0
2016-09-20,-0.1502996123306843,2.000477220495934,-0.1518332687830995,2.054263410402194,0.1903766588929656,0,-0.02467592572265076,1
2016-09-21,-1.8521286090436464,1.980166869362895,-1.0128277688396363,2.026629619382931,-1.6317704606302996,0,-0.020310351133038917,0
2016-09-22,-0.1426143525493195,2.082841164457235,-0.1421393723077345,2.0273168769935994,-1.611309969541885,0,0.10267429509434,-1
2016-09-23,1.0914608078407717,2.0505164295762635,0.4574561857333032,2.027830966022182,-1.1597310917193404,0,-0.03232473488097165,0
2016-09-24,-0.035999324148328,2.046852515961199,-0.092551224797313,2.0321708399707057,-1.0895810902312064,0,-0.0036639136150644624,0
2016-09-25,-0.2989756271450261,2.018084681719711,-0.2241803896667226,2.0356923322154605,-1.2382571050455482,0,-0.0287678342414881,0
2016-09-26,1.1940295680518354,1.998680620353944,0.5206385523887332,2.0393950824136704,1.8079010720499331,0,-0.01940406136576689,1
2016-09-27,-0.3091750407291371,2.0093166797683897,-0.2302347004683227,2.0246901854759014,1.6413403838701155,0,0.010636059414445675,0
2016-09-28,-0.2375086351408484,1.9914931064198096,-0.1963089990439458,2.012885520844611,0.3123709408884956,0,-0.01782357334858009,1
2016-09-29,0.1594430381481437,1.9743975847865656,0.0030407527901479,1.998394534609684,0.5078133031849674,0,-0.017095521633244015,1
2016-09-30,0.6651166765530903,1.9550173435818952,0.2617251939219502,1.985781066982121,1.4719056068830838,0,-0.019380241204670412,1
2016-10-01,0.694278102342416,1.946816481960369,0.2778067291758644,1.9754082393034056,0.9721541411736644,0,-0.008200861621526112,1
2016-10-02,-0.5046962251340936,1.940838257034813,-0.3390986373707035,1.9617125547566907,0.776632956768708,0,-0.005978224925555997,1
2016-10-03,0.2029340688840086,1.940255391772318,0.0255093664012216,1.951465011827192,1.217075660793565,0,-0.0005828652624950692,1
2016-10-04,-0.3156278103338295,1.9260004000396864,-0.2435447020195358,1.9417855748778163,0.7420048123115919,0,-0.014254991732631561,1
2016-10-05,0.3773585239511767,1.9208834777444024,0.1165709130002883,1.9349588017103176,0.4542466597096783,0,-0.005116922295284043,1
2016-10-06,0.08323076058101,1.9110673704079248,-0.0367379108081084,1.927808979399829,-0.1568006820517276,0,-0.00981610733647753,0
2016-10-07,0.6665882271895462,1.901267005410856,0.2698983585923609,1.9198947290750372,1.0144837702719125,0,-0.009800364997068822,1
2016-10-08,0.3214616894831934,1.901360201974056,0.0883695294165747,1.912115691115385,1.133011390871097,0,9.319656320005976e-05,0
2016-10-09,-0.3812664724327952,1.8937871930219723,-0.2823473817894459,1.9056730497118424,1.0673727287721313,0,-0.007573008952083793,1
2016-10-10,0.3628588391386245,1.8957794709618427,0.1104661481796881,1.9006522483553303,1.052873043959579,0,0.001992277939870446,0
2016-10-11,3.504619905906736,1.8895654949933232,1.773519114104714,1.89635187327241,4.474262189285305,0,-0.0062139759685195806,1
2016-10-12,-0.7641377949792805,2.220907857403321,-0.4131540960170458,1.9602800436709031,3.0435361671164785,0,0.33134236240999804,-1
2016-10-13,0.0933235564128054,2.1908414605985147,-0.027439606129288,2.018176295395795,2.8153980340460905,0,-0.030066396804806494,1
2016-10-14,0.5624946282864585,2.1410671323667647,0.1910520407881561,2.067632283264753,3.759159134765344,0,-0.04977432823174999,1
2016-10-15,-0.2708308374872459,2.1029109642353867,-0.2017537726923461,2.109058581919462,3.1254694581394737,0,-0.03815616813137801,1
2016-10-16,0.4663039034061178,2.070506394420711,0.1511053146543451,2.14524676180494,0.0871534556388553,0,-0.03240456981467554,1
2016-10-17,-0.3806910666838803,2.040245525579625,-0.261797143123487,2.1091142954402,0.4706001839342555,0,-0.030260868841086364,1
2016-10-18,-0.1930812611864674,2.020064771651872,-0.1715393730105243,2.074958957650872,0.1841953663349826,0,-0.02018075392775298,1
2016-10-19,-1.1730713161854034,1.997755867676681,-0.6640004020668606,2.046296704712855,-1.5513705781368792,0,-0.02230890397519092,0
2016-10-20,0.0534297203595102,2.029244930963064,-0.0492841752603855,2.0315634980583903,-1.227110020290123,0,0.0314890632863829,-1
2016-10-21,0.3119463953313861,2.002207730199596,0.0791661173599815,2.017903765214167,-1.3814675283648548,0,-0.027037200763467606,0
2016-10-22,3.793274874151731,1.9795504128722825,1.8387182601159773,2.0057647426726986,2.7924984124707564,0,-0.022657317327313686,1
2016-10-23,-0.0339361539199778,2.3400514890706425,-0.0800732539341419,2.069762086156453,2.951643519737246,0,0.36050107619836,-1
2016-10-24,-0.5050234765233697,2.271387073945056,-0.2898946054857404,2.1244883274101283,3.61969135939928,0,-0.06866441512558641,1
2016-10-25,0.5836794377413135,2.222817394542737,0.1935561848734213,2.163202820126063,4.149941076781083,0,-0.04856967940231893,1
2016-10-26,3.101697407941284,2.173894442253581,1.3562102958879694,2.19754016253686,6.939692089390981,0,-0.04892295228915611,1
2016-10-27,1.4648070528238577,2.3653666924380263,0.5544035408264182,2.274703418450009,4.611224268063108,0,0.19147225018444525,-1
2016-10-28,0.1942014633561584,2.338359140408006,0.0174319160253986,2.2743649487174813,4.839361885339244,0,-0.027007552030020143,1
2016-10-29,3.5367937275241346,2.2690038953168883,1.4911187906393055,2.273888312991848,8.881179089386748,0,-0.0693552450911179,1
2016-10-30,-1.7813938679665853,2.5084350082438123,-0.7713308277038159,2.331011835732063,6.516105783678849,0,0.23943111292692398,-1
2016-10-31,-0.1271750838661489,2.5113755339878368,-0.1117373579744568,2.398508054078914,3.2872332918714164,0,0.0029405257440244803,0
2016-11-01,4.02930513962616,2.422141571629202,1.6001813444107642,2.4098630299171493,5.851731378673719,0,-0.08923396235863468,1
2016-11-02,1.5008828651200012,2.7093899473535594,0.4973235702940419,2.48406919130626,7.158412780437562,1,0.28724837572435735,-1
2016-11-03,-7.296402147635561,2.6371720974961828,-2.824935671772057,2.5577028317421187,-3.674783094722134,1,-0.07221784985737667,0
2016-11-04,2.088531649560199,3.6414268130079215,0.531410451382494,2.7843011926949406,0.1951424228046505,1,1.0042547155117387,-1
2016-11-05,0.0260255276399945,3.4919300078526687,-0.0364880897546111,2.980412087467907,0.348343034310794,1,-0.14949680515525277,0
2016-11-06,1.1454947164835083,3.29121573866895,0.3014251911973955,3.1542269208758564,-2.535467388831858,1,-0.20071426918371893,0
2016-11-07,-1.1863106911188304,3.130730929467137,-0.4279352344502515,3.238495117298572,-5.22266094507069,1,-0.16048480920181296,0
2016-11-08,0.950770194981132,3.0051523791423045,0.2653212586928301,3.3120911736277963,3.024511397546004,1,-0.12557855032483234,0
2016-11-09,1.8735864175560837,2.8699808189834224,0.5993583730577109,3.1578019748228963,2.809566165541888,1,-0.1351715601588821,0
2016-11-10,-1.0757646118391584,2.8022946662130748,-0.4386419493434662,3.019874906494977,1.707776026062735,1,-0.06768615277034762,0
2016-11-11,0.1224927305629286,2.7110217966105816,-0.0114151249757949,2.903836118083304,0.6847740401421554,1,-0.09127286960249315,0
2016-11-12,-1.5979621136042788,2.5957640130706445,-0.6747152237139658,2.796842734804006,0.273122617656707,0,-0.1152577835399371,1
2016-11-13,-0.4296847536326531,2.5690567119228964,-0.2269798615615367,2.709623601360124,-1.1073323309570782,0,-0.026707301147748108,0
2016-11-14,0.4250013120778995,2.4792367472516443,0.1095344884652893,2.631474787013768,-2.555917436435262,0,-0.08981996467125208,0
2016-11-15,0.9315097840551624,2.393877773132012,0.3250251159873702,2.549791408397556,-0.5486430405409415,0,-0.08535897411963234,0
2016-11-16,4.476444393221435,2.3334334636650014,1.8526369306661847,2.47427374180844,3.8053086221175647,0,-0.060444309467010626,1
2016-11-17,-0.433755399513025,2.727133727022636,-0.2153157275999959,2.5005476845988377,4.9695153362088185,1,0.39370026335763475,-1
2016-11-18,1.4214767311386822,2.6181073978053764,0.4843335873151229,2.510357821775334,6.820676820980154,0,-0.10902632921725974,1
2016-11-19,0.0041253110332206,2.5530731724156643,-0.0584840551235921,2.525125106808138,6.399800819935475,0,-0.06503422538971204,1
2016-11-20,-2.777656409281981,2.4572750522951523,-1.192823648182002,2.5378045626407664,2.690634626598332,0,-0.09579812012051203,1
2016-11-21,1.1184405960807275,2.586738276276794,0.3730571514511137,2.5884655251631243,-0.6673691705423757,0,0.12946322398164156,-1
2016-11-22,1.623414137531043,2.509314404380256,0.585807323220125,2.544901660634648,1.3898003665016925,0,-0.07742387189653765,1
2016-11-23,-0.9028479985516036,2.4728973797479044,-0.4271456593328704,2.5158596570231544,-0.9345243631885936,0,-0.03641702463235186,0
2016-11-24,-0.57984430428073,2.415128235615088,-0.3036210155016133,2.488270669663039,-1.5184939785025442,0,-0.05776914413281631,0
2016-11-25,0.1835415171355769,2.3500818887974866,0.0128089723578258,2.4668320369635057,1.442703947915014,0,-0.06504634681760146,1
2016-11-26,-0.8485949660177461,2.279192294513172,-0.4396444966988273,2.4053228406107814,-0.5243316141834597,0,-0.0708895942843144,0
2016-11-27,-0.4561827647719063,2.245305279506801,-0.2715096933674682,2.3525210156360905,-2.603928516486409,0,-0.03388701500637126,0
2016-11-28,0.514770409300791,2.198577870034696,0.1643476135379031,2.2976571136934485,-1.1863101086340144,0,-0.04672740947210485,0
2016-11-29,-0.0284058669317133,2.151403790227539,-0.0845239982104073,2.2449122246159385,-0.6348716712849978,0,-0.04717407980715693,0
2016-11-30,1.3619341360082693,2.107874317461848,0.573323913486507,2.196470710348811,0.5435209475876945,0,-0.04352947276569097,1
2016-12-01,1.4753367423404384,2.112539744578903,0.6257384565423134,2.163140200361957,2.867452655945879,0,0.0046654271170547545,0
2016-12-02,2.758985869159414,2.124830614393012,1.226237267256422,2.1390452673391995,6.082621289877199,0,0.012290869814108873,0
2016-12-03,-0.8765074276257501,2.2763264597878634,-0.4524600618599654,2.154594985289833,4.691343452950658,0,0.1514958453948516,-1
2016-12-04,0.3517068262671508,2.2444091927758483,0.0883383670508826,2.173196065799495,5.071456146149522,0,-0.03191726701201514,1
2016-12-05,-1.9800038791605523,2.188445582401966,-0.9748669464297566,2.189310318787519,1.7295181309807006,0,-0.05596361037388231,1
2016-12-06,0.7254480199637037,2.2665177714985645,0.252373329683695,2.220105924171451,0.979629408603966,0,0.07807218909659852,-1
2016-12-07,0.5100679537056507,2.215650926532966,0.1609588253508677,2.238269986599442,-1.2692885068497972,0,-0.05086684496559846,0
2016-12-08,0.3480288652593089,2.16605403260767,0.0898359316741991,2.216215501163403,-0.0447522139647382,0,-0.049596893925296204,0
2016-12-09,0.2570620284196856,2.120651487312974,0.0488635902015378,2.191463960070828,-0.1393970118122034,0,-0.045402545294695784,0
2016-12-10,0.2398818851632178,2.0807181264450816,0.0415445517973944,2.169918468879451,2.0804887525115667,0,-0.03993336086789245,1
2016-12-11,-0.6370219326260695,2.04627615850289,-0.3862925893578972,2.125870146280316,0.7180187999217935,0,-0.034441967942191454,1
2016-12-12,1.336429337041345,2.0355400378606125,0.5811676173667136,2.089847968545845,1.5443801832574875,0,-0.01073612064227758,1
2016-12-13,0.0601105042332683,2.0498999622966103,-0.0455285041546676,2.066617154483634,1.2564618222314472,0,0.014359924435997762,0
2016-12-14,0.1184335419024407,2.019865317074823,-0.0173307799213056,2.0464599204360034,1.1178333357142023,0,-0.030034645221787226,1
2016-12-15,-0.4351215826300603,1.9939073199326725,-0.295179700645904,2.029097759133522,0.4428298679209241,0,-0.025957997142150635,1
2016-12-16,0.8725572393617043,1.982494564537586,0.3627338349581275,2.0163414403404607,1.952409039908698,0,-0.01141275539508646,1
2016-12-17,0.7516519385485587,1.978139280213212,0.30241174691235,2.004861288810981,1.3676316414159118,0,-0.004355284324373931,1
2016-12-18,-0.0378092763518189,1.9694638258434205,-0.0971069674017798,1.9887740615203424,1.2697118608308244,0,-0.008675454369791558,1
2016-12-19,0.2758843640726205,1.9519651813355323,0.0627290804467634,1.9751940343724848,1.4271626830010042,0,-0.017498644507888184,1
2016-12-20,1.0243612033812075,1.936370597928116,0.4497702150248185,1.9636866899715733,2.8866454690122723,0,-0.015594583407416263,1
2016-12-21,4.0864183761444295,1.9468303056277676,2.020196101114665,1.9565538381896097,6.1005066057949975,0,0.010459707699651544,0
2016-12-22,3.5627265068140623,2.375189986375481,1.4353744934876818,2.035963979422063,8.911581174060501,0,0.42835968074771347,-1
2016-12-23,6.433033120214748,2.59434473734779,2.4204931775763394,2.1609401617229373,15.382423570627068,0,0.21915475097230885,0
2016-12-24,-2.544283836463368,3.329566379827891,-0.8102325984521019,2.4364604014214093,12.56225537009108,1,0.7352216424801012,-1
2016-12-25,-0.2940426327735501,3.285332236432708,-0.1362060162422962,2.7062527291223275,11.243851533936322,1,-0.04423414339518317,0
2016-12-26,1.2670140107804428,3.1099759487950087,0.3580653503216209,2.938881857755776,8.424447168572335,1,-0.17535628763769928,0
2016-12-27,2.780264011368238,2.9753945300098708,0.8828491824162161,3.0589227664826537,7.641984673126512,1,-0.13458141878513796,0
2016-12-28,4.476426663918254,2.976621173466538,1.4523135558094586,3.135378053706403,5.685378216830017,1,0.0012266434566674533,0
2016-12-29,-0.2486908854591796,3.212877790225713,-0.1251620182584883,3.112040335785968,7.980971167834205,1,0.23625661675917486,-1
2016-12-30,-1.2672740567105656,3.0445741920215217,-0.4666378121502074,3.0638887269037305,7.00773974389719,1,-0.16830359820419138,0
2016-12-31,0.2602629691137004,2.934121777472652,0.0364073457177267,3.0287178926392597,6.000988702230448,1,-0.11045241454886989,0
2017-01-01,3.5254245031350884,2.7934328247665734,1.207111583301996,2.992325551590599,6.746149193997297,1,-0.1406889527060784,0
2017-01-02,2.319323561568165,2.9198706674972645,0.7417740116007558,2.980975450396745,4.589046091647209,1,0.12643784273069114,0
2017-01-03,2.1389344804025434,2.8828547709600327,0.6887253278312045,2.914970846543609,6.976671457508932,1,-0.03701589653723181,0
2017-01-04,10.09603452320036,2.83494027522572,3.5071621179833774,2.8730440631844485,18.339980037419856,1,-0.04791449573431272,0
2017-01-05,-13.05752503587252,4.419252355047323,-2.989411637461105,3.170070178699383,5.022192032433637,2,1.5843120798216033,-1
2017-01-06,-11.620924119418063,6.21184449187684,-1.8954697784206629,3.853752512121436,-10.124156590119515,2,1.7925921368295166,-1
2017-01-07,0.7051147530085622,7.088929884747689,0.0778220942785999,4.687564355571521,-11.738365398679118,2,0.8770853928708489,-1
2017-01-08,0.2872818355796447,6.559020486314649,0.0204058597889064,5.422797498642444,-13.590018043502017,2,-0.5299093984330394,-1
2017-01-09,-0.9229224484763598,6.072522187395949,-0.177251197845565,6.07031388107649,-24.608975015178736,2,-0.48649829891870056,-1
2017-01-10,0.5358747291348998,5.641352417186581,0.0677914297263993,6.314733893504341,-11.015575250171317,2,-0.431169770209368,-1
2017-01-11,-15.447664907682237,5.237646121474044,-2.978648027957055,6.119894219423783,-14.842316038435488,2,-0.4037062957125368,-1
2017-01-12,3.422186501689417,7.332829886458001,0.445768846287117,6.168674219765845,-12.125244289754631,2,2.0951837649839566,-1
2017-01-13,2.3515097351718417,6.875653631738224,0.3196889299138252,6.232000848850559,-10.061016390162436,2,-0.4571762547197764,-1
2017-01-14,-0.6785261137378207,6.408108813359586,-0.1298301138686482,6.299118174043287,-9.816620055423895,2,-0.4675448183786379,-1
2017-01-15,0.4128728905042678,5.941852072950603,0.0436620609425733,6.359218105196091,-9.939621894054527,2,-0.46625674040898346,-1
2017-01-16,1.1777592965048989,5.510332879253604,0.1858907502989736,6.413755456752004,6.685802310132605,2,-0.43151919369699865,-1
2017-01-17,8.790389778017538,5.129340245414632,1.683832614253887,5.973057528543331,12.054005586460724,2,-0.3809926338389724,-1
2017-01-18,-2.376187851963607,5.654265240615457,-0.4473839000293527,5.728779850318777,7.326307999325277,2,0.5249249952008253,-1
2017-01-19,1.3950027432390044,5.32245682577276,0.2332688457036757,5.511649452801412,9.399836856302102,2,-0.33180841484269674,-1
2017-01-20,-0.4511461114076631,4.965033171721257,-0.1217686717652705,5.316285672555543,8.53581785439017,2,-0.35742365405150345,-1
2017-01-21,2.946357940678101,4.6260045897492565,0.6037431445017533,5.1394200146546725,10.304416498563372,2,-0.33902858197200025,-1
2017-01-22,0.3123784353015857,4.423946443950453,0.0359269837761225,4.998341254361836,1.8264051558474212,2,-0.20205814579880332,-1
2017-01-23,-0.3967041519034708,4.131104022812607,-0.1331710680846656,4.693709010801267,3.8058888559075577,2,-0.29284242113784664,-1
2017-01-24,-3.1237062820324013,3.8708901256314823,-0.846612938847269,4.403395670773011,-0.7128201693638481,2,-0.2602138971811243,-1
2017-01-25,0.987059326696027,3.8097181532665942,0.21881407232131,4.172332667082079,0.7253852687398421,2,-0.06117197236488803,-1
2017-01-26,1.7639684998949967,3.5883455632933074,0.4488221907015958,3.9648008617908888,-0.4570041720432627,1,-0.2213725899732868,0
2017-01-27,0.2355587075202336,3.4245017723598505,0.0239799333729945,3.764911927472768,-0.5338238998246148,1,-0.1638437909334569,0
2017-01-28,0.1998574343793357,3.2306251770446326,0.0143681326839829,3.5848161583191733,0.0627376864581918,1,-0.19387659531521795,0
2017-01-29,-0.2274805283906111,3.0571770735378574,-0.1245985765335934,3.4220735479004487,2.958963440099982,1,-0.1734481035067752,0
2017-01-30,0.0963158901019944,2.905620303335915,-0.0196596551227857,3.241253977914313,2.068220003505949,1,-0.15155677020194247,0
2017-01-31,5.292264278631098,2.7679683125876333,1.8565331373478509,3.0771785277731776,5.596515782242051,1,-0.1376519907482816,0
2017-02-01,1.9006132801863809,3.203671967630377,0.5453660407982874,3.0330125668272827,7.261570354908198,1,0.4357036550427438,-1
2017-02-02,2.2768592259201803,3.094613942212428,0.6861663142442719,3.005810319860842,9.338572146449042,1,-0.10905802541794918,0
2017-02-03,1.7740542159063288,3.029231478517687,0.5349920744637223,3.000221200856808,11.340106890745982,1,-0.06538246369474088,0
2017-02-04,1.2533864584718837,2.9335037018245766,0.3749601797346965,3.00579788055454,12.497177459115871,1,-0.09572777669311039,0
2017-02-05,-1.503241332347116,2.8192636006623744,-0.5876288812231778,3.0160569381694886,5.701671848137657,1,-0.11424010116220229,0
2017-02-06,1.0467402259395795,2.753655186120581,0.3244054837580234,2.9260535818675293,4.847798793890856,1,-0.06560841454179345,0
2017-02-07,2.2101353214739383,2.6520309976561194,0.7755173073423033,2.837536992956268,4.781074889444614,1,-0.10162418846446153,0
2017-02-08,0.1619238325925032,2.6444505558016407,0.0032083978240948,2.7605808084130588,3.1689445061307886,1,-0.007580441854478703,0
2017-02-09,-6.679373711864844,2.5370628836870246,-2.693198161930578,2.681292644785548,-4.763815664205939,0,-0.10738767211461608,0
2017-02-10,-0.5757777136341957,3.425458051611626,-0.212881630961574,2.8025315349753983,-3.836352045493019,1,0.8883951679246014,-1
2017-02-11,1.5830756402560375,3.241500665514272,0.441041481892116,2.9001006308541366,-3.300016631176561,1,-0.18395738609735401,0
2017-02-12,-0.5259445444450783,3.10773269209634,-0.2186107992351615,2.99124096974218,-6.036096497095578,1,-0.13376797341793178,0
2017-02-13,-0.8582726834247545,2.957198825942964,-0.342118378288444,3.0537906237704453,-7.056293013112835,1,-0.15053386615337638,0
2017-02-14,1.3941699990017042,2.8360449961217458,0.4374862237781997,3.113587046257389,1.0172506977537132,1,-0.12115382982121803,0
2017-02-15,0.2912476248507545,2.741153135351475,0.0502738208566891,2.97672606300536,1.8842760362386637,1,-0.09489186077027068,0
2017-02-16,1.9618070354986197,2.6227858354180085,0.6894835361298445,2.8529830969861067,2.2630074314812454,0,-0.11836729993346662,1
2017-02-17,1.8103858479592283,2.596966156744381,0.6380315971668546,2.750829789915715,4.599337823885552,0,-0.025819678673627333,1
2017-02-18,0.7816821423608289,2.562334521254264,0.2451837392683454,2.6718569289779746,6.239292649671135,0,-0.03463163549011705,1
2017-02-19,-0.6231366653728365,2.474717175943062,-0.3138039595414545,2.5995913649422384,4.221985985296595,0,-0.08761734531120213,1
2017-02-20,3.0182976618057467,2.403564372230456,1.191920762231917,2.532073612318034,6.949036022251587,0,-0.0711528037126059,1
2017-02-21,3.2180966437300285,2.53440890080892,1.2092197354454224,2.5143982253962163,8.205325630482996,0,0.13084452857846385,-1
2017-02-22,0.1916831554673592,2.66747306536634,0.0143370790807832,2.5284996071206085,6.586622937991127,1,0.1330641645574202,-1
2017-02-23,4.315606560435903,2.557376650479335,1.627514342274313,2.5275080329656228,10.1205473560662,0,-0.11009641488700517,1
2017-02-24,0.5947789654450197,2.862511072844792,0.1541791703265166,2.605066812345968,11.338462986884055,1,0.30513442236545707,-1
2017-02-25,-2.575316445722109,2.7340876229187367,-0.9980498818075212,2.671171462483625,5.744848879356201,1,-0.12842344992605526,0
2017-02-26,1.8501711042905988,2.7863553069361284,0.6089430579379266,2.7215607437090665,4.376923339916772,1,0.05226768401739168,0
2017-02-27,1.2596285399297358,2.7282528526962637,0.4054569779531887,2.733716701175051,5.444868724379148,1,-0.05810245423986471,0
2017-02-28,0.0,2.639736165106984,-0.0581267875220113,2.7501886041005807,1.1292621639432454,1,-0.08851668758927955,0
2017-03-01,3.540895276981093,2.5334841043411767,1.3370740664973093,2.684383210399858,4.075378475479319,0,-0.10625206076580751,1
2017-03-02,2.305329049724314,2.7145400503595685,0.7927271753665716,2.680473695888024,8.956023970925742,1,0.1810559460183918,-1
2017-03-03,1.8987094918869296,2.7066599707746635,0.6448058225075385,2.6645346286557308,9.004562358522072,1,-0.007880079584904998,0
2017-03-04,-1.5683220977968482,2.663488151219056,-0.6464310645392416,2.6515816883602894,6.1766117207954885,1,-0.04317181955560745,0
2017-03-05,0.9491498113520792,2.6245457152496066,0.3031802507936352,2.648543598388814,7.125761532147568,0,-0.03894243596944946,1
2017-03-06,0.4496128401150656,2.535012496389919,0.1168331348873033,2.6488492767985625,4.03447909528154,0,-0.08953321885968757,1
2017-03-07,-3.9494404934135474,2.443081826614796,-1.6793870069763313,2.594557632049608,-2.220290447856321,0,-0.09193066977512299,0
2017-03-08,-6.198638601041129,2.765972941193831,-2.296507637375089,2.6064202261334417,-10.31763854078438,1,0.32289111457903497,-1
2017-03-09,3.2921643223535746,3.460682977735353,0.9069669077934992,2.765859191436701,-5.457152120633957,1,0.694710036541522,-1
2017-03-10,-6.228779461108402,3.444343584932481,-1.852956503007192,2.929818765373276,-12.635081393094438,1,-0.016339392802871888,0
2017-03-11,5.157845284233975,3.9475120760596174,1.2677366920295785,3.212318681307216,-7.926848948975529,2,0.5031684911271364,-1
2017-03-12,3.800712718862531,4.097198044815031,0.8901872196035977,3.5431419249472627,-0.1766957366994503,2,0.14968596875541396,-1
2017-03-13,0.8592592591656789,4.044001239882517,0.1745350295695856,3.798747584685001,6.881202123507357,2,-0.05319680493251422,-1
2017-03-14,0.6537416006713315,3.795572780328105,0.1318120469408415,3.86572554520355,4.242779401825114,2,-0.24842845955441195,-1
2017-03-15,0.7720111292730536,3.5679709045286465,0.1733679345043393,3.890451009122784,11.24356999220657,1,-0.22760187579945867,0
2017-03-16,-5.072016609052099,3.366139008044536,-1.5523589429157365,3.774176395519767,1.013708098920496,1,-0.20183189648411037,0
2017-03-17,-7.659209371416775,3.670729107134322,-2.1283642912836256,3.6888826079836257,-10.44621399135881,1,0.30459009908978585,-1
2017-03-18,-12.205008924073011,4.410422741982998,-2.802100621696821,3.7621669084037217,-23.510482174597502,2,0.7396936348486762,-1
2017-03-19,6.261202328713988,5.985687667890039,1.02039452848425,4.200189885916108,-17.903021446554845,2,1.5752649259070406,-1
2017-03-20,1.6729458954285903,5.950237465293478,0.2553690539425055,4.676643198069074,-17.00208668039931,2,-0.03545020259656084,-1
2017-03-21,6.100012272536581,5.543005626491903,1.0728065764415882,5.112016521758548,-5.830057798810628,2,-0.4072318388015752,-1
2017-03-22,-6.58399519210997,5.554616332274754,-1.2129432839755048,5.488793966786634,-4.754843619503824,2,0.01161070578285095,-1
2017-03-23,-1.0106803783773266,5.674659238058973,-0.2051435535993274,5.74164126600183,6.439484926191863,2,0.12004290578421895,-1
2017-03-24,-10.238115832507775,5.28210961032961,-1.9673115444953204,5.600925654489743,-10.059833235029902,2,-0.3925496277293625,-1
2017-03-25,3.691880349154797,6.118717625948579,0.5782978039328777,5.634621686620764,-8.040898781303696,2,0.8366080156189692,-1
2017-03-26,-0.6242870215820595,5.805528242987085,-0.1339630731630448,5.6871262099198,-14.765198075422337,2,-0.313189382961494,-1
2017-03-27,7.859470878677666,5.392332140280952,1.4290721148146528,5.65466937152104,-0.3217320046347005,2,-0.4131961027061335,-1
2017-03-28,0.1318736553550969,5.694652506864887,-0.0037870138348649,5.658668025282223,0.8208220290977231,2,0.3023203665839356,-1
2017-03-29,-0.68803730046616,5.284446284691973,-0.1592364910751575,5.659135360154695,10.37090056113934,2,-0.41020622217291436,-1
2017-03-30,-1.3105023821427864,4.9201626100626665,-0.2975393053741944,5.419424356977514,5.368517829841757,2,-0.36428367462930655,-1
2017-03-31,4.32433697911625,4.609206032480165,0.9049058702391292,5.180159914876128,10.317141830540066,2,-0.31095657758250184,-1
2017-04-01,0.8093712582577517,4.5415423639422725,0.1444293199337304,5.010001959608393,3.2670422101201524,2,-0.06766366853789219,-1
2017-04-02,1.9857106712705352,4.243434733074233,0.4317896711845431,4.719758404850262,5.120879226035591,2,-0.2981076308680395,-1
2017-04-03,3.7083842797371434,4.01943322543199,0.8844393468364513,4.466755792998265,9.517300806238891,2,-0.22400150764224325,-1
2017-04-04,-0.927523563605881,3.967186351855583,-0.2724759693437698,4.276160541356849,9.900279624775798,2,-0.05224687357640656,-1
2017-04-05,-0.7502123814714601,3.737551726117824,-0.2417763902343155,4.10182968008438,4.825730264188088,2,-0.22963462573775928,-1
2017-04-06,5.019560806332191,3.525778918615686,1.3801550055950236,3.8986769910190633,9.035919812262527,1,-0.2117728075021379,0
2017-04-07,-0.4899211441568241,3.7357456984667543,-0.1722174310751982,3.797139184097568,6.560287996835168,2,0.20996677985106826,-1
2017-04-08,-0.0807593602383249,3.517097285894461,-0.0665886452333679,3.6966719961900623,2.7711443568597005,1,-0.21864841257229317,0
2017-04-09,1.0085493189349035,3.3144976346643444,0.2579908118830675,3.5661342527518145,4.707217239400485,1,-0.2025996512301167,0
2017-04-10,-0.0623149691217683,3.146451245945697,-0.068570696140014,3.4479141567173883,5.395114651750177,1,-0.1680463887186474,0
2017-04-11,1.4949240225947236,2.983007475780416,0.4497087755572657,3.3393598681503347,1.8704778680127097,1,-0.1634437701652809,0
2017-04-12,-0.3858035232978452,2.875504857069726,-0.1875298193829871,3.167311699870929,1.9745954888716888,1,-0.10750261871069,0
2017-04-13,-2.6241638711645088,2.7477412744906227,-1.010867828108294,3.013440497590161,-0.568809022054495,1,-0.12776358257910347,0
2017-04-14,-0.1489195149853017,2.803610705077027,-0.1078462489892431,2.911263111672698,-1.7262778559747003,1,0.055869430586404256,0
2017-04-15,0.4256290746533331,2.679649622351967,0.1015765976266276,2.817902786953952,-1.238333812199599,1,-0.12396108272506012,0
2017-04-16,0.8847520245842233,2.569854449967885,0.2845735646273739,2.7352721817914456,-1.8485058102100995,0,-0.10979517238408176,0
2017-04-17,0.92308482079142,2.484781554712224,0.3097437020765449,2.657127521319945,-0.5396174661208342,0,-0.08507289525566097,0
2017-04-18,1.4765945740239594,2.412046060666568,0.548561328250491,2.589988478555134,3.561140979067634,0,-0.07273549404565616,1
2017-04-19,-0.1139577024277471,2.3791087769080925,-0.1123938040187473,2.5050880929213477,3.5961027916251886,0,-0.03293728375847538,1
2017-04-20,1.540585369344072,2.306384317699896,0.6014374861619324,2.430435031990933,4.711059086315927,0,-0.07272445920819637,1
2017-04-21,-0.5736069884235917,2.2935549313075643,-0.3169954038085508,2.3751751282588693,3.2527000733081124,0,-0.012829386392331887,1
2017-04-22,0.7873599679879106,2.244581480631968,0.282422620998408,2.327135113442818,3.116975220504603,0,-0.04897345067559611,1
2017-04-23,-2.009153636734684,2.198802337049311,-0.9835322545727893,2.2844863687193664,-0.3687729902540404,0,-0.04577914358265733,0
2017-04-24,3.495168393262293,2.278367462067552,1.4667208278362744,2.264338105751258,3.240353105436,0,0.0795651250182412,-1
2017-04-25,1.219582759624238,2.5087125258283183,0.4249763037671603,2.3048037473769427,2.9193504957161664,0,0.23034506376076624,-1
2017-04-26,1.2244046631327166,2.4466625449178223,0.4377249662704691,2.3354252700989937,4.717362147272475,0,-0.06204998091049596,1
2017-04-27,2.820710655915448,2.393254368171049,1.1144955204951588,2.3651598476068103,6.750712835200012,0,-0.05340817674677334,1
2017-04-28,-0.0949051223979147,2.4992845197516464,-0.0993662400653509,2.4252562841472773,8.664961349536782,0,0.10603015158059748,-1
2017-04-29,0.4025414930822535,2.411115734972665,0.1033140410000828,2.4518059387283,5.572334449356742,0,-0.08816878477898138,1
2017-04-30,1.9553509516994083,2.3340455500013326,0.7720121693919113,2.416872543562903,6.308102641431912,0,-0.07707018497133244,1
2017-05-01,5.324256303040009,2.352068358576296,2.19841268686024,2.397953706294598,10.407954281339205,0,0.01802280857496319,0
2017-05-02,2.1723477635178234,2.9163832170544493,0.6922644351154856,2.502579476071278,9.75959138894158,1,0.5643148584781534,-1
2017-05-03,2.5330039559928963,2.8666495159454155,0.8300856311779635,2.576052475310031,12.38750046733239,1,-0.049733701109033746,0
2017-05-04,3.143181439131037,2.8584361482374114,1.0459362745574186,2.665516557962981,15.128140413381177,1,-0.008213367708004071,0
2017-05-05,1.1496549171071455,2.921581126800663,0.3409850661976069,2.7830236733228477,14.322444378788912,1,0.06314497856325163,0
2017-05-06,1.4900234291777892,2.803999500065854,0.4766705721463415,2.8734099016207586,10.488211504926692,1,-0.11758162673480888,0
2017-05-07,1.128014206288519,2.718776805513906,0.3584607685076088,2.83388861931265,9.443877947697388,1,-0.08522269455194831,0
2017-05-08,7.632481902191035,2.6250279721156384,2.8491286944191936,2.7855643105466945,14.543355893895528,0,-0.09374883339826745,1
2017-05-09,1.8403898923351925,3.641407951737206,0.4632687497557247,2.942158671246653,13.24056434709968,1,1.0163799796215676,-1
2017-05-10,1.7937028143165,3.475979745654536,0.4718852096833181,3.0530383950174285,13.884612244309036,1,-0.16542820608266995,0
2017-05-11,3.380135427898434,3.326942898877294,0.9698681771195916,3.157627074779716,15.77472424302968,1,-0.14903684677724183,0
2017-05-12,-6.962597013852268,3.3415223828439693,-2.1295791503808967,3.282176190245729,7.684113022888894,1,0.014579483966675078,0
2017-05-13,4.572437995723799,4.027029844123778,1.097334458295271,3.562576564647357,4.6240691164216585,2,0.6855074612798084,-1
2017-05-14,0.2213724843994846,4.079375041420656,0.0166528207204219,3.650169982584046,3.0050517084859507,2,0.052345197296878254,-1
2017-05-15,-3.974203487147232,3.819445625763808,-1.0806916172566623,3.718863158605901,-2.762854592977781,2,-0.25992941565684813,-1
2017-05-16,-0.2292105846447789,3.867514366750816,-0.0989395077928551,3.826977452180605,-6.3722006055209945,2,0.048068740987007974,-1
2017-05-17,5.858053337167224,3.6308849363093367,1.5711359776061686,3.884849962873679,6.448449745498497,1,-0.2366294304414791,0
2017-05-18,2.6591435579729428,3.960575034726922,0.6326617101858205,3.871559000994308,4.53515530774764,2,0.32969009841758545,-1
2017-05-19,5.112090162962346,3.815265073012705,1.2996870950996415,3.818737007312717,9.425872986310502,2,-0.14530996171421728,-1
2017-05-20,4.765613840375238,3.982892348583902,1.1579962634018297,3.8514263518767367,18.16569031383297,2,0.16762727557119694,-1
2017-05-21,-2.1101494807389543,4.069168649703642,-0.5562779670208936,3.891757208467301,16.284751417738796,2,0.0862763011197405,-1
2017-05-22,6.275487042773875,3.892334497614881,1.572847262572618,3.9440471207284102,16.702185123345448,2,-0.17683415208876152,-1
2017-05-23,6.545545339360448,4.2376514888505366,1.5084076576365568,3.9994624115531336,20.588586904732956,2,0.34531699123565573,-1
2017-05-24,5.174051688319104,4.554877147107858,1.1022497738108314,4.147384826372164,20.65054843008971,2,0.3172256582573212,-1
2017-05-25,-5.841669584305009,4.60106125226196,-1.3029839506137968,4.271018607107775,10.043265005409465,2,0.04618410515410254,-1
2017-05-26,-4.551527081265316,4.780485454296323,-0.98420265251936,4.413281968026312,7.601887404883101,2,0.1794242020343626,-1
2017-05-27,-7.716098991381948,4.750773348597604,-1.6564752298461731,4.584969738222856,-6.389698629272722,2,-0.02971210569871907,-1
2017-05-28,5.576617659363858,5.219781315228345,1.038966567499442,4.7813957034984185,-7.358626309269312,2,0.4690079666307412,-1
2017-05-29,4.525858696050733,5.213418721296952,0.8386856200531032,4.913104018336236,-8.006819301537682,2,-0.006362593931393157,-1
2017-05-30,-3.617577429230323,5.084506871328934,-0.7416681514736625,5.009793142149631,-5.782727146462996,2,-0.1289118499680182,-1
2017-05-31,4.97381437480966,4.911794582303858,0.9813877414566752,5.036054967751139,3.74261430961198,2,-0.17271228902507563,-1
2017-06-01,5.176378021810457,4.876558545335479,1.03001708929172,5.061212007098713,16.635091322804385,2,-0.03523603696837885,-1
2017-06-02,3.2953587511441285,4.871934483059435,0.6449018103354607,4.991642640664932,14.353832414584655,2,-0.004624062276044505,-1
2017-06-03,1.0711766542318202,4.669100390326533,0.1965554805696297,4.882778974470848,10.899150372765742,2,-0.20283409273290154,-1
2017-06-04,-0.1408365573248637,4.364652939315238,-0.0674225292594226,4.738808188068108,14.375891244671202,2,-0.30444745101129556,-1
2017-06-05,6.735100598126653,4.078401529229814,1.613784510370715,4.5721295774533,16.137177467988195,2,-0.28625141008542343,-1
2017-06-06,6.3585225304761295,4.464513079004052,1.3898678394457795,4.489720484187014,17.319321976653868,2,0.3861115497742382,-1
2017-06-07,-4.684739043749975,4.703583745980857,-1.028615346982494,4.456050336771298,9.339224181759764,2,0.23907066697680435,-1
2017-06-08,2.6532117208717843,4.702204337284788,0.5316171221797424,4.46267112616295,10.921259248399728,2,-0.0013794086960690066,-1
2017-06-09,0.6462467476990419,4.469915547823118,0.1102498155151275,4.483723647864526,11.708342553423634,2,-0.23228878946166986,-1
2017-06-10,4.29415267947828,4.175918547736756,0.9915694592604306,4.503227051565914,9.26739463477526,2,-0.2939970000863621,-1
2017-06-11,0.3522002741267016,4.168794365891851,0.0476782670235731,4.4440833089434735,3.2610723784258333,2,-0.007124181844904598,-1
2017-06-12,-10.636361588757026,3.9007132130212847,-2.766109781134913,4.283509202351559,-2.690550166581218,2,-0.26808115287056644,-1
2017-06-13,2.1348727352916264,5.269169336239144,0.376042830599657,4.396902202142431,-3.208889152161376,2,1.3684561232178591,-1
2017-06-14,-8.070016068395969,4.9466457115421925,-1.66243065121709,4.492248234886246,-11.925151968256388,2,-0.3225236246969514,-1
2017-06-15,-1.6814098700645983,5.436392583695911,-0.3375122795124788,4.744343042078077,-17.900714517799265,2,0.48974687215371837,-1
2017-06-16,2.16658936081684,5.090442325063755,0.3954764338889319,4.928672633912457,-16.086325431109127,2,-0.3459502586321559,-1
2017-06-17,5.308867285766628,4.787561569397535,1.076837932599589,5.106042305187708,-0.1410965565854738,2,-0.3028807556662203,-1
2017-06-18,-4.135344442773459,4.814116752604701,-0.8908765712082771,5.015031788460819,-6.411313734650559,2,0.02655518320716599,-1
2017-06-19,1.6080900021749225,4.730759212440589,0.3074877738791378,4.971854488640498,3.266792335920332,2,-0.08335754016411201,-1
2017-06-20,4.978630510902349,4.438150631890181,1.087207606936042,4.772206098279352,9.92683271688728,2,-0.2926085805504073,-1
2017-06-21,-1.2083164993093476,4.477194039692416,-0.3041538674491408,4.649556441205084,6.551926856761092,2,0.03904340780223503,-1
2017-06-22,0.6046838033450186,4.20623086036915,0.1072799936906158,4.533290299399407,1.8477433743394835,2,-0.2709631793232665,-1
2017-06-23,1.449481602903635,3.937094372809599,0.3291874913314327,4.3578858234403866,7.432569420016577,2,-0.269136487559551,-1
2017-06-24,-5.088858716688893,3.7190727440712754,-1.409571272363305,4.1555485297665244,0.7356207011527616,2,-0.21802162873832343,-1
2017-06-25,-0.7429651761239775,3.950769489510868,-0.2268936625351688,4.058072301290662,-4.985974985873565,2,0.23169674543959262,-1
2017-06-26,-4.37966715092255,3.716772420892344,-1.2196352159268224,3.905987977530648,-8.157325637486768,2,-0.2339970686185242,-1
2017-06-27,2.9420318014429903,3.838978902106047,0.7263890970408402,3.832537585878027,-5.819977639388796,2,0.12220648121370337,-1
2017-06-28,0.8714329466792847,3.733635800840553,0.1923041243964663,3.7918458714842176,-6.398026295613146,2,-0.10534310126549418,-1
2017-06-29,-1.3871636990232084,3.516988768100165,-0.4380460626374893,3.751429076289996,-2.6963312779474613,1,-0.2166470327403882,0
2017-06-30,-2.329910763998555,3.357329498631646,-0.7396801976672357,3.632741078114151,-4.283276865822039,1,-0.1596592694685186,0
2017-07-01,-1.883529334869305,3.288319794848562,-0.6194557844537308,3.5470505529053944,-1.7871390497687931,1,-0.06900970378308413,0
2017-07-02,2.9113422496171992,3.190039437919668,0.8645356648732776,3.4172626600681184,-1.8178286015945844,1,-0.09828035692889392,0
2017-07-03,2.271658549222177,3.1726125505591,0.6676576897691298,3.305058010011828,-0.4176029990516916,1,-0.017426887360568077,0
2017-07-04,1.4550011544241848,3.09620620034944,0.4203730911377759,3.2209014964616838,2.424561854395701,1,-0.07640635020965991,0
2017-07-05,0.0134559015403823,2.972685675040653,-0.0470899035233673,3.143972731743484,4.767928519934639,1,-0.12352052530878721,0
2017-07-06,0.2521834270758916,2.827846812581285,0.034918455785239,3.0518781352900293,6.903641281879835,1,-0.14483886245936795,0
2017-07-07,-3.5071388234270806,2.6992105535749564,-1.356166232294175,2.953712358421087,0.4851602088355555,1,-0.12863625900632858,0
2017-07-08,2.07002188153087,2.887755834392675,0.6636927109700065,2.896741015187802,0.2835235411442482,1,0.18854528081771837,-1
2017-07-09,-2.078755903474594,2.8332953774166154,-0.7878441847080698,2.844158850601237,-3.2502335167545304,1,-0.05446045697605939,0
2017-07-10,-5.967007329199792,2.8153313950503818,-2.1739702555597744,2.812687994603183,-9.230696747494704,1,-0.017963982366233644,0
2017-07-11,-1.4763510291642137,3.4427003771090403,-0.4734046631488012,2.935658707508733,-10.95923120373481,1,0.6273689820586585,-1
2017-07-12,2.577926845050005,3.2969380973086824,0.7353754878945987,3.055204216255479,-4.874165535257724,1,-0.14576227980035794,0
2017-07-13,-1.721397283791859,3.2307683559602096,-0.5803067445291928,3.123806720568986,-8.665584700580453,1,-0.06616974134847275,0
2017-07-14,-5.427308882536774,3.127466600685733,-1.7844309718596112,3.1826409652228094,-12.014137679642634,1,-0.10330175527447683,0
2017-07-15,-11.092125143308351,3.55516365375572,-3.163163674508131,3.330607416963877,-17.139255493751193,1,0.4276970530699873,-1
2017-07-16,-3.5150304233180663,5.179591095669062,-0.708254713305229,3.677985560675881,-19.17793488790505,2,1.6244274419133422,-1
2017-07-17,14.38615807515662,4.985577841321506,2.8547781510920447,4.015713509478446,-7.369703657798432,2,-0.19401325434755634,-1
2017-07-18,3.979597271764046,6.822788891462236,0.5607908949621179,4.734117616578851,-1.668709102242527,2,1.8372110501407297,-1
2017-07-19,-1.9794585747284543,6.454736813501009,-0.3304391828107591,5.399571659141907,1.779141205565793,2,-0.3680520779612264,-1
2017-07-20,21.45958192106443,6.024014834820958,3.536867541348665,5.893341895354955,34.33084826993857,2,-0.4307219786800509,-1
2017-07-21,-5.464632077387588,9.341386118441742,-0.6014173260090113,6.725700899909489,32.38124661586905,2,3.3173712836207834,-1
2017-07-22,5.198805611682555,8.84009942759318,0.5707363666918475,7.496605217163825,23.19389415239499,2,-0.5012866908485609,-1
2017-07-23,-2.8779145918047533,8.348247030512342,-0.3631126347733457,7.801696844973845,16.33638228882619,2,-0.49185239708083905,-1
2017-07-24,0.8918580766257733,7.780854238766786,0.0949020082863633,8.066920330027001,19.207698940180418,2,-0.5673927917455561,-1
2017-07-25,-6.694254490338292,7.193232866275273,-0.9519633245333036,8.300763936317864,-8.946137471222304,2,-0.5876213724915127,-1
2017-07-26,-1.8422250208638855,7.073468825607172,-0.2821337667909951,7.847180477750951,-5.323730414698602,2,-0.11976404066810087,-1
2017-07-27,5.474305942230462,6.579524228979151,0.8087008078200635,7.395065438028145,-5.048230084150696,2,-0.4939445966280207,-1
2017-07-28,5.008718365744613,6.371668294910318,0.7620106317272766,6.99974969090774,2.838402873398671,2,-0.2078559340688333,-1
2017-07-29,-2.983173280053908,6.143181167589847,-0.5105844313668251,6.672215076672352,-1.0366284832810102,2,-0.22848712732047094,-1
2017-07-30,1.12080146966278,5.798814379499071,0.1668206676694835,6.393331379317112,6.778427476720061,2,-0.3443667880907757,-1
2017-07-31,4.196256521949504,5.390019067493952,0.7500561849859723,6.056641427694468,12.816909019533451,2,-0.4087953120051191,-1
2017-08-01,-5.617898537460686,5.2049551398586615,-1.1088160734466477,5.78172760987037,1.724704539842303,2,-0.18506392763529078,-1
2017-08-02,-0.2796165333308842,5.24696165026255,-0.0825346067647659,5.556786280940816,-3.563630359233194,2,0.0420065104038887,-1
2017-08-03,3.411146270777809,4.879569120646575,0.6676218344382833,5.304063871552161,2.8306891915985237,2,-0.3673925296159748,-1
2017-08-04,3.198518258855554,4.685608556617557,0.6498790581581126,5.081422706975859,4.908405980791297,2,-0.19396056402901873,-1
2017-08-05,11.625750003820023,4.496890861237434,2.551165010368916,4.902797065724555,12.337899462661817,2,-0.18871769538012284,-1
2017-08-06,-1.2052372736404138,5.819842128729569,-0.2334559300357424,5.0257744634987365,16.75056072648209,2,1.3229512674921349,-1
2017-08-07,5.0064452917007785,5.419514896540135,0.8954686906785028,5.060285112754253,22.03662255151375,2,-0.4003272321894338,-1
2017-08-08,1.2060956427120573,5.315187060678504,0.1980468885688359,5.14740870076064,19.831571923448,2,-0.10432783586163108,-1
2017-08-09,-2.291294405722333,4.953048173498422,-0.4935816699676713,5.200896624136813,14.341759258870113,2,-0.36213888718008214,-1
2017-08-10,1.154429882536867,4.689630450673495,0.2134476287379463,5.2394445420240245,3.870439137586956,2,-0.2634177228249266,-1
2017-08-11,7.664270358758429,4.385458482965017,1.712667217065295,4.952567812871115,12.7399467699858,2,-0.304171967708478,-1
2017-08-12,6.2151276619637486,4.8728799415907895,1.2439642165289058,4.8432408218812455,13.94862914024877,2,0.48742145862577235,-1
2017-08-13,4.739533913409311,5.012759712364566,0.9148841742630954,4.782755352218459,17.482067410946023,2,0.1398797707737769,-1
2017-08-14,5.999850660356998,4.935091838379892,1.1846610901354442,4.779164085194752,25.773212477025357,2,-0.07766787398467478,-1
2017-08-15,-3.3669266143826704,5.032551503963373,-0.6995191196341572,4.847748295852727,21.251855980105816,2,0.0974596655834814,-1
2017-08-16,4.550609057771382,4.843129615683308,0.9079190572040164,4.939282522396386,18.13819467911877,2,-0.1894218882800649,-1
2017-08-17,-1.0321242503652073,4.76792189768799,-0.24865416401293,4.9182909136158255,10.890942766789813,2,-0.07520771799531811,-1
2017-08-18,-4.029362277580262,4.46179757423895,-0.9374700647366472,4.808098485990703,2.1220465758002405,2,-0.3061243234490396,-1
2017-08-19,0.7919315940434046,4.416814987452003,0.1445594195532285,4.704443115805125,-3.0858724905133528,2,-0.04498258678694711,-1
2017-08-20,-2.561078804917827,4.130374709725924,-0.6572086986948684,4.524007756957635,-2.280024681048509,2,-0.2864402777260793,-1
2017-08-21,-2.124339359223626,3.981399072654811,-0.5721051069839471,4.351661648351936,-8.954973098043517,2,-0.14897563707111283,-1
2017-08-22,2.438453560504428,3.81592545826382,0.5988099616497035,4.161262360467101,-5.484395287173882,2,-0.1654736143909914,-1
2017-08-23,1.2360737249258236,3.67087771261567,0.2949251995025064,4.003078388142446,-0.2189592846677968,1,-0.14504774564814982,0
2017-08-24,4.317329334896414,3.472425206610702,1.1991302055364583,3.814200431974186,3.3064384561852123,1,-0.19845250600496778,0
2017-08-25,0.8481266861428693,3.585673248997908,0.1937397121039045,3.7052601398285834,6.715643947245908,1,0.11324804238720576,0
2017-08-26,-0.4401702501784399,3.383817902681181,-0.1754259982168171,3.5857439058338563,8.399813056291094,1,-0.20185534631672697,0
2017-08-27,0.6978621159060339,3.200879527446682,0.1700853556200452,3.4627347196704283,6.6592216116927005,1,-0.18293837523449907,0
2017-08-28,-0.005013417577615,3.0366194763953223,-0.0521806574688285,3.335883072426359,5.418134469189262,1,-0.16426005105135966,0
2017-08-29,4.38291240560158,2.884783170265125,1.4661320358540253,3.218354665157244,5.483717539894428,1,-0.15183630613019705,0
2017-08-30,-0.3000819175898783,3.1255441839264906,-0.1451015484297141,3.12632885214296,4.3355089361616805,1,0.24076101366136538,-1
2017-08-31,2.979936786414683,2.9676945848235947,0.9524219296977802,3.0431041885714434,7.7556159727548035,1,-0.15784959910289587,0
2017-09-01,3.931965968186724,2.992677761711024,1.2625905245618756,3.0014638354243117,10.989719825035491,1,0.024983176887429348,0
2017-09-02,-6.617280669547476,3.1398538802624687,-2.1563806186308376,3.0221107161977403,4.377452573065632,1,0.14717611855144463,-1
2017-09-03,0.0914661686666207,3.810560143504196,-0.0162635445138864,3.2072661108455547,0.0860063361306728,2,0.6707062632417271,-1
2017-09-04,-7.865244791780235,3.5771884053909853,-2.241616394283023,3.297594955138454,-7.479156538059684,1,-0.23337173811321055,0
2017-09-05,3.2563502729336946,4.391126220246864,0.7066321335613782,3.582281282223107,-7.202743051540672,2,0.8139378148558789,-1
2017-09-06,4.91739220862204,4.243561375551731,1.1226308291156288,3.832458004991249,-6.217316811105356,2,-0.14756484469513342,-1
2017-09-07,0.0600144766300658,4.306451828855354,-0.0216941719694352,4.065777594709826,0.4599783350721864,2,0.06289045330362342,-1
2017-09-08,-8.412374960926705,4.024598066922421,-2.128365168813059,4.108585179393471,-8.04386279452114,2,-0.28185376193293354,-1
2017-09-09,-0.0636310331838529,4.82453815037729,-0.0449929940651874,4.358055128390732,-0.2422490359247575,2,0.7999400834548691,-1
2017-09-10,-2.470364388401869,4.494289930859298,-0.5838083016338792,4.378687870513219,-5.968963697260321,2,-0.33024821951799144,-1
2017-09-11,0.9253833940325862,4.294565217888716,0.1797490483166407,4.388888638980616,-9.960972511849777,2,-0.19972471297058192,-1
2017-09-12,-0.7346793001923757,4.022878313382207,-0.2207669768238748,4.332173935885986,-10.755666288672217,2,-0.27168690450650956,-1
2017-09-13,-6.197104848606649,3.7813110837150674,-1.6794556414942463,4.283516539244515,-8.54039617635216,2,-0.2415672296671394,-1
2017-09-14,-20.7529846818872,4.194042640810349,-4.984790536376407,4.157417437331128,-29.229749825055507,2,0.41273155709528186,-1
2017-09-15,14.23295036032819,8.329479660509572,1.6903229914704547,4.924455383261182,-12.526435076325448,2,4.135437019699222,-1
2017-09-16,-0.343680262940893,9.144906696794612,-0.0543602753539827,5.894523679042362,-13.795498733298928,2,0.8154270362850404,-1
2017-09-17,-1.1698419937502536,8.43863213291729,-0.156812307503222,6.777674442949379,-14.230661426856804,2,-0.7062745638773222,-1
2017-09-18,12.62960167034688,7.80414722978617,1.598657985275526,7.582241672163599,4.596045092096723,2,-0.6344849031311197,-1
2017-09-19,-3.510422984139616,8.438574335492916,-0.4341802562445453,8.431148011100111,21.838606789844302,2,0.6344271057067461,-1
2017-09-20,-0.4857681376487122,7.89593578687935,-0.0809539917857771,8.344439236374068,7.1198882918674045,2,-0.5426385486135663,-1
2017-09-21,-7.298189967391799,7.297249615277558,-1.0211558797405496,7.974907820070657,0.1653785874164981,2,-0.5986861716017922,-1
2017-09-22,-0.0093665675535703,7.236993517722274,-0.0224963516048793,7.734580097031653,1.3258540136131811,2,-0.060256097555283716,-1
2017-09-23,4.357358460826255,6.691666747919602,0.6282319840493977,7.512084000658339,-6.946389195907443,2,-0.5453267698026716,-1
2017-09-24,-2.93148207724947,6.367204596038141,-0.4845017014770249,7.097810052767384,-6.367448289017297,2,-0.32446215188146166,-1
2017-09-25,6.3954725420583,5.996183214207562,1.0410010728299413,6.717859538233027,0.5137923906897157,2,-0.37102138183057853,-1
2017-09-26,-0.8625829531936802,5.976320005749596,-0.1700080208890329,6.453673616327436,6.949399404887835,2,-0.019863208457966408,-1
2017-09-27,7.623090435074964,5.55247843990232,1.34528231540923,6.116770600763443,14.58185640751637,2,-0.42384156584727606,-1
2017-09-28,-0.6194336903600828,5.785041941289914,-0.1335985255400058,5.935445639437506,9.605064256330031,2,0.2325635013875944,-1
2017-09-29,-0.2796940229908173,5.373613035923729,-0.080603758268147,5.736727327414624,12.256852310588684,2,-0.4114289053661855,-1
2017-09-30,4.132431925838986,4.994654220041778,0.7966502519212153,5.536421528581468,9.99381169436937,2,-0.37895881588195035,-1
2017-10-01,1.4877173197664462,4.853836903865151,0.2748913824279111,5.3119249082045785,12.344111967329496,2,-0.1408173161766273,-1
2017-10-02,0.1266209591703315,4.544479719685325,-0.0059013188895621,5.11032516416118,4.847642491424864,2,-0.3093571841798264,-1
2017-10-03,-2.1048548498461277,4.239838094914443,-0.5326369032200132,4.8012843948860855,3.3622213319388194,2,-0.3046416247708814,-1
2017-10-04,-2.062124514520569,4.042936452881183,-0.5480085881946025,4.535149078277576,1.5797908404090677,2,-0.19690164203325988,-1
2017-10-05,2.314965608527864,3.8657367717646975,0.5591498730933483,4.3093655886221605,-0.237675476902055,2,-0.17719968111648576,-1
2017-10-06,0.9748054894298974,3.7055052519927134,0.2216610287638501,4.079699258247672,-0.7505873072386038,2,-0.16023151977198413,-1
2017-10-07,1.2748976770245335,3.49457792649896,0.3209138034488539,3.8697188996104,0.3976894106155981,1,-0.2109273254937536,0
2017-10-08,4.063463202861684,3.316787749449858,1.178858617144519,3.685108830517483,6.566007463323409,1,-0.17779017704910194,0
2017-10-09,3.4437730607516315,3.4221604530380123,0.9614784936946208,3.5609536305488483,12.07190503859561,1,0.10537270358815443,0
2017-10-10,0.2087127436135816,3.429272131478005,0.0161181027084065,3.4736607024915096,9.965652173681327,1,0.007111678439992719,0
2017-10-11,0.926059259103873,3.2348268209543707,0.238844277819047,3.379525016283841,9.916905943355305,1,-0.19444531052363434,0
2017-10-12,12.093108463263746,3.0729064292331323,3.885464577279706,3.295190716830676,20.73511672959452,1,-0.1619203917212384,0
2017-10-13,3.6113106875085066,5.110351791764993,0.6766405612031062,3.6539035252937024,20.28296421424134,2,2.0374453625318605,-1
2017-10-14,3.216238155630436,4.90598551195141,0.6242983728724528,3.950668537076383,20.055429309120143,2,-0.20436627981358235,-1
2017-10-15,-2.669148286716805,4.692668268817878,-0.6014888562773223,4.203347764544357,17.177568278789757,2,-0.21331724313353284,-1
2017-10-16,0.8313063950488697,4.485163907500368,0.1511353934539507,4.453415181853556,17.082815414734753,2,-0.20750436131750938,-1
2017-10-17,-2.1195572848553117,4.192900760288789,-0.5421060020228333,4.677414048064688,2.870149666615696,2,-0.2922631472115791,-1
2017-10-18,-0.2647296986753034,4.002396626626272,-0.104479670774441,4.455823015036943,-1.0058907195681144,2,-0.19050413366251728,-1
2017-10-19,2.085709532306268,3.752814725202576,0.5148855700619811,4.225188857687177,-2.1364193428922817,2,-0.24958190142369574,-1
2017-10-20,5.170621739978287,3.589991656722193,1.3975470799215823,4.00465353526804,5.70335068380281,1,-0.16282306848038308,0
2017-10-21,0.3346315203620165,3.8113297983019647,0.0475403984350551,3.869886713428359,5.206675809115957,2,0.22133814157977172,-1
2017-10-22,-0.3850525893446033,3.5783814499591453,-0.1504847876220949,3.74698285136243,6.941180504626665,1,-0.2329483483428194,0
2017-10-23,-1.30836609937397,3.373766153036581,-0.4332859529228499,3.621256756644492,5.897544103927999,1,-0.2046152969225643,0
2017-10-24,-7.049808413802694,3.2262486387816227,-2.232700762860704,3.5159435393603014,-3.2379738421809634,1,-0.1475175142549583,0
2017-10-25,3.97588809285736,3.966311848748048,0.9637287372853852,3.591207577765472,-4.43270748930189,2,0.7400632099664253,-1
2017-10-26,2.6431731700242267,3.952716140931093,0.6298792268585237,3.619484846291298,-2.12416583963968,2,-0.01359570781695485,-1
2017-10-27,-2.121131029138468,3.8070794525501,-0.5974580884562922,3.665224446809488,-3.860244279433545,2,-0.1456366883809932,-1
2017-10-28,-0.4822288401198804,3.662306986393386,-0.1735704367943291,3.72293261348085,-3.034107020179455,1,-0.1447724661567138,0
2017-10-29,6.734084346998692,3.451053144160056,1.9068512390054773,3.767893514556536,10.749785740621933,1,-0.21125384223333032,0
2017-10-30,-0.3796746882876789,3.992451684850364,-0.1335305004426127,3.773121481777,6.394222959476892,2,0.5413985406903081,-1
2017-10-31,5.36475964258134,3.745658259220956,1.391296241873886,3.731709905434972,9.115809432034006,2,-0.24679342562940798,-1
2017-11-01,4.517490778615674,3.966892238487957,1.100118463791635,3.763672462622544,15.754431239788149,2,0.22123397926700106,-1
2017-11-02,4.495834544204236,4.021884401923717,1.0796916885388033,3.8355879457286095,20.732494624112263,2,0.05499216343576041,-1
2017-11-03,1.809617004484565,4.064899361032135,0.4074338560944582,3.958357189103025,15.808027281598136,2,0.043014959108417905,-1
2017-11-04,2.360869908970642,3.8505613454614687,0.5732749923304367,3.929979121225247,18.548571878856457,2,-0.21433801557066667,-1
2017-11-05,0.3713981650420805,3.695486028593792,0.0589797337000555,3.9199446750998135,13.555210401317195,2,-0.15507531686767662,-1
2017-11-06,-5.332460184821919,3.4744728540363106,-1.578915650940334,3.821460798209485,3.705259437879605,1,-0.22101317455748148,0
2017-11-07,1.7169747457019824,3.800647683932232,0.4113865563305706,3.777213454611188,0.926399639377351,2,0.3261748298959213,-1
2017-11-08,4.318783329154741,3.610269399574229,1.15374878851496,3.6862874623196062,3.4355659640475267,1,-0.19037828435800286,0
2017-11-09,-4.329978834888415,3.6991008668239416,-1.2120291874931308,3.655995366592101,-3.2552827798115302,2,0.08883146724971258,-1
2017-11-10,-7.639967782768053,3.817290131508003,-2.0416072390265616,3.680356187174943,-11.266648727621664,2,0.11818926468406143,-1
2017-11-11,-4.016342135678563,4.510197059978728,-0.9245231335593954,3.8875010283634266,-9.950530678478309,2,0.6929069284707254,-1
2017-11-12,-6.624800835288802,4.456643649075467,-1.5209293702174942,4.0187002213920735,-18.292306259469093,2,-0.0535534109032616,-1
2017-11-13,9.750993711052123,4.794123208418757,2.0019415252021315,4.255470983160979,-12.860095877571707,2,0.33747955934329,-1
2017-11-14,1.155880655935526,5.596798499436516,0.179109766566209,4.635010509683494,-7.374236386747768,2,0.802675291017759,-1
2017-11-15,9.75291596816703,5.207302578670118,1.843464334933131,4.913012999115916,10.018647364187316,2,-0.3894959207663975,-1
2017-11-16,7.327191344658601,5.900830883988736,1.215718955942367,5.191139763917919,21.36218084452448,2,0.6935283053186172,-1
2017-11-17,-2.0885560755640853,6.025122192049875,-0.3721078821780132,5.5048354725128,25.8984256042492,2,0.12429130806113964,-1
2017-11-18,1.047289192313272,5.640764094443948,0.1584625405643812,5.674163649717839,17.194721085510345,2,-0.38435809760592754,-1
2017-11-19,3.113234725023517,5.244802861799159,0.5643291883090639,5.603764522190367,19.152075154598336,2,-0.39596123264478855,-1
2017-11-20,2.0219707267559173,4.984981642664816,0.3748321413223331,5.559300334989307,11.421129913187222,2,-0.2598212191343432,-1
2017-11-21,-1.59025822498986,4.685481398910954,-0.3721490834599172,5.31623043797375,2.503680343538761,2,-0.29950024375386164,-1
2017-11-22,2.2333812274014875,4.410350912192555,0.4716046150586521,4.993276182002286,6.825617646504334,2,-0.2751304867183997,-1
2017-11-23,-2.636729831656304,4.182801798892303,-0.6670574770190029,4.701683722891958,3.141598622534758,2,-0.22754911330025163,-1
2017-11-24,2.6384336294809074,4.033755027653706,0.6160498665044116,4.459474156062866,2.6667975269921484,2,-0.14904677123859678,-1
2017-11-25,6.305893658721473,3.877849567171598,1.5865634210317163,4.238047740964224,6.950720458957704,2,-0.15590546048210818,-1
2017-11-26,5.957458008958128,4.231868324595703,1.3715026509784611,4.147325126101173,14.498436692905692,2,0.3540187574241047,-1
2017-11-27,5.095910220949484,4.451914225573928,1.110190041257808,4.155637788777447,17.36096568645369,2,0.22004590097822518,-1
2017-11-28,2.419480982177369,4.504458217086493,0.5030664043898522,4.219969072416285,22.41717650028736,2,0.05254399151256539,-1
2017-11-29,-1.7064228542038151,4.278375090918815,-0.4347122909664607,4.2688930850693065,18.07232001660264,2,-0.22608312616767812,-1
2017-11-30,3.4292760743307227,4.05215679304681,0.8084180495602896,4.30375453024435,15.195702432211888,2,-0.22621829787200554,-1
2017-12-01,6.999820553385128,3.96562742930034,1.726430758375529,4.250506351185277,16.23806497663889,2,-0.08652936374646947,-1
2017-12-02,0.8979571044841705,4.427707830592536,0.1681496950084877,4.245665072188999,12.040111860173576,2,0.46208040129219574,-1
2017-12-03,2.2199572962955827,4.142402639946847,0.4988693984462014,4.173253956761069,11.840588174291788,2,-0.2853051906456887,-1
2017-12-04,2.907029602992317,3.943716459206952,0.6982221587914813,4.106322230418697,16.45404063148792,2,-0.1986861807398954,-1
2017-12-05,2.201676244242101,3.8216115969003783,0.5359615463591424,4.060213191189411,15.2264408013993,2,-0.12210486230657347,-1
2017-12-06,18.17241608818083,3.658591370981819,4.925113213767276,3.9988059795257063,26.399036336195003,1,-0.16302022591855936,0
2017-12-07,22.51189543413279,7.207230829852848,3.1022256090840297,4.554710579377769,48.01297466584362,2,3.548639458871029,-1
2017-12-08,-7.72262649438904,10.303559992453748,-0.7644023894014065,5.786942049879149,38.070390875159,2,3.0963291626008997,-1
2017-12-09,-8.769744361032217,9.893419130466052,-0.9019312359604048,6.976882584130969,26.393616911134465,2,-0.4101408619876956,-1
2017-12-10,1.8098281385682924,9.646480349602443,0.171709130724888,8.141856334671383,26.001768805460657,2,-0.24693878086360854,-1
2017-12-11,9.153033338474792,8.91523919303272,1.009461861923419,9.193185899081564,16.982386055754617,2,-0.7312411565697232,-1
2017-12-12,2.786607918922712,8.813663119019582,0.2987598346091856,9.514472356914908,-2.74290145945546,2,-0.1015760740131384,-1
2017-12-13,-5.957373243077235,8.18602234892198,-0.746493518560368,9.090964828208556,-0.9776482081436556,2,-0.6276407700976012,-1
2017-12-14,0.9450503424906388,7.858328964079498,0.1007352788265492,8.683946794931243,8.7371464953792,2,-0.32769338484248234,-1
2017-12-15,6.672275050137522,7.264727360553132,0.8973269530183496,8.207596197121381,13.59959340694843,2,-0.5936016035263663,-1
2017-12-16,9.632672719671476,7.09677579773334,1.335709850030169,7.843903518061507,14.079232788145111,2,-0.16795156281979207,-1
2017-12-17,-1.8458920130955287,7.360491923555796,-0.2716301324753048,7.5532692789687506,9.446732856126872,2,0.26371612582245607,-1
2017-12-18,-0.1390749799384139,6.840461264106,-0.0427623740312176,7.284157062005553,15.265031119265691,2,-0.5200306594497963,-1
2017-12-19,-7.254290633921201,6.330071902560036,-1.1702442138309166,6.97850564970166,7.065690142853853,2,-0.5103893615459638,-1
2017-12-20,-6.700506450657429,6.415513812172515,-1.0683393465440594,6.808662940025537,-6.307091357941097,2,0.085441909612479,-1
2017-12-21,-5.069001039219856,6.411179291267538,-0.8145834307763811,6.671543638732376,-21.00876511683243,2,-0.004334520904976991,-1
2017-12-22,-13.322321728215949,6.214694587188356,-2.1683706129629736,6.4423841714588885,-32.485194831952846,2,-0.1964847040791815,-1
2017-12-23,6.082280889142488,7.455846397258591,0.7951936225696786,6.565461198089407,-26.263838962871944,2,1.2411518100702343,-1
2017-12-24,-5.404986305608972,7.199570682688099,-0.7720496032017521,6.73936095411502,-24.414534634559715,2,-0.25627571457049125,-1
2017-12-25,0.7212278283203588,6.937955513161161,0.0818380060321708,6.84384929431275,-16.992800355581927,2,-0.2616151695269382,-1
2017-12-26,13.78513383721831,6.421364024034396,2.1228658588756484,6.84588624086612,1.8613345208562395,2,-0.5165914891267649,-1
2017-12-27,-1.636315248910769,7.636622958108471,-0.2343646716502839,7.130271915050145,13.547341000161415,2,1.2152589340740745,-1
2017-12-28,-8.097704981335418,7.084654723974134,-1.1646501750603713,7.056033580393253,-0.63264487031649,2,-0.5519682341343364,-1
2017-12-29,0.3396832333958599,7.165324717946189,0.0259923810216239,7.04918438744487,5.112024668688342,2,0.08066999397205432,-1
2017-12-30,-12.3597794486912,6.626265951887894,-1.888426894231342,6.986846475190217,-7.968982608323216,2,-0.5390587660582948,-1
2017-12-31,8.890117328095215,7.547473983540259,1.1575631746416166,7.21206846709139,-12.863999117446312,2,0.9212080316523652,-1
2018-01-01,-3.589997685241464,7.621145301232709,-0.4911908801711615,7.208972935716237,-14.817681553777009,2,0.07367131769245017,-1
2018-01-02,9.258925971214182,7.164368026467087,1.270940654415399,7.224915596214828,2.538949398772594,2,-0.45677727476562247,-1
2018-01-03,1.450508605496914,7.357525032860642,0.1762915133173885,7.263355659197718,3.649774770873648,2,0.19315700639355526,-1
2018-01-04,2.5858428248032084,6.816821979123975,0.3568236707763421,7.301466864644934,18.595397044368056,2,-0.5407030537366673,-1
2018-01-05,11.094452953729396,6.3653243730447935,1.7188461937427582,7.065036942545841,20.79973267000224,2,-0.4514976060791813,-1
2018-01-06,0.557837614383061,7.038845843819665,0.0574523494579431,6.948577051063232,24.94756796962676,2,0.6735214707748716,-1
2018-01-07,-6.1740689989333575,6.511957170697466,-0.9716753682885464,6.818094879909308,9.51457299947922,2,-0.5268886731221993,-1
2018-01-08,-8.267549955484554,6.426455054996467,-1.3103630643336892,6.631880884336473,-0.2034855615022479,2,-0.08550211570099897,-1
2018-01-09,-3.861992220665656,6.646708488355766,-0.6041233207208577,6.597858186182831,-6.651320606971112,2,0.22025343335929914,-1
2018-01-10,2.5562164635523743,6.3121557918307865,0.3806587098941243,6.58722446994003,-15.189557097148132,2,-0.33455269652497943,-1
2018-01-11,-11.058116741362234,5.907802835857466,-1.8977539427174055,6.36101586834759,-26.805511452893427,2,-0.4043529559733203,-1
2018-01-12,4.198319183702104,6.748471104230168,0.5993772127116755,6.408318655054131,-16.433123270257965,2,0.8406682683727018,-1
2018-01-13,2.6789878301524794,6.405015296463194,0.3943079493289778,6.404030703347476,-5.486585484620932,2,-0.3434558077669738,-1
2018-01-14,-4.18229592243744,5.997876667633259,-0.7228783694433064,6.274264339202975,-5.806889186392716,2,-0.40713862882993546,-1
2018-01-15,0.3464786845698953,5.765648927445509,0.0334809322967361,6.164962966325919,-8.016626965375195,2,-0.23222774018774928,-1
2018-01-16,-18.458172530715267,5.349513315580866,-3.479122457680565,6.053305062270599,-15.416682754728228,2,-0.4161356118646431,-1
2018-01-17,-2.662523913776127,8.21547214079258,-0.3427634162347487,6.346705269583081,-22.27752585220646,2,2.865958825211713,-1
2018-01-18,2.5266707476315986,7.650370069974432,0.310211315628054,6.595776224285329,-22.42984293472734,2,-0.5651020708181473,-1
2018-01-19,1.1480784055017068,7.118280726577667,0.1397302326957492,6.819857036074211,-17.099468606788193,2,-0.5320893433967653,-1
2018-01-20,10.552244967375836,6.592241125137903,1.5774310112139531,6.98517547561269,-6.893702323982254,2,-0.5260396014397637,-1
2018-01-21,-10.615162399161626,7.113371802814855,-1.5138533568684955,7.337947173059487,0.9493078075713868,2,0.5211306776769522,-1
2018-01-22,-5.937426753876451,7.589531897485907,-0.8025351522769727,7.212759124398152,-2.3255950325289376,2,0.4761600946710516,-1
2018-01-23,-0.5779885423653042,7.333048558673894,-0.0997440450170587,7.149294822138044,-5.43025432252584,2,-0.25648333881201335,-1
2018-01-24,4.418609725643563,6.784066171644936,0.6287041185251356,7.082451911151499,-2.159723002383984,2,-0.5489823870289579,-1
2018-01-25,-0.8842259367552785,6.454246114950976,-0.1607725056432098,7.054852909114113,-13.596193906515095,2,-0.32982005669395953,-1
2018-01-26,-0.784639410255572,5.987858880857084,-0.1566634772302184,6.829750324722559,-3.765670917609043,2,-0.46638723409389193,-1
2018-01-27,2.382021404816115,5.561279674766664,0.4007318732313669,6.42409988017871,4.553777241083523,2,-0.42657920609042055,-1
2018-01-28,2.9760633486411336,5.222122092545417,0.5405128251380964,6.001914586953015,8.107829132089961,2,-0.3391575822212465,-1
2018-01-29,-4.245369798060672,4.954947552380032,-0.8877609974158283,5.636090863100035,-0.556150391614274,2,-0.2671745401653851,-1
2018-01-30,-11.132515302966794,4.864199737207041,-2.3202079059011638,5.318081587551248,-10.80443975782579,2,-0.0907478151729908,-1
2018-01-31,1.1295200421317375,6.020920429910435,0.1621148577382735,5.324693897361918,-8.89028030543848,2,1.1567206927033933,-1
2018-02-01,-10.845799638872757,5.592158132955457,-1.9669041469403152,5.3308695889996764,-22.11810134912735,2,-0.4287622969549778,-1
2018-02-02,-3.775622775012444,6.472460877507447,-0.6070430138635111,5.580937345992083,-28.869787472780928,2,0.8803027445519902,-1
2018-02-03,3.8232652937148615,6.150391909391764,0.5966816366494672,5.820026217394429,-20.801152381005394,2,-0.3220689681156834,-1
2018-02-04,-10.299083790500418,5.843753348571619,-1.788666042217312,6.015936939667344,-19.96772086853902,2,-0.3066385608201445,-1
2018-02-05,-17.398211533124908,6.547880090740499,-2.68050890869679,6.121328871833358,-38.495452443795664,2,0.7041267421688797,-1
2018-02-06,10.8709190826632,8.648922192108147,1.2391693972295414,6.732681683663896,-16.77873372225971,2,2.101042101367648,-1
2018-02-07,-1.726190605398337,8.82683451916082,-0.2129449673607768,7.203556411994571,-14.729301552645602,2,0.1779123270526739,-1
2018-02-08,8.115416198670111,8.172343066446283,0.9742587591772514,7.607946643405474,-10.437150647690352,2,-0.654491452714538,-1
2018-02-09,5.5463550667886,8.04874565510936,0.670031817961824,8.048945104713022,5.408288209598666,2,-0.12359741133692204,-1
2018-02-10,-1.325912252258732,7.671400523879789,-0.192839838154337,8.27364919134088,21.48058749046484,2,-0.37734513122957214,-1
2018-02-11,-5.874826338459904,7.107513114220991,-0.8481540061574641,7.965367375763449,4.734842069341738,2,-0.5638874096587978,-1
2018-02-12,9.34749976251279,6.906157623493258,1.3312844682335712,7.581231996629936,15.808532437252865,2,-0.20135549072773262,-1
2018-02-13,-3.746663522015048,7.159892138348521,-0.5447153155156296,7.378741811010384,3.9464527165677055,2,0.253734514855263,-1
2018-02-14,9.916074093751703,6.7613845022507775,1.4438810139134233,7.121269580438667,8.31617174353081,2,-0.39850763609774376,-1
2018-02-15,6.836184023154956,7.136094361655848,0.9364708902785528,7.014208347993879,16.478268018944497,2,0.37470985940507084,-1
2018-02-16,0.6617573638271423,7.004753524955228,0.0725675755517819,6.993656430140727,23.014851721231544,2,-0.13134083670062058,-1
2018-02-17,8.23828388494885,6.481729997299673,1.247328183237145,6.908770904902011,21.905635843667604,2,-0.523023527655555,-1
2018-02-18,-5.17921730312878,6.640492026489449,-0.803051440320948,6.804890882530195,20.47308206255387,2,0.15876202918977622,-1
2018-02-19,6.187369895710759,6.42608656034647,0.93897435956762,6.737831294149333,16.744377864512927,2,-0.21440546614297862,-1
2018-02-20,1.5767739342638976,6.31763026593468,0.22529563953043,6.5741384750051,11.484967775621868,2,-0.10845629441179039,-1
2018-02-21,-6.459170224791144,5.873468525375154,-1.125844052693229,6.3478814750890855,4.364040187003582,2,-0.44416174055952595,-1
2018-02-22,-6.626121098880944,5.92235595822223,-1.144740459690196,6.236006667273597,-10.500364796826211,2,0.048887432847076084,-1
2018-02-23,2.916567969339212,5.986456672404481,0.4615632814805038,6.105199596456603,-2.404579524358219,2,0.06410071418225094,-1
2018-02-24,-4.853544529041365,5.63454171512246,-0.8886230975602754,5.946890627411801,-13.445493949110343,2,-0.3519149572820206,-1
2018-02-25,-1.5231977518507025,5.517862689656409,-0.3038562627114679,5.786937112156148,-16.545465635224943,2,-0.11667902546605102,-1
2018-02-26,7.011553986619923,5.157317652953091,1.3297832448830469,5.643706937671734,-3.074741423813876,2,-0.3605450367033187,-1
2018-02-27,3.40346060989738,5.367405418941545,0.6055106654035728,5.532716829815596,6.954840284964448,2,0.21008776598845458,-1
2018-02-28,-3.10294706364651,5.115842307518999,-0.6365298715411509,5.358593956838501,0.9353252519787248,2,-0.25156311142254584,-1
2018-03-01,5.182687604474623,4.893773309269356,1.0276831196421214,5.21044027566788,10.971557385494712,2,-0.2220689982496431,-1
2018-03-02,1.228839083196931,4.88729709456103,0.2200397641490585,5.084327156648804,13.723594220542346,2,-0.006476214708325934,-1
2018-03-03,3.5731831732556785,4.566245356168922,0.7489180986414404,4.966112697291971,10.2852234071781,2,-0.3210517383921081,-1
2018-03-04,0.1991054965976957,4.425864265758228,0.0103180103754333,4.777804466655307,7.080868293878417,2,-0.14038109041069458,-1
2018-03-05,0.5258650235306916,4.132492713808272,0.0901213059863189,4.5811345479131615,10.70968038105562,2,-0.29337155194995557,-1
2018-03-06,-7.1017378823034605,3.8695260574115498,-1.8749524251401537,4.376285097541601,-1.5747451057224635,2,-0.26296665639672234,-1
2018-03-07,-7.854714164884058,4.436279040542724,-1.805151000395075,4.286081486737939,-10.658298353803453,2,0.566752983131174,-1
2018-03-08,-5.895751127349236,5.007702821172099,-1.2079771357352052,4.374372979738575,-20.127232654408367,2,0.5714237806293756,-1
2018-03-09,-0.6134788034012573,5.121958939038675,-0.1497314202851732,4.513591914394664,-20.93981695440732,2,0.1142561178665753,-1
2018-03-10,-5.182014795718892,4.7712350248094735,-1.1182543201412074,4.641340376594904,-26.647696773656904,2,-0.35072391422920113,-1
2018-03-11,7.7310826936223265,4.824642448527816,1.5706124114443372,4.832363654818157,-11.814876197731117,2,0.05340742371834217,-1
2018-03-12,-3.977469953506585,5.2236670312874605,-0.7908064032312173,4.989841252967105,-7.937631986353644,2,0.3990245827596448,-1
2018-03-13,-0.1116361497521367,5.068421144431428,-0.0522994292269324,5.001984917618971,-2.1535170087565447,2,-0.15524588685603202,-1
2018-03-14,-10.60320200204039,4.71590963128996,-2.280926104659353,4.920775056069227,-12.143240207395678,2,-0.35251151314146867,-1
2018-03-15,0.3747684039220544,5.797418607027884,0.0381771674155816,5.12601177251291,-6.586457007754731,2,1.0815089757379246,-1
2018-03-16,0.4506141978666278,5.378576690471721,0.0552515715188625,5.236798620901691,-13.86692550351043,2,-0.418841916556163,-1
2018-03-17,-5.186813420832692,4.997938912421476,-1.068491011513526,5.191652997128494,-15.076268970836535,2,-0.3806377780502457,-1
2018-03-18,3.802058543426412,5.01542818236556,0.7274790960165188,5.18105440471532,-11.162574277657988,2,0.017489269944084285,-1
2018-03-19,4.830210672516699,4.839847815182295,0.9663054434609748,5.205842041493787,4.2708383968991015,2,-0.1755803671832652,-1
2018-03-20,3.224371887087329,4.797877964234878,0.6400605698593902,5.005933912935186,7.1204418800643765,2,-0.041969850947416454,-1
2018-03-21,0.1772210114815209,4.597938379839148,0.0051722372797458,4.849806250808671,6.84704869367927,2,-0.19993958439573056,-1
2018-03-22,-2.2745729727736475,4.288251800457857,-0.5662009762807657,4.707868828415948,9.759289141738314,2,-0.3096865793812906,-1
2018-03-23,1.7168711059966313,4.097851441927412,0.3815247441175986,4.524353480328318,7.674101704308533,2,-0.1904003585304448,-1
2018-03-24,-2.410683537135583,3.875199913177496,-0.6616750045848488,4.3314238999273575,0.4332074946562514,2,-0.22265152874991623,-1
2018-03-25,-2.008233931084469,3.745353043410677,-0.5771614288994503,4.120918915762518,-4.799398323515547,2,-0.12984686976681914,-1
2018-03-26,-3.428971504220435,3.599553594406462,-0.9952375463920516,3.921241958675981,-8.405590839217503,1,-0.14579944900421493,0
2018-03-27,-4.692919680936569,3.613886538523949,-1.341037969083377,3.786368906289199,-10.823937547380424,1,0.014332944117486868,0
2018-03-28,1.5384599545303246,3.803093931079786,0.3641825830354241,3.7274174041196737,-11.002348698846731,2,0.1892073925558373,-1
2018-03-29,-10.442950860100275,3.603434366104546,-2.940636394812078,3.673064294705084,-19.034616021811424,1,-0.1996595649752404,0
2018-03-30,-3.915922419318818,5.036721759569093,-0.8079385752788352,3.9313380379367673,-20.942304510045773,2,1.4332873934645471,-1
2018-03-31,1.1974965288978012,4.8996004405836135,0.2130902628439832,4.191347407172198,-16.315836476927537,2,-0.1371213189854794,-1
2018-04-01,-1.871556330941182,4.576474208254319,-0.4424794332877826,4.383864941118271,-13.49447312693215,2,-0.3231262323292947,-1
2018-04-02,3.4404500623484324,4.327725644307269,0.7595238121180012,4.488791283763768,-11.592483019114042,2,-0.24874856394704992,-1
2018-04-03,5.122335284347912,4.205488367139536,1.1815264880982856,4.609202083970766,3.9728031253341456,2,-0.12223727716773247,-1
2018-04-04,-8.422475580705502,4.303506088872328,-1.99277398167596,4.462558949831413,-0.5337500360525382,2,0.09801772173279133,-1
2018-04-05,-0.6201068910305807,5.025919634979084,-0.1539113894361231,4.487822788710507,-2.35135345598092,2,0.7224135461067558,-1
2018-04-06,-2.605042094133836,4.684292221175047,-0.5888790338159599,4.509386391294653,-3.084839219173574,2,-0.3416274138040363,-1
2018-04-07,4.056977863510269,4.47282307694239,0.8727236497347387,4.538405877821677,-2.468311418011737,2,-0.21146914423265706,-1
2018-04-08,1.613717451544261,4.394601743852327,0.332289056773739,4.576228553164235,-5.976929250815388,2,-0.07822133309006318,-1
2018-04-09,-3.6655612766454126,4.136144620121342,-0.9233237738473268,4.542756259414039,-1.220014946755299,2,-0.2584571237309854,-1
2018-04-10,0.9412414998555718,4.096733656159748,0.1923000572633539,4.356919063650172,0.3413334441308535,2,-0.03941096396159338,-1
2018-04-11,1.9352815614150032,3.8450176639862006,0.4634158627985058,4.189064152212401,4.881657099679693,2,-0.2517159921735477,-1
2018-04-12,12.412693581038248,3.662083067497778,3.3476177279155457,4.026916150323479,13.237372817207673,1,-0.18293459648842259,0
2018-04-13,0.0850158009713553,5.515733165528898,-0.0124051653984291,4.251142434658793,11.708671166634764,2,1.8536500980311201,-1
2018-04-14,1.136885881377836,5.121660317269648,0.1920171267271328,4.448245574088455,16.511118324658014,2,-0.39407284825924993,-1
2018-04-15,4.203655981360832,4.775868163263543,0.8480587109443603,4.584072475509213,19.773532806163274,2,-0.3457921540061051,-1
2018-04-16,-3.300812914143947,4.671665158310731,-0.7394049402668113,4.74940197437412,14.537438330604324,2,-0.10420300495281243,-1
2018-04-17,-1.9621259128287605,4.521095629907701,-0.4679319946292073,4.921204486856104,0.162618836737316,2,-0.15056952840302973,-1
2018-04-18,3.2535927574945944,4.28367916064416,0.7237127847467142,4.674793685879157,3.331195793260555,2,-0.23741646926354054,-1
2018-04-19,1.5906496489627386,4.149489649377802,0.3463583204731934,4.480359552300787,3.784959560845458,2,-0.13418951126635825,-1
2018-04-20,6.437648463048973,3.915376917304769,1.6050074392816045,4.308261303109033,6.018952042533599,2,-0.23411273207303296,-1
2018-04-21,0.5608362578138681,4.2846462773480125,0.0950829656077664,4.230857526916489,9.880601214491412,2,0.3692693600432433,-1
2018-04-22,-1.052330951045377,4.007312257996194,-0.3008925326003046,4.128100852534187,10.790396176274797,2,-0.27733401935181856,-1
2018-04-23,1.4483697709081866,3.778210501920407,0.3427364322518955,4.0270071207894365,8.985173189688389,2,-0.22910175607578687,-1
2018-04-24,8.23531991874269,3.577085684906232,2.259347761688074,3.9125263278951232,15.62984345946834,1,-0.20112481701417506,0
2018-04-25,-9.193210663750406,4.405344184185761,-2.1216617036385523,4.010519781271322,-0.001015667331039,2,0.8282584992795292,-1
2018-04-26,4.808821013231679,5.264549245376885,0.8842887421247897,4.206500374877096,4.246969088086772,2,0.8592050611911235,-1
2018-04-27,-3.2239593306844228,5.159493000663044,-0.654598952539278,4.436936523410465,2.075340708447726,2,-0.10505624471384056,-1
2018-04-28,3.942918286213981,4.942378138009252,0.7667318843711559,4.669770050628236,4.5698892237535205,2,-0.21711486265379243,-1
2018-04-29,0.7523614187496364,4.789469410180683,0.1250497673694713,4.912246795683125,-2.9130692762395327,2,-0.152908727828569,-1
2018-04-30,-1.9136041014403915,4.466799946549296,-0.4627571212855798,4.924537948155832,4.366537286070482,2,-0.32266946363138693,-1
2018-05-01,-1.3240166694592048,4.232323850448599,-0.3490886106189503,4.718092869170175,-1.7663003966204016,2,-0.23447609610069708,-1
2018-05-02,1.2739001376983694,3.99139340837968,0.2807191975019775,4.484472950713502,2.7315590717623905,2,-0.2409304420689189,-1
2018-05-03,5.3537157891065945,3.760690140435343,1.38279842574886,4.248135351198719,4.142356574655004,2,-0.2307032679443366,-1
2018-05-04,-0.4433170333562941,3.9771037825233577,-0.1500479869703103,4.085662225667255,2.946678122549073,2,0.2164136420880145,-1
2018-05-05,1.6094355065083832,3.733028819029362,0.3900307749843782,3.9389080001632686,6.469717730497848,2,-0.2440749634939956,-1
2018-05-06,-2.0843383079432343,3.544512623667833,-0.631335793864642,3.801345754807115,5.709396092013819,1,-0.18851619536152908,0
2018-05-07,-2.9620923127989585,3.4294684484111597,-0.9084590638020588,3.6889607628134113,1.4734036415164908,1,-0.11504417525667332,0
2018-05-08,-1.485310141877072,3.4152434498722646,-0.4798338827417139,3.619871424700796,-5.365622289467176,1,-0.01422499853889514,0
2018-05-09,0.97370785472517,3.2732768482290595,0.2505955070636988,3.479106037841936,-3.948597401385712,1,-0.14196660164320507,0
2018-05-10,-3.0623267109053387,3.1086223543764384,-1.0344666310339696,3.354224744911351,-8.620359618799434,1,-0.1646544938526211,0
2018-05-11,-6.893610659669847,3.1575460088609497,-2.2318123071135663,3.276831421949974,-13.429631970526046,1,0.0489236544845113,0
2018-05-12,0.748238978371063,3.884089749115206,0.1531374488252274,3.367755682090784,-9.719300679356024,2,0.7265437402542565,-1
2018-05-13,2.5429769131291025,3.649313264270047,0.6547910132411521,3.41456964497034,-5.69101362434985,1,-0.23477648484515923,0
2018-05-14,-0.0819964626876057,3.53340057293218,-0.0666315185644442,3.466594389910964,-6.7467179417626255,1,-0.11591269133786719,0
2018-05-15,-2.396447419619463,3.329125189982522,-0.7659329875835016,3.510694957032181,-6.08083865047675,1,-0.20427538294965775,0
2018-05-16,-1.6772482047846538,3.270335612301072,-0.559785846162709,3.533252877720205,-0.864476195591557,1,-0.05878957768145021,0
2018-05-17,-3.335153970564164,3.158821131912986,-1.1043972444349233,3.3881991542797607,-4.947869144526784,1,-0.11151448038808587,0
2018-05-18,1.916817663872017,3.234476503095669,0.5451819727244799,3.3052318020448856,-5.57402839378387,1,0.07565537118268306,0
2018-05-19,-0.0459450212755285,3.1226926578036,-0.063850153155678,3.22309021901917,-5.5379769523717925,1,-0.1117838452920692,0
2018-05-20,3.1752487481542246,2.961699261521877,1.020295816064092,3.149605033327041,0.033719215401895,1,-0.16099339628172293,0
2018-05-21,-1.1133876917273966,3.011176954476343,-0.4207082792087342,3.0977733017620954,0.5975797284591522,1,0.049477692954466246,0
2018-05-22,-4.583947139821376,2.896053009033597,-1.635807945582311,3.045219677186217,-0.6512134407980597,1,-0.11512394544274596,0
2018-05-23,-6.2067659444725365,3.2228336917326965,-1.9734823251883136,3.042891114913622,-8.774797049142613,1,0.3267806826990993,-1
2018-05-24,0.3898282693889143,3.781605753747629,0.0625101878934118,3.1746737341024285,-8.33902375847817,2,0.5587720620149326,-1
2018-05-25,-1.4229521588760008,3.552040636447033,-0.4437988478747096,3.29274200908746,-12.937224665508396,1,-0.22956511730059592,0
2018-05-26,-1.6751549202160376,3.390393979159675,-0.5393456673883682,3.368585414024126,-13.498991893997037,1,-0.16164665728735805,0
2018-05-27,0.1676209050300414,3.263860013095376,0.0043450153467976,3.442146814836481,-8.747423849145619,1,-0.126533966064299,0
2018-05-28,-3.20251597389678,3.086816739146371,-1.0871896975679156,3.4149434243192167,-5.743173878569863,1,-0.1770432739490051,0
2018-05-29,4.609061158009098,3.157494305100544,1.4111258308932644,3.2901211345898,-1.5239409899496792,1,0.07067756595417318,0
2018-05-30,-0.8880942351451537,3.3769409616891544,-0.3084251783328539,3.2551011996382244,-0.989083066218832,1,0.21944665658861018,-1
2018-05-31,1.176467849979801,3.208866692013481,0.3188130156178392,3.218795742208985,1.8625397039770064,1,-0.16807426967567318,0
2018-06-01,0.6289122618005294,3.058917751209843,0.1554382684624752,3.1778072898318785,2.3238310607474943,1,-0.1499489408036383,0
2018-06-02,1.3434600362671745,2.908887403174813,0.409098218028316,3.1422214226375678,6.869807070911449,1,-0.1500303480350298,0
2018-06-03,0.999764944741699,2.802182587280317,0.3020237030234939,3.0711590790735217,3.26051085764405,1,-0.1067048158944961,0
2018-06-04,-2.701622323891506,2.692757757109098,-1.0602742484121548,2.93432243815751,1.4469827688976975,1,-0.10942483017121907,0
2018-06-05,1.574996113095395,2.76792557779826,0.5135819912625058,2.8461342153144664,1.845511032013292,1,0.07516782068916195,0
2018-06-06,0.2645286611436148,2.692747568082669,0.0412549914730297,2.7729001786890315,1.4811274313563771,1,-0.07517800971559074,0
2018-06-07,0.3164613319277976,2.5799170207259787,0.0631888341504026,2.7071061021992646,0.4541287270170002,0,-0.1128305473566904,1
2018-06-08,-0.6968564365646301,2.4809546072502155,-0.3427292934998132,2.6428605061932444,-1.2424926542893289,0,-0.09896241347576318,0
2018-06-09,-1.2263867528105266,2.412063515368956,-0.5720521566708444,2.586721657845216,0.2327429167916506,0,-0.06889109188125975,1
2018-06-10,-10.429333638086112,2.38309708034257,-4.44076454482844,2.509755958354078,-11.771586834389858,0,-0.02896643502638563,0
2018-06-11,1.7659179795872504,4.3773371700994455,0.3683697494034427,2.846673878757433,-10.270197515946222,2,1.9942400897568753,-1
2018-06-12,-4.813047339938237,4.127653235411545,-1.2032228580912754,3.1562211216945464,-15.399706187812257,2,-0.2496839346879005,-1
2018-06-13,-3.595427350674818,4.239015490967048,-0.8843720297429086,3.507833298437913,-18.298277101922444,2,0.11136225555550272,-1
2018-06-14,4.998260262806298,4.176783496561765,1.159940629819837,3.860777294676475,-12.07363008630562,2,-0.062231994405282265,-1
2018-06-15,-3.332187405601239,4.262215482455878,-0.8177969422550574,4.236600975099137,-4.976483853820746,2,0.08543198589411283,-1
2018-06-16,1.4389722742134126,4.168560328209151,0.3083877381672309,4.194845606721078,-5.303429559194584,2,-0.09365515424672743,-1
2018-06-17,-0.7799634776660014,3.9259617627658914,-0.2377513886410726,4.154507312191947,-1.270345696922348,2,-0.24259856544325942,-1
2018-06-18,3.560119143946139,3.6956298803662087,0.9218130253956114,4.045830190071778,5.885200797698609,2,-0.23033188239968272,-1
2018-06-19,0.5201158253765215,3.674314141843772,0.0997945270975606,3.94533631912818,1.4070563602688324,1,-0.02131573852243651,0
2018-06-20,0.0975878464416268,3.457004964910375,-0.0161560475928225,3.78429421561908,4.836831612311698,1,-0.21730917693339702,0
2018-06-21,-0.6931549314602492,3.259670474947375,-0.2597177601693802,3.6025162449667243,2.704704406638037,1,-0.19733448996300007,0
2018-06-22,-10.09251346030755,3.097395401006858,-3.3079253750297046,3.436802972614918,-6.607845576003513,1,-0.162275073940517,0
2018-06-23,1.2867880610642146,4.647759409844554,0.2438483961713451,3.627228878510587,-8.881176658885437,2,1.5503640088376955,-1
2018-06-24,0.1742907827004813,4.351648957297876,0.0047916088181171,3.762695841601408,-9.227001701561475,2,-0.296110452546678,-1
2018-06-25,1.2228084684467788,4.065336234096702,0.2630456679805341,3.884362095438673,-8.101781079556325,2,-0.2863127232011733,-1
2018-06-26,-2.5199768617493845,3.825213310718639,-0.6988933760743593,3.9974706625929257,-9.92860300984546,2,-0.2401229233780633,-1
2018-06-27,1.036022620030863,3.711225728876261,0.237814485381562,4.120236728166806,1.1999330704929534,2,-0.11398758184237812,-1
2018-06-28,-4.20755189266746,3.501542980415344,-1.245448449509968,3.890993442280964,-4.294406883238722,1,-0.20968274846091672,0
2018-06-29,5.196130416250178,3.638154024414422,1.3860575993284066,3.7482944557042734,0.7274327503109745,1,0.13661104399907797,0
2018-06-30,2.942626904629897,3.853833689572185,0.7237436137925772,3.70599394679937,2.4472511864940927,2,0.21567966515776282,-1
2018-07-01,-0.2842915424254855,3.7465967868310286,-0.1168342766820853,3.690270642021849,4.682936505817992,2,-0.10723690274115638,-1
2018-07-02,3.513597605397756,3.5229397347914744,0.9537938412714017,3.6526134432048902,7.160511491184884,1,-0.22365705203955422,0
2018-07-03,-1.2871725512868082,3.522580485864514,-0.4089649449462033,3.656820944294725,10.080890832565537,1,-0.000359248926960376,0
2018-07-04,1.0354208139776944,3.3567980420526515,0.2627448597577911,3.600549747822371,5.920181230293053,1,-0.16578244381186247,0
2018-07-05,0.6284119229603036,3.185015956592757,0.1491272088586562,3.4667862012264856,3.60596624862346,1,-0.1717820854598946,0
2018-07-06,0.5162002311365654,3.0210478659263496,0.1200778220182184,3.3216764170455493,4.406458022185511,1,-0.16396809066640738,0
2018-07-07,2.711538540759939,2.8732279525781834,0.8903223829773694,3.191734060602891,3.6043989575476942,1,-0.14781991334816613,0
2018-07-08,-1.2185823192757184,2.882958839554508,-0.4759074890819718,3.06380973134089,3.672989189558784,1,0.009730886976324626,0
2018-07-09,-0.4754487007430086,2.789795354283385,-0.2254244502059162,2.9504091937870367,2.162119674838081,1,-0.09316348527112295,0
2018-07-10,-6.302716705345013,2.674472164331071,-2.413992628015684,2.8483004353346995,-4.769008953467235,1,-0.11532318995231394,0
2018-07-11,1.0178711879893498,3.423513291911898,0.252498451473298,2.928793520531809,-4.267337996614451,1,0.7490411275808269,-1
2018-07-12,-2.628576724059428,3.243869949611723,-0.8576225774944417,3.0029219199385166,-9.607453261433818,1,-0.17964334230017487,0
2018-07-13,0.1482289507841017,3.2209571773078145,-0.0016176658404369,3.070521587489178,-8.240641991373998,1,-0.022912772303908646,0
2018-07-14,0.6084371585677317,3.0485036556049843,0.1492528226258903,3.122263247753498,-7.156756132063258,1,-0.17245352170283024,0
2018-07-15,1.321981965541852,2.8992308695587266,0.403052614618568,3.1672149887990293,0.4679425388236069,1,-0.1492727860462577,0
2018-07-16,5.834774166521406,2.792595068512207,2.034428423725919,3.0410313441190917,5.284845517355663,1,-0.1066358010465196,0
2018-07-17,8.243286458020904,3.3323134275187334,2.427696929115496,3.0587200397004937,16.156708699435995,1,0.5397183590065264,-1
2018-07-18,0.6771106197492216,4.241956889646854,0.1234503909844012,3.262919982168301,16.685590368401115,2,0.9096434621281206,-1
2018-07-19,1.2951038487557298,3.970442820876568,0.2875408404245292,3.4473078152226178,17.372257058589113,2,-0.27151406877028617,-1
2018-07-20,-1.5212500162380849,3.74269904175784,-0.4474549999176191,3.61600144966244,14.529025076809177,2,-0.227743779118728,-1
2018-07-21,0.8821326292061116,3.564998906521922,0.2044020952403868,3.770482217264384,9.576383539493882,1,-0.17770013523591777,0
2018-07-22,-0.0107806514659358,3.3662010255353563,-0.0487849755268734,3.777259736867708,1.3223164300070422,1,-0.1987978809865658,0
2018-07-23,3.868656433444962,3.178832024966922,1.1687365111090695,3.5646347639317213,4.513862243702782,1,-0.18736900056843409,0
2018-07-24,8.84546416030787,3.281865995777974,2.648500818834945,3.4269193989120037,12.064222555254922,1,0.10303397081105192,0
2018-07-25,-2.925469041722017,4.354381406654688,-0.7070828522737913,3.549255871891373,10.66000352977099,2,1.0725154108767136,-1
2018-07-26,-2.8491418656974687,4.209275674337798,-0.7133249236172151,3.678111225454548,6.928729034867409,2,-0.14510573231688983,-1
2018-07-27,2.6487261573523213,4.075643115049734,0.612243688598463,3.819999643357424,9.588235843685666,2,-0.13363255928806428,-1
2018-07-28,0.3318503902615788,3.91548484828339,0.0455654954600205,3.9673302080207167,6.051429800502284,2,-0.1601582667663437,-1
2018-07-29,0.3206412472145814,3.672136311388672,0.0455325864436685,4.045384271142856,-2.4733931125910047,1,-0.24334853689471814,0
2018-07-30,-0.4632012619252279,3.4531452061228327,-0.1785736215248621,3.865137031036485,-0.0111253327942151,1,-0.2189911052658391,0
2018-07-31,-5.0137941881997605,3.2633578670260865,-1.5834100279329852,3.675953469574143,-2.175777655296507,1,-0.18978733909674617,0
2018-08-01,-2.019234469295661,3.58104203605152,-0.6067155399478661,3.5770332537745007,-6.843738281944489,1,0.3176841690254335,-1
2018-08-02,-0.7604042111257314,3.4562527427915155,-0.2644030001032242,3.485186832676125,-7.935992883331799,1,-0.12478929326000454,0
2018-08-03,-1.7699946974246927,3.274726239818372,-0.5873572139314815,3.4057048183620653,-10.026628827971074,1,-0.18152650297314343,0
2018-08-04,-5.552450759252814,3.1694539361708056,-1.8002754598572148,3.34896656437166,-15.11587832529866,1,-0.10527230364756646,0
2018-08-05,0.5053418144036925,3.610681869181671,0.0974614889846569,3.418431364802777,-9.596742322695206,1,0.4412279330108655,-1
2018-08-06,-1.6644870348809349,3.399698427601478,-0.5347316701107643,3.3821626431127685,-9.24199488828048,1,-0.210983441580193,0
2018-08-07,-2.8995953086402797,3.2712918821471533,-0.9332810405837966,3.345170470983896,-11.381185985795028,1,-0.12840654545432484,0
2018-08-08,-6.853482384772036,3.274270179624188,-2.139994986229149,3.3450792589450598,-16.46467367314237,1,0.002978297477034708,0
2018-08-09,4.077457301356446,3.956100474911668,0.991890358462324,3.5024085666932314,-6.834765612533111,2,0.68183029528748,-1
2018-08-10,-6.016427603596242,3.956363507036316,-1.559479298554492,3.5715448942641608,-13.356535030533044,2,0.00026303212464817705,-1
2018-08-11,1.7791511924363237,4.295911399701831,0.3784323413573701,3.750787488684231,-9.912896803215787,2,0.3395478926655149,-1
2018-08-12,0.4273118524736219,4.0553896582604425,0.0675329604227862,3.907607043906888,-6.585989642101886,2,-0.2405217414413885,-1
2018-08-13,-0.3980924454614509,3.798950373623374,-0.1451800561739773,4.012543082706726,-0.1305997027913008,2,-0.25643928463706844,-1
2018-08-14,-1.566130632947882,3.571938289841189,-0.4814108969972372,3.935710645692631,-5.774187637095629,1,-0.22701208378218496,0
2018-08-15,1.7398593339542856,3.416550592761374,0.4643338091149832,3.8277480628376415,1.982099300454898,1,-0.15538769707981492,0
2018-08-16,0.4146085616168804,3.271244058595245,0.0798378762805274,3.622814594616325,0.6175566696354551,1,-0.14530653416612926,0
2018-08-17,3.808327820833668,3.094770648600696,1.180988464945823,3.430690792684376,3.998572637995501,1,-0.17647340999454908,0
2018-08-18,-2.412688806635366,3.2047142236837804,-0.8007354199804358,3.311843562696457,1.9839762768215865,1,0.10994357508308461,0
2018-08-19,1.273198071380044,3.165221299113721,0.3537694784596071,3.2305001645509632,4.823304981149512,1,-0.03949292457005926,0
2018-08-20,-3.083290846744191,3.0244924890612213,-1.0701730097310274,3.1520885438109327,0.0001548004510354,1,-0.14072881005249993,0
2018-08-21,2.8168761359932404,3.090453222072908,0.8618272342020467,3.115930376506465,2.4024223748273954,1,0.06596073301168692,0
2018-08-22,-1.741912892269326,3.077956929627856,-0.6157825852624353,3.1125676327118974,-3.147818338275598,1,-0.012496292445052237,0
2018-08-23,2.450168206824088,2.9960245798372256,0.7665921164657225,3.0708297039425867,1.715038675183855,1,-0.08193234979063035,0
2018-08-24,2.792823001109745,2.960335218262421,0.8915826834893374,3.0298524877723265,3.234663604913557,1,-0.0356893615748044,0
2018-08-25,0.6412467252168597,2.96528705030436,0.1645059428507765,3.018011400020954,6.959201176874608,1,0.004951832041938609,0
2018-08-26,-0.8304176683980202,2.826053087848388,-0.3481382058291131,2.9651313731760505,3.311907372483347,1,-0.13923396245597175,0
2018-08-27,2.61023761987218,2.71947363191432,0.9034094715452058,2.893434713633343,7.664057884624853,1,-0.10657945593406826,0
2018-08-28,3.027780971291527,2.7426704344618624,1.0480083760673045,2.842763884558271,8.241670649092292,1,0.02319680254754264,0
2018-08-29,-0.6945951847084686,2.811450217119912,-0.301635989400712,2.8129868843297685,4.754252463274078,1,0.06877978265804963,0
2018-08-30,-0.9829420799983168,2.7009726992677767,-0.4207304514739183,2.760124014122452,3.1300636580589014,1,-0.11047751785213533,0
2018-08-31,0.8469072019252621,2.61752658506448,0.2649324834745992,2.7184187135656703,4.807388528382184,0,-0.0834461142032965,1
2018-09-01,2.187871411853948,2.525152599951403,0.8056669639330939,2.679554507173086,4.385022320363952,0,-0.09237398511307715,1
2018-09-02,1.098730512202195,2.5351394937530087,0.3728753906237513,2.638048319031316,2.4559718612746195,0,0.009986893801605667,0
2018-09-03,-0.1742290079993935,2.463480897811753,-0.1330103235116601,2.568454455169684,2.9763380379836946,0,-0.07165859594125568,1
2018-09-04,1.3897370676710707,2.380968827689123,0.5192414407573874,2.504453680853953,5.349017185653082,0,-0.08251207012262984,1
2018-09-05,-8.041781637747292,2.3466698577090344,-3.492276936190471,2.4502823353828647,-3.539671654019472,0,-0.034298969980088856,0
2018-09-06,-3.9587838057258296,3.671153639840788,-1.1201446717679495,2.679482543360741,-9.686326871599247,1,1.3244837821317534,-1
2018-09-07,-0.9556698168818656,3.7421326812381928,-0.2963842531896083,2.920881180857778,-11.74072720068331,2,0.07097904139740496,-1
2018-09-08,-3.7992262867389215,3.537109959270982,-1.117484532693728,3.135606993149624,-15.365724479422838,1,-0.20502272196721094,0
2018-09-09,1.1955253777374608,3.609476779572766,0.2887083248330148,3.3813085835263523,-15.559936169356448,1,0.07236682030178399,0
2018-09-10,0.4566762205364227,3.4160569945853383,0.0887680849100964,3.595186010901613,-7.061478311072733,1,-0.1934197849874275,0
2018-09-11,-0.1343778073751522,3.224695695778126,-0.0892540623089845,3.5058944220890806,-3.237072312722056,1,-0.19136129880721242,0
2018-09-12,0.4829112103061916,3.0535162800612032,0.1078991552375955,3.368171141853683,-1.7984912855339985,1,-0.17117941571692263,0
2018-09-13,2.572351655486571,2.901588558526683,0.8336510237452345,3.241066861704823,4.573086656691494,1,-0.15192772153452028,0
2018-09-14,-0.0706076865649052,2.892099801330817,-0.0774686508553928,3.097591466056433,3.306953592389128,1,-0.009488757195866171,0
2018-09-15,0.4670726045219453,2.7570315357522914,0.1137575748668481,2.965786374289824,3.3173499763746506,1,-0.13506826557852536,0
2018-09-16,-0.3984578276938322,2.638667224860881,-0.2091575647271219,2.8485806801063758,3.05326995605597,1,-0.11836431089141053,0
2018-09-17,-3.688071788794467,2.539388115458076,-1.5127703987402674,2.74575504718575,-1.117713043044688,0,-0.09927910940280471,0
2018-09-18,1.4242423616419586,2.792756749138273,0.4550353262419764,2.7239886853080675,-2.2658223368893005,1,0.2533686336801968,-1
2018-09-19,0.4266345706213315,2.705069713700409,0.1009937696076122,2.686582667781986,-1.7685800797030635,1,-0.08768703543786405,0
2018-09-20,1.8753903731685284,2.5922688464515584,0.6642640451210482,2.653630129921839,-0.3602623110564806,0,-0.11280086724885052,0
2018-09-21,3.248666575188608,2.5636102451968528,1.2073704252838136,2.6386187339890337,3.2868620918259595,0,-0.02865860125470565,1
2018-09-22,-0.1927663841700067,2.695262552151244,-0.1284497375133352,2.6697936213276674,6.78216749645042,1,0.13165230695439112,-1
2018-09-23,-0.1689932257837867,2.5847052187396886,-0.1247463759617232,2.628183315247951,5.188931909024674,0,-0.11055733341155527,1
2018-09-24,-1.7318842593150308,2.487083980192401,-0.7580458309865856,2.584586168546349,3.030413079088312,0,-0.09762123854728744,1
2018-09-25,-2.2841248739725373,2.4886816625016666,-0.9794600466118264,2.563868731756371,-1.1291021680527535,0,0.0015976823092653802,0
2018-09-26,0.7499922625337163,2.5485576605177958,0.2340747037401425,2.560858214820559,-3.627776480707645,0,0.059875998016129195,0
2018-09-27,2.75986920872473,2.461695654661141,1.058794502320462,2.514144835322538,-0.6751408878129084,0,-0.08686200585665471,0
2018-09-28,-0.4897601761744141,2.5470575209724133,-0.2525265150322152,2.5066152957690835,-0.9959078382035358,0,0.0853618663112723,-1
2018-09-29,-0.6367171722292397,2.4618349370363903,-0.3209624429019558,2.5015654871378814,0.0992592488822552,0,-0.085222583936023,1
2018-09-30,0.3568336719675713,2.3929114150661754,0.0849986704495719,2.482411437650783,2.740217794822364,0,-0.0689235219702149,1
2018-10-01,-0.543920393591435,2.317613295677405,-0.3008956576472131,2.436222564682705,1.4463051386972126,0,-0.07529811938877051,1
2018-10-02,-0.5099772645628775,2.2642093106740715,-0.2930014661713038,2.396725295885291,-1.823541334590395,0,-0.05340398500333343,0
2018-10-03,-0.8195393817457486,2.216804634634828,-0.4389104703804308,2.330674718617774,-2.153320540161729,0,-0.047404676039243476,0
2018-10-04,1.133103530096946,2.1902834044030453,0.4472773454541184,2.2763644120911053,-0.3834998378355436,0,-0.026521230231782766,0
2018-10-05,0.6938348855323184,2.1679969883297296,0.249260264316745,2.231381526743816,-0.0464986242707965,0,-0.022286416073315607,0
2018-10-06,-0.5173043848845538,2.129711902819526,-0.3149457760835625,2.19380124817224,-0.0198826155639153,0,-0.03828508551020349,0
2018-10-07,0.2219673093835084,2.101468527021879,0.0326095420031252,2.1612530914418016,0.7120619583824706,0,-0.02824337579764702,1
2018-10-08,0.7435585416514456,2.06402951377038,0.2859063567313664,2.130698067268912,2.2751598817796648,0,-0.03743901325149901,1
2018-10-09,-0.1442638450571465,2.042279241208468,-0.1457700897279505,2.1010972346299965,0.9977925066255722,0,-0.021750272561912087,1
2018-10-10,-0.8634710127935818,2.0157832259189084,-0.5044740837712642,2.070654482147832,-0.5595133917003281,0,-0.026496015289559693,0
2018-10-11,-5.129538214462315,2.02221120519137,-2.612475682106463,2.0491543426222014,-5.171747221278089,0,0.006427979272461748,0
2018-10-12,0.2927159816783486,2.726014774059247,0.0510916521144206,2.1740635920296745,-5.100998548983249,1,0.703803568867877,-1
2018-10-13,0.1816821864727202,2.609432059426461,0.010823352609374,2.283144101160891,-5.662874904161974,0,-0.11658271463278602,0
2018-10-14,0.0785556638538409,2.5062614212074683,-0.0298786545951875,2.375940537160691,-5.440055395250987,0,-0.10317063821899275,0
2018-10-15,4.743633360553368,2.4157932076164816,1.9000773588145377,2.4559425335002056,0.1670489780959627,0,-0.09046821359098667,1
2018-10-16,-0.0065214461777429,2.8393457968985434,-0.0563372131481178,2.6193694518416404,5.290065746380535,1,0.42355258928206174,-1
2018-10-17,-0.7865727557092583,2.709750516303236,-0.346899883674534,2.616116600290438,4.210777008992928,1,-0.12959528059530756,0
2018-10-18,-1.040167369568934,2.615569199077722,-0.4563468453341457,2.6173440282206903,2.9889274529512733,0,-0.0941813172255137,1
2018-10-19,-0.1746206565305996,2.5464342005734357,-0.1288311473510943,2.6253785840938835,2.7357511325668327,0,-0.0691349985042864,1
2018-10-20,0.3671253714641054,2.453597264576551,0.0870908976651639,2.6329393954858977,-1.6407568565224295,0,-0.09283693599688458,0
2018-10-21,-0.1054592494540429,2.370724269132043,-0.1092065559915039,2.5392150899325974,-1.7396946597987295,0,-0.08287299544450821,0
2018-10-22,0.0741748719899959,2.2989587658570696,-0.0344784397052012,2.457056739843364,-0.8789470320994752,0,-0.07176550327497333,0
2018-10-23,-0.1761939764286069,2.234858361378776,-0.1474963090764219,2.380914572303575,-0.0149736389591481,0,-0.0641004044782938,0
2018-10-24,0.3099024997764488,2.18213627479263,0.0717018081778485,2.308054987147414,0.4695495173479003,0,-0.052722086586145966,1
2018-10-25,-0.3014126387087756,2.1341476219005084,-0.2131305338133367,2.244165058612205,-0.1989884928249807,0,-0.0479886528921214,0
2018-10-26,-0.0237824771618377,2.098125394810188,-0.0844667629415988,2.189645283747834,-0.1173117205327756,0,-0.036022227090320325,0
2018-10-27,0.0869135735083403,2.061954515524924,-0.0322634709806227,2.1422444336814053,-0.1045730190144311,0,-0.03617087928526397,0
2018-10-28,0.0927024128230868,2.030074172769677,-0.0299185966576733,2.1012875959595854,0.1643233702372626,0,-0.03188034275524698,1
2018-10-29,-2.39905434703136,2.002723083142533,-1.2745115646290488,2.0654049576295663,-2.544633476570546,0,-0.027351089627144276,0
2018-10-30,0.0258964188644128,2.173032093087459,-0.0586935483947298,2.0731818518669565,-2.2173244189973573,0,0.17030900994492626,-1
2018-10-31,-0.2633626944591682,2.1260466630364188,-0.1960455924552636,2.0787661055122024,-2.456904636294688,0,-0.04698543005104039,0
2018-11-01,0.947909029634708,2.090185947634772,0.3800952003099902,2.084412391934172,-1.59590918016832,0,-0.035860715401646814,0
2018-11-02,0.167005722226321,2.073078025907274,0.0065440561683832,2.093013162561692,-1.521605870765086,0,-0.017107921727498088,0
2018-11-03,-0.4263663863637745,2.039493883697434,-0.2842890455233811,2.100367322672672,0.4510820899024992,0,-0.03358414220983974,1
2018-11-04,0.2334877765930443,2.0209789845417205,0.0396087213286156,2.069956700963524,0.6586734476311307,0,-0.018514899155713582,1
2018-11-05,0.6803869277641539,1.995020890796636,0.2641313416875522,2.043751546515567,1.6024230698544528,0,-0.02595809374508451,1
2018-11-06,0.6420434910365813,1.981299383968633,0.2466079138805071,2.02197423378234,1.296557531256326,0,-0.013721506828002994,1
2018-11-07,1.0642787457474157,1.968411328764449,0.4627281652233719,2.0010408943537743,2.1938305547774206,0,-0.012888055204184123,1
2018-11-08,-1.177166147441433,1.9760137450485928,-0.6733786816812118,1.988344866624006,1.4430307936997622,0,0.007602416284143931,0
2018-11-09,-1.06081363243149,2.011514021106794,-0.6036512810120582,1.9864518739370207,0.148729384675228,0,0.035500276058201274,-1
2018-11-10,0.3689006475710243,2.032043928652367,0.1060317945638968,1.993856481508167,-0.1627568955179015,0,0.020529907545572712,0
2018-11-11,0.0319770097320315,2.005726380535907,-0.060557798227123,1.998741880821622,-0.7728233768224513,0,-0.02631754811645992,0
2018-11-12,-0.6258557445205426,1.9822342670969977,-0.3931397719428849,2.001506468488132,-2.462957867090409,0,-0.023492113438909223,0
2018-11-13,-0.1850602522267763,1.98073260947515,-0.1708961794190958,2.002450241373443,-1.470851971875753,0,-0.0015016576218476185,0
2018-11-14,-10.277649273173672,1.964028995894252,-5.3110665260863845,1.9929532363309344,-10.687687612617935,0,-0.016703613580898002,0
2018-11-15,-1.586495582727565,4.150699709025698,-0.4191907600849607,2.416684392405601,-12.643083842916525,2,2.186670713131446,-1
2018-11-16,-1.291584159438841,3.9315989304829215,-0.3675409338980287,2.801858902395004,-13.966645012087398,2,-0.21910077854277654,-1
2018-11-17,-0.3813114336699286,3.720942792449646,-0.1437137969275854,3.1496006074655334,-13.722100701236783,2,-0.21065613803327565,-1
2018-11-18,1.2383547969031738,3.501559134258703,0.309837809993037,3.453765912422244,-12.298685652106832,1,-0.21938365819094274,0
2018-11-19,-14.356147255391429,3.321503162082526,-4.368379595182293,3.7252607456598983,-16.377183634324588,1,-0.1800559721761772,0
2018-11-20,-9.007563428611045,5.987911898008281,-1.5299160989395235,4.092703183456416,-23.798251480208062,2,2.6664087359257547,-1
2018-11-21,3.320365546509585,6.4176765979779615,0.4934692664825236,4.589918716955424,-19.18630177425964,2,0.4297646999696809,-1
2018-11-22,-5.269441235931716,6.046708474613419,-0.8968318287350137,5.055071853388178,-24.074431576521427,2,-0.3709681233645421,-1
2018-11-23,-0.4322277012642317,5.9203123427560245,-0.0989250314072001,5.538822495087642,-25.745014074688832,2,-0.12639613185739496,-1
2018-11-24,-11.348021178490695,5.49381183434275,-2.093530122341733,5.973284229539687,-22.736887997788106,2,-0.4265005084132749,-1
2018-11-25,3.2752739428717703,6.5090383825019,0.4796153250656479,6.07750952643841,-10.454050626305287,2,1.0152265481591503,-1
2018-11-26,-5.928995928609382,6.125796774592506,-0.9929214983135536,6.01913356176132,-19.703412101424256,2,-0.3832416079093939,-1
2018-11-27,1.0945085463911042,6.066364308769416,0.1551290221471484,6.023064728592519,-13.339462319101436,2,-0.059432465823089586,-1
2018-11-28,10.822444579237178,5.632760552755844,1.8940988341558376,5.965554370592484,-2.084790038600026,2,-0.4336037560135724,-1
2018-11-29,0.5020181260203316,6.433806820932005,0.0541792367316514,6.153553367910334,9.765249265911002,2,0.8010462681761608,-1
2018-11-30,-6.308129823555753,5.959355026264623,-1.084273244044207,6.043616696662879,0.1818454994834795,2,-0.47445179466738185,-1
2018-12-01,4.796953376593649,5.974021594829189,0.777284433894497,6.013261660710215,10.90779480468651,2,0.014666568564566163,-1
2018-12-02,-1.790543962871105,5.774324178655027,-0.3366598905618157,5.954853634687337,8.022742295424301,2,-0.19969741617416226,-1
2018-12-03,-6.1195790047934295,5.40037817563193,-1.1615887228569377,5.908377159262555,-8.919281288606307,2,-0.37394600302309655,-1
2018-12-04,1.5988811461090435,5.479772732882863,0.2637776844743825,5.717570341652727,-7.822418268517595,2,0.07939455725093314,-1
2018-12-05,-5.263875080027702,5.114183227484991,-1.059272658456378,5.5485359818968,-6.778163524989544,2,-0.36558950539787194,-1
2018-12-06,-6.404661855090765,5.123473655299874,-1.28001072699773,5.378426393990937,-17.97977875667396,2,0.009290427814882207,-1
2018-12-07,-2.915174921548669,5.293192869376924,-0.5797284135413011,5.282200132135316,-19.10440971535152,2,0.16971921407705004,-1
2018-12-08,1.6293013151102542,5.03605753762716,0.2930589892788027,5.209336004534363,-11.35552939544784,2,-0.25713533174976355,-1
2018-12-09,3.89648242144478,4.71422514188523,0.7939890280175685,5.056226486334835,-9.057928120112102,2,-0.32183239574193045,-1
2018-12-10,-3.1358502507256247,4.586341780510054,-0.7171924360035724,4.950658196939848,-6.929903290810024,2,-0.12788336137517575,-1
2018-12-11,-2.2540327664478,4.431201969289478,-0.5433000270166357,4.812203859737769,-2.779274202167059,2,-0.15513981122057618,-1
2018-12-12,1.8046272769710825,4.222929458855253,0.3910053222237205,4.598151177633435,1.940527996352692,2,-0.20827251043422468,-1
2018-12-13,-5.0968961408147,3.991398105096802,-1.3154126413232607,4.389219291127363,-4.7856694595722615,2,-0.2315313537584509,-1
2018-12-14,-2.17185542488334,4.170479614150811,-0.5575605261746751,4.280470185580479,-10.854007305900382,2,0.1790815090540092,-1
2018-12-15,-0.1766608492898669,3.986285027589561,-0.0828089888677166,4.160458834996382,-7.894817904464624,2,-0.18419458656125043,-1
2018-12-16,0.4954827235499337,3.737210413415671,0.0915237041882199,4.02166052382162,-5.14530241446689,2,-0.24907461417388976,-1
2018-12-17,8.625387653959038,3.51319552518148,2.411465063658267,3.8797137370868655,1.6754579625210653,1,-0.22401488823419102,0
2018-12-18,4.148507479473018,4.452189111718164,0.897326684927793,3.9718719384111374,10.920861582808785,2,0.9389935865366841,-1
2018-12-19,1.340829980107472,4.387054806771988,0.2706577987335006,4.0151869769353725,14.433546987799597,2,-0.06513430494617634,-1
2018-12-20,9.867679132172569,4.118549765296199,2.358655425471251,4.0416399244767005,24.47788696926203,2,-0.26850504147578924,-1
2018-12-21,-5.9262300440080296,5.149344446462004,-1.1806686249875116,4.324066731085967,18.056174201704067,2,1.0307946811658057,-1
2018-12-22,2.974381467096876,5.243617877728038,0.5379762884506365,4.670151201595279,12.405168014841903,2,0.09427343126603382,-1
2018-12-23,-0.3794359634900601,4.973971238128504,-0.1071327760379051,4.774507626877346,7.877224571878827,2,-0.26964663959953405,-1
2018-12-24,1.9714192015417356,4.633021915828659,0.3923961188586845,4.823701048688681,8.50781379331309,2,-0.34094932229984476,-1
2018-12-25,-6.668429052768587,4.367023557852239,-1.5621322728350513,4.873395807199889,-8.028294391628066,2,-0.2659983579764207,-1
2018-12-26,1.0897550330662753,4.731685979224999,0.197882034859019,4.789864113752488,-1.012309314553761,2,0.36466242137275984,-1
2018-12-27,-5.391629952715249,4.4217077566713465,-1.2540560437383834,4.6254820895411495,-9.378320734365886,2,-0.30997822255365204,-1
2018-12-28,7.104028607292889,4.565562906321248,1.5223947992231388,4.5438004231796985,-1.8948561635829364,2,0.14385514964990165,-1
2018-12-29,-2.673341895782144,4.909795644749313,-0.5757431639723201,4.599155168963829,-6.539617260906816,2,0.34423273842806523,-1
2018-12-30,1.1850725299472842,4.677715527160266,0.2205420874300627,4.661293562825435,1.3138843218090557,2,-0.23208011758904767,-1
2018-12-31,-3.240073596075632,4.375574171753367,-0.7755583258457566,4.590071201331108,-3.015944307332852,2,-0.30214135540689835,-1
2019-01-01,2.6581224952000326,4.257444690592762,0.5883066707950502,4.557218588115392,5.03380814058243,2,-0.11812948116060529,-1
2019-01-02,2.5657066653892,4.076357579585205,0.5917702839139349,4.4593775227681824,0.4954861986787406,2,-0.1810871110075567,-1
2019-01-03,-2.7422321806191974,3.909682110933865,-0.7406411778861686,4.259354816005093,0.4265959138416875,2,-0.16667546865134053,-1
2019-01-04,0.5452331614920425,3.805004436281688,0.1029680214227469,4.0848125978293774,-0.2132434546135542,2,-0.10467767465217692,-1
2019-01-05,-0.3251487248933316,3.5747755548038955,-0.1338792046492352,3.924652874439483,2.7016814165687464,1,-0.2302288814777924,0
2019-01-06,5.84470890549067,3.3694185211152945,1.6890954586500844,3.7470476405439896,5.888267826859384,1,-0.20535703368860103,0
2019-01-07,-1.2684700557386464,3.757801196607077,-0.3783886811803223,3.683336363948364,2.054091105731537,2,0.3883826754917825,-1
2019-01-08,0.1390154770684049,3.564859089177372,-0.0040461363981335,3.614371759597065,4.935338763419139,1,-0.19294210742970508,0
2019-01-09,0.1103002034376743,3.3563224803832163,-0.0128531093176549,3.5246353684173712,4.500405805364771,1,-0.2085366087941556,0
2019-01-10,-9.245928249298174,3.1695060488770226,-2.9655622950496583,3.443581467231996,-4.420373719040072,1,-0.18681643150619376,0
2019-01-11,0.2291770109090762,4.464191941302039,0.0169655849751934,3.662536151269345,-10.035905613621663,2,1.294685892425016,-1
2019-01-12,-0.7093684931486877,4.167229863470961,-0.207045904497666,3.744421884642122,-9.476804051031706,2,-0.2969620778310773,-1
2019-01-13,-3.0039431790894966,3.910450623806828,-0.8074216672244091,3.8135401915680136,-12.619762707189608,2,-0.2567792396641333,-1
2019-01-14,4.218810159294328,3.831295078230436,1.0610957112676016,3.908534711137457,-8.511252751332954,2,-0.07915554557639215,-1
2019-01-15,-2.0548563372546624,3.869267699950029,-0.5707270449306272,4.048487041352058,-1.320180839289442,2,0.037972621719593036,-1
2019-01-16,0.6679301401545601,3.712019441768542,0.1386013098913337,3.89805254144536,-0.8814277100439583,2,-0.1572482581814869,-1
2019-01-17,0.642448558032882,3.493172851425008,0.1399899734850087,3.763241139036168,0.4703893411376114,1,-0.2188465903435337,0
2019-01-18,-0.5649816019731801,3.296508594508141,-0.2179339032676526,3.640452733176432,2.909350918253928,1,-0.19666425691686706,0
2019-01-19,1.9151709058737865,3.12619843099496,0.5635379716218928,3.4994334037293364,0.605711664833386,1,-0.17031016351318096,0
2019-01-20,-3.4808960768915043,3.027978029629825,-1.2002515951277064,3.3311754696652955,-0.8203280748034558,1,-0.09822040136513532,0
2019-01-21,-0.6961443903655606,3.147411111226936,-0.2699309824885619,3.218253803556974,-2.184402605323577,1,0.11943308159711119,0
2019-01-22,0.7950530556472657,2.997807247098193,0.2140276607460302,3.119180682691611,-2.031798107709193,1,-0.14960386412874316,0
2019-01-23,-0.5411671839448573,2.858646770586482,-0.2429843988684527,3.031608317907279,-2.00798368968087,1,-0.13916047651171093,0
2019-01-24,0.4381431105509037,2.7371693931847685,0.1040139233167081,2.9538025103452408,-3.485011485003753,1,-0.1214773774017135,0
2019-01-25,-0.0305420269544498,2.620731744220968,-0.0702023053460141,2.872353253263469,-0.0346574350666983,0,-0.11643764896380038,0
2019-01-26,0.0748263129965565,2.517013485962998,-0.0312326773873876,2.746273728210681,0.7363132682954188,0,-0.10371825825797032,1
2019-01-27,-0.5147111803204041,2.425233268373944,-0.2754995044050853,2.631758932465832,-0.573450967672251,0,-0.09178021758905386,0
2019-01-28,-3.2185563149148777,2.3564657572604366,-1.4309546776603328,2.531322729800623,-3.2508400986422714,0,-0.06876751111350732,0
2019-01-29,-0.6456126661070982,2.5738179686673752,-0.3104539866524281,2.4986524448971443,-4.334595875300273,0,0.2173522114069386,-1
2019-01-30,1.097878297095356,2.4908167764770197,0.3791683606884229,2.4726694513483545,-3.2061755512504675,0,-0.08300119219035551,0
2019-01-31,-0.8176606850343049,2.4249422884645764,-0.4004631668296436,2.4542552118486705,-4.098662549281329,0,-0.06587448801244333,0
2019-02-01,0.8682382533651278,2.369194700035498,0.3017054149965282,2.4430474981809813,-2.715713115595797,0,-0.055747588429078565,0
2019-02-02,0.944947812577368,2.30952838988834,0.3427143103585286,2.4336600247065614,1.4477910118964488,0,-0.05966631014715773,1
2019-02-03,-1.6334438234448356,2.2610516939150758,-0.7902885243345052,2.371106769756101,0.4599598545587113,0,-0.04847669597326432,1
2019-02-04,-0.1403801312541475,2.2895853485077238,-0.1283287013646344,2.3308604841622427,-0.7782985737907921,0,0.028533654592648006,0
2019-02-05,0.2080242524957753,2.2289334166962127,0.0244892327889003,2.29165870980857,0.2473863637392881,0,-0.06065193181151107,1
2019-02-06,-1.5287693750092757,2.1740103777538784,-0.7737813836613906,2.252621845352245,-2.1496212646351154,0,-0.0549230389423343,0
2019-02-07,-0.4196583300842604,2.207083748829202,-0.2596628757615636,2.2321329171404183,-3.514227407296744,0,0.03307337107532371,0
2019-02-08,7.56939360941562,2.1644030447183336,3.426327755511617,2.21280318730107,5.688610025563712,0,-0.04268070411086855,1
2019-02-09,0.1205601006436296,3.3585716317762877,-0.0097896624352548,2.426600443954783,5.949550257461489,1,1.1941685870579541,-1
2019-02-10,0.5157899926350851,3.1715030052587028,0.1142520151647105,2.615114361667281,6.257315997600799,1,-0.18706862651758493,0
2019-02-11,-1.1380348161981857,3.007077636660616,-0.4294781696476985,2.7817278134486285,6.648050556411889,1,-0.16442536859808676,0
2019-02-12,0.1396310513209542,2.89379851499555,-0.0047716977498033,2.919070766681898,7.207339937817103,1,-0.11327912166506593,0
2019-02-13,-0.5890543660870051,2.7574170975022643,-0.2692714678323119,3.0376735772386843,-0.951108037685522,1,-0.1363814174932858,0
2019-02-14,-0.4190873583171495,2.649586822730086,-0.2160815175365988,2.895876615429444,-1.490755496646301,1,-0.10783027477217821,0
2019-02-15,0.1085962822589436,2.5495375384659456,-0.0175887196198652,2.771483522070892,-1.8979492070224424,0,-0.1000492842641405,0
2019-02-16,0.2476157344837304,2.453661310678145,0.0383819685669491,2.6608002568743983,-0.5122986563405263,0,-0.0958762277878007,0
2019-02-17,1.2062263719125,2.369821553288102,0.4442473684435972,2.5560048645329085,0.5542966642510194,0,-0.0838397573900429,1
2019-02-18,6.376138183178881,2.325989927170664,2.675290519234894,2.4697194304665886,7.519489213516906,0,-0.04383162611743785,1
2019-02-19,0.7981955101911353,3.143669360033308,0.2050966730804544,2.568535937927233,8.73677208202519,1,0.817679432862644,-1
2019-02-20,1.3269765098495867,2.9881686943151258,0.3927278700492554,2.656262169097069,9.955152309615832,1,-0.15550066571818233,0
2019-02-21,-1.149189028232911,2.87095579527434,-0.4537263908975576,2.739721066016308,8.558347546899192,1,-0.11721289904078569,0
2019-02-22,1.2917451356472045,2.775190889143496,0.4101720558815958,2.8207949331873867,8.643866310633896,1,-0.0957649061308441,0
2019-02-23,3.3630892863051542,2.682413936568912,1.196552798718042,2.8920797350670364,5.63081741376017,1,-0.09277695257458385,0
2019-02-24,-8.356456820529345,2.807148566605214,-3.0315090212713653,2.824775576381417,-3.523834916960311,1,0.12473463003630192,-1
2019-02-25,1.878844714597783,4.0164219564656936,0.4295876653688883,3.030426228811531,-2.971966712212115,2,1.2092733898604795,-1
2019-02-26,-0.7325399279810796,3.811138268298371,-0.2324710490128718,3.218462723416337,-2.555317611960284,2,-0.20528368816732234,-1
2019-02-27,-0.0859279158257564,3.5911681833655966,-0.066654438552295,3.381658182260757,-3.932990663433245,1,-0.2199700849327746,0
2019-02-28,0.0970183889846154,3.3809768528311377,-0.0166877789037454,3.5213707655132027,-7.199061560753783,1,-0.21019133053445893,0
2019-03-01,0.1244000740715733,3.1915918859781427,-0.0090986912328452,3.598259429387788,1.2817953338471355,1,-0.189384966852995,0
2019-03-02,0.125098400355661,3.0223155963584167,-0.0093772413648097,3.3994381573663333,-0.4719509803949862,1,-0.16927628961972596,0
2019-03-03,-0.4471006548913081,2.8715422451220625,-0.2091350176354878,3.2115189527310712,-0.1865117073052147,1,-0.15077335123635427,0
2019-03-04,-2.250631409689774,2.745810116352879,-0.8755415309148625,3.042447339328528,-2.351215201169232,1,-0.1257321287691835,0
2019-03-05,3.5213632013155305,2.759017995026724,1.2206965754493262,2.918055567767645,1.0731296111616828,1,0.013207878673845208,0
2019-03-06,0.1940338762940641,2.891510127656492,0.014039201427118,2.8580392161033146,1.1427634133841735,1,0.13249213262976767,-1
2019-03-07,0.1929965025819768,2.7554209385306496,0.0143561075716178,2.804660284537761,1.2106615156104894,1,-0.13608918912584222,0
2019-03-08,-0.2650274711291089,2.6349775336929326,-0.1588123044548196,2.7573473422519355,1.3927346993726886,0,-0.12044340483771698,1
2019-03-09,1.581381071084742,2.5329942128506,0.5637366562691085,2.71478416155148,5.2247471801472045,0,-0.10198332084233286,1
2019-03-10,-0.2959950384815002,2.49019001264512,-0.1804819790387989,2.6610185650751585,1.4073889403501738,0,-0.04280420020547959,1
2019-03-11,-1.1804535394846385,2.406756540124439,-0.5542284399896191,2.564067847568748,0.0329015245714714,0,-0.08343347252068112,1
2019-03-12,0.1005570148075563,2.37532088470245,-0.0222632523952277,2.4880478368031085,-0.0595379632029491,0,-0.03143565542198923,0
2019-03-13,-0.062410552370018,2.301240370069461,-0.0937972140419409,2.4213004040784143,0.1430789555561418,0,-0.07408051463298904,1
2019-03-14,0.4508157464902851,2.2379539989063377,0.1328786755457291,2.362292361289562,-0.9874863690383152,0,-0.06328637116312308,0
2019-03-15,0.9268473031697866,2.1842430698886552,0.3540850973265853,2.3011029727382684,0.2353559726129717,0,-0.053710929017682485,1
2019-03-16,2.1928138916456064,2.152492193344677,0.9474480394251076,2.2502501033823163,3.608623403743216,0,-0.03175087654397846,1
2019-03-17,-0.582041712864978,2.226378926218517,-0.330348570670999,2.2204617116855294,2.926024676070682,0,0.07388673287384018,-1
2019-03-18,0.1806542680368394,2.187043247759627,0.0124436884736391,2.1976222872235627,3.16908949647754,0,-0.039335678458889856,1
2019-03-19,0.9547038273959528,2.137701069181276,0.3748252998345969,2.1775717012785507,3.672977577383208,0,-0.04934217857835099,1
2019-03-20,0.3992356946232789,2.113931235546279,0.1162745066191417,2.163509334410075,3.1453659688367,0,-0.023769833634997184,1
2019-03-21,-1.4328401790338674,2.076411154942789,-0.76395253340898,2.1482931267296976,-0.480288101842774,0,-0.03752008060348988,0
2019-03-22,-0.1330795223200453,2.1170797847034044,-0.1353368482253626,2.126433298426675,-0.0313259112978414,0,0.04066862976061536,-1
2019-03-23,0.2942547131098649,2.0797632660295813,0.0677073839251661,2.104977302080666,0.082274533775184,0,-0.03731651867382313,1
2019-03-24,-0.3389978979623009,2.045829007555893,-0.2407030496326511,2.0866028897555893,-1.21142719158307,0,-0.03393425847368814,0
2019-03-25,-1.4801995775437504,2.023523813550688,-0.8073238129382515,2.068521405356472,-3.090862463750099,0,-0.02230519400520503,0
2019-03-26,0.5538472822802731,2.0779025598838423,0.1926981114645307,2.068819686344682,-1.104175002435959,0,0.054378746333154204,-1
2019-03-27,2.5269802161778543,2.0484716196605186,1.158688658516961,2.055098053336105,1.555884736061941,0,-0.02943094022332371,1
2019-03-28,-0.440378414003284,2.183975776157213,-0.2718976115346257,2.075940555361631,0.821251608948792,0,0.13550415649669434,-1
2019-03-29,0.7166825802505272,2.1452051882315524,0.2625591249532202,2.095815791496763,1.87693208716162,0,-0.03877058792566057,1
2019-03-30,0.201964956467826,2.110861828707086,0.0229885123813175,2.1132833945280423,3.5590966211731967,0,-0.03434335952446643,1
2019-03-31,-0.0305857167088419,2.072041490197616,-0.088813424230532,2.112111180590797,2.9746636221840816,0,-0.03882033850947009,1
2019-04-01,1.277399843531235,2.039623998357304,0.551062578815076,2.1103416563301542,1.7250832495374624,0,-0.03241749184031173,1
2019-04-02,16.004197976839407,2.0492262447788403,7.734996872132454,2.08339175005448,18.169659640380157,0,0.009602246421536176,0
2019-04-03,1.890749296950922,5.925561010611438,0.2931891023746817,2.839462914530457,19.34372635708055,2,3.8763347658325977,-1
2019-04-04,-1.0150461847883818,5.528558596396687,-0.2113544692703991,3.523002268068377,18.12671521582434,2,-0.397002414214751,-1
2019-04-05,2.2870127391311,5.149674865719441,0.414312245254669,4.138528943172743,20.444313671664283,2,-0.3788837306772459,-1
2019-04-06,0.4583028638013076,4.847148735226316,0.0628954251810741,4.700033890546544,19.625216691934355,2,-0.30252613049312505,-1
2019-04-07,2.7116090148746608,4.515423372132047,0.5665403708276036,5.193273316017186,6.332627729969609,2,-0.3317253630942689,-1
2019-04-08,1.7328472526209282,4.30837959891699,0.3665897661001379,4.869837033678296,6.174725685639615,2,-0.20704377321505696,-1
2019-04-09,-1.6163226787920593,4.064293818337686,-0.4354414668522273,4.576984078066496,5.573449191635937,2,-0.2440857805793044,-1
2019-04-10,2.271680293391576,3.856258893080305,0.5492994554927881,4.318300883538669,5.558116745896413,2,-0.208034925257381,-1
2019-04-11,-5.007552528719117,3.694056748045927,-1.3971068296751283,4.087682486102591,0.0922613533759886,2,-0.16220214503437758,-1
2019-04-12,0.4934263167637454,3.917579061277762,0.0867849578176763,3.968113623931734,-2.1259213447349268,2,0.2235223132318347,-1
2019-04-13,0.1383718355681296,3.675430618397113,-0.0040995325934853,3.8415238278277584,-3.720396761787725,1,-0.24214844288064885,0
2019-04-14,1.3861017615290905,3.4556092521868487,0.3567134731930901,3.719786914597592,-0.7179723214665756,1,-0.21982136621026438,0
2019-04-15,-1.9661685681246155,3.287036654768543,-0.6448385503194853,3.605942466935239,-4.955821182982767,1,-0.16857259741830566,0
2019-04-16,3.2703409546247286,3.1955680297467794,0.9753826369605948,3.506244723275409,3.3220723003610786,1,-0.09146862502176356,0
2019-04-17,0.3123420280683575,3.218046032232414,0.0493786115218436,3.36633811746634,3.1409880116656907,1,0.022478002485634363,0
2019-04-18,0.880504810644922,3.0464166381740423,0.2386625054337173,3.2405353214217256,3.883120986742483,1,-0.17162939405837152,0
2019-04-19,0.1023704360633814,2.904224505699936,-0.0175843661603059,3.130258372124343,2.599389661276774,1,-0.14219213247410645,0
2019-04-20,0.6403836037113919,2.7667158794888107,0.1760008044693114,3.0261942170683964,5.205941833112782,1,-0.13750862621112514,0
2019-04-21,-0.4384923503637949,2.650452104321789,-0.2233323637812365,2.9171710319833983,1.497108528124258,1,-0.11626377516702169,0
2019-04-22,1.583658335751359,2.5508444209610373,0.5606845093395298,2.783730709729123,2.7684248358072594,0,-0.09960768336075176,1
2019-04-23,3.153767871024193,2.5056965305015293,1.1974029781013895,2.6755866881946204,5.041687896186531,0,-0.045147890459507956,1
2019-04-24,-1.94793465759453,2.63532960696872,-0.7973856610653616,2.6218077084483773,2.9913828025286198,0,0.1296330764671909,-1
2019-04-25,-4.766091040689524,2.6346659475836804,-1.8672311867030784,2.5953977220673514,-2.4150918418722966,0,-0.000663659385039761,0
2019-04-26,1.312381342315838,3.063106821316016,0.3783550580304523,2.6779286654661965,-0.6642181491926635,1,0.4284408737323355,-1
2019-04-27,-0.2096608120307763,2.936201737024693,-0.1236632315264737,2.7550001286789274,-2.457537296974799,1,-0.12690508429132308,0
2019-04-28,0.3192925629715404,2.797938278631346,0.0592769258188666,2.813448478304891,-5.292012605027452,1,-0.13826345839334708,0
2019-04-29,-0.7175278992262335,2.6731598514566177,-0.325819378865421,2.8210145272024705,-4.061605846659155,1,-0.12477842717472809,0
2019-04-30,1.9508686623199267,2.5805732734623685,0.6965232483885117,2.8101959923782083,2.6553538563502954,0,-0.09258657799424919,1
2019-05-01,0.9665964737195054,2.560039106801508,0.3176346362740195,2.7095824494753065,2.3095689877539627,0,-0.02053416666086072,1
2019-05-02,1.8809979754905728,2.4793580290956987,0.6967765736267326,2.618213707889508,4.400227775275312,0,-0.08068107770580912,1
2019-05-03,4.6667295980034496,2.467936701843429,1.828770653416232,2.5522133925319244,8.74766481030722,0,-0.01142132725226963,1
2019-05-04,1.08416360200021,2.861911913675995,0.3252106448033177,2.5899638049758,10.549356311533664,1,0.3939752118325659,-1
2019-05-05,-0.609950504004253,2.748687341719627,-0.2777288910240353,2.623586618627252,7.988537145209484,1,-0.11322457195636781,0
2019-05-06,-0.8473310560161096,2.6426482501245245,-0.3786998285346129,2.640108447291855,6.174609615473869,1,-0.10603909159510261,0
2019-05-07,1.4287066018571437,2.559755216786069,0.4981988942970014,2.656187884829929,5.722318241840441,0,-0.08289303333845544,1
2019-05-08,2.589995531404554,2.50303863007819,0.9734392905254916,2.6632082704768814,3.645584175241545,0,-0.056716586707878935,1
2019-05-09,3.1601133315538377,2.560289742303493,1.174349097561665,2.602883836202381,5.721533904795173,0,0.05725111222530277,0
2019-05-10,3.255511923946841,2.680171535613548,1.1574156726701332,2.589180674981165,9.586996332746269,1,0.11988179331005488,-1
2019-05-11,12.175582015101227,2.7903493040383163,4.308472281416133,2.6187208857639237,22.609909403863604,1,0.11017776842476845,0
2019-05-12,-3.278809012221373,4.996018962984284,-0.6869966709162614,3.105973635003566,17.902393789785087,2,2.2056696589459674,-1
2019-05-13,11.40786697230034,4.803198106509718,2.3431112645268586,3.566005530289872,26.720265230680877,2,-0.19282085647456615,-1
2019-05-14,2.2709207625679184,5.97205917435372,0.3545647016489457,4.248359416699917,25.831072661694957,2,1.1688610678440021,-1
2019-05-15,2.6020895924879994,5.586891168775707,0.4382849308019089,4.8297033433323495,25.177650330236112,2,-0.3851680055780129,-1
2019-05-16,-3.981349360704378,5.257273001143353,-0.7864892584023098,5.323088082753356,9.020718954430508,2,-0.3296181676323542,-1
2019-05-17,-7.108127725881808,5.098079638842855,-1.4243730234691578,5.343500217925071,5.191400240770072,2,-0.1591933623004973,-1
2019-05-18,-0.9946983850618096,5.385118138697096,-0.2132056788122644,5.459884224362546,-7.211165116592078,2,0.28703849985424057,-1
2019-05-19,11.992989942799603,5.019044138945094,2.35892537141638,5.269281217280821,2.5109040636396074,2,-0.36607399975200217,-1
2019-05-20,-2.7125846028695837,6.255060050227267,-0.4581928811297013,5.402914993571133,-2.8037701317179757,2,1.2360159112821734,-1
2019-05-21,-0.1879537212793991,5.881959840908662,-0.0580407064475983,5.527852361524195,0.9896255077070036,2,-0.3731002093186051,-1
2019-05-22,-3.621876354448261,5.456335106961236,-0.6919141994807149,5.599503455147871,4.47587687914055,2,-0.4256247339474264,-1
2019-05-23,2.593403285888129,5.238404459955273,0.4657837937786155,5.570160719399506,8.06397855009049,2,-0.21793064700596254,-1
2019-05-24,1.3299515579216603,4.944354202590909,0.237950625406612,5.555222732128669,-2.599059834787454,2,-0.29405025736436396,-1
2019-05-25,0.812631735109548,4.62089112239617,0.14265481147809,5.2283889465624505,0.9261565031916774,2,-0.3234630801947391,-1
2019-05-26,7.425157599335819,4.3152602399734175,1.6851169597589022,4.915049026375401,8.539267823806895,2,-0.3056308824227525,-1
2019-05-27,1.5168497755126964,4.774131963742337,0.2855828876712922,4.778608397731622,13.677993953767851,2,0.4588717237689197,-1
2019-05-28,-0.979326304904582,4.473667041523454,-0.2532074196791755,4.625660914045258,10.105264362975142,2,-0.3004649222188833,-1
2019-05-29,-0.6959352128145468,4.194656855434265,-0.2024896493970674,4.475721444613929,8.079377592238934,2,-0.2790101860891889,-1
2019-05-30,-4.005664796772912,3.934785084834879,-1.0570092369176471,4.338500237101671,3.2610810603564744,2,-0.25987177059938604,-1
2019-05-31,3.0194039934908545,3.968053347223081,0.722259596714638,4.269058858551603,-1.1446725454884898,2,0.03326826238820191,-1
2019-06-01,-0.1223600842426009,3.8529714574933434,-0.0715809785949913,4.084826757301804,-2.783882405243787,2,-0.11508188972973743,-1
2019-06-02,2.067926798314268,3.616597892050332,0.5293614253713892,3.91341292740718,0.2633706979750627,1,-0.23637356544301147,0
2019-06-03,-6.30180586838609,3.4686501745206693,-1.8610251615994915,3.768211591224461,-5.34249995759648,1,-0.14794771752966263,0
2019-06-04,-6.30014783427022,3.980026433586107,-1.6214935566743744,3.7772598609747066,-7.636982995093788,2,0.5113762590654378,-1
2019-06-05,1.4996473539936162,4.365309400177282,0.3083877561475028,3.8567110715655466,-9.156739634591029,2,0.3852829665911752,-1
2019-06-06,-0.0282241065825417,4.105041897186303,-0.0442537480288328,3.907125159504139,-9.062603656930968,2,-0.26026750299097934,-1
2019-06-07,2.7977129076807827,3.8430638746546046,0.688063901809359,3.952418356024993,-8.332817547564453,2,-0.26197802253169833,-1
2019-06-08,-1.1229371413747913,3.7242037830892007,-0.3427246732184426,4.003529077738699,-3.153948820553154,2,-0.11886009156540389,-1
2019-06-09,-3.402032381425535,3.5280797254232814,-1.0077640079922825,3.9131397361061344,-0.255833367708469,1,-0.19612405766591934,0
2019-06-10,3.981203302759084,3.5504987799828958,1.0780918842039942,3.750177612067257,2.225722581056999,1,0.02241905455961435,0
2019-06-11,-0.9117973017984228,3.6039490007065074,-0.2955748499140636,3.649959032771298,1.3421493858411182,1,0.05345022072361161,0
2019-06-12,2.71447396905522,3.412006082493953,0.7505949649421284,3.563747474339168,1.2589104472155557,1,-0.1919429182125545,0
2019-06-13,1.0388753446054722,3.342774250753635,0.264880573739763,3.4874615678720544,3.420722933195819,1,-0.06923183174031777,0
2019-06-14,5.471566495081071,3.172649954896565,1.6762413715669775,3.416375613766712,12.294321809702424,1,-0.1701242958570699,0
2019-06-15,1.6489111591431185,3.5392236782683755,0.4225423177241683,3.4141205934238075,9.962029666086458,1,0.36657372337181027,-1
2019-06-16,1.7508940317693344,3.37450467359071,0.4733893721018877,3.368231728000648,12.624720999654215,1,-0.16471900467766565,0
2019-06-17,3.558847752156069,3.2348342692533723,1.0527303983825806,3.332797365352532,13.469094782755064,1,-0.13967040433733757,0
2019-06-18,-2.5932150849556024,3.2865755791610383,-0.8357192469738004,3.3215576310340125,9.83700435319399,1,0.05174130990766601,0
2019-06-19,2.0894883881638293,3.2536168402103782,0.5950451758957893,3.337751008096775,6.454926246276749,1,-0.03295873895066004,0
2019-06-20,2.6983496264122664,3.151988131296096,0.8073984219548626,3.260303898702319,7.504364713545897,1,-0.10162870891428222,0
2019-06-21,6.279058671001714,3.118024803573341,1.9645832453924823,3.209007924698845,12.032529352778276,1,-0.03396332772275512,0
2019-06-22,5.34645342577349,3.657497169980912,1.4198272209783416,3.2935405048443527,13.820135026395697,1,0.5394723664075709,-1
2019-06-23,1.4258184854998746,3.8937542031473615,0.3267743765870106,3.414976229641618,17.839168596851174,2,0.23625703316644975,-1
2019-06-24,1.424409632789292,3.679303319157865,0.3454377471376441,3.5001135254311158,17.174089841476636,2,-0.21445088398949652,-1
2019-06-25,6.842540313130918,3.487809006004451,1.917851842928305,3.567277700372786,21.318280528195288,1,-0.19149431315341392,0
2019-06-26,9.886766271923976,4.041399942439496,2.408404767498793,3.751952728146017,24.92598812911755,2,0.5535909364350453,-1
2019-06-27,-15.18196739369877,5.101936744281755,-3.0058010409615568,4.040840643006186,4.397567309645289,2,1.0605368018422583,-1
2019-06-28,10.391011328681188,7.181198041259176,1.4256078006313768,4.698329410628548,13.362760152826604,2,2.079261296977421,-1
2019-06-29,-3.677242770372402,7.552625022580238,-0.5071987742146704,5.472993751313023,8.261107749664909,2,0.3714269813210622,-1
2019-06-30,-10.038183788517507,7.108546594560686,-1.4337140561896675,6.19714126902427,-8.619616351983517,2,-0.44407842801955244,-1
2019-07-01,-2.1871650928673603,7.486596645487893,-0.3126393188901615,6.886180609633949,-20.69354771677485,2,0.37805005092720734,-1
2019-07-02,2.043979364930415,6.968256704842949,0.2713074534744313,7.259444601746187,-3.467600958145667,2,-0.5183399406449443,-1
2019-07-03,10.19724231462682,6.480091063910976,1.5499478066565422,7.119223206276549,-3.661369972200035,2,-0.4881656409319728,-1
2019-07-04,-6.438271352158509,6.961684286211564,-0.946855741274782,7.001035059002814,-6.422398553986142,2,0.4815932223005879,-1
2019-07-05,-2.135600978789576,6.843980939096694,-0.3344603648582104,6.948121927910014,1.48018425574179,2,-0.11770334711486985,-1
2019-07-06,2.074178194580689,6.383351633975525,0.3008981678487165,6.727472925607541,5.741527543189839,2,-0.4606293051211692,-1
2019-07-07,2.1386723467299973,5.950486566796732,0.3336253163941425,6.523918897998298,5.836220524989422,2,-0.4328650671787928,-1
2019-07-08,7.0393311756003385,5.561388617736261,1.2381605145262926,6.340178408763356,2.6783093859629403,2,-0.3890979490604707,-1
2019-07-09,2.3159293280457405,5.7022089984399535,0.3792372298970496,6.088283351209034,11.43251006616719,2,0.1408203807036923,-1
2019-07-10,-3.375122764468585,5.345627137470164,-0.6600838511385274,5.788612590883727,10.19298828048818,2,-0.35658186096978994,-1
2019-07-11,-6.788441618713037,5.119372174035396,-1.3560024092611287,5.535816698895701,1.3303684671944538,2,-0.22625496343476748,-1
2019-07-12,3.947275386856575,5.349990394298767,0.7091294981980051,5.415717464396108,3.138971507321031,2,0.23061822026337087,-1
2019-07-13,-3.650877331612712,5.146585431017193,-0.7391923763410945,5.332756827052295,-7.551236999892019,2,-0.20340496328157442,-1
2019-07-14,-10.507600156656594,4.969250898913148,-2.145401742981356,5.186165207146933,-20.374766484594357,2,-0.17733453210404448,-1
2019-07-15,6.044360141003047,5.9523112533263705,0.9896862759869356,5.307502030318174,-10.95528357912272,2,0.9830603544132224,-1
2019-07-16,-13.93767055806645,5.894685388908554,-2.3904770164262947,5.462564673292807,-18.10451251847613,2,-0.05762586441781625,-1
2019-07-17,2.2551278856090207,7.376403050971684,0.2849205077193857,5.86784720462739,-19.79666001972369,2,1.4817176620631294,-1
2019-07-18,9.561955306661927,6.858706556501245,1.3717624228376446,6.2102714297242,-6.583827381449048,2,-0.5176964944704388,-1
2019-07-19,-1.2808461572603846,7.1557712620303615,-0.2004375891742474,6.647575502347644,2.642926617947161,2,0.2970647055291167,-1
2019-07-20,2.220099133041664,6.636388260227726,0.3114133273732548,6.784390903727915,-1.1813343900142217,2,-0.5193830018026357,-1
2019-07-21,-1.5729262974589986,6.185739907983624,-0.279087984028266,6.842601807542929,11.18340987059323,2,-0.4506483522441016,-1
2019-07-22,-2.444935394202119,5.76388531718473,-0.4508026503647703,6.520098260785538,6.483346590782091,2,-0.421854590798894,-1
2019-07-23,-4.370796659547516,5.424897500456414,-0.8339763179581218,6.233336449576571,-7.449405375427354,2,-0.33898781672831646,-1
2019-07-24,-0.9013724991008942,5.283909250811083,-0.1996271760576362,5.858964047332715,-7.069931717267863,2,-0.1409882496453303,-1
2019-07-25,1.0131621144278569,4.924751537755165,0.1745717981208853,5.516636702838203,-8.27686873588167,2,-0.35915771305591804,-1
2019-07-26,-0.4199559341957481,4.594509133871466,-0.1248001256874053,5.198390548015771,-7.12389837261842,2,-0.3302424038836991,-1
2019-07-27,-4.059130256046295,4.289873662915092,-0.9819798833812452,4.903588217161844,-8.738093234462596,2,-0.30463547095637455,-1
2019-07-28,0.7901301370322855,4.274108207228378,0.1489645846523423,4.673430358516237,-3.577166437882795,2,-0.01576545568671417,-1
2019-07-29,-0.3535535708017789,4.001490756770725,-0.1267010183960225,4.416946659708165,-3.02934750958368,2,-0.27261745045765284,-1
2019-07-30,0.9231027857063978,3.753351049561252,0.2050603293856632,4.182666562069383,-3.1194068383051388,2,-0.24813970720947287,-1
2019-07-31,4.857531814577598,3.5360155911737885,1.3303370163683923,3.970967853529847,2.1580809104682075,1,-0.21733545838746338,0
2019-08-01,3.0662540264241755,3.7182413730194095,0.7833850336820581,3.85664139555071,9.283465192938678,2,0.182225781845621,-1
2019-08-02,1.1330721144643618,3.640972626680375,0.2690579775586478,3.73001427944111,9.626407170370754,1,-0.07726874633903469,0
2019-08-03,2.8451137479914124,3.441913609624772,0.782028449895205,3.61809885001192,12.825074489163946,1,-0.1990590170556028,0
2019-08-04,1.362526706755851,3.3811357334415515,0.3575979844919791,3.543655786787979,13.2644984102134,1,-0.0607778761832205,0
2019-08-05,7.339741253271903,3.219838020693348,2.2318830400484213,3.480420272691891,15.746707848907704,1,-0.16129771274820337,0
2019-08-06,-2.8131633051238225,3.958105313075364,-0.7495006963324524,3.528393060703082,9.867290517359706,2,0.7382672923820159,-1
2019-08-07,3.961210267399373,3.853736323313875,0.9880725002331456,3.570945800029782,12.695428670294715,2,-0.10436898976148923,-1
2019-08-08,0.2044345052786056,3.855697357495999,0.0132259141128183,3.653702549604027,10.05474942758191,2,0.0019610341821243438,-1
2019-08-09,-0.8684364496771124,3.617797328939168,-0.282458009653099,3.7010348687035504,7.823786271148947,1,-0.23790002855683134,0
2019-08-10,-4.384670685564274,3.4227321642369533,-1.3258735568517146,3.741613697412272,-3.9006256676872297,1,-0.19506516470221458,0
2019-08-11,1.4823037907254033,3.601367372349633,0.3689888506639833,3.670266109267126,0.3948414281619961,1,0.17863520811267986,0
2019-08-12,-1.2307995125176774,3.4211160791397863,-0.4046161731083607,3.583742060432308,-4.797168351755055,1,-0.18025129320984679,0
2019-08-13,-4.3707143389404735,3.263926864524753,-1.386107566102759,3.4653879618380588,-9.372317195974134,1,-0.15718921461503355,0
2019-08-14,-8.06379719242738,3.4723386385472312,-2.3664847905066884,3.4362962237596717,-16.5676779387244,1,0.20841177402247846,-1
2019-08-15,2.552204596572061,4.365291023685457,0.5495086582712022,3.624807995649373,-9.630802656588068,2,0.892952385138226,-1
2019-08-16,0.607111200048216,4.163910839046347,0.1089532976092199,3.7373166889887135,-10.505995247265254,2,-0.20138018463911056,-1
2019-08-17,-1.3840282280728644,3.898939559756645,-0.3943296857241278,3.832881385112087,-10.65922396282044,2,-0.26497127928970166,-1
2019-08-18,1.108660152588925,3.6964064195099295,0.258418761628551,3.919377296109122,-5.179849471291043,2,-0.20253314024671543,-1
2019-08-19,5.36528635334399,3.4906379211619263,1.4930929783819524,3.923037152632061,8.249234074480327,1,-0.20576849834800326,0
2019-08-20,-1.4098602646118508,3.765354013356385,-0.4151799916421907,3.803049750566247,4.287169213296416,2,0.2747160921944589,-1
2019-08-21,-5.984026786228647,3.578877176415534,-1.7149138869188687,3.686043018040084,-2.303968772980447,1,-0.18647683694085115,0
2019-08-22,-0.0690128226267461,4.000320687772085,-0.0556085932035564,3.706319243643172,-0.9889533675343288,2,0.4214435113565509,-1
2019-08-23,2.696583890848636,3.7488792236278847,0.6783746170420045,3.7168138044667622,0.5989703707253824,2,-0.2514414641442002,-1
2019-08-24,-2.411676598546819,3.633292197975144,-0.7060032174565306,3.7453446598294073,-7.177992581165427,1,-0.11558702565274093,0
2019-08-25,-0.2112805384435034,3.534658555989733,-0.1031839188565475,3.699205568356076,-5.979412854997079,1,-0.09863364198541058,0
2019-08-26,2.26543314762484,3.3316918751436018,0.6339102905038201,3.6497685081016895,2.270047078856408,1,-0.20296668084613145,0
2019-08-27,-1.8030983225029829,3.2337855110287674,-0.6050301416137801,3.496461472753026,0.5359615789801708,1,-0.09790636411483433,0
2019-08-28,-4.324433232151748,3.136270475273791,-1.4277699103564017,3.373939723082208,-6.485055544020213,1,-0.09751503575497633,0
2019-08-29,-2.535588058642091,3.3638425072557947,-0.7993915993466436,3.320049784938337,-6.608967004115485,1,0.2275720319820036,-1
2019-08-30,0.9207926773969533,3.3138259267722137,0.2315611354278468,3.275883259094834,-5.476893788275028,1,-0.05001658048358104,0
2019-08-31,0.3379326975375463,3.1430567949779022,0.0586986893297614,3.238156243061694,-7.404394238362322,1,-0.1707691317943114,0
2019-09-01,1.313227792802607,2.9797234301165703,0.3892268651167709,3.187343826879254,-4.288068123056732,1,-0.163333364861332,0
2019-09-02,5.858903991126141,2.8628387004817992,1.992939597673666,3.132657471920856,5.895269100221157,1,-0.11688472963477103,0
2019-09-03,2.6398798324718697,3.387309033893843,0.7340459416040548,3.1373507772484657,11.070736991335115,1,0.5244703334120437,-1
2019-09-04,-0.273794398070315,3.314478314157203,-0.1288992537464507,3.137481254725464,9.876149915867847,1,-0.07283071973663979,0
2019-09-05,-0.1791208539653865,3.1356450233784328,-0.1060579991259404,3.13599890040557,9.359096364364916,1,-0.17883329077877042,0
2019-09-06,-2.123757118171987,2.974709110194273,-0.7655190531240245,3.1349960364211102,5.922111453390322,1,-0.16093591318415967,0
2019-09-07,1.571165698085153,2.9402432153472584,0.4821799460336036,3.150476939394202,1.634373160349334,1,-0.03446589484701468,0
2019-09-08,-0.7250398184558193,2.8426255566631764,-0.3090379594948718,3.0415402439480688,-1.7305464905783552,1,-0.09761765868408201,0
2019-09-09,-1.0233096005396902,2.729589691468876,-0.4311083777173074,2.9245625194104035,-2.4800616930477304,1,-0.1130358651943002,0
2019-09-10,-2.141782097558753,2.644668078704348,-0.8678675026268513,2.826367130475586,-4.442722936641097,1,-0.08492161276452803,0
2019-09-11,0.6149168432955321,2.6624046459446227,0.1733310752800526,2.7639062376256565,-1.7040489751735777,1,0.017736567240274503,0
2019-09-12,2.251399403043486,2.5580225544118527,0.8201491485060467,2.687462105438575,-1.0238152702152448,0,-0.10438209153277,0
2019-09-13,-0.4774055257204423,2.569146860982509,-0.2455464568742222,2.632766366302442,-0.7761809774798678,0,0.01112430657065655,0
2019-09-14,-0.0241140560190089,2.480758412505784,-0.0715722410966278,2.583000110509823,0.2230145670408134,0,-0.08838844847672522,1
2019-09-15,-0.0998363498904808,2.394120209240372,-0.1057907335213486,2.532890536617028,2.2649603147090858,0,-0.08663820326541183,1
2019-09-16,-0.6877180180772768,2.3192744139692314,-0.362681274882455,2.4642644902219497,0.9623254533362768,0,-0.07484579527114077,1
2019-09-17,-0.346246270575179,2.271668880811004,-0.2199641232837287,2.40699375550178,-1.635320220282388,0,-0.04760553315822724,0
2019-09-18,-0.4209930227212055,2.2179458071997216,-0.2589929853289791,2.3367535447452226,-1.5789077172831512,0,-0.05372307361128259,0
2019-09-19,0.6661946401365526,2.1738067167729884,0.2358789551052607,2.2753632055986635,-0.8885990211275896,0,-0.04413909042673314,0
2019-09-20,-0.8291636186186224,2.1338667153199515,-0.4604800265862124,2.22331250681458,-1.6179262898557312,0,-0.03994000145303689,0
2019-09-21,-1.6031424170293462,2.1201008090593843,-0.8285369227286998,2.18347778583261,-2.533350688807801,0,-0.013765906260567284,0
2019-09-22,0.5044859416292624,2.169617983020605,0.1618010918019689,2.16306760627453,-1.6826184766033592,0,0.049517173961220795,-1
2019-09-23,-3.44552504686142,2.126208421987086,-1.692667752054752,2.1447201292320037,-4.707150500743573,0,-0.04340956103351923,0
2019-09-24,-12.099364952146807,2.4388506718929315,-5.024007610035447,2.1977289202559915,-17.472710093026933,0,0.31264224990584566,-1
2019-09-25,-1.5616015371175962,4.909079046384537,-0.3493610316916857,2.752771386468909,-18.205148011525907,2,2.470228374491606,-1
2019-09-26,-4.433175093227604,4.609918456085226,-0.9949448173766464,3.250734915874077,-21.035180687724164,2,-0.2991605902993113,-1
2019-09-27,1.623387232043605,4.591391412838682,0.3201530247998285,3.735089601837693,-19.91627939730982,2,-0.01852704324654386,-1
2019-09-28,-0.0718965974915164,4.313365174208037,-0.0522413409423959,4.172520952281883,-16.54265094793992,2,-0.2780262386306456,-1
2019-09-29,-1.7337268541281148,4.031491985800419,-0.4681061611826015,4.491049215063381,-6.177012849921226,2,-0.28187318840761755,-1
2019-09-30,2.31358039600007,3.8339825095134,0.5634196315337097,4.276029907689153,-2.30183091680356,2,-0.19750947628701887,-1
2019-10-01,0.5939522648697348,3.677427589684087,0.1197883223920215,4.089531734408925,2.7252964412937786,1,-0.15655491982931302,0
2019-10-02,0.5947039319424974,3.460864446883726,0.1275012516472534,3.8634263412179335,1.696613141192671,1,-0.21656314280036115,0
2019-10-03,-1.597938661828735,3.266752951177209,-0.5361219753030146,3.654103896611768,0.1705710768554524,1,-0.1941114957065171,0
2019-10-04,-0.6565426082859815,3.150122557076403,-0.2571271361013523,3.477830010866965,1.2477553226975855,1,-0.116630394100806,0
2019-10-05,-0.6656196327979202,2.998859016843005,-0.273123548449941,3.310805312332886,-1.7314447061004046,1,-0.15126354023339772,0
2019-10-06,-2.024210447085828,2.8651713212295635,-0.760041751826083,3.1483540586419814,-4.349607418055967,1,-0.13368769561344163,0
2019-10-07,3.1722604960343403,2.8372228126364507,1.0640056534882432,3.023625731792526,-1.7720508539641244,1,-0.02794850859311282,0
2019-10-08,-0.204436498160021,2.907773323120612,-0.1230755776242188,2.9518298061812067,-0.3785486902954105,1,0.0705505104841615,0
2019-10-09,4.36286041566607,2.7726594217521345,1.518188999146046,2.876337179116353,4.640854333656641,1,-0.13511390136847767,0
2019-10-10,-0.1078627298269907,3.0351655360033427,-0.0860915524740742,2.883598482948421,5.1986112366275705,1,0.2625061142512082,-1
2019-10-11,-3.131474095669695,2.884414806491338,-1.138849194457185,2.887447180000776,4.091347588043703,1,-0.15075072951200452,0
2019-10-12,0.1776750438333252,2.981687487450269,0.0081281692840007,2.9163401149635395,1.0967621358426882,1,0.09727268095893082,0
2019-10-13,-0.1866997061055642,2.8354279612687603,-0.1199604059546291,2.901871042593169,1.114498927897145,1,-0.14625952618150873,0
2019-10-14,0.6430502888083112,2.708338228452718,0.1807790845623756,2.889006803933286,-2.6053111989606137,1,-0.1270897328160423,0
2019-10-15,-2.042493372661092,2.599076381448722,-0.8448896583102432,2.801788973022361,-4.539941841794715,0,-0.10926184700399588,0
2019-10-16,-1.9423891941979576,2.6136840732417457,-0.8018676009231098,2.747642826372443,-3.350856940322977,0,0.01460769179302357,0
2019-10-17,0.6981979739068223,2.615837097082553,0.2082540198436093,2.6744727482989,-2.83033401024948,0,0.0021530238408074,0
2019-10-18,-1.625994007694942,2.519162611135958,-0.7063590825825612,2.61121967827234,-4.269628311838858,0,-0.09667448594659511,0
2019-10-19,0.1923725744497062,2.506246544218987,0.015534461825461,2.570801341425593,-4.720306026197463,0,-0.012916066916970781,0
2019-10-20,2.881240366522242,2.41567555287355,1.1292083409521048,2.534121175710559,0.2034277129858708,0,-0.09057099134543733,1
2019-10-21,0.2628793271972185,2.525440930388985,0.0433349846741492,2.516472547140007,2.408696234381047,0,0.10976537751543525,-1
2019-10-22,-2.028232136663988,2.432770614702508,-0.8967847221856207,2.479859250663998,-0.317733876189763,0,-0.09267031568647699,0
2019-10-23,-7.231210270482968,2.4731905110036108,-2.9858798264067614,2.4706648306375283,-5.922950138977789,0,0.040419896301102654,0
2019-10-24,-0.2822880169956576,3.5259848264544966,-0.1235760848741767,2.67461248708463,-6.397610730423153,1,1.0527943154508859,-1
2019-10-25,14.476109386093228,3.3249742252173866,4.307603317428264,2.856472221553397,5.1972582891478325,1,-0.20101060123711,0
2019-10-26,6.528433388686672,5.933705570888974,1.0743697895593836,3.538125149653395,11.462812350637286,2,2.6087313456715875,-1
2019-10-27,3.264079600850067,5.940870621151744,0.5236000606698403,4.239745150943242,16.75512408815134,2,0.00716505026276959,-1
2019-10-28,-3.1432676505614765,5.6161252591531206,-0.5870073906154193,4.868332100573144,20.843066708072836,2,-0.32474536199862314,-1
2019-10-29,1.8362811918532171,5.340175819981259,0.315128539845675,5.231170299278497,22.961635916921708,2,-0.2759494391718613,-1
2019-10-30,-2.3825095718830624,4.997056655601131,-0.5074885337199239,5.565586785355245,6.1030169589454175,2,-0.3431191643801279,-1
2019-10-31,-0.0667372761675721,4.7348377542636335,-0.0465014158410496,5.325813222030178,-0.4921537059088265,2,-0.2622189013374978,-1
2019-11-01,0.6664947063718785,4.412980753515066,0.116260494175025,5.020235248502842,-3.0897386003870158,2,-0.32185700074856793,-1
2019-11-02,0.6845382329238703,4.124748543989625,0.1287590853300422,4.721959905470143,0.7380672830983315,2,-0.2882322095254404,-1
2019-11-03,-0.9629700847412436,3.864831097912288,-0.2888637147759577,4.4268909610563485,-2.0611839934961296,2,-0.259917446077337,-1
2019-11-04,1.901152585439192,3.647145607822296,0.4792002815866201,4.156908751500581,2.222478163826125,1,-0.21768549008999205,0
2019-11-05,-0.7473715309565421,3.4847589191968305,-0.2585002104959112,3.9068929844872207,1.541843909037155,1,-0.16238668862546568,0
2019-11-06,0.1962481459161225,3.2997070793987584,0.0129735039210147,3.68423824966396,1.071597348581399,1,-0.18505183979807205,0
2019-11-07,-1.001899600174205,3.118879730052984,-0.3704339645498036,3.483064486876631,-0.6148404845166766,1,-0.18082734934577438,0
2019-11-08,-5.1214083806272015,2.98521887023123,-1.7669886172875369,3.30714204134042,-4.773278780402634,1,-0.13366085982175413,0
2019-11-09,0.0987733451712102,3.3903404853229557,-0.016124055459558,3.255781016840552,-6.575658020670616,1,0.40512161509172584,-1
2019-11-10,2.708127536100413,3.1999686491094974,0.7983478693230327,3.198822962823085,-3.120158953613661,1,-0.19037183621345832,0
2019-11-11,-3.343184819093992,3.160017748379787,-1.1065204314343275,3.1708850966192905,-6.659591918623775,1,-0.039950900729710526,0
2019-11-12,0.6586553240447657,3.2365345076523444,0.1560978075985004,3.1944160521391627,-4.999036994404804,1,0.07651675927255752,0
2019-11-13,-0.0839701097149259,3.067552918840466,-0.0773937725540556,3.21088286186101,0.0384012765074714,1,-0.1689815888118784,0
2019-11-14,-1.143720218148303,2.91296330348111,-0.4453058504998972,3.1154074254926405,-1.2040922868120418,1,-0.154589615359356,0
2019-11-15,-2.5129397563837585,2.811617131218029,-0.9483436097901392,3.037737121914347,-6.4251595792962135,1,-0.10134617226308107,0
2019-11-16,0.6896630827938566,2.843490396701031,0.1885793953208463,2.974431651578596,-2.3923116774083653,1,0.03187326548300229,0
2019-11-17,0.3177685280364883,2.719375594111918,0.0604289989249578,2.870999868870511,-2.7331984734166426,1,-0.124114802589113,0
2019-11-18,-3.182423938339696,2.603753588357148,-1.2811747380549243,2.778240002773848,-5.831652302041412,0,-0.11562200575477011,0
2019-11-19,-1.2490374838556306,2.7623992262382,-0.507702454343954,2.7481271873252653,-5.93696956774874,1,0.1586456378810519,-1
2019-11-20,-2.203907156093976,2.6867106113749912,-0.8774099187671305,2.7231458833566577,-5.627936967458957,1,-0.07568861486320877,0
2019-11-21,-4.9086768125686575,2.7043415923395795,-1.8718479241273152,2.695316122484367,-11.226276862821472,1,0.01763098096458826,0
2019-11-22,-4.635206471928832,3.1420856523465783,-1.5240341559549495,2.7798581341313,-16.179251862786792,1,0.43774406000699884,-1
2019-11-23,1.377681495074512,3.420820479043869,0.3578796722572676,2.943271512268644,-11.619146429372584,1,0.27873482669729066,0
2019-11-24,-4.845012522266501,3.2557573600323817,-1.5352654859390775,3.04194313902748,-15.215121467783456,1,-0.1650631190114873,0
2019-11-25,1.3839370591339772,3.5454275883988973,0.3470660859008893,3.2136865344322616,-11.6272772525555,1,0.28967022836651557,0
2019-11-26,1.005783551004491,3.366777135178846,0.2531632280958422,3.3461736430001148,-5.712816888982353,1,-0.17865045322005146,0
2019-11-27,4.24866264353021,3.192907793782388,1.28259991357144,3.356338071287277,3.1710522264766894,1,-0.1738693413964576,0
2019-11-28,-0.9144267907922554,3.3485884386707623,-0.3189003944597899,3.3418916632126545,0.878943940609922,1,0.15568064488837408,-1
2019-11-29,3.917091013708252,3.1847437861796744,1.1817753273771752,3.327688948442113,9.641047476584674,1,-0.16384465249108793,0
2019-11-30,-2.499841220450705,3.2935045617460306,-0.8056101195218711,3.27730434311154,5.757269196999992,1,0.10876077556635622,-1
2019-12-01,-1.938678230419022,3.2499625023748395,-0.6437359237448417,3.253941416550739,2.8128074155764797,1,-0.043542059371191044,0
2019-12-02,-1.3875477110813603,3.161108841032021,-0.4874830863974966,3.2475816260006654,-2.823402939035091,1,-0.08885366134281858,0
2019-12-03,-0.0251708319808585,3.0436857127550554,-0.0586822136121697,3.186601080817524,-1.9341469802236944,1,-0.11742312827696555,0
2019-12-04,-0.9348132540894838,2.8912126408498997,-0.3764000689181147,3.127894851751569,-6.78605124802143,1,-0.1524730719051557,0
2019-12-05,2.670476775607433,2.7815428041092165,0.9049069418258212,3.0255025002242064,-1.6157332519632917,1,-0.1096698367406832,0
2019-12-06,1.316283930428419,2.8013761787755715,0.4150976066889145,2.935785235504353,1.6392289088841494,1,0.01983337466635504,0
2019-12-07,0.1223739480074925,2.706599876052659,-0.0114776607546278,2.8448834425084804,3.1491505679730025,1,-0.09477630272291249,0
2019-12-08,0.1072369054520905,2.59186286653419,-0.0178259730975017,2.754518873264307,3.281558305405952,0,-0.11473700951846899,1
2019-12-09,-2.184425368085563,2.4908452866845763,-0.9385828833956626,2.674445402431243,2.0319461914098724,0,-0.10101757984961379,1
2019-12-10,-1.6728999152695323,2.538786257780171,-0.7193749741066287,2.6258940931654338,-2.311430499467093,0,0.0479409710955947,0
2019-12-11,-0.8373983817170583,2.5270568836359986,-0.3920915952927646,2.571030234137519,-4.4651128116125705,0,-0.01172937414417241,0
2019-12-12,0.3555471658463816,2.458671409515244,0.0822020306905861,2.521444540830036,-4.2319395937736815,0,-0.06838547412075435,0
2019-12-13,0.3658878797754283,2.3750360706715923,0.0894506400199687,2.4780791816575167,-3.973288619450344,0,-0.08363533884365193,0
2019-12-14,-2.014895615359613,2.3021281707083925,-0.9418828309093376,2.44033575846228,-3.803758866724394,0,-0.0729078999631998,0
2019-12-15,0.3870282470954223,2.3636669042228178,0.0988247808922486,2.405311887750809,-1.7438307043594392,0,0.06153873351442529,0
2019-12-16,-3.121654791103623,2.2924756228665624,-1.4286276990774345,2.3583956355969216,-4.028087113746004,0,-0.07119128135625541,0
2019-12-17,-4.302813984775078,2.5087153644168088,-1.7763088755165926,2.368404426577235,-8.686448264367463,0,0.2162397415502464,-1
2019-12-18,9.150203958984626,2.8807622919746194,3.123049965234878,2.46954967083784,0.0978678148417344,1,0.37204692755781066,-1
2019-12-19,-1.0215599788491403,4.1878698538377,-0.2805720815215237,2.8466980074637016,1.0912034513522073,2,1.3071075618630807,-1
2019-12-20,0.2215025702357209,3.939022453819717,0.0172792076842254,3.161769117383081,0.925677774492506,2,-0.24884740001798322,-1
2019-12-21,-0.3838694878929516,3.6928865970670746,-0.1454983403776953,3.4418513122231835,3.663463077703178,2,-0.24613585675264238,-1
2019-12-22,4.359469833307905,3.476424980732764,1.2098723468607715,3.635393235486375,12.32574689578616,1,-0.2164616163343105,0
2019-12-23,-2.0981218944278623,3.595010837192496,-0.6263016662752398,3.77824294452995,1.077421042373672,1,0.11858585645973196,0
2019-12-24,-0.4509590580981992,3.474691490924149,-0.1739430515947166,3.63560727194724,1.648021963124613,1,-0.12031934626834717,0
2019-12-25,-0.6490977368956763,3.282341033656376,-0.2445014432839203,3.504270987914572,0.7774216559932157,1,-0.19235045726777278,0
2019-12-26,-0.4986734773911649,3.1161159243157592,-0.2092710529431601,3.3889168533643086,0.6626176664950023,1,-0.16622510934061685,0
2019-12-27,0.7037180653860275,2.9638856963402604,0.185661236154335,3.2864089964858083,-2.9931341014268757,1,-0.1522302279754988,0
2019-12-28,0.3820062875904639,2.8262284826967075,0.0808734699995059,3.1326525255866504,-0.513005919408549,1,-0.137657213643553,0
2019-12-29,1.420078568539651,2.698750898744811,0.4693427562897421,2.9774644071507828,1.358031707229301,1,-0.12747758395189646,0
2019-12-30,-1.762220333369413,2.622970768543,-0.73033971233193,2.845590354128108,0.2449091107555645,0,-0.07578013020181107,1
2019-12-31,-1.372269482324029,2.6066087561717763,-0.5853233101802819,2.743688920499311,-0.6286868941772994,0,-0.01636201237122359,0
2020-01-01,0.0913616682714391,2.5605374717595994,-0.0242440173582946,2.6630192755831787,-1.2410432912918878,0,-0.046071284412176894,0
2020-01-02,-3.027292809619375,2.463365348340665,-1.2912141493527438,2.5904466487119704,-4.650342388501727,0,-0.09717212341893466,0
2020-01-03,5.017174596003216,2.6277371298519228,1.8509215239097956,2.576243894933393,-1.0532463610381626,0,0.16437178151125797,-1
2020-01-04,0.8915009823896369,3.047029870793177,0.2422232897290791,2.661055715383428,1.6004749547208874,1,0.4192927409412541,-1
2020-01-05,0.0089143932688884,2.905110482946696,-0.0497485347847633,2.720756060738412,2.9816588303138047,1,-0.14191938784648084,0
2020-01-06,4.716146723566084,2.7679094949735723,1.6484308279112665,2.762230465381206,7.606443885608449,1,-0.13720098797312374,0
2020-01-07,4.95268893264047,3.0939969217939525,1.5511487796421075,2.888356780071864,15.586425627868294,1,0.32608742682038017,-1
2020-01-08,-1.032167320280486,3.3854429898129137,-0.3502072570802167,3.039897952064062,9.537083711584591,1,0.2914460680189612,-1
2020-01-09,-2.516485111441824,3.222581805500412,-0.8285048001164932,3.0750083390055094,6.129097617753132,1,-0.16286118431250163,0
2020-01-10,3.5837017057327003,3.191046770035656,1.0749646024495685,3.1321955964233013,9.703884930216944,1,-0.03153503546475589,0
2020-01-11,-1.592428993077455,3.253437806792158,-0.5366226373271903,3.229301258787019,3.3953092135734053,1,0.062391036756501705,0
2020-01-12,1.9095619045758736,3.1380802242681165,0.5596168344619378,3.2381179192818514,0.3521821855088092,1,-0.11535758252404138,0
2020-01-13,-0.5913064387263134,3.037942355867938,-0.2451481083803786,3.168617792492856,0.7930430670629818,1,-0.10013786840017858,0
2020-01-14,8.059650637836668,2.897270328576666,2.728848315144065,3.1035554971081067,11.369178816341474,1,-0.14067202729127182,0
2020-01-15,-0.2353748814135414,3.916858667860701,-0.0992668609126112,3.2487178766731164,7.550102229195232,2,1.0195883392840348,-1
2020-01-16,-0.9494746324859804,3.6753799775407856,-0.3000816303100416,3.333106310822841,8.193056589786707,1,-0.2414786903199153,0
2020-01-17,2.325533871564112,3.477233650749239,0.6246616438653032,3.4009369961190656,8.609028556774945,1,-0.19814632679154665,0
2020-01-18,0.1541028275862999,3.3654673083257376,0.0001971329215755,3.4664419866106257,9.354437823087558,1,-0.11176634242350136,0
2020-01-19,-2.680910251619828,3.1776515117912068,-0.8919636480859662,3.5225182232535337,-1.3861230663689383,1,-0.18781579653453084,0
2020-01-20,-0.559813180609936,3.1704319169231776,-0.2249701562698977,3.373232873066029,-1.710561365565333,1,-0.007219594868029144,0
2020-01-21,1.0141927934055772,3.013868009413533,0.2855975800976527,3.2409304794405784,0.2531060603262247,1,-0.15656390750964455,0
2020-01-22,-0.7461951294766678,2.879947671291877,-0.3123787704991374,3.121473283549107,-2.8186229407145547,1,-0.13392033812165627,0
2020-01-23,-3.2115367723196897,2.7632843888463285,-1.2177451474359142,3.0010366996532243,-6.184262540620544,1,-0.11666328244554824,0
2020-01-24,0.46189330082953,2.894526443398195,0.1065645533657865,2.9444116859746226,-3.041458988171186,1,0.13124205455186644,0
2020-01-25,-0.9229306182408692,2.760188032245054,-0.3899625637274881,2.862362909038997,-3.4045764258021194,1,-0.13433841115314094,0
2020-01-26,2.6996838102771648,2.666128608981787,0.9550343590012528,2.7928150289526483,-1.719085408930532,1,-0.09405942326326722,0
2020-01-27,3.5760424982361982,2.7082852879611754,1.2637527997020677,2.758482552286508,2.603152218782334,1,0.04215667897938857,0
2020-01-28,4.914065669354883,2.858735700160948,1.6652908087667972,2.777572814549432,10.728754660456907,1,0.15045041219977273,-1
2020-01-29,-0.4493658672814149,3.1988274323543138,-0.1884456924333356,2.838433012340656,9.817495492345962,1,0.34009173219336564,-1
2020-01-30,2.043703691808041,3.0361549192261874,0.6225849335469555,2.893626389736882,12.784129802394872,1,-0.16267251312812636,0
2020-01-31,-1.6805048675941237,2.9593689720634933,-0.6197078728911263,2.9522744623532238,8.403941124523584,1,-0.07678594716269416,0
2020-02-01,0.4518472151643138,2.888429783396263,0.103311437133188,2.988303361440241,5.2797458414517,1,-0.07093918866723037,0
2020-02-02,-0.5177910236525918,2.7546505263610563,-0.2436717109529832,2.967486326680263,-0.1521108515557756,1,-0.13377925703520654,0
2020-02-03,-0.5455970077715477,2.644802893666327,-0.2643056662668194,2.856681418942665,-0.2483419920459084,1,-0.1098476326947293,0
2020-02-04,-1.218545364907797,2.549238212706152,-0.5381940146875114,2.7592980776386584,-3.5105910487617464,0,-0.0955646809601749,0
2020-02-05,4.602834799275257,2.500287355327077,1.7795536207516691,2.6674817542913747,2.7727486181076344,0,-0.04895085737907534,1
2020-02-06,1.2033084493943136,2.873252934209974,0.3653938898698597,2.6644463844541173,3.524209852337634,1,0.3729655788828974,-1
2020-02-07,0.6774835392771905,2.763942958067476,0.1896002066772951,2.6663048707954013,4.7194844152674165,1,-0.10930997614249804,0
2020-02-08,0.7036859447460131,2.6488815454277144,0.2077278851945877,2.667120601147679,5.968767367784977,1,-0.11506141263976177,0
2020-02-09,2.5179720219250967,2.548312103055796,0.9278818853885036,2.666935379217608,9.705284754617873,0,-0.10056944237191834,1
2020-02-10,-2.6042505869956045,2.58951176041633,-1.06494591464438,2.684780260235458,2.4981993683470094,0,0.04119965736053377,0
2020-02-11,3.5052446746270505,2.67079814095226,1.254982636107661,2.6442893015839157,4.800135593579746,1,0.08128638053593029,0
2020-02-12,1.147540494005206,2.8182921634826865,0.3527317443175973,2.6551591426669576,5.270192548307762,1,0.14749402253042643,-1
2020-02-13,-1.0873762642184204,2.713122267898626,-0.4573386397225668,2.66800728716114,3.479130339343328,1,-0.10516989558406031,0
2020-02-14,0.9523015160700864,2.6339482408435817,0.3032945448582125,2.6851345147186967,1.913459833488318,0,-0.0791740270550445,1
2020-02-15,-4.185355039924232,2.543359861236708,-1.705930210362696,2.675904134882773,0.3323553805596901,0,-0.09058837960687383,1
2020-02-16,0.4540878520856495,2.884275545152143,0.1042370828292162,2.718599615722749,-2.718801441981711,1,0.34091568391543525,-1
2020-02-17,-2.48977234415797,2.7510008524691774,-0.9608182145668482,2.7051413535200477,-6.356114280144887,1,-0.13327469268296577,0
2020-02-18,4.557569247775106,2.79023008793176,1.578411000454911,2.720562917526674,-0.7111687681513601,1,0.0392292354625825,0
2020-02-19,-5.144998404328938,3.082527701887481,-1.7188613696051984,2.8102788097354536,-6.808468688550384,1,0.29229761395572096,-1
2020-02-20,-0.2589265668330398,3.4675691149603205,-0.1189207587059447,2.9951206604801763,-2.882040215459192,1,0.3850414130728397,-1
2020-02-21,0.8081532009711623,3.272288431615668,0.2000782728876254,3.0727232377728813,-2.527974866573679,1,-0.19528068334465232,0
2020-02-22,-0.2404158134973855,3.102886243627176,-0.1269318839804852,3.143100316004481,-0.2786183359130945,1,-0.16940218798849216,0
2020-02-23,2.668506547579064,2.9464797083473977,0.8535837383405419,3.1743502400876085,-2.167681036109137,1,-0.15640653527977832,0
2020-02-24,-2.80319921936556,2.940175481795522,-1.0055993667232836,3.1458797960692166,0.1741181488542409,1,-0.006304226551875569,0
2020-02-25,-3.248723753845262,2.9852538732812097,-1.1396562173417946,3.049416747733395,-2.815679038157981,1,0.0450783914856876,0
2020-02-26,-5.740768792548856,3.080154409272005,-1.9136080184776505,3.0109899432646623,-9.364601031678,1,0.09490053599079529,-1
2020-02-27,-0.409296638844836,3.582651322654559,-0.1570725061827173,3.1069429590701385,-9.53348185702545,1,0.5024969133825539,-1
2020-02-28,-1.2836217768336766,3.3780804650864216,-0.425407616801767,3.193263110417943,-13.48561018143819,1,-0.2045708575681373,0
2020-02-29,-0.8446835964171839,3.228688380821965,-0.3091419368711027,3.250965690223232,-11.527094558489814,1,-0.1493920842644565,0
2020-03-01,-0.4318240904803261,3.075477304564168,-0.1903000463684474,3.269010376479824,-8.710194895124879,1,-0.15321107625779717,0
2020-03-02,3.525073959015046,2.926060551840746,1.1522777864971565,3.238191604993572,0.5556478564390233,1,-0.1494167527234218,0
2020-03-03,-0.927476481175482,3.027572857653681,-0.3570238984096708,3.1271759119933966,0.0374680141083771,1,0.10151230581293502,0
2020-03-04,-0.3709743670397003,2.9011812182566854,-0.1807587016360744,3.031796062627449,0.9501154239023536,1,-0.12639163939699571,0
2020-03-05,3.6284842011420793,2.770097483805985,1.254484666432817,2.940077883224253,5.423283221461617,1,-0.13108373445070054,0
2020-03-06,0.4811004368075799,2.91601314167574,0.1123661100635304,2.9081850506465674,6.336207748749523,1,0.14591565786975513,-1
2020-03-07,-2.3579830530350065,2.779500247103612,-0.9035517945484574,2.8788729896991407,0.4531507366994702,1,-0.13651289457212812,0
2020-03-08,-9.430352876922754,2.799039965168859,-3.423956920717969,2.833166411202176,-8.049725659047802,1,0.019539718065247236,0
2020-03-09,-2.301429329184401,4.300403455746024,-0.5708461398168695,3.113010858700044,-9.980180621192504,2,1.5013634905771651,-1
2020-03-10,-0.1757685080184146,4.110566325118,-0.080088208087071,3.381104626962447,-13.784433330352996,2,-0.18983713062802465,-1
2020-03-11,0.021498848832735,3.8492589071217873,-0.0342768666733472,3.567753780051656,-14.24403491832784,2,-0.26130741799621227,-1
2020-03-12,-46.47301753397741,3.612253754350036,-12.907857555967963,3.7343044815009407,-58.35906939927025,1,-0.23700515277175116,0
2020-03-13,11.268622219754576,16.736308668118326,0.6641358651412181,6.521758222090834,-37.66009430259292,2,13.12405491376829,-1
2020-03-14,-6.753557004657296,15.88791898633892,-0.4347326036707233,8.839261328209414,-42.11222197806581,2,-0.8483896817794054,-1
2020-03-15,3.624573263084585,14.821429338228263,0.2341969725516484,10.981433930831468,-38.31188020696281,2,-1.0664896481106574,-1
2020-03-16,-7.264505770911889,13.696765595503772,-0.5415837120356587,12.950935268507862,-45.59788482670744,2,-1.1246637427244917,-1
2020-03-17,4.12455256701918,12.876886759169611,0.3083907825009033,14.80386186947178,4.999685274289156,2,-0.8198788363341603,-1
2020-03-18,0.2448204386068297,11.93980311501636,0.0076534809278856,13.844560758851388,-6.02411650685859,2,-0.9370836441532511,-1
2020-03-19,16.710432424961397,10.998433024865774,1.5053956326637827,12.866663566556758,17.439872922760102,2,-0.9413700901505866,-1
2020-03-20,0.1224450008686872,11.686966256725576,-0.0026520468728844,12.23977095025622,13.937744660544205,2,0.6885332318598021,-1
2020-03-21,-0.221448507612898,10.766519291493886,-0.0348197853592685,11.65372168945424,20.980801923843195,2,-0.9204469652316902,-1
2020-03-22,-5.907702386253,9.923467709936,-0.6107886826061364,11.06303787960752,10.948546970571016,2,-0.8430515815578854,-1
2020-03-23,9.57832376514638,9.39468346019422,1.0032146822079506,10.554013948643092,20.282050297110565,2,-0.528784249741781,-1
2020-03-24,4.844470857364058,9.27711474789576,0.5056562952662343,10.209750293249089,8.416088729513227,2,-0.11756871229845878,-1
2020-03-25,-0.8011559939721025,8.715266948660824,-0.109531398496305,9.61541043163614,7.492487734672437,2,-0.5618477992349362,-1
2020-03-26,0.5281211361417348,8.050461023799611,0.0465416516955636,9.072198778097285,8.24205737842707,2,-0.6648059248612128,-1
2020-03-27,-3.741337669931255,7.436292403800197,-0.5237525424799373,8.574763716870123,10.408422094748817,2,-0.6141686199994147,-1
2020-03-28,-3.581324079078918,7.008530464754626,-0.5328882397021895,8.097533117782204,-2.7512257494764825,2,-0.42776193904557047,-1
2020-03-29,-5.265021330566455,6.61427516883536,-0.8192070295593521,7.564965201970123,-12.860717937406996,2,-0.3942552959192662,-1
2020-03-30,8.226844860278604,6.4120955863751,1.2590900070563884,7.104330929512979,-3.8327170831562896,2,-0.2021795824602597,-1
2020-03-31,0.1368107409614793,6.581396733633138,-0.0025266129508475,6.810518071479683,-4.224027478336545,2,0.1693011472580377,-1
2020-04-01,2.5777803165675905,6.092762124406499,0.3979050689789412,6.541812015600945,2.0950905081623006,2,-0.48863460922663915,-1
2020-04-02,2.7888755965960854,5.71102277350967,0.4614648405250804,6.282310477351953,8.465290183837304,2,-0.38173935089682853,-1
2020-04-03,-0.8906283829347217,5.37968548525847,-0.1940759862224365,6.035392540636575,12.839683131469036,2,-0.33133728825120023,-1
2020-04-04,1.9725803844387717,5.01130883696804,0.3630071624873257,5.755235190755164,6.585418655629205,2,-0.3683766482904298,-1
2020-04-05,-1.1186860819705655,4.706757955523153,-0.2702763722237152,5.380307435133167,5.32992183269716,2,-0.3045508814448876,-1
2020-04-06,6.838401551364903,4.409573693149848,1.5160109873130063,5.043669748881837,9.590543067494472,2,-0.297184262373305,-1
2020-04-07,-1.3201383140758691,4.740877649085494,-0.3108238192022235,4.849640723997001,5.481529156822518,2,0.3313039559356463,-1
2020-04-08,2.173462611620991,4.4480324466855325,0.4541386000776312,4.663310116282413,8.54562015137823,2,-0.2928452023999615,-1
2020-04-09,-0.437399798396143,4.21277596010698,-0.1402493717146263,4.503603540910201,6.135639968543316,2,-0.23525648657855225,-1
2020-04-10,-6.165264619598432,3.945279904203111,-1.601585731864077,4.351307930646193,1.08906143091545,2,-0.2674960559038695,-1
2020-04-11,-0.0934113612810705,4.313985980409933,-0.0572210353917182,4.33219038809821,-5.842751481730524,2,0.3687060762068226,-1
2020-04-12,1.619809433930719,4.032208736264602,0.3636642214375555,4.190456605534031,-2.9028037337239354,2,-0.28177724414533145,-1
2020-04-13,-1.8247903368067144,3.811822177498336,-0.5189721943661997,4.063214551696593,-6.901056682151641,2,-0.22038655876626612,-1
2020-04-14,-0.0381350856359929,3.645180442472896,-0.052555551595512,3.949695448169776,-6.5017919693914905,1,-0.16664173502543989,0
2020-04-15,-2.971293707668288,3.4290898244252226,-0.9112427060365478,3.846457432214198,-3.3078210574613465,1,-0.21609061804767338,0
2020-04-16,6.902911272643486,3.415960601811641,1.9758635055335787,3.66685235649454,3.68850157646321,1,-0.013129222613581515,0
2020-04-17,-0.2901521095482806,4.00175994535724,-0.1108491010927002,3.660762598313068,1.7785400329842105,2,0.5857993435455993,-1
2020-04-18,2.250090200060661,3.752601677698476,0.5587192558532417,3.6489184983530953,5.853420569851586,2,-0.24915826765876448,-1
2020-04-19,-0.9446987957284492,3.601180158499292,-0.3049384175684827,3.640118441558374,4.94685685975913,1,-0.15142151919918367,0
2020-04-20,-4.370789261905728,3.410824541471967,-1.326432535616917,3.6364653849677233,3.54736130552169,1,-0.19035561702732506,0
2020-04-21,-0.0237642848045283,3.589646744888563,-0.0493652107244809,3.671202613583108,-3.379314251926324,1,0.17882220341659583,0
2020-04-22,3.3849812461733464,3.3791383424517027,0.9563212675824893,3.5466782930020004,0.2958191037953028,1,-0.2105084024368602,0
2020-04-23,4.2973347176261,3.386051559336249,1.2238134186164211,3.473368269329555,2.3430636213607414,1,0.006913216884546269,0
2020-04-24,1.6178084496425882,3.5122745980732804,0.4169289802290944,3.455587157244352,4.905570866731779,1,0.12622303873703133,-1
2020-04-25,0.2517739780348194,3.3489354825853943,0.0293629409592453,3.443209345467038,9.528134106672326,1,-0.16333911548788604,0
2020-04-26,1.441763608332991,3.163050443086051,0.4073043564530341,3.3578900851065354,10.993661999809843,1,-0.1858850394993432,0
2020-04-27,1.4957356048027393,3.030856507582661,0.442876862781597,3.2882337181327275,9.104416358439238,1,-0.13219393550339031,0
2020-04-28,0.1468662629902084,2.917515853466799,-0.0022529852529588,3.194526576958837,4.953947903803346,1,-0.11334065411586192,0
2020-04-29,11.984140644428898,2.778447511695424,4.258025826093938,3.047761159683266,15.320280098589656,1,-0.13906834177137473,0
2020-04-30,-1.6321978185922958,4.933572169063603,-0.3619359645679521,3.364688496978908,13.43630830196254,2,2.155124657368179,-1
2020-05-01,2.353691044656969,4.635249879990136,0.474678111955058,3.659128384359725,14.34823573828652,2,-0.29832228907346714,-1
2020-05-02,1.387212727903453,4.390681574450136,0.2809981374872581,3.93109339773322,14.239712861387233,2,-0.24456830553999964,-1
2020-05-03,-1.0189912204170426,4.123495944518333,-0.2843292728731754,4.172289415943526,13.073855377979982,2,-0.26718562993180317,-1
2020-05-04,0.1705271829388621,3.881127165219878,0.0044027930619354,4.392825346648418,1.260241916489946,2,-0.24236877929845502,-1
2020-05-05,1.0093566989645808,3.6406573606449406,0.235099662229574,4.1342423849646845,3.9017964340468234,1,-0.24046980457493738,0
2020-05-06,2.908412623982493,3.437554156953308,0.8014341345652785,3.89470324035732,4.456518013372346,1,-0.20310320369163248,0
2020-05-07,7.107536685466265,3.383685920065131,2.055184040884346,3.693304109480318,10.176841970935158,1,-0.0538682368881771,0
2020-05-08,-1.099854717229043,4.0218236914778815,-0.3116233322380781,3.672969658872228,10.095978474123156,2,0.6381377714127505,-1
2020-05-09,-2.559949751419488,3.793117892378744,-0.7153453205487391,3.6553678043040008,7.365501539764807,2,-0.22870579909913769,-1
2020-05-10,-9.13387499263454,3.686899337912215,-2.519004053166535,3.664616199757456,-2.7777301518343123,2,-0.10621855446652884,-1
2020-05-11,-1.7817356616017577,4.761018405509839,-0.4064624162228732,3.929309049468762,-7.467878437418562,2,1.074119067597624,-1
2020-05-12,2.328939648252515,4.487876551352897,0.4847504694426933,4.150147175726315,-12.246475474632312,2,-0.27314185415694237,-1
2020-05-13,5.15216067309936,4.257798651545769,1.1740154241678995,4.197342167739892,-5.99446008430391,2,-0.230077899807128,-1
2020-05-14,4.8814308336528,4.350965546193596,1.0866533876844189,4.308911698502863,1.4469205007683783,2,0.09316689464782701,-1
2020-05-15,-4.25545413366315,4.39126399319652,-1.0040146808930837,4.4497846295597245,6.325341359739767,2,0.0402984470029244,-1
2020-05-16,0.5219563387115045,4.3841389384444485,0.0840568605836466,4.374408736146647,8.629033360053029,2,-0.007125054752071591,-1
2020-05-17,3.0843414668986213,4.09676217449324,0.7154191429425176,4.296185860774715,9.384435178699135,2,-0.28737676395120815,-1
2020-05-18,0.5757095071523111,3.970996905848415,0.106338567866184,4.238825511635244,4.807984012752087,2,-0.1257652686448254,-1
2020-05-19,0.0253180468027025,3.7245851596583863,-0.0343988205098232,4.113549434328202,-0.0481287740980107,2,-0.2464117461900286,-1
2020-05-20,-2.140705386504038,3.500075882185792,-0.655455723506969,3.9353118121260566,2.066619973061101,1,-0.22450927747259453,0
2020-05-21,-4.743978112005287,3.3953423712328314,-1.4423928310388334,3.737552498683733,-3.1993144776556903,1,-0.10473351095296035,0
2020-05-22,1.1039704675422255,3.637426424665557,0.2613196731384826,3.645685348718197,-5.179685477012086,1,0.24208405343272554,-1
2020-05-23,0.2904542937139709,3.437735510187966,0.0398561524365603,3.5390330695861065,-5.464940690450426,1,-0.1996909144775909,0
2020-05-24,-4.655584805354351,3.242706448164768,-1.4830279167759373,3.442657327287383,-10.14584354260748,1,-0.19502906202319803,0
2020-05-25,1.3173543308948157,3.5027014257643194,0.3322906540506793,3.443182436003089,-6.687783825208626,1,0.25999497759955137,-1
2020-05-26,-0.8103063993219806,3.325821399075718,-0.2897767699652058,3.429278241571666,-2.75411211252532,1,-0.17688002668860126,0
2020-05-27,3.84109712226941,3.160393645624352,1.1668349429165972,3.3338716857634245,-0.0169854577981354,1,-0.16542775345136596,0
2020-05-28,3.686071480897368,3.262927597881417,1.0826572125007383,3.298910103302115,3.378631729385262,1,0.10253395225706496,0
2020-05-29,-0.913557886418559,3.326383930591449,-0.3207679245288392,3.3156455997874508,7.120658648321054,1,0.06345633271003193,0
2020-05-30,2.730538972956431,3.164988188026483,0.8142525142819032,3.248102952239884,8.53384329038267,1,-0.16139574256496614,0
2020-05-31,-2.4984292562995947,3.132382819710797,-0.8465978752008911,3.2094152363669,6.845720433405056,1,-0.03260536831568617,0
2020-06-01,7.198931640233752,3.1123388358519533,2.263729185232436,3.19980427441242,10.203554951369398,1,-0.02004398385884354,0
2020-06-02,-6.47494748028361,3.852789146012925,-1.7204125666535284,3.3177765840387217,0.0425359901884192,2,0.7404503101609716,-1
2020-06-03,1.322969499089588,4.30074828623193,0.2719364254937413,3.5126494551668173,2.279063375696566,2,0.4479591402190053,-1
2020-06-04,1.4793539385651755,4.040272151657401,0.3281745648836838,3.6877062478930016,1.0278783413053103,2,-0.260476134574529,-1
2020-06-05,-1.3881075272664134,3.812680462783529,-0.4043210348984548,3.823765776507548,2.138200070338492,2,-0.22759168887387204,-1
2020-06-06,-0.1227122158605098,3.6198071961531153,-0.0762890353213639,3.92525944856778,-5.18344378575577,1,-0.19287326663041382,0
2020-06-07,1.083566835863614,3.407024185175528,0.2730028911234018,3.8361064564003007,2.3750705303914543,1,-0.21278301097758723,0
2020-06-08,0.1294060354382509,3.231424542320975,-0.0074373847912381,3.6222417076181097,1.1815070667401173,1,-0.1755996428545532,0
2020-06-09,0.2474647666023344,3.0578588537038125,0.030748765040317,3.425759048027392,-0.0503821052227237,1,-0.17356568861716237,0
2020-06-10,0.7565917007305245,2.903329076469636,0.2077450752777213,3.243888770764613,2.094317122774214,1,-0.1545297772341767,0
2020-06-11,-5.715571914128326,2.773975433983937,-2.115740184794172,3.074722418330777,-3.4985425754936017,1,-0.12935364248569892,0
2020-06-12,1.6919583790143022,3.359244525935265,0.4579955355892445,3.065166486482725,-2.8901510323429136,1,0.5852690919513281,-1
2020-06-13,-0.0587293822661649,3.2178425963005304,-0.0659350975381557,3.062450097278636,-3.078286450047329,1,-0.14140192963473464,0
2020-06-14,-0.9382843818569242,3.0466358185779945,-0.3583374679648534,3.0602054902534723,-4.264035598506588,1,-0.1712067777225359,0
2020-06-15,0.678586233768641,2.918488665475412,0.1799379441824056,3.063237408054628,-4.342041065468472,1,-0.1281471531025824,0
2020-06-16,0.919733936802558,2.7854313509204998,0.2751080378864762,3.0655285914419403,2.293264785462412,1,-0.13305731455491232,0
2020-06-17,-0.6075177257296005,2.6750566086008067,-0.2844639274048721,2.9286910079750483,-0.0062113192814905,1,-0.11037474231969302,0
2020-06-18,-0.7242643975011731,2.5779355650663165,-0.3404676953831999,2.800709601728206,-0.6717463345164987,0,-0.09712104353449025,0
2020-06-19,-1.3243316204146538,2.4976748929767614,-0.5916586693301664,2.690917416607959,-1.0577935730742285,0,-0.08026067208955512,0
2020-06-20,0.476063307275254,2.463498622139176,0.130961682378276,2.599919407940712,-1.2603164995676153,0,-0.03417627083758523,0
2020-06-21,-0.3081241183796379,2.380899224515609,-0.1938609987396191,2.5190129826597336,-2.4881745547498118,0,-0.08259939762356705,0
2020-06-22,3.64203993156309,2.3117293540131323,1.5090869276386452,2.446347531742199,1.7613831025428794,0,-0.0691698705024768,1
2020-06-23,-0.1977301049160829,2.5586967012599224,-0.1372454530959089,2.44249975898092,2.2879173951279697,0,0.24696734724679015,-1
2020-06-24,-3.337092327378066,2.464744458149475,-1.4161840181931449,2.435913672015463,0.2751566881645573,0,-0.09395224311044759,1
2020-06-25,-0.525308149532222,2.676946928168267,-0.2535528536533243,2.478603333221281,-0.7262147686429188,1,0.21220247001879233,-1
2020-06-26,-1.1059043986902497,2.5767573347757757,-0.4887320062613416,2.5177749552733144,-1.5239950489535303,0,-0.10018959339249145,0
2020-06-27,-1.2909378740094013,2.516743088438683,-0.5739073105347416,2.5587777021584244,-6.456972854526022,0,-0.060014246337092736,0
2020-06-28,1.0796911071169646,2.4774077368958345,0.3738794023038797,2.542519909285607,-5.179551642492974,0,-0.03933535154284851,0
2020-06-29,0.5156696867222976,2.4124389400311577,0.1501510763767876,2.5320588056619435,-1.3267896283926106,0,-0.06496879686467683,0
2020-06-30,-0.5768117633966341,2.337028822587293,-0.3124698931917859,2.4640751845457487,-1.3782932422570229,0,-0.07541011744386461,0
2020-07-01,0.9836784692076606,2.282277796228602,0.3637765250997332,2.405179276836314,0.7112896256408874,0,-0.054751026358691224,1
2020-07-02,-1.1433924918010874,2.239286186064195,-0.5791273500703197,2.3496878963614165,0.8588350078492013,0,-0.04299161016440678,1
2020-07-03,-0.396541210726653,2.2299726076020536,-0.2466310985323734,2.3002008705026604,-0.6173973099944163,0,-0.009313578462141425,0
2020-07-04,0.4959953765061087,2.183399193980372,0.1568911421544866,2.254392921292503,-0.6370716202106053,0,-0.04657341362168177,0
2020-07-05,-0.6431364974035958,2.137923065184122,-0.3725933330151597,2.2145717698118688,-0.703396354217567,0,-0.04547612879624996,0
2020-07-06,3.269036405452752,2.113902014496567,1.4738606618961,2.1808966134654617,1.5819615820275246,0,-0.02402105068755489,1
2020-07-07,-1.322747502849353,2.3458451169247083,-0.6292772167191952,2.2022083996375645,1.402606570979259,0,0.2319431024281413,-1
2020-07-08,1.8849585054621087,2.333876487487963,0.7419069224792028,2.2229891756147464,3.684106287168021,0,-0.01196862943674537,1
2020-07-09,-1.6076772716191456,2.3453857441869217,-0.7508857164189071,2.2553864856560564,1.5804336390427665,0,0.011509256698958747,0
2020-07-10,0.0090516130406115,2.357774592361657,-0.0612390050391143,2.299356791091564,2.232621749486974,0,0.0123888481747354,0
2020-07-11,-0.4153644618959617,2.28643319435803,-0.2487734373708695,2.333863027063856,-1.45177911786174,0,-0.07134139800362727,0
2020-07-12,0.390491608833976,2.23276957777481,0.1061695877668132,2.3112479192338764,0.2614599938215889,0,-0.05366361658321983,1
2020-07-13,-0.355135786885441,2.178842401335166,-0.2334153079438584,2.280241102003317,-1.9786342985259608,0,-0.053927176439644064,0
2020-07-14,-0.0043316313902863,2.138077850421853,-0.0737910523428789,2.238779523250303,-0.3752886582971015,0,-0.04076455091331299,0
2020-07-15,-0.54650618081169,2.0961472921131032,-0.3339200287253789,2.186454063200592,-0.9308464521494032,0,-0.0419305583087497,0
2020-07-16,-0.661493946327596,2.0739543293002014,-0.3929369697286995,2.143958290189027,-1.1769759365810373,0,-0.02219296281290184,0
2020-07-17,0.2096417007004802,2.0602473676618924,0.0272794026578079,2.109453848166443,-1.357825844714533,0,-0.013706961638308979,0
2020-07-18,0.0835311927582793,2.028570804910944,-0.0344617946072295,2.079399528881599,-0.9191588650708128,0,-0.031676562750948545,0
2020-07-19,0.2919331794375424,2.001472710188714,0.0691959453402396,2.052078500834971,-0.6228940542429839,0,-0.027098094722229682,0
2020-07-20,-0.2352685560559564,1.9787368426754195,-0.1964424631189123,2.028596410947434,-0.3116564294872503,0,-0.022735867513294705,0
2020-07-21,2.272657241900866,1.9634775892217704,1.0793185877703249,2.006501062931748,2.622494758741212,0,-0.015259253453649091,1
2020-07-22,1.5923467431186111,2.0833943211267214,0.6906553144279919,2.011130453624714,4.005199801159343,0,0.119916731904951,-1
2020-07-23,0.5831453188376301,2.109856739183313,0.2036659303326057,2.027387640479188,4.504813927238693,0,0.026462418056591552,0
2020-07-24,-0.4621806400933792,2.0766054458355385,-0.2964549787304552,2.0424141876085526,3.750700107707772,0,-0.033251293347774435,1
2020-07-25,1.4595935230039103,2.053945975319871,0.6359242918339922,2.057456014137443,5.445562186767639,0,-0.0226594705156673,1
2020-07-26,2.329289732455919,2.074499911106931,1.0488553591268008,2.079660478514475,5.502194677322692,0,0.020553935787059885,-1
2020-07-27,10.400866598506298,2.179291962834513,4.702181896726934,2.098840006856033,14.310714532710378,0,0.10479205172758199,-1
2020-07-28,-0.7126663372122977,4.184813306684782,-0.2069640045858512,2.513831320356327,13.01490287666045,2,2.0055213438502686,-1
2020-07-29,1.7048707177252709,3.926371831933168,0.3951310270525431,2.883784597575853,15.1819542344791,2,-0.2584414747516135,-1
2020-07-30,0.0967607474507303,3.721572421662508,-0.0152297548753042,3.2173098868443804,13.81912145892592,2,-0.20479941027066006,-1
2020-07-31,1.892242337372707,3.497134301304812,0.4972079435269619,3.501836764883957,13.382074063842708,1,-0.22443812035769595,0
2020-08-01,3.779203373214735,3.3517609193773943,1.0817489902307516,3.736330556192533,6.760410838551145,1,-0.1453733819274179,0
2020-08-02,-6.191185712282632,3.412271848125754,-1.8593551093975305,3.581822264480727,1.281891463480811,1,0.06051092874835984,0
2020-08-03,1.7286053356240672,3.916372354221958,0.4022002531865112,3.5798223689384856,1.3056260813796072,2,0.5041005060962038,-1
2020-08-04,-0.3603747001553969,3.71389485189611,-0.1383491196786076,3.5782868549852056,0.8484906337734799,2,-0.20247750232584805,-1
2020-08-05,4.716003790353618,3.494844206431139,1.305512960713482,3.577828836010471,3.672252086754391,1,-0.219050645464971,0
2020-08-06,0.2784144331386073,3.663163303912336,0.0341167017647803,3.640109312917459,0.1714631466782634,1,0.16831909748119722,0
2020-08-07,-1.525190204918836,3.444863189254491,-0.4872848342245643,3.646627581143207,4.837458654042059,1,-0.21830011465784516,0
2020-08-08,1.3065469924047337,3.301869955730588,0.3492286566950056,3.5237271014449325,4.415400310822726,1,-0.14299323352390303,0
2020-08-09,-0.6684391826166092,3.1469820520210305,-0.2611640461286175,3.4103445414699167,4.107335828361514,1,-0.1548879037095574,0
2020-08-10,1.7184200904589275,2.9964723256551293,0.5222743737282565,3.310670165314715,1.1097521284668233,1,-0.1505097263659012,0
2020-08-11,-4.016111286278701,2.901170082172196,-1.4371962178584758,3.158271520966687,-3.184773590950485,1,-0.09530224348293315,0
2020-08-12,1.5169300755772497,3.128411182168072,0.4358412666997859,3.094981119549403,-0.1426533104543992,1,0.22724109999587583,-1
2020-08-13,1.7048853955415666,3.004430396923996,0.5163860723638762,3.0354932077880843,0.2556850926824339,1,-0.12398078524407596,0
2020-08-14,-0.1296361228176223,2.90721895748287,-0.0973698610737106,2.987540588880453,0.7944881524814207,1,-0.09721143944112587,0
2020-08-15,0.8193734253124418,2.771099885965574,0.2403139798394737,2.942466100942541,-0.104558512665065,1,-0.13611907151729596,0
2020-08-16,0.2281749965851176,2.659115810492843,0.0281054375694616,2.894055246606671,4.139727770198753,1,-0.11198407547273126,0
2020-08-17,2.9951760409884898,2.55011316950424,1.1143570770851716,2.7783956440739046,5.6179737356099935,0,-0.1090026409886029,1
2020-08-18,-2.1709414754999656,2.649571032465197,-0.877266859503922,2.707423771182145,1.7421468645684612,1,0.09945786296095704,0
2020-08-19,-1.9617886991365907,2.669638064198854,-0.7923276606990929,2.659907592525342,-0.090005711750507,1,0.020067031733657092,0
2020-08-20,1.0161327741759152,2.665040576210514,0.3237074131979098,2.6386957305743297,0.1067536371129662,1,-0.004597487988340365,0
2020-08-21,-2.43618627931248,2.5731246271305444,-1.0064128395458558,2.62149749390187,-2.557607638784632,0,-0.09191594907996947,0
2020-08-22,0.7676821280393042,2.636413779643292,0.2329841960312728,2.63875761592968,-4.785101551733817,1,0.06328915251274747,-1
2020-08-23,-0.1454386426972931,2.539179099393697,-0.1177065556155537,2.6166792293153804,-2.7595987189311444,0,-0.0972346802495947,0
2020-08-24,0.936445863523616,2.446775179892109,0.3200157034349188,2.572106652454031,0.1386358437290624,0,-0.09240391950158822,1
2020-08-25,-3.5306004408532488,2.3795345889721604,-1.5482186479280855,2.515005455006361,-4.4080973713001015,0,-0.0672405909199485,0
2020-08-26,1.0696334763965254,2.6436376616066397,0.346565683534852,2.5291080619015798,-0.902277615591096,1,0.2641030726344793,-1
2020-08-27,-1.446347767396183,2.5567045064537743,-0.6257223494311741,2.513166207263676,-3.116307511026584,0,-0.08693315515286537,0
2020-08-28,1.9164718595602537,2.5233446859147937,0.6986887230341878,2.5099993245678958,-1.0543970087690369,0,-0.03335982053898068,0
2020-08-29,-0.3092041247453991,2.508368073025075,-0.1844400400818357,2.522317903194488,-2.300046997038052,0,-0.014976612889718854,0
2020-08-30,1.7627931208673786,2.42295862291756,0.6642101612722396,2.5310027099835684,2.993346564682575,0,-0.08540945010751466,1
2020-08-31,-0.2623558191723774,2.410063672010273,-0.1725245715225849,2.484287912064296,1.6613572691136724,0,-0.012894950907287317,1
2020-09-01,2.449528784504018,2.336059628101617,0.9828898944615452,2.440158936393864,5.557233821013874,0,-0.07400404390865578,1
2020-09-02,-4.759982836281473,2.4063109158826474,-2.041890009738225,2.4167521823874347,-1.1192208748278532,0,0.0702512877810304,-1
2020-09-03,-10.8024907829682,2.898743136202351,-3.7795450136036983,2.4948271950228897,-11.612507533050652,1,0.49243222031970335,-1
2020-09-04,2.568095890557487,4.738650707890632,0.5095662576170352,2.957965612017504,-10.807204763360543,2,1.8399075716882813,-1
2020-09-05,-3.310004713411807,4.496572211217466,-0.770240959981694,3.375267319858943,-13.854853657599977,2,-0.24207849667316594,-1
2020-09-06,1.0834787536524004,4.369437757764092,0.2128510398887048,3.781942945791438,-15.220903688451592,2,-0.12713445345337426,-1
2020-09-07,0.8640468391536871,4.09448596045011,0.1735523000528805,4.11957795470493,-9.596874013016432,2,-0.27495179731398167,-1
2020-09-08,-2.322390559011112,3.841135033537023,-0.6445568615989639,4.308056334171865,-1.1167737890593443,2,-0.25335092691308736,-1
2020-09-09,1.0879835709758368,3.708185044172304,0.252021993686966,4.1019632014282,-2.5968861086409945,2,-0.13294998936471902,-1
2020-09-10,1.1724294913523892,3.500486764290825,0.2910995460871245,3.902746112042871,1.8855480961232016,1,-0.20769827988147904,0
2020-09-11,0.3638635248421451,3.317967210529405,0.0634195964899929,3.692452002595933,1.1659328673129463,1,-0.18251955376141993,0
2020-09-12,0.3958714499077587,3.13603904970838,0.0773051811159557,3.500762620447587,0.6977574780670182,1,-0.18192816082102503,0
2020-09-13,-1.1404867595945944,2.973983934280608,-0.4350817527502655,3.327332400596304,1.8796612774835355,1,-0.16205511542777185,0
2020-09-14,3.400365092776348,2.864896914886733,1.1333481818215354,3.15867477473919,4.192042799284046,1,-0.1090870193938751,0
2020-09-15,1.0812510742823631,2.9605758113220024,0.3133889318256369,3.050692584145425,4.10086438221402,1,0.0956788964352695,0
2020-09-16,1.6347532426243203,2.835477555220191,0.5224212960930827,2.954194653083583,5.371754099996196,1,-0.12509825610181124,0
2020-09-17,-0.2364091830582282,2.755376032850318,-0.1414865200225645,2.8780620497119704,4.7394734670302086,1,-0.08010152236987311,0
2020-09-18,-0.0402336913788659,2.63846132709871,-0.0734037950729315,2.8109575282755914,5.839726535245937,1,-0.11691470575160823,0
2020-09-19,1.3590771382837374,2.5327025528671494,0.4760281675144011,2.744518655871674,3.798438580753327,0,-0.10575877423156044,1
2020-09-20,-1.4167885530092406,2.4753743944032,-0.6343395729320199,2.647478372487914,1.3003989534617233,0,-0.05732815846394956,1
2020-09-21,-4.4493310828050525,2.451519010986356,-1.8775177534260663,2.5706866636411467,-4.78368537196765,0,-0.02385538341684379,0
2020-09-22,0.7256944592073822,2.8675895261390365,0.1995596199552771,2.5931293622988902,-3.82158172970204,1,0.41607051515268045,-1
2020-09-23,-2.8125828810468434,2.741570853073444,-1.0818696372209824,2.613751267493837,-6.593930919370017,1,-0.12601867306559233,0
2020-09-24,4.89361364351204,2.822286366248183,1.6795511316699114,2.671668030170044,-3.059394414141714,1,0.0807155131747388,0
2020-09-25,-0.6278889783731145,3.1675793835088277,-0.2466641769498307,2.810109027991169,-2.270494839505588,1,0.34529301726064476,-1
2020-09-26,0.5410230472936206,3.013419142860124,0.1286192347415736,2.922489054365923,2.719859290593085,1,-0.1541602406487037,0
2020-09-27,0.2280583189740781,2.866853399957822,0.0260281658601145,2.9223418291296803,2.222223150359781,1,-0.14656574290230218,0
2020-09-28,-0.6108227146349066,2.733656912804517,-0.2795749877164272,2.9207590410758946,4.423983316771718,1,-0.13319648715330468,0
2020-09-29,1.2525583307516186,2.629475241469266,0.4179993522031124,2.8821968161201115,0.7829280040112963,0,-0.10418167133525102,1
2020-09-30,-0.5561903231040333,2.553269607451915,-0.2779297980190838,2.759334860908729,0.8546266592803775,0,-0.07620563401735136,1
2020-10-01,-1.542167540122108,2.4695139793383536,-0.6866156407665882,2.650553828204375,-1.228563928135351,0,-0.08375562811356119,0
2020-10-02,-0.4102545378275479,2.45683615972275,-0.2294389549665788,2.5685503801573604,-1.8668767849369767,0,-0.012677819615603436,0
2020-10-03,-0.2522616697699931,2.380626021209606,-0.1704178015945559,2.4979442018383784,-1.5083157400720637,0,-0.07621013851314418,0
2020-10-04,1.1334718114117237,2.310196749857535,0.4242203302765522,2.434088503516032,-1.6274022594119586,0,-0.07042927135207089,0
2020-10-05,1.1532279024732972,2.270730865541304,0.4402937109200838,2.3775807551339097,0.0820159661653718,0,-0.039465884316231215,1
2020-10-06,-1.765966406225239,2.2379267403025374,-0.8576714129387024,2.331263307326746,-0.141782899937759,0,-0.032804125238766524,0
2020-10-07,0.6069812450622436,2.2836331475380987,0.1986053943768717,2.296622704889816,0.8754528829520325,0,0.0457064072355613,0
2020-10-08,2.28613846473138,2.227081778016874,0.9576204621669164,2.2659138562512697,3.4138530174534054,0,-0.056551369521224526,1
2020-10-09,1.353719392318986,2.298006777081846,0.5223135201802297,2.263475861696132,3.634100598360668,0,0.07092499906497185,-1
2020-10-10,2.074267777372718,2.2733413972028726,0.8449361792086175,2.2639979680284457,4.555140473260089,0,-0.024665379878973326,1
2020-10-11,0.7744148940002304,2.313142204875175,0.2684553978169265,2.2790410609429737,7.095521773485558,0,0.03980080767230243,-1
2020-10-12,1.4924866101628351,2.2575901131895058,0.5931312416529398,2.273832454073255,7.98102713858615,0,-0.055552091685669325,1
2020-10-13,-1.1267025530866448,2.248568503360256,-0.5693141811587888,2.278129799141931,4.568186120768125,0,-0.009021609829249932,1
2020-10-14,0.0315673400464788,2.2366622366830446,-0.0544883537344464,2.2658608910621707,3.246034068495618,0,-0.011906266677211175,1
2020-10-15,0.5744241377636072,2.181042300013789,0.1930199861678991,2.247401071624354,1.746190428886507,0,-0.055619936669255576,1
2020-10-16,-1.518396829079549,2.137620661802282,-0.7821014467802367,2.212296763009776,-0.5466212941932724,0,-0.04342163821150713,0
2020-10-17,0.3172679849896553,2.1758609148686605,0.0752936921136807,2.195950923345607,-1.7218399193664524,0,0.03824025306637857,0
2020-10-18,1.0967693217915908,2.128796261289283,0.4431283330218413,2.171996474931412,0.5016319555117832,0,-0.0470646535793775,1
2020-10-19,2.2276341465063965,2.113581006343757,0.9813651604066804,2.1473802288635544,2.6976987619717008,0,-0.015215254945526002,1
2020-10-20,1.473482660524894,2.1986858081501826,0.600378313467235,2.150908930490833,3.596757284732988,0,0.08510480180642555,-1
2020-10-21,7.338405430586903,2.197284621458756,3.2699296109547853,2.162841722422128,12.45355954439944,0,-0.001401186691426748,1
2020-10-22,1.1027987566796682,3.314295175596229,0.2864438208421008,2.3905285745676417,13.239090316089452,1,1.1170105541374733,-1
2020-10-23,-0.2652970455377712,3.14960790904037,-0.1329487481661473,2.5946909041178587,11.87702394876009,1,-0.16468726655585897,0
2020-10-24,1.355828284978422,2.9884833951335708,0.4023408340675549,2.7696713818758214,11.005218087232116,1,-0.16112451390679938,0
2020-10-25,-0.5883025247511497,2.872706722714771,-0.2582031441182169,2.904475564788739,8.943432901956072,1,-0.11577667241879963,0
2020-10-26,0.3376507193094014,2.751097358214025,0.0669592210453963,3.015238112139793,1.9426781906785704,1,-0.12160936450074633,0
2020-10-27,4.332755896265361,2.631917903426213,1.5879357436040888,2.87876265770579,5.172635330264264,0,-0.11917945478781178,1
2020-10-28,-2.844584941845696,2.9220588993361485,-1.0259972260347483,2.833252855764946,2.593347433956339,1,0.2901409959099355,-1
2020-10-29,1.247510345864811,2.9753084272576773,0.3677168231227262,2.8306178621897677,2.485029494842728,1,0.053249527921528816,0
2020-10-30,0.8052075583307783,2.855755138101248,0.2282297128530379,2.8272275452670628,3.878539577924656,1,-0.11955328915642927,0
2020-10-31,1.7160608140629918,2.7333152029111374,0.5716945594914804,2.8236711142064848,5.256949672678246,1,-0.12243993519011065,0
2020-11-01,-0.3189593193523521,2.672459036338345,-0.1767655541627868,2.831779340788912,0.6052344570605328,1,-0.06085616657279225,0
2020-11-02,-1.367823012311753,2.5671100573497783,-0.592597263658267,2.760789572391637,2.081996386594476,0,-0.10534897898856688,1
2020-11-03,2.907841515337317,2.526269292290517,1.0903042445077635,2.670981745398205,3.742327556066982,0,-0.04084076505926104,1
2020-11-04,1.3061444695718905,2.6187015070613007,0.4401819311136801,2.623571019190216,4.243264467308094,0,0.09243221477078345,-1
2020-11-05,9.741581080424488,2.546826155872944,3.7647413331023913,2.586273209782577,12.268784733669593,0,-0.07187535118835653,1
2020-11-06,-0.0896930308048382,4.167098174424763,-0.058345736964007,2.8852010373998604,12.498051022217105,2,1.6202720185518187,-1
2020-11-07,-4.817614127429692,3.899492349371518,-1.2747950413120366,3.1516774958042086,9.048259907099164,2,-0.26760582505324493,-1
2020-11-08,4.261566759184454,4.053097397891854,1.013577265164632,3.4570431169244755,10.401985150946302,2,0.15360504852033596,-1
2020-11-09,-0.9558200327299816,4.061008744527343,-0.2731487385758953,3.745504564417684,8.14002064864443,2,0.007911346635489203,-1
2020-11-10,-0.2704687109615022,3.822732384546252,-0.1108913864487434,4.000685810152346,-1.8720291427415603,2,-0.2382763599810911,-1
2020-11-11,2.6488015591814573,3.5911690766246043,0.6948606770538202,3.885499990592314,0.8664654472447353,1,-0.2315633079216477,0
2020-11-12,3.596670089126341,3.4918643222066894,0.9860723064311512,3.8039743851593486,9.28074966380077,1,-0.09930475441791486,0
2020-11-13,0.2544313205715909,3.506312680965449,0.0288028896956333,3.694617441774068,5.273614225187906,1,0.014448358758759383,0
2020-11-14,-1.5418716403051036,3.3039959073961103,-0.5131092988624573,3.5432148743478207,4.687562617612784,1,-0.20231677356933853,0
2020-11-15,-0.702924092609436,3.179015385507202,-0.2693800979060529,3.4144714745400107,4.25510723596485,1,-0.1249805218889084,0
2020-11-16,4.656389869041355,3.0260850635637384,1.488044913236844,3.301454671927838,6.262695545824748,1,-0.15293032194346345,0
2020-11-17,5.410247584413774,3.2817110420775024,1.6018498075633694,3.2594240159020003,8.07627304111218,1,0.255625978513764,-1
2020-11-18,0.8947999876362189,3.611188809101266,0.2052954424826605,3.280399241529164,8.716641708176809,1,0.3294777670237634,-1
2020-11-19,0.0734620016881848,3.407878786091706,-0.0234683762290968,3.301175817268283,10.331975350170095,1,-0.2033100230095597,0
2020-11-20,4.414876269819423,3.2157342555771304,1.3251831612781315,3.3085195912822685,15.449775712598957,1,-0.1921445305145757,0
2020-11-21,0.1122704235179128,3.392374957088353,-0.0121357338696913,3.381777569987192,10.905656267075514,1,0.17664070151122235,-1
2020-11-22,-1.4710561659747157,3.201764726234895,-0.5073750534657113,3.36578830681867,4.024352516687024,1,-0.19061023085345763,0
2020-11-23,-0.0320185099710101,3.0846750028970886,-0.0601223444869145,3.260485545577835,3.097534019079795,1,-0.11708972333780654,0
2020-11-24,3.968026776556144,2.927735177825881,1.3029140826205097,3.1644568239246693,6.992098793947754,1,-0.15693982507120774,0
2020-11-25,-1.9839332374637308,3.093167649449734,-0.6909979874603001,3.1399435026991904,0.5932892866646,1,0.16543247162385333,0
2020-11-26,-8.82052536237854,3.029195687279432,-2.962490928944092,3.067307648737406,-8.339506499231852,1,-0.0639719621703021,0
2020-11-27,-0.2464794256027858,4.269513003431721,-0.0936684836103519,3.2808573041767715,-7.1149297588599225,2,1.2403173161522885,-1
2020-11-28,3.497829330026647,3.99355012448155,0.8374478452996704,3.462632328493663,-3.585081918862265,2,-0.2759628789501707,-1
2020-11-29,2.563570470241139,3.922232222737295,0.6144794469552812,3.661531737475946,-4.98953822517727,2,-0.0713179017442549,-1
2020-11-30,7.666315234015286,3.7739724008656177,1.9907076822047645,3.7976926877591226,4.660710246301747,2,-0.1482598218716773,-1
2020-12-01,-4.283053060242814,4.419689920370429,-1.003801742511004,4.075791534377322,9.198182548437472,2,0.645717519504811,-1
2020-12-02,2.0950814137307816,4.411623482618285,0.4401196154199179,4.104213630214636,11.53974338777104,2,-0.00806643775214333,-1
2020-12-03,1.2643316046181852,4.175716857420642,0.2660362901427769,4.140646976802453,9.306245662362578,2,-0.23590662519764383,-1
2020-12-04,-3.909946752423288,3.92580270256901,-1.0350459367068006,4.141361072768797,2.832728439698151,2,-0.2499141548516315,-1
2020-12-05,2.401261307587532,3.94823716427852,0.5693229233393696,4.176214025451377,-2.432325486729603,2,0.0224344617095098,-1
2020-12-06,0.9916644389898366,3.7844928860105154,0.2214893992547895,4.049174618579395,2.842392012503048,2,-0.16374427826800453,-1
2020-12-07,-0.7965956561317711,3.565857169435406,-0.2664254327005296,3.8800213559428185,-0.0492850573595049,1,-0.21863571657510938,0
2020-12-08,-4.6418459556244684,3.3737781689877453,-1.4213398447137884,3.719633618256239,-5.955462617602159,1,-0.19207900044766069,0
2020-12-09,1.262504102957962,3.603507832237938,0.3077736393001929,3.655174644190025,-0.7830117622209087,1,0.22972966325019284,-1
2020-12-10,-1.5694640220806022,3.413337199301433,-0.5047562853199944,3.548194651194608,-4.753737091889043,1,-0.19017063293650516,0
2020-12-11,-1.1347356530151842,3.27693298914717,-0.3931038689118198,3.4466826718219385,-6.880137183894064,1,-0.13640421015426307,0
2020-12-12,4.041245632345891,3.1313944892784424,1.241557479414995,3.3597901357905458,-2.0422958954164017,1,-0.14553849986872747,0
2020-12-13,1.7853539827285658,3.268003846158636,0.4993612848600077,3.338635271224724,4.384904042936633,1,0.13660935688019338,0
2020-12-14,0.5431863337978626,3.1432865938235763,0.1239934504796209,3.246591023541852,3.665586273776533,1,-0.12471725233505948,0
2020-12-15,0.8816158477202407,2.9823701438653942,0.2441603253153285,3.160397612454644,6.116666143577376,1,-0.1609164499581821,0
2020-12-16,9.305159757677828,2.847545964118298,3.21389733118081,3.0745202074488693,16.556561554270388,1,-0.13482417974709637,0
2020-12-17,6.778242711074967,4.21009425864738,1.573552258191018,3.2902601613226565,19.293558632999463,2,1.3625482945290819,-1
2020-12-18,1.4487680725324026,4.574319695852195,0.2831740620410967,3.551523331261369,18.9569727228033,2,0.3642254372048148,-1
2020-12-19,3.1140804146840395,4.291069761995352,0.6899540664013806,3.7810799648957234,21.52786680368948,2,-0.28324993385684216,-1
2020-12-20,-1.658162294561727,4.143350465319614,-0.4372310990606305,4.013276029186568,18.98808866140751,2,-0.14771929667573858,-1
2020-12-21,-2.913807693232684,3.929047668969823,-0.780659165995877,4.229576370156873,6.769121210496998,2,-0.214302796349791,-1
2020-12-22,4.20765679457773,3.8383176464516304,1.0562485403318165,4.155221047717722,4.198535293999761,2,-0.0907300225181924,-1
2020-12-23,-2.303943666300867,3.873699496186803,-0.6343762730958381,4.015097007784644,0.4458235551664913,2,0.035381849735172555,-1
2020-12-24,2.105790865039303,3.735189029176244,0.5226914800310738,3.903920861220823,-0.5624659944782451,2,-0.1385104670105588,-1
2020-12-25,3.838601817057885,3.575776374887355,1.0305908556685497,3.7904060431343702,4.934298117141367,1,-0.1594126542888894,0
2020-12-26,6.938918605018252,3.606700345287003,1.8813537505830569,3.725936578397807,14.787024415392304,1,0.030923970399648226,0
2020-12-27,-0.6250988870124985,4.148001081157752,-0.1876899872886587,3.787873265339032,9.954268733802074,2,0.5413007358707493,-1
2020-12-28,3.0458043294242287,3.890945845972391,0.7433578005807614,3.791322535296149,15.30401672952717,2,-0.2570552351853612,-1
2020-12-29,1.01981764862753,3.7884325474084544,0.228690429248067,3.801971238942591,14.218043513115395,2,-0.10251329856393676,-1
2020-12-30,5.262518188935061,3.57021991645105,1.4310263584071763,3.80085994725533,15.641959884992572,1,-0.2182126309574044,0
2020-12-31,0.5558802229053583,3.810719781235732,0.1056075657159742,3.841663834445076,9.25892150287968,2,0.24049986478468188,-1
2021-01-01,1.2759952848226064,3.580060979956645,0.3135577600281149,3.728075814204855,11.160015674714783,1,-0.23065880127908667,0
2021-01-02,8.95900111488075,3.3929774808309934,2.595231410006525,3.628482141176575,17.073212460171305,1,-0.1870834991256518,0
2021-01-03,2.017517240339295,4.453380428762906,0.418575930570964,3.761471717447465,18.07091205188307,2,1.0604029479319128,-1
2021-01-04,-2.5022467355816147,4.208666871372324,-0.6310041160133483,3.8891611084317206,10.306147127366394,2,-0.24471355739058254,-1
2021-01-05,6.128001171320463,4.045253338783253,1.4769314274725185,3.936067819941224,15.8782680757815,2,-0.16341353258907088,-1
2021-01-06,8.002182823087978,4.331598783291769,1.8119737844094683,4.086375380608249,22.60445561404687,2,0.28634544450851607,-1
2021-01-07,6.687092425852725,4.89790274400733,1.3339695343406772,4.387360433243517,20.33254692501885,2,0.5663039607155609,-1
2021-01-08,3.559288987944953,5.105744409074201,0.667062299222921,4.517833229305776,21.874318672624504,2,0.20784166506687107,-1
2021-01-09,-1.340052262051472,4.8974301356885865,-0.3049541502085823,4.655585882169028,23.036513146154647,2,-0.20831427338561426,-1
2021-01-10,-4.83004859568652,4.589883611308172,-1.0857547600100277,4.764511936674012,12.078463379147664,2,-0.30754652438041497,-1
2021-01-11,-7.551390060372576,4.625400926016183,-1.6657646692244732,4.823272365218894,-3.47510950431289,2,0.03551731470801123,-1
2021-01-12,-4.73164778588302,5.092754652226384,-0.9592229554845654,4.862242746862705,-14.893849716048637,2,0.46735372621020144,-1
2021-01-13,9.53397207362574,5.0386383929389,1.8617197661154223,4.848821543635645,-8.919166630367847,2,-0.054116259287484425,-1
2021-01-14,4.892161277885165,5.731189924286935,0.8268303715814141,5.015573501355314,-2.68695309043121,2,0.6925515313480348,-1
2021-01-15,-6.21664989723083,5.572420229600209,-1.1431458895682016,5.212080825013722,-4.07355439197552,2,-0.15876969468672542,-1
2021-01-16,-1.773184714361875,5.63687291136885,-0.3417895219279228,5.414375222084255,1.7046509540351806,2,0.06445268176864083,-1
2021-01-17,-1.0750872199338346,5.2754818067604905,-0.2328747682425574,5.450920652991077,5.361211519984366,2,-0.36139110460835955,-1
2021-01-18,2.316538885922803,4.92209263763357,0.4394674505312499,5.427611501930011,-1.856221667718572,2,-0.3533891691269204,-1
2021-01-19,-1.5413522880193042,4.644790418743376,-0.3648801169507157,5.210331600821299,-8.289735233623041,2,-0.2773022188901937,-1
2021-01-20,-1.4579216975338485,4.371462263213788,-0.3686091709579484,4.970140007544016,-3.531007033926059,2,-0.27332815552958856,-1
2021-01-21,-14.252813081835924,4.122336006094418,-3.494681763864279,4.667232626489129,-16.01063540140011,2,-0.24912625711936975,-1
2021-01-22,6.83334114753027,6.365701273083509,1.049358346831632,4.885276519753733,-8.102207033936004,2,2.243365266989091,-1
2021-01-23,-2.8834641394270832,6.346210667354779,-0.4785380886002426,5.170100125697974,-13.30221005928589,2,-0.019490605728730515,-1
2021-01-24,0.6890847351744611,5.97431307881206,0.0896580652746151,5.436004657711711,-11.071773036092123,2,-0.37189758854271826,-1
2021-01-25,0.238226863679003,5.542353224794697,0.0152981011957788,5.670182850027892,-9.375624474879274,2,-0.4319598540173635,-1
2021-01-26,0.6266383460683755,5.14591092873732,0.0919563065583694,5.874897834556473,5.503826953025026,2,-0.39644229605737724,-1
2021-01-27,-6.787434522440883,4.788262658928133,-1.4495599761392288,5.559410111725398,-8.116948716946126,2,-0.35764826980918674,-1
2021-01-28,9.502025954716942,5.0842156486480565,1.8387470590511796,5.307011107984053,4.268541377197899,2,0.29595298971992356,-1
2021-01-29,2.509007084781878,5.758680577597059,0.4090464247595844,5.263884607741053,6.0884637268053154,2,0.6744649289490026,-1
2021-01-30,-0.1366557312902472,5.406501880207471,-0.0536567120295642,5.236714338823608,5.713581131836065,2,-0.3521786973895882,-1
2021-01-31,-3.428942338957164,5.023277499457654,-0.7131562456040471,5.212187652967675,1.6580004468105258,2,-0.3832243807498168,-1
2021-02-01,1.2687542067995494,4.840612626684391,0.2304077829876151,5.222657646518926,9.714189176050958,2,-0.18266487277326338,-1
2021-02-02,5.716793887942018,4.525232879911695,1.2294073371241037,5.110861092771654,5.928957109276034,2,-0.3153797467726953,-1
2021-02-03,5.3773897801539405,4.653165571098217,1.1226659178898866,4.889758091471885,8.797339804648097,2,0.12793269118652173,-1
2021-02-04,-1.4678676703823612,4.710804522287351,-0.3441677628301315,4.750618619887861,7.466127865555983,2,0.057638951189133536,-1
2021-02-05,3.245885330843379,4.427339925135386,0.6984884829157253,4.631431105023408,14.140955535356523,2,-0.2834645971519647,-1
2021-02-06,2.898274128113165,4.274294682740497,0.6421725567994648,4.518167516234629,15.77047545667014,2,-0.1530452423948887,-1
2021-02-07,-0.927658818340582,4.110215302302426,-0.263027146270981,4.435164000712776,9.12602275038754,2,-0.16407938043807135,-1
2021-02-08,17.18205618881239,3.86592086584195,4.404802218299008,4.2777150596615225,20.93068915904599,2,-0.24429443646047577,-1
2021-02-09,0.6142619385451908,6.998180376292928,0.0658489108001464,4.735190230462638,23.012818767973545,2,3.132259510450978,-1
2021-02-10,-3.420320342962846,6.47528982629079,-0.5519073002162945,5.144780210693718,16.346613094167317,2,-0.5228905500021384,-1
2021-02-11,6.446761605839413,6.1260892288071815,1.027298491354402,5.515139119907055,19.895100571893565,2,-0.3492005974836081,-1
2021-02-12,-0.8478464657924789,6.093126887538245,-0.164330378713049,5.911721436954219,19.974912924441668,2,-0.03296234126893616,-1
2021-02-13,-0.844174525182062,5.658388301471788,-0.1763070781314032,6.270214924080187,1.9486822104472168,2,-0.434738586066457,-1
2021-02-14,3.3643879906238183,5.263120394845062,0.6100845822537945,5.923202927790614,4.698808262525844,2,-0.3952679066267262,-1
2021-02-15,-1.5978235928811202,5.020367923657912,-0.3488316001326985,5.632218547264039,6.52130501260757,2,-0.24275247118715004,-1
2021-02-16,2.583526074074882,4.711730911039672,0.5157524350972171,5.3493468837105365,2.6580694808430394,2,-0.30863701261823984,-1
2021-02-17,5.821415216952097,4.473642073120046,1.266971237557176,5.025449920826896,9.327331163587615,2,-0.23808883791962643,-1
2021-02-18,-0.9038226589304088,4.626541528587113,-0.2285210314402226,4.81908056624996,9.267683029839269,2,0.1528994554670673,-1
2021-02-19,7.828513543693205,4.330128899915038,1.7724816830881078,4.632482267263956,13.731808582908656,2,-0.2964126286720754,-1
2021-02-20,0.3775183520378533,4.862680771697809,0.0460813652746267,4.600944836871936,15.707150527827627,2,0.5325518717827711,-1
2021-02-21,2.535215971053262,4.528926925715295,0.5259030730538324,4.56438403980706,15.658840424806009,2,-0.333753845982514,-1
2021-02-22,-5.966344725525374,4.307861914800829,-1.4206082343731905,4.531228008143216,3.871080482328537,2,-0.22106501091446606,-1
2021-02-23,-10.45852445010098,4.5643061458142205,-2.3249894933135056,4.518780931588639,-5.683621308842035,2,0.25644423101339164,-1
2021-02-24,1.78814957381217,5.660352568433939,0.288800065166454,4.784825665292418,-11.72398527872307,2,1.0960464226197182,-1
2021-02-25,-5.396975925205183,5.284541596572837,-1.0503115941008232,4.869197830267424,-17.498479555966107,2,-0.37581097186110135,-1
2021-02-26,-1.6142075456887284,5.284591273147945,-0.3344907557664554,5.020330699753954,-21.647903072708097,2,4.96765751076822e-05,-1
2021-02-27,-0.3270542479990368,4.950535090820598,-0.0970589284526681,5.148865334957908,-16.00861259518176,2,-0.33405618232734735,-1
2021-02-28,-2.3010476566760474,4.611056054499238,-0.5323047498987622,5.158215316694911,-7.851135801756826,2,-0.33947903632136,-1
2021-03-01,9.490116032713836,4.385804272334081,2.1288402467996157,4.90330565747494,-0.1491693428551599,2,-0.22525178216515673,-1
2021-03-02,-2.555492520849078,5.248556040477954,-0.5161289854086678,4.896108546255963,2.6923140615009444,2,0.8627517681438732,-1
2021-03-03,4.366472769390128,4.970678855962949,0.847577063071119,4.833326062818964,8.672994376579801,2,-0.2778771845150052,-1
2021-03-04,-3.990612219912748,4.85743995107466,-0.8531349115657643,4.814707034869776,5.00943640466609,2,-0.1132389048882887,-1
2021-03-05,0.7511420176536276,4.752188595166587,0.1257741822532471,4.842933543003246,8.061626078995765,2,-0.10525135590807277,-1
2021-03-06,-0.0305027039578575,4.4330129423019375,-0.0414936950411167,4.852375276996818,-1.4589926576759282,2,-0.3191756528646499,-1
2021-03-07,4.583962336068126,4.139434665339601,1.0703207831693853,4.630551001969147,5.680462199241276,2,-0.29357827696233674,-1
2021-03-08,2.010313651550355,4.174852729357437,0.4447759930091735,4.471385776648044,3.324303081401503,2,0.035418064017836315,-1
2021-03-09,4.815684025323463,3.9597105999876185,1.1774205524400445,4.291839906430637,12.130599326637714,2,-0.21514212936981858,-1
2021-03-10,2.137417979802869,4.057085919741732,0.4890156718065817,4.1528193713456645,13.516875288786956,2,0.09737531975411384,-1
2021-03-11,3.1573000390297423,3.862720399928441,0.7776541775848048,4.038760862870966,16.704678031774556,2,-0.19436551981329142,-1
2021-03-12,-0.821687285311512,3.774723896474483,-0.2583305945649704,3.965818709097943,11.299028410394918,2,-0.08799650345395804,-1
2021-03-13,6.59904612617126,3.561406616550226,1.8098485898898808,3.8431294865365,15.887760885015824,1,-0.21331727992425709,0
2021-03-14,-3.22025926592886,4.046744253881276,-0.8336821991843075,3.8605362173152313,7.851817593763499,2,0.4853376373310505,-1
2021-03-15,-5.895520841682256,3.9710894924226823,-1.523249535526143,3.8433369318514217,-0.1811212277216256,2,-0.07565476145859407,-1
2021-03-16,1.5929471547609708,4.286138837653296,0.3358518765028556,3.928020619396393,-1.7454741119903971,2,0.315049345230614,-1
2021-03-17,3.572418708035663,4.03792371223613,0.8467171666695384,3.9806605825487216,2.6486318813567777,2,-0.2482151254171665,-1
2021-03-18,-1.7339151916612394,3.968286949087336,-0.4756093999902537,4.062036649056144,-5.684329436475721,2,-0.06963676314879397,-1
2021-03-19,0.8394319050578858,3.777876346504812,0.1815815180158568,4.008263067580851,-1.6246382654889755,2,-0.19041060258252385,-1
2021-03-20,-0.056587912537509,3.5558969216773657,-0.0590645061842172,3.925224553431788,4.214294663655771,1,-0.22197942482744626,0
2021-03-21,-1.364390413984573,3.3490909288782214,-0.4532065057058075,3.737814971676773,1.2569570949102271,1,-0.20680599279914436,0
2021-03-22,-5.345688104443269,3.207671508432647,-1.714367407376334,3.5717645309160764,-7.661149717568705,1,-0.14141942044557432,0
2021-03-23,0.3840115432943491,3.5995464173708065,0.0640558929864896,3.4980164245727705,-5.543222982613116,1,0.39187490893815946,-1
2021-03-24,-3.655175777765862,3.388420004788359,-1.1240091711083766,3.42012515622948,-10.037830665436864,1,-0.21112641258244746,0
2021-03-25,-2.0485432915554824,3.4670253042983354,-0.6351216046819327,3.402350832753674,-12.029786044454838,1,0.07860529950997641,0
2021-03-26,6.428841931989204,3.3589627869564715,1.868256050104072,3.404325204369324,-4.23655369848106,1,-0.1080625173418639,0
2021-03-27,1.5051908974824002,3.863302895135729,0.3498952971047243,3.53545148170994,2.614325303444609,2,0.5043401081792576,-1
2021-03-28,-0.0406804132703442,3.655604747348129,-0.0531019653025963,3.5466631477054045,2.189633346879916,1,-0.2076981477876001,0
2021-03-29,3.165502939331688,3.438469623273739,0.8759895785499435,3.556673071402481,9.010312063977466,1,-0.21713512407439017,0
2021-03-30,2.0014609919984494,3.4114214175403386,0.5417160129537865,3.545552294050881,13.060316347531398,1,-0.027048205733400277,0
2021-03-31,0.0019359447593458,3.283661767653444,-0.0461385639399345,3.5304920901902763,6.633410360301539,1,-0.1277596498868947,0
2021-04-01,0.2999232878687863,3.1049605840503727,0.0471773797831461,3.3788236279732047,5.428142750687925,1,-0.1787011836030712,0
2021-04-02,0.4870090844088182,2.9455237709404547,0.1132463110691422,3.23680743269167,5.955832248367088,1,-0.15943681310991797,0
2021-04-03,-3.0439981167967645,2.80575089996951,-1.1396013452280649,3.110263688030824,-0.2536688077613647,1,-0.13977287097094448,0
2021-04-04,1.984664313237694,2.905557861521123,0.630248997724542,3.009090976826981,-0.2704654865221201,1,0.09980696155161262,0
2021-04-05,0.5081207326213644,2.841685021578151,0.124813744924146,2.9206956276119223,0.2357193013398983,1,-0.06387283994297199,0
2021-04-06,-1.4763897549620708,2.714102727321829,-0.6005038504027684,2.842524056266213,-1.5405937414909587,1,-0.12758229425632184,0
2021-04-07,-3.752887085316559,2.6608502719236657,-1.468074513518499,2.7855893564628555,-5.780489911216336,1,-0.053252455398163256,0
2021-04-08,3.978767570422725,2.897435849683317,1.3202460332840442,2.803926346405617,1.2422757760031544,1,0.23658557775965106,-1
2021-04-09,-0.1354549836115381,3.0706211172164988,-0.0940833648199365,2.8369389975446926,-0.8778435208460778,1,0.17318526753318197,-1
2021-04-10,2.623419809666494,2.916266942475489,0.8469665072520747,2.8518553817241594,1.237455556199052,1,-0.15435417474100976,0
2021-04-11,0.6862304387404095,2.90984986661979,0.183099156306638,2.891004809583752,3.400075749901532,1,-0.0064170758556989504,0
2021-04-12,-0.5187618998144572,2.7779651822100853,-0.2419761368150093,2.914427791641036,6.6342009354036335,1,-0.1318846844097048,0
2021-04-13,5.852714345026833,2.665354919140573,2.138279941975302,2.868011605532487,8.50814771000774,1,-0.11261026306951205,0
2021-04-14,-0.6219938149170545,3.246973259724933,-0.238817241804476,2.903282034034174,8.021608878702224,1,0.5816183405843596,-1
2021-04-15,0.323225111697667,3.0837971315165693,0.0550573598954046,2.93678807184239,5.721414180733397,1,-0.16317612820836347,0
2021-04-16,-2.7886621874568363,2.926836307198293,-1.0052156191326251,2.9401853599580905,2.246521554536152,1,-0.15696082431827652,0
2021-04-17,-1.454292610140584,2.97237819846544,-0.5408907904633253,2.979067963209162,1.3109908442100249,1,0.04554189126714725,0
2021-04-18,-7.647243109811974,2.8830620116086663,-2.7056936207358087,3.02260938170278,-12.188966610628782,1,-0.08931618685677378,0
2021-04-19,-0.8788979117795748,3.881706852416849,-0.2659493192589126,3.1495561002411634,-12.445870707491302,2,0.9986448408081827,-1
2021-04-20,1.3347500558966274,3.659207189049268,0.3228324092302114,3.2646381117477032,-11.434345763292342,1,-0.22249966336758087,0
2021-04-21,-4.651974554182736,3.4659864672697456,-1.3864491343936023,3.372468143761993,-13.297658130018242,1,-0.19322072177952254,0
2021-04-22,-4.058188374680682,3.6783271120016816,-1.1449845621729196,3.513657926469242,-15.90155389455834,2,0.21234064473193603,-1
2021-04-23,-1.3001302685205829,3.7616893521660457,-0.3864140591160019,3.689383394580718,-9.554441053266949,2,0.08336224016436411,-1
2021-04-24,-2.0620437180109974,3.569897171957438,-0.6206013771482249,3.627021458488836,-10.737586859498371,1,-0.19179218020860755,0
2021-04-25,-2.113272327896709,3.449863710674704,-0.6570438432296045,3.585152762813923,-14.185609243291708,1,-0.12003346128273407,0
2021-04-26,9.74797068019555,3.349339988829759,2.864603572348737,3.561823467125926,0.2143359910865783,1,-0.10052372184494507,0
2021-04-27,1.8548319148653287,4.623559118135927,0.3679832977604348,3.750869868352775,6.12735628063259,2,1.274219129306168,-1
2021-04-28,-0.3794255373735566,4.352724416344918,-0.1224210102886224,3.869076881188549,7.048061011779616,2,-0.2708347017910091,-1
2021-04-29,-2.34296738251345,4.0706127842228765,-0.6132754201953363,3.9692200036416367,6.767137347277163,2,-0.2821116321220414,-1
2021-04-30,7.54151877209619,3.911149845908114,1.8889788629914888,4.061477230688319,16.421928447270062,2,-0.15946293831476233,-1
2021-05-01,0.1347572360312909,4.49383724341162,-0.0041572816593305,4.290376681604691,6.808715003105803,2,0.5826873975035056,-1
2021-05-02,-2.0916047590224807,4.19398270395881,-0.5353012400567765,4.204461398769268,2.862278329217993,2,-0.29985453945281026,-1
2021-05-03,1.000110220540229,4.001405297820386,0.2115933714133077,4.134197575064362,4.241814087131779,2,-0.19257740613842333,-1
2021-05-04,-6.999363622377608,3.7608330720853735,-1.9019198322447048,4.072241632636861,-0.414582152732379,2,-0.2405722257350127,-1
2021-05-05,7.389708647447613,4.335632356905087,1.6690228018848328,4.157138134836255,-0.566392277380956,2,0.5747992848197137,-1
2021-05-06,-1.805509355764201,4.783063261669048,-0.4095594458568732,4.214983338487741,-2.506658869176448,2,0.4474309047639604,-1
2021-05-07,1.687709678143534,4.508904394769005,0.3402756325328546,4.27796767664978,1.2726555679895668,2,-0.2741588669000423,-1
2021-05-08,2.49216197027895,4.242030733883452,0.5513214622456488,4.326092763862393,2.764707317728288,2,-0.26687366088555287,-1
2021-05-09,-0.976562803402814,4.050520777603932,-0.2789770127421996,4.384030304966105,8.787508136703082,2,-0.1915099562795204,-1
2021-05-10,-4.159554115971531,3.814072538773883,-1.1308105588734765,4.279718341339864,-2.761754626716062,2,-0.23644823883004884,-1
2021-05-11,1.5009957344290117,3.887965103190565,0.3465968226257558,4.100698709644167,0.5447504634771505,2,0.07389256441668168,-1
2021-05-12,-14.29671467730369,3.677437242502622,-3.929408745165481,3.934405279190891,-15.439673891970074,2,-0.21052786068794305,-1
2021-05-13,1.144292811009251,6.143862516475575,0.1612753256064576,4.314771635709316,-16.787543051239773,2,2.466425273972953,-1
2021-05-14,0.3300186759766177,5.704322449360799,0.0309553490990085,4.64553197006069,-15.48096157186034,2,-0.439540067114776,-1
2021-05-15,-6.459870319528349,5.293608253048478,-1.2493009279451734,4.941439112915608,-17.78127777541716,2,-0.41071419631232065,-1
2021-05-16,-0.6525257090235215,5.44104630264117,-0.1481268578463734,5.252055352805729,-19.93479921886969,2,0.1474380495926919,-1
2021-05-17,-6.488398448646571,5.061593893452539,-1.312202830104863,5.528886682995712,-12.126482990212573,2,-0.3794524091886311,-1
2021-05-18,-1.4531934084628162,5.2556621239877295,-0.305695601000151,5.351246604498144,-14.72396920968464,2,0.19406823053519062,-1
2021-05-19,-14.810707635188614,4.917629854248991,-3.0429592022755534,5.1939080854757815,-29.86469552084987,2,-0.3380322697387381,-1
2021-05-20,9.72750161239606,6.972800650252952,1.3730583605405955,5.529746564916676,-13.67732358892546,2,2.055170796003961,-1
2021-05-21,-8.913981683679317,7.275056103348763,-1.2463712908947684,5.896548525058195,-21.938779563581257,2,0.30225545309581037,-1
2021-05-22,0.6198237437244458,7.442980935565918,0.0626609640114095,6.372825933480871,-14.83055737121024,2,0.16792483221715582,-1
2021-05-23,-7.654564579833334,6.881614793543958,-1.134617992617346,6.698016467392117,-21.03192854258076,2,-0.56136614202196,-1
2021-05-24,10.722243682664256,6.933047975026591,1.524409514769062,7.101100091547636,4.501022775272112,2,0.05143318148263276,-1
2021-05-25,-0.7878782581023813,7.411784230847348,-0.1270028392580592,7.188896807666515,-6.01435709522633,2,0.4787362558207571,-1
2021-05-26,2.296156581276776,6.859132954699605,0.312388929073802,7.105712177936685,5.195781169729763,2,-0.5526512761477429,-1
2021-05-27,-2.205718107153487,6.390812383196637,-0.3691482942825488,6.895278467462828,2.37023931885183,2,-0.4683205715029688,-1
2021-05-28,-7.3936111501442525,5.976670502904727,-1.2627516490426645,6.7142896093349815,2.6311927485409115,2,-0.41414188029190946,-1
2021-05-29,-3.076569154215214,6.143444261297218,-0.5257650920261665,6.556368866589108,-11.16762008833856,2,0.1667737583924911,-1
2021-05-30,3.021994407898632,5.805379442266518,0.4941201610062816,6.2350879088729405,-7.357747422337546,2,-0.3380648190307003,-1
2021-05-31,4.533591723246566,5.478825429344926,0.7994692286786248,5.959026403802005,-5.120312280367756,2,-0.3265540129215916,-1
2021-06-01,-1.7507853573118126,5.315823305037623,-0.3582182159235028,5.7440285881702025,-4.6653795305260815,2,-0.16300212430730365,-1
2021-06-02,2.3977788702314484,4.984921337644588,0.4502256575443922,5.545678755118175,5.12601048984962,2,-0.3309019673930349,-1
2021-06-03,4.255661695136936,4.705757976953668,0.8717452814284382,5.258141498249465,12.45824133920177,2,-0.2791633606909194,-1
2021-06-04,-6.084038726712571,4.616842055839039,-1.3510269648508364,5.020434020963969,3.352208204590568,2,-0.08891592111462909,-1
2021-06-05,-3.706474257477588,4.831373193437612,-0.7989268239315063,4.890943573782506,-4.887857776133586,2,0.21453113759857256,-1
2021-06-06,0.8693599850188249,4.699894044874992,0.1523269663102637,4.767757721749979,-2.2677124338029486,2,-0.13147914856261966,-1
2021-06-07,-6.633285563534308,4.38784706034818,-1.5467095487551286,4.648342866290698,-11.298776867568703,2,-0.31204698452681257,-1
2021-06-08,-0.2627775063457349,4.741707531035822,-0.0877778493938776,4.655532777107129,-15.817216069051376,2,0.3538604706876427,-1
2021-06-09,10.947410238213884,4.420951152916367,2.441549449807896,4.616354596522595,1.214232895875078,2,-0.3207563781194551,-1
2021-06-10,-1.7354742993129335,5.606484531732246,-0.3369158822797385,4.771376864181521,3.1852328540397323,2,1.1855333788158786,-1
2021-06-11,1.7067578415986162,5.24635961458221,0.2960754832928033,4.880669978122965,4.022630710619524,2,-0.3601249171500358,-1
2021-06-12,-4.890419504040544,4.907111007672189,-1.027867288785172,4.984522767587767,5.765496770113288,2,-0.33924860691002134,-1
2021-06-13,9.505680129465688,4.900437540862219,1.90845014721621,5.016268769553046,15.53395440592471,2,-0.006673466809969497,-1
2021-06-14,2.8258787966320758,5.623223594160669,0.4752504268590488,5.256723257801907,7.412422964342902,2,0.7227860532984502,-1
2021-06-15,0.4658453327527567,5.303260505056824,0.058908279024107,5.196078452466822,9.613742596408592,2,-0.31996308910384563,-1
2021-06-16,-5.230703159614336,4.929591752233187,-1.0922086074082245,5.132724879997018,2.67628159519564,2,-0.37366875282363665,-1
2021-06-17,-0.7684760787668665,4.963813187895793,-0.1857272679395531,5.144065316041738,6.798225020469317,2,0.03422143566260605,-1
2021-06-18,-6.14015913917374,4.63136291234254,-1.3589085203374367,5.090250390337802,-8.84761424817011,2,-0.3324502755532528,-1
2021-06-19,-0.4800219817294504,4.852060289353289,-0.1305551306323987,4.936017729376326,-12.153515026531636,2,0.22069737701074832,-1
2021-06-20,0.2311625313792475,4.524088970150089,0.0171798452039121,4.78018342239498,-12.388197827905143,2,-0.32797131920319966,-1
2021-06-21,-11.952179584867828,4.221453044062493,-2.867642691200325,4.638555680760841,-19.10967425315864,2,-0.3026359260875964,-1
2021-06-22,2.5833047609392423,5.8039971093771685,0.4186537884090453,4.806592465057116,-15.757893413452528,2,1.5825440653146758,-1
2021-06-23,3.676667515561327,5.451316184156307,0.6463077930826846,4.970583119419869,-5.9410667587174615,2,-0.35268092522086114,-1
2021-06-24,2.747569985764464,5.212231541157742,0.4977005687673101,5.04261736978076,-2.713474791223547,2,-0.23908464299856558,-1
2021-06-25,-9.130465397426413,4.93066225805809,-1.882892052773893,5.123932027362359,-12.075102720029207,2,-0.28156928309965146,-1
2021-06-26,1.7188238400922984,5.63155031239704,0.2779668776931619,5.40595148102927,1.5959007049309193,2,0.7008880543389493,-1
2021-06-27,7.374727447930951,5.2558743146701286,1.3739461091357612,5.296326922087862,6.387323391922628,2,-0.37567599772691107,-1
2021-06-28,-0.623326245575484,5.505242273148563,-0.1410956303499025,5.307112139886312,2.087329630785817,2,0.24936795847843474,-1
2021-06-29,4.078512112413968,5.119343796997943,0.7667140330626642,5.288534591054352,3.4182717574353205,2,-0.38589847615062034,-1
2021-06-30,-2.3325202965851943,4.957064667183525,-0.5014983355423915,5.29381507287944,10.21621685827654,2,-0.16227912981441772,-1
2021-07-01,-4.2818245600875215,4.6958886625265714,-0.9444993827610296,5.106682742905347,4.215568458096719,2,-0.2611760046569538,-1
2021-07-02,0.9632020913439732,4.646296620534103,0.1742813200048227,4.984767204078141,-2.195956898490259,2,-0.049592041992468694,-1
2021-07-03,2.2504948021344617,4.341393058006225,0.4830374469512298,4.751997361049673,0.6778641492196869,2,-0.304903562527878,-1
2021-07-04,1.7703918010917974,4.122476775030327,0.3922283874835315,4.55262395665615,-1.6302561621024836,2,-0.21891628297589794,-1
2021-07-05,-4.467475626166717,3.899899351581787,-1.1848805809503342,4.341190893535803,-3.7652114916840063,2,-0.22257742344854003,-1
2021-07-06,1.439221007946223,4.001925963925876,0.3212907076125748,4.202398353815663,1.9558340763497384,2,0.10202661234408916,-1
2021-07-07,-1.1157826650300962,3.7766459599304216,-0.3360712287250834,4.028468221694928,-0.1231506800243309,2,-0.22528000399545434,-1
2021-07-08,-2.931177853796463,3.574550804759404,-0.8629384237238237,3.875099771045563,-5.304823335955256,1,-0.20209515517101773,0
2021-07-09,2.76173634478738,3.535346701365438,0.7377768524361837,3.7576737563125855,-4.313478792259673,1,-0.03920410339396607,0
2021-07-10,-0.8244201233594595,3.4537273036473266,-0.283131648960857,3.668439346725693,-0.6704232894524154,1,-0.08161939771811122,0
2021-07-11,2.1242252673875583,3.274759286053778,0.6018109155678111,3.5230060111512733,0.0145809699889198,1,-0.17896801759354863,0
2021-07-12,-3.2180926347830763,3.173074115763964,-1.0625443639077032,3.4022916423179823,-2.08772899976406,1,-0.10168517028981405,0
2021-07-13,-1.37820864258007,3.230925873173329,-0.4740585472668455,3.333566656000767,-0.5347597885476674,1,0.05785175740936488,0
2021-07-14,0.3672599836431089,3.1044315831460048,0.0688759261504105,3.2473836323568803,-2.9292361496919384,1,-0.12649429002732404,0
2021-07-15,-3.224946835684328,2.9455614488935256,-1.1469413480193162,3.14575046140612,-5.329762862016807,1,-0.1588701342524792,0
2021-07-16,-1.1366530858486712,3.044430944225328,-0.4237548798664852,3.0996847930404305,-8.590641215253036,1,0.09886949533180234,0
2021-07-17,0.3543169217346431,2.9265327871735103,0.0686401120915891,3.0503765273223395,-5.018231658735317,1,-0.11789815705181761,0
2021-07-18,0.8329203113175865,2.787340592690387,0.2437739147903692,2.961659471225751,-2.8071027048376607,1,-0.13919219448312337,0
2021-07-19,-3.1272502988711537,2.673838474611035,-1.2269588134084055,2.875540849518757,-6.301612987351923,1,-0.11350211807935207,0
2021-07-20,-3.3338555734211184,2.81037966448278,-1.240862578347136,2.848504492636608,-6.410521725088714,1,0.13654118987174524,0
2021-07-21,7.443417235693239,2.950182554121404,2.471026019161357,2.829654814615823,2.169548596453197,1,0.13980288963862408,-1
2021-07-22,0.6283788882168295,3.800843192576007,0.1249563533589499,3.004516895696322,2.4436105629353837,2,0.8506606384546029,-1
2021-07-23,3.8503942271905354,3.5722799607678493,1.0349006473760651,3.161504769311815,5.461084478808331,1,-0.22856323180815785,0
2021-07-24,2.094824435667064,3.6052637551222912,0.5384862757198937,3.347789825414066,10.68315921334655,1,0.032983794354441986,0
2021-07-25,3.037861979765744,3.460519400820125,0.833523024289015,3.477817772681535,17.05487676653341,1,-0.14474435430216603,0
2021-07-26,5.469542869161259,3.416626893798252,1.5559508401773492,3.571106640616905,15.08100240000143,1,-0.04389250702187342,0
2021-07-27,5.394285348803685,3.725801263377103,1.4066359408740947,3.556098254777124,19.84690886058829,2,0.30917436957885114,-1
2021-07-28,1.4835126516453911,3.955884015147886,0.3362265585565519,3.6328190656531314,17.480027285043143,2,0.23008275177078286,-1
2021-07-29,0.0312873700597293,3.737356389821643,-0.0326840687327233,3.6592375925930014,15.416490219435808,2,-0.2185276253262427,-1
2021-07-30,5.417223065261823,3.5115318354180776,1.4989992768930094,3.669440079512592,17.795851304931887,1,-0.22582455440356553,0
2021-07-31,-1.4532545375150363,3.790606403376519,-0.4238619760857263,3.7442359814282455,10.873053898255591,2,0.27907456795844165,-1
2021-08-01,-4.047804375571396,3.603685582205232,-1.1658186217743884,3.719812845193872,1.4309641738805112,1,-0.18692082117128717,0
2021-08-02,-1.952524946480949,3.6986923424403857,-0.5693807796608417,3.668374510652372,-2.005073424245829,2,0.09500676023515364,-1
2021-08-03,-2.7122491205131998,3.5544305742118087,-0.8062299836400674,3.631789347530405,-4.748609914818758,1,-0.14426176822857695,0
2021-08-04,4.094316463847747,3.4952225601407214,1.1275039036443335,3.628527492474933,-6.071516516232833,1,-0.059208014071087334,0
2021-08-05,2.7838357371246403,3.5732302566290755,0.7361396173844025,3.585052263125445,-1.8344262415931567,1,0.07800769648835404,-1
2021-08-06,4.653814062641537,3.4885584493081505,1.2900384915008969,3.5620268365460284,6.867192196619776,1,-0.08467180732092494,0
2021-08-07,3.981881145877608,3.648569413390681,1.049299418189341,3.552002250736087,12.801598288978331,1,0.16001096408253046,-1
2021-08-08,-1.715152390208985,3.6858570786864377,-0.5069626232111677,3.578287551631013,13.798695019282547,2,0.03728766529575678,-1
2021-08-09,5.696271209006909,3.5266642982788734,1.5716924994898571,3.584575899258643,15.40064976444171,1,-0.15919278040756435,0
2021-08-10,-1.6974141392609,3.8511269695210073,-0.4806004935938133,3.64015524183703,10.91939988805617,2,0.3244626712421339,-1
2021-08-11,0.0188760572342516,3.671721924748416,-0.0366485612764128,3.6767879369250833,6.284461882648884,1,-0.17940504477259145,0
2021-08-12,-2.5891753544200924,3.452596738369752,-0.7943628942018998,3.637593401920897,-0.2865946176488165,1,-0.21912518637866407,0
2021-08-13,7.30094797189178,3.395364336341698,2.105078536699673,3.579494853451949,8.729505744451949,1,-0.05723240202805391,0
2021-08-14,-1.467774375797326,4.071714412495001,-0.3981648992880242,3.688504876295175,1.5654601596477136,2,0.676350076153303,-1
2021-08-15,-0.1060958486425178,3.854803986545624,-0.06732773773497,3.6892402797000985,3.156778450266096,2,-0.21691042594937704,-1
2021-08-16,-2.2408306921166243,3.6180986085868416,-0.6617481540214631,3.678515616467783,0.8970717009152196,1,-0.23670537795878221,0
2021-08-17,-2.88691990345864,3.506575316325334,-0.8670451972005792,3.6893113320589,0.5993271518766718,1,-0.11152329226150748,0
2021-08-18,0.2364966650011624,3.4725416485455485,0.0239182968050527,3.7047467944996697,-6.465124155013946,1,-0.03403366777978567,0
2021-08-19,4.18858533323494,3.2736635290193945,1.2326086399173406,3.5451366178045483,-0.8087644459816801,1,-0.19887811952615397,0
2021-08-20,5.4597906983852695,3.4049786962347026,1.5584095492491046,3.4551715597423645,4.757122101046107,1,0.13131516721530812,-1
2021-08-21,-0.8828701235467307,3.715059920786792,-0.2789482616233547,3.474563822182355,6.115082669616001,2,0.3100812245520892,-1
2021-08-22,0.8473475397265062,3.510170498477279,0.197685028930698,3.475282858612744,9.849350112801147,1,-0.2048894223095128,0
2021-08-23,0.4541346683280878,3.316244294020849,0.0906734421486665,3.444023387707804,10.066988116128073,1,-0.19392620445642983,0
2021-08-24,-3.78448943309504,3.1354081089707733,-1.2559541467700814,3.416372303698079,2.0939133497980933,1,-0.18083618505007593,0
2021-08-25,2.5960121950429738,3.278650862166697,0.7449932653839989,3.3911067368844785,-0.7698651535442025,1,0.14324275319592372,0
2021-08-26,-4.210229745237548,3.2166984742430693,-1.3565676619558562,3.291434447575734,-4.09722477523502,1,-0.06195238792362767,0
2021-08-27,4.409943030226771,3.4091596612028265,1.2485492232832651,3.271232280120843,-0.5346292847347556,1,0.19246118695975722,-1
2021-08-28,-0.3190364438573567,3.547616177191343,-0.133181213367552,3.3175066567549423,-1.3078003969202,1,0.1384565159885165,0
2021-08-29,-0.148508475840714,3.344972730444231,-0.0902691541476203,3.3594195810496337,2.328180560334125,1,-0.20264344674711188,0
2021-08-30,-3.702463994727623,3.1610988841698497,-1.2197984053015731,3.335909185450264,-3.970295629436471,1,-0.18387384627438141,0
2021-08-31,0.2371071858730644,3.287436724405844,0.025450772046371,3.350056835482819,0.4770413016741415,1,0.12633784023599404,0
2021-09-01,3.500565378801745,3.1080163637079026,1.076933195945352,3.289828175983834,-0.4323363497508836,1,-0.1794203606979412,0
2021-09-02,0.9792724788171724,3.173863143024368,0.2601980798853523,3.215077569150439,0.8659725729236456,1,0.06584677931646521,0
2021-09-03,1.404412800618715,3.020462647276031,0.4141661604600699,3.150175552516799,2.4188938493830747,1,-0.15340049574833658,0
2021-09-04,-0.1615484996733585,2.9033615949747915,-0.108490752030987,3.0986280946777875,5.959809344437339,1,-0.11710105230123968,0
2021-09-05,3.557543501667304,2.768107102628562,1.2297588179487218,2.994762170322331,9.28024566023158,1,-0.13525449234622933,0
2021-09-06,1.6863140380221964,2.904055328118189,0.5278393424522485,2.953969963204388,7.465994319452029,1,0.13594822548962693,0
2021-09-07,-11.723249529729962,2.818477835176838,-4.213866351788477,2.8828929016348823,-5.236527689095105,1,-0.08557749294135109,0
2021-09-08,-1.5494793572990773,4.966295143722107,-0.342895194747956,3.272059400924097,-8.190419847012897,2,2.1478173085452688,-1
2021-09-09,0.6488390533952781,4.66085565161265,0.106289425642377,3.6235582122516687,-7.380032293944261,2,-0.305439492109457,-1
2021-09-10,-3.303518664446514,4.34873383012454,-0.7949343838160028,3.9396835577508647,-14.24109446005808,2,-0.31212182148810985,-1
2021-09-11,0.7049939410356032,4.2404833905794845,0.13006879335445,4.206969170243124,-15.222414557044672,2,-0.10825043954505542,-1
2021-09-12,1.888655452823862,3.9695793779250494,0.437128447233001,4.437189478792766,-1.6105095744908482,2,-0.2709040126544351,-1
2021-09-13,-2.4174296052118294,3.770004879501909,-0.6819272310159008,4.197931425948727,-2.4784598224036003,2,-0.19957449842314023,-1
2021-09-14,4.627200677790988,3.654109695580296,1.2243095219661115,3.996582234742256,1.4999018019921095,1,-0.11589518392161313,0
2021-09-15,2.275460131450835,3.7790911157791687,0.5615161644045136,3.8826536918731818,7.078880597889459,2,0.1249814201988726,-1
2021-09-16,-0.8190739435939065,3.626329877111232,-0.2681811527725554,3.7598229891795314,5.554812713259949,1,-0.1527612386679369,0
2021-09-17,-1.0854079709277542,3.42857887468705,-0.3613296935524562,3.651622888531931,2.580749289508333,1,-0.19775100242418198,0
2021-09-18,2.1160126154024184,3.26332552091426,0.6014028388039074,3.5502870168144014,7.1141915101225806,1,-0.1652533537727896,0
2021-09-19,-2.1314594702564804,3.162476090134179,-0.7225031236023916,3.451960295725178,0.3555313620751121,1,-0.10084943078008113,0
2021-09-20,-9.810793836995655,3.102080080795473,-3.212113472461952,3.3165580887284385,-11.73072260637138,1,-0.06039600933870615,0
2021-09-21,-5.148826786332528,4.574154225519166,-1.1591795790213135,3.506122958410025,-16.06047544911,2,1.4720741447236931,-1
2021-09-22,6.839960199678252,4.655919784451052,1.436133165099895,3.7515911403628257,-8.135107278503995,2,0.08176555893188553,-1
2021-09-23,2.985630902322356,4.936109243726326,0.5737700239796474,4.086147884925239,-7.265488991584057,2,0.2801894592752747,-1
2021-09-24,-4.686219528987401,4.701455076833989,-1.02939597062572,4.393943682265201,-9.820249050314978,2,-0.2346541668923372,-1
2021-09-25,-0.2878952738409879,4.700593809888831,-0.0938891286662287,4.713646428083873,-0.2973504871603083,2,-0.0008612669451579791,-1
2021-09-26,1.1450682044497285,4.384005738793774,0.2261924094878637,4.675616730738794,5.996544503621948,2,-0.31658807109505727,-1
2021-09-27,-2.277158282957004,4.109399704642438,-0.5914726823468817,4.566312714777072,-3.120573979013308,2,-0.27460603415133544,-1
2021-09-28,-2.8852332947741037,3.940187906529319,-0.7711999402165657,4.36712844733767,-8.991438176109767,2,-0.16921179811311937,-1
2021-09-29,1.2828924814572318,3.8451516071639458,0.2937343474752965,4.195867753403662,-3.0223261656651346,2,-0.09503629936537328,-1
2021-09-30,5.218276011816414,3.6300285656669153,1.395260818754067,3.981754704559278,2.4838451199922678,1,-0.21512304149703043,0
2021-10-01,9.420841893127909,3.8509468581097903,2.4065256809317286,3.875142928422482,10.759618808670446,2,0.22091829244287498,-1
2021-10-02,-0.8462113921140713,4.864804713254484,-0.2054863112128219,4.026223930144891,12.190565699513378,2,1.013857855144694,-1
2021-10-03,1.0185835179136404,4.543772892149844,0.190402151530281,4.146940927268996,16.094382512201122,2,-0.3210318211046399,-1
2021-10-04,1.8763728593427231,4.250078630365856,0.4053886118363571,4.227926331909377,16.687862890086613,2,-0.2936942617839886,-1
2021-10-05,4.774761053468524,4.019390371717187,1.149756864325381,4.305798693119432,16.244347931738723,2,-0.2306882586486685,-1
2021-10-06,7.201410137731124,4.100647426896505,1.7187458517695338,4.355738806876775,14.02491617634194,2,0.08125705517931792,-1
2021-10-07,-2.8498794333346567,4.568444492529573,-0.657405123654035,4.296466762731793,12.021248135121354,2,0.4677970656330679,-1
2021-10-08,0.3003760744167749,4.390312504126983,0.033468390028115,4.265774685127221,11.303040691624489,2,-0.17813198840259048,-1
2021-10-09,1.8366792910816443,4.1006237300522095,0.410483872383207,4.235883705064492,11.26334712336341,2,-0.2896887740747731,-1
2021-10-10,-0.3583836316876088,3.88386729360252,-0.1317817979296107,4.208779089441558,6.130202438207277,2,-0.21675643644968945,-1
2021-10-11,4.834896270757305,3.647558730691203,1.283449351530205,4.118161350200498,3.763688571233459,1,-0.23630856291131686,0
2021-10-12,-2.5435763506084896,3.804734790623758,-0.7088577475723812,3.9654194098193343,4.069991653959626,2,0.15717605993255468,-1
2021-10-13,2.397881481648234,3.695517559713551,0.6073417490780004,3.826460420936648,6.167497061191085,2,-0.10921723091020707,-1
2021-10-14,-0.1387245701897299,3.562100765004498,-0.0820201259446134,3.718755827927106,4.192093199919711,1,-0.13341679470905277,0
2021-10-15,7.188745837457944,3.355415238363851,2.096702182739421,3.613065416879372,11.739222669065263,1,-0.20668552664064688,0
2021-10-16,-1.1458884632588706,4.019259660821605,-0.3232754178854442,3.6874056029054527,5.758437935049088,2,0.6638444224577542,-1
2021-10-17,1.0803865067540386,3.792735243818139,0.2444006934260826,3.685005693544329,9.382400792411616,2,-0.22652441700346637,-1
2021-10-18,0.7646292349290817,3.575953735983408,0.1709165992824731,3.661092928798301,7.749148545692464,1,-0.21678150783473082,0
2021-10-19,3.54134436604987,3.373121567006129,1.004382710663322,3.623297089198626,11.429217481932064,1,-0.20283216897727918,0
2021-10-20,2.657783454203688,3.3998350708702767,0.7366075173697451,3.632181055699912,6.898255098677808,1,0.026713503864147725,0
2021-10-21,-5.9027668390729815,3.3269545746557263,-1.8203453297474077,3.493720038466736,2.141376722863697,1,-0.0728804962145504,0
2021-10-22,-2.4702251082704407,3.796105332401608,-0.6911463886577459,3.4943940561834297,-1.4092348921607822,2,0.46915075774588155,-1
2021-10-23,1.1489604888575755,3.681470857230822,0.2704139579752255,3.515497480432912,-1.0249036382322885,2,-0.11463447517078595,-1
2021-10-24,-0.7566491344887183,3.478673876108036,-0.2616193843069516,3.536607942253293,-5.322897138770877,1,-0.20279698112278588,0
2021-10-25,3.402727333400435,3.2945933072377125,0.9862485737098138,3.515559589526781,-4.57795325957413,1,-0.18408056887032354,0
2021-10-26,-4.3377186101063,3.317059244733339,-1.3539577263868527,3.5135805235423034,-3.012905030607449,1,0.02246593749562642,0
2021-10-27,-3.166384386368293,3.509386097824308,-0.9459841912549336,3.456236676626843,-3.709064308705301,1,0.19232685309096897,-1
2021-10-28,3.593449158802464,3.506389689653693,0.9810688714290832,3.4212204431114173,-1.2645756387604123,1,-0.0029964081706150836,0
2021-10-29,2.614437550515447,3.5181482535535453,0.6995151966226397,3.42911531860052,2.106511046243753,1,0.011758563899852525,0
2021-10-30,-0.5464750380490102,3.425421234040843,-0.2043294454640516,3.455280903961146,-1.842691325205692,1,-0.09272701951270212,0
2021-10-31,-0.9250698649358567,3.2406697567657745,-0.3328044290435703,3.440003006367633,1.5699574199647517,1,-0.1847514772750687,0
2021-11-01,-0.5142950065019747,3.089444035123033,-0.2161341594455281,3.356014593827377,4.22204679983107,1,-0.15122572164274173,0
2021-11-02,3.5775877348473983,2.940635445432506,1.164424633792182,3.242863744983141,4.206185375876004,1,-0.1488085896905269,0
2021-11-03,-0.4062805617150999,3.046722489507328,-0.1837121519357519,3.148578592173897,1.1854672636454566,1,0.10608704407482206,0
2021-11-04,-2.4399034254608765,2.89991280328503,-0.8942830300643773,3.0434769060227342,-0.7079611237664096,1,-0.14680968622229784,0
2021-11-05,-0.5328129187967434,2.909300063739229,-0.2358822695992617,2.9772029674174254,-0.3157041776272962,1,0.009387260454198909,0
2021-11-06,0.6551908440947329,2.781635609774693,0.1803800106484943,2.915641282347757,0.8537816729694114,1,-0.12766445396453596,0
2021-11-07,2.882768153978432,2.663951646405185,1.024541408053756,2.860304522542293,0.1589620921004453,1,-0.11768396336950815,0
2021-11-08,6.480556096155787,2.7284278418420964,2.318960617518364,2.7966455930092464,7.045798749971333,1,0.06447619543691152,0
2021-11-09,-0.884509918220111,3.429716733932813,-0.3026341187697009,2.9026063791388035,8.601192257212098,1,0.7012888920907168,-1
2021-11-10,-2.995816542044416,3.255669558474603,-0.9673143630409768,2.971880278085878,6.138188633964425,1,-0.17404717545821002,0
2021-11-11,-0.0696748107282374,3.2723726623237592,-0.0681811691193947,3.070027688595691,5.413322979141455,1,0.016703103849156076,0
2021-11-12,-1.2300437518714349,3.0954107817985768,-0.4469465387889195,3.1563195156743697,1.300511073291588,1,-0.17696188052518247,0
2021-11-13,0.4875963708276032,2.9765535224939006,0.1122630536017667,3.2059446518047308,-4.692448652036596,1,-0.11885725930467617,0
2021-11-14,1.535108463806978,2.8332896078586205,0.4876554365608571,3.086659226589892,-2.272830270009507,1,-0.1432639146352801,0
2021-11-15,-2.959290584671592,2.7470673160720143,-1.1331101897807787,2.9849387781093744,-2.2363043126366837,1,-0.08622229178660623,0
2021-11-16,-5.4922454251583375,2.846216512814512,-1.98357531232186,2.899707548207525,-7.658874927066783,1,0.09914919674249756,0
2021-11-17,0.3430964922232604,3.3630150641899856,0.0563949626807867,2.953228404685807,-6.085734682972088,1,0.5167985513754738,-1
2021-11-18,-5.842375040330872,3.176156955914425,-1.8877575972274332,2.9931490913699115,-12.415706094130565,1,-0.18685810827556049,0
2021-11-19,2.0466973046305625,3.673150894710514,0.5154315669888727,3.16112134874029,-11.904117253306978,1,0.49699393879608866,-1
2021-11-20,2.6782459618040377,3.5170767689036992,0.7178707615778593,3.3151232393066272,-6.266580706831348,1,-0.15607412580681457,0
2021-11-21,-1.6326255638853482,3.430224606392009,-0.5206845475192705,3.431924858022126,-2.406960845558359,1,-0.08685216251169026,0
2021-11-22,-4.245451447744841,3.295952447947188,-1.3346341916030788,3.418512334773567,-6.995508785526461,1,-0.134272158444821,0
2021-11-23,2.2481248103211726,3.478009144993745,0.6022656467574059,3.4788827725894307,1.0949910651255834,1,0.18205669704655714,-1
2021-11-24,-2.2638719964637843,3.3600784780668143,-0.7194211074016049,3.416268289260691,-3.2155782359687635,1,-0.11793066692693088,0
2021-11-25,1.7511838160780613,3.2846110577580347,0.4864333721099037,3.3697751470315582,-4.14264038169474,1,-0.07546742030877951,0
2021-11-26,-6.6873801021282375,3.155717280912816,-2.167754230294299,3.31487368193572,-9.19739491993763,1,-0.12889377684521897,0
2021-11-27,2.298046960742184,3.837004621953717,0.5589275460572303,3.423084116737025,-2.653896511450604,2,0.681287341040901,-1
2021-11-28,4.3435386277888455,3.6789670657422215,1.138933610910203,3.463275700886721,-0.5584826939829313,2,-0.1580375562114953,-1
2021-11-29,0.9701684218224926,3.75924742721622,0.217258654678112,3.543109490716602,2.6755577243033457,2,0.08028036147399842,-1
2021-11-30,-1.3955922421075684,3.542605282568584,-0.4372577529065778,3.594708335678712,-0.4712183338822839,1,-0.21664214464763587,0
2021-12-01,0.3928780734842263,3.380481637716348,0.0708297562185943,3.639661207039418,6.60903984173018,1,-0.1621236448522363,0
2021-12-02,-1.3227302108742125,3.19219653502771,-0.4624306736316725,3.510699589654217,2.988262670113784,1,-0.18828510268863763,0
2021-12-03,-5.233158566534257,3.0670383035340305,-1.756286494208706,3.3883138372125785,-6.588434524209319,1,-0.12515823149367966,0
2021-12-04,-8.560843085516368,3.47274049912942,-2.5093387976683807,3.3310124515952184,-16.11944603154818,1,0.40570219559538945,-1
2021-12-05,0.3411696472447545,4.483045624524008,0.0418756086341066,3.519100519986304,-14.382684142195856,2,1.0103051253945883,-1
2021-12-06,2.428852685142857,4.184729362316541,0.5437420451725256,3.679950064906342,-12.346709530537224,2,-0.2983162622074671,-1
2021-12-07,0.2319467736866087,3.995335178179952,0.0196497632869514,3.84057779353679,-10.792032545976404,2,-0.18939418413658915,-1
2021-12-08,-0.3859286221386426,3.743670353843155,-0.1440746525046694,3.975904203598616,-5.94480260158079,2,-0.25166482433679693,-1
2021-12-09,-5.77215558084756,3.522052483773064,-1.6824266507474073,3.985766600527344,-3.156115096911982,1,-0.22161787007009126,0
2021-12-10,-0.9035819421615798,3.9173924069741015,-0.2698277873472967,3.872635957017363,-4.400866686318317,2,0.3953399232010377,-1
2021-12-11,4.388024071672447,3.692058028590874,1.146944239688804,3.7741016902722295,-2.4416952997887265,2,-0.22533437838322756,-1
2021-12-12,1.4796607838164275,3.776209154796241,0.3512044344653483,3.730276485595487,-1.1939812896589077,2,0.08415112620536691,-1
2021-12-13,-6.9441370308174655,3.5767164796251,-1.9843832896547489,3.696885710751877,-7.75218969833773,1,-0.199492675171141,0
2021-12-14,-0.2674827620426256,4.190367356350239,-0.1004499389744641,3.830548685267311,-2.247516879532796,2,0.6136508767251394,-1
2021-12-15,4.783877809998138,3.9223610949294,1.1805232396376653,3.8315424228583703,3.439942872626922,2,-0.2680062614208394,-1
2021-12-16,-2.550406419845963,4.021781924753348,-0.6723004512968787,3.897487202090866,-3.498487618891488,2,0.09942082982394851,-1
2021-12-17,-3.118009325604021,3.8854228992262554,-0.8419800865019974,3.9193299509768686,-8.096157728311937,2,-0.136359025527093,-1
2021-12-18,1.3898695656308746,3.82159285938732,0.3235379141475989,3.968305226929312,0.2378488681364032,2,-0.06383003983893554,-1
2021-12-19,-0.3030530184135571,3.613278604975447,-0.1263374490326637,3.8528874766543537,0.2022786117654718,1,-0.208314254411873,0
2021-12-20,0.3702680378991019,3.4035630237557912,0.0637063727635903,3.7491278624196327,-4.211331160333565,1,-0.2097155812196556,0
2021-12-21,4.292879288746754,3.212651499079815,1.2884808410588735,3.5873017772849254,2.631954548259152,1,-0.19091152467597627,0
2021-12-22,-0.6315834406489529,3.3711815612172984,-0.2328628136981243,3.484453509683134,5.11838043321422,1,0.15853006213748344,0
2021-12-23,4.338193932958667,3.19470111089169,1.3099048720107953,3.359075159984008,8.066704800542013,1,-0.17648045032560855,0
2021-12-24,0.074121566755636,3.3636728188917795,-0.0235807168825175,3.309154002767275,8.443879385711206,1,0.16897170800008965,-1
2021-12-25,-0.7749727198993028,3.1761682556012865,-0.2923057056078051,3.263675049136374,7.298638627912801,1,-0.18750456329049303,0
2021-12-26,0.7500204929835164,3.0261839317650185,0.1971397387772852,3.226381535673414,3.755779832149564,1,-0.14998432383626792,0
2021-12-27,-0.3333620966692763,2.8826006983629973,-0.1688757933518399,3.1286653631025545,4.0540011761292405,1,-0.14358323340202128,0
2021-12-28,-6.21514265119778,2.752808266177499,-2.31348550955364,3.0402867941597167,-6.499335408027207,1,-0.12979243218549819,0
2021-12-29,-2.4336011956341608,3.455558145293772,-0.7486606996733282,3.0586638594401143,-9.007058170417004,1,0.702749879116273,-1
2021-12-30,1.5667738713133872,3.3828033508317,0.4177997777442666,3.099990878486197,-6.665311579204314,1,-0.07275479446207189,0
2021-12-31,-1.8649172756866503,3.231570840713923,-0.6245744742591176,3.1410682602759783,-9.28024934787448,1,-0.15123251011777716,0
2022-01-01,2.93737331477697,3.139179755108769,0.8868348259009359,3.192384071625132,-6.009513936428235,1,-0.09239108560515419,0
2022-01-02,-0.7189054400020822,3.132306367453908,-0.2784992018180232,3.268283691880414,-0.5132767252325365,1,-0.006873387654860785,0
2022-01-03,-1.891463669576332,2.98522296280746,-0.6850084828627141,3.174216655383152,0.0288608008252921,1,-0.1470834046464482,0
2022-01-04,-1.2138934663861178,2.928130261958039,-0.4669644883404626,3.08328203760842,-2.751806536874213,1,-0.05709270084942064,0
2022-01-05,-5.206628845481376,2.828980552970127,-1.8946995669649336,3.002763980059661,-6.093518106668938,1,-0.09914970898791209,0
2022-01-06,-0.9410297303588776,3.292253587948929,-0.3324376705210225,3.033378746627693,-9.971921151804786,1,0.4632730349788021,-1
2022-01-07,-3.7847988650375086,3.135864297287535,-1.2558701126280736,3.0340903325944177,-13.037814576840212,1,-0.1563892906613944,0
2022-01-08,0.4227048332596794,3.279065330339713,0.0821165249697665,3.0928588061008684,-10.7236460740042,1,0.14320103305217824,0
2022-01-09,0.4247935206112885,3.101840927813957,0.0874816419484104,3.1276009392720523,-9.084959087006794,1,-0.1772244025257561,0
2022-01-10,-0.2157811766201334,2.9438405513913426,-0.125421385213602,3.1505729389562958,-4.094111418145552,1,-0.15800037642261433,0
2022-01-11,2.163341063743829,2.804809865972265,0.7165910619983398,3.053084194560962,-0.9897406240428452,1,-0.13903068541907748,0
2022-01-12,2.7993907251913086,2.7701850021912318,0.9551532983952352,2.979948335541702,5.594448966185972,1,-0.034624863781033355,0
2022-01-13,-3.1375827952070168,2.8065380666509703,-1.1726269518651218,2.8854428828039533,2.034161337719276,1,0.036353064459738516,0
2022-01-14,1.1859664695821337,2.9190764041744868,0.3537170472558388,2.848889978076059,2.795334286690121,1,0.1125383375235165,-1
2022-01-15,0.1801155622210615,2.803418286953612,0.0095155900073359,2.820805525188513,3.191231025531316,1,-0.1156581172208746,0
2022-01-16,-0.1472212364401315,2.6773878229396613,-0.1122962527309029,2.7953211165819924,0.8806687253473555,1,-0.1260304640139509,0
2022-01-17,-2.0227571699049207,2.5682543394282957,-0.8473446417198283,2.754934984029405,-3.941479169748874,0,-0.10913348351136554,0
2022-01-18,0.2956109256611938,2.585755951748105,0.0549825834807557,2.710778561048832,-0.5082854488806632,0,0.01750161231980929,0
2022-01-19,-1.5009910442870478,2.485926584534952,-0.6655186189981104,2.624148597120925,-3.1952429627498447,0,-0.09982936721315294,0
2022-01-20,-2.581674309560356,2.467329391006845,-1.108532043882304,2.556930817931572,-5.957032834531262,0,-0.01859719352810707,0
2022-01-21,-10.960468291544068,2.568242700648734,-4.327436683425619,2.5351017934733866,-16.770279889635198,0,0.10091330964188883,-1
2022-01-22,-3.993018883964616,4.621585154996226,-0.8971939557719444,2.9457679565869723,-18.740541603694894,2,2.0533424543474923,-1
2022-01-23,3.496657378118151,4.5493992624823445,0.7348702107782484,3.3384966187338208,-15.539495151237936,2,-0.07218589251388163,-1
2022-01-24,1.0352967106697974,4.4039314136852425,0.2002432019595214,3.7220975845638784,-13.003207396281091,2,-0.14546784879710195,-1
2022-01-25,0.8142486826951512,4.124280960796746,0.1602241228939336,4.053487898521858,-9.607284404025584,2,-0.27965045288849666,-1
2022-01-26,-0.2760824449564936,3.866879694778973,-0.1110771117911356,4.313215297347907,1.0771014425619896,2,-0.2574012660177729,-1
2022-01-27,0.7733837890786077,3.630961420532009,0.1707383621290117,4.115090550455063,5.843504115605214,1,-0.2359182742469641,0
2022-01-28,1.724750509041506,3.422600587742892,0.459098596396373,3.8897308155071726,4.071597246528569,1,-0.20836083278911666,0
2022-01-29,0.932135173920834,3.2756831285566466,0.2377201213233971,3.6640811584814537,3.968435709779605,1,-0.14691745918624566,0
2022-01-30,-0.5800446457154607,3.1094428418681828,-0.2358892143063543,3.46111353469574,2.574142381368993,1,-0.1662402866884638,0
2022-01-31,1.4804408066392938,2.9603123457873863,0.4482639898942806,3.2798000648974237,4.330665632964781,1,-0.14913049608079643,0
2022-02-01,0.6737318502633372,2.8547857839119386,0.1822527175286101,3.124564937573409,4.23101369414951,1,-0.10552656187544773,0
2022-02-02,-4.731073995912283,2.7289742105076287,-1.7898715789575144,2.9858396621263568,-2.2248108108042786,1,-0.12581157340430993,0
2022-02-03,0.5441215831991641,3.1253083337565446,0.1250059700657537,2.9557647031663365,-2.6128244015259483,1,0.3963341232489159,-1
2022-02-04,11.062688345744752,2.9663803983351644,3.677629803879522,2.927152214459732,9.029908589934266,1,-0.15892793542138017,0
2022-02-05,-0.1439823483734059,4.760658079000328,-0.0624749197739492,3.287221361102321,7.405485434921566,2,1.794277680665164,-1
2022-02-06,2.316687651757832,4.436943394209135,0.4875537225464375,3.60365288316176,9.04844123641606,2,-0.32371468479119336,-1
2022-02-07,3.31115827095374,4.211680964234407,0.7497526319267164,3.900194233907116,17.090673503282083,2,-0.22526242997472767,-1
2022-02-08,0.6324808965338491,4.092191685401531,0.1170623348508911,4.093570904236113,17.17903281661677,2,-0.11948927883287652,-1
2022-02-09,0.4982113681997191,3.8346344090507154,0.0899100013817814,4.267221706379223,6.614555839071734,2,-0.2575572763508154,-1
2022-02-10,-1.7603393781389087,3.6008298889545336,-0.531482691585272,4.035256068370065,4.998198809306231,1,-0.2338045200961818,0
2022-02-11,-2.6921126055171385,3.4547149500053376,-0.8236720047470442,3.838810379529305,-0.0106014479687388,1,-0.14611493894919603,0
2022-02-12,-0.386212183286716,3.4076261951384086,-0.1583658346211708,3.677999425710105,-3.707971902209195,1,-0.047088754866928983,0
2022-02-13,-0.1112080209543009,3.2209744505612394,-0.0821637700639103,3.503755978742047,-4.451660819697345,1,-0.18665174457716915,0
2022-02-14,0.9185768314631916,3.049937184704405,0.2508699038514803,3.346816533872785,-4.031295356433873,1,-0.17103726585683443,0
2022-02-15,4.563060448723988,2.908551104161329,1.5160885635571957,3.208360776914144,2.292104470429024,1,-0.141386080543076,0
2022-02-16,-1.3855295049898686,3.174523770551373,-0.4847873254090999,3.1523225410233517,3.5986875709562938,1,0.26597266639004413,-1
2022-02-17,-8.108233071910398,3.055332605205373,-2.7040173763793582,3.081863823036744,-4.123333317667388,1,-0.11919116534600027,0
2022-02-18,-1.2586526423760347,4.104457381402555,-0.3440386619575141,3.258560409205008,-5.270777939089122,2,1.049124776197182,-1
2022-02-19,0.2275138191892622,3.873928690428666,0.0191212698852551,3.4233587103498597,-5.961840951363051,2,-0.23052869097388884,-1
2022-02-20,-4.305442174652541,3.6342628392721386,-1.226901232803761,3.5685010573720213,-14.83034357473958,1,-0.2396658511565275,0
2022-02-21,-3.5923810948354173,3.7607057315476937,-0.9960418988903956,3.6857374495712856,-17.03719516458513,2,0.12644289227555516,-1
2022-02-22,3.213453434150715,3.769635523017897,0.8117532934636568,3.8285980331337903,-5.715508658524016,2,0.008929791470203341,-1
2022-02-23,-2.618363461542117,3.700053887092585,-0.7491249936642076,3.747717334271796,-7.075219477690098,2,-0.06958163592531186,-1
2022-02-24,2.739957995155073,3.611603519414594,0.7161690362930482,3.6952523000689816,-4.562775301724287,1,-0.08845036767799108,0
2022-02-25,2.273845059530544,3.5177668509874467,0.6027703842146326,3.671953102412044,2.0165119324587977,1,-0.09383666842714744,0
2022-02-26,-0.2785272326077503,3.396835654530539,-0.1271673580130249,3.599179087008612,5.330365794686465,1,-0.12093119645690775,0
2022-02-27,-3.633451792442699,3.209318068149405,-1.1799675492462744,3.487115596034914,-1.5165394319069492,1,-0.18751758638113403,0
2022-02-28,13.576425730332176,3.316864923048531,4.046889655913923,3.410477803226103,14.678249759967343,1,0.1075468548991263,0
2022-03-01,2.653338033252517,5.663905941290298,0.4413736167199964,3.820938287601244,14.591629798064789,2,2.3470410182417667,-1
2022-03-02,-0.975371593540686,5.329376951224611,-0.2118091827722272,4.183260307648677,11.342413144993555,2,-0.3345289900656869,-1
2022-03-03,-3.409447865241333,4.967978737151926,-0.717170389997931,4.497488924172954,8.211492512359975,2,-0.36139821407268524,-1
2022-03-04,-8.12852755652358,4.790361267608702,-1.7288814928651912,4.813697564064813,3.7164167482790944,2,-0.17761746954322355,-1
2022-03-05,0.6696906228633281,5.3280458648954205,0.0968931673582953,5.215933752434191,-9.190318359189751,2,0.5376845972867184,-1
2022-03-06,-2.520293705235765,4.954225454322243,-0.5396874068551821,5.07399765504058,-14.363950097678035,2,-0.3738204105731775,-1
2022-03-07,-0.9360315270734888,4.706089346074478,-0.2315023855561941,4.949340134010553,-14.324610031210838,2,-0.2481361082477651,-1
2022-03-08,1.7584738215960627,4.402923913659261,0.3645383090617115,4.836329169312021,-9.156688344373444,2,-0.3031654324152173,-1
2022-03-09,8.04608330138592,4.1502237202861645,1.9017393880777027,4.708301659847513,7.017922513536057,2,-0.2527001933730961,-1
2022-03-10,-6.254685680053029,4.7723329378024495,-1.342765717889575,4.597159074428919,0.0935462106196993,2,0.622109217516285,-1
2022-03-11,-1.6425482290646445,4.984185039129491,-0.3603372664032682,4.603150991390369,0.9712916867908206,2,0.21185210132704135,-1
2022-03-12,0.2806706804667769,4.6812592984549255,0.0271788613216592,4.598184981866458,2.187993894331086,2,-0.30292574067456535,-1
2022-03-13,-2.7475269974985395,4.363966316565383,-0.6647545306823218,4.5903934624476825,-2.318006924763516,2,-0.31729298188954225,-1
2022-03-14,4.689129940953407,4.202041918096135,1.0794015495745222,4.600757102009677,-5.674960285196029,2,-0.16192439846924866,-1
2022-03-15,-0.8302471898177899,4.241116476868806,-0.2319404756662998,4.494513809822948,-0.2505217949607896,2,0.039074558772671075,-1
2022-03-16,4.486546767419952,3.9804582791519056,1.0885951014564688,4.293768457827431,5.878573201523807,2,-0.2606581977169,-1
2022-03-17,-0.4690916877793327,4.029068458693294,-0.1545099263874445,4.163330289875104,5.128810833277697,2,0.04861017954138802,-1
2022-03-18,2.0538517974936,3.7803255045885034,0.5027113173200469,4.046602127479728,9.930189628269837,2,-0.2487429541047903,-1
2022-03-19,0.9274687432013096,3.612206897311367,0.2142815685873617,3.928635123322775,6.168528430517739,1,-0.16811860727713634,0
2022-03-20,-2.260032288596747,3.40968707657054,-0.7078279084213082,3.7623492432631216,4.738743331738782,1,-0.20251982074082697,0
2022-03-21,-0.4125761887465273,3.3271759086947728,-0.1701189199076384,3.631692769171695,-0.1603796244276978,1,-0.08251116787576729,0
2022-03-22,3.0703791309973028,3.1496893544125664,0.92610394854574,3.4558169483155496,3.3790911943489377,1,-0.1774865542822064,0
2022-03-23,1.2531246090631498,3.1560805466201325,0.348433827855714,3.330967956721876,2.578364005918488,1,0.006391192207566121,0
2022-03-24,2.459372596578646,3.01549944006153,0.7646936301033609,3.211626465271908,4.110267859295824,1,-0.14058110655860245,0
2022-03-25,0.8782716407665703,2.977872255237896,0.2434060951769478,3.1252635010053798,7.248571788659142,1,-0.03762718482363425,0
2022-03-26,0.3423715485570966,2.843460846677846,0.0664444406169659,3.028520488601994,8.003519525962766,1,-0.13441140856004985,0
2022-03-27,5.081317579238309,2.713623492016009,1.8159771282028296,2.941307316122683,10.014457974203772,1,-0.129837354661837,0
2022-03-28,0.6546412763370313,3.1224241101061367,0.1605169174589328,2.934576028819883,9.415974641477654,1,0.4088006180901278,-1
2022-03-29,0.7140599739189568,2.9658667254276527,0.1890242019067048,2.924649485893108,7.670662018817964,1,-0.156557384678484,0
2022-03-30,-0.8527995234731023,2.828234547535738,-0.3557834011797884,2.8947219443526766,5.939590854578292,1,-0.1376321778919145,0
2022-03-31,-3.2918009542582283,2.7223995728939148,-1.26551604391389,2.8705096895958904,2.3054183517629667,1,-0.10583497464182345,0
2022-04-01,1.618345401001697,2.873382959212117,0.509819275262923,2.902461583035112,-1.1575538264736451,1,0.1509833863182024,-1
2022-04-02,-0.8957035540669622,2.7872819167148406,-0.376403596263004,2.835433144356853,-2.707898656877638,1,-0.08610104249727657,0
2022-04-03,1.2664841243047675,2.6885071427895078,0.4140010355213585,2.779961227829224,-2.155474506491828,1,-0.09877477392533285,0
2022-04-04,0.3633785746131934,2.605418190676591,0.080577924949289,2.735397956457394,-0.9392964084055322,0,-0.08308895211291656,0
2022-04-05,-2.314486060589616,2.5037988688840613,-0.9856724014229258,2.6916778156554235,0.0380184852630804,0,-0.10161932179252986,1
2022-04-06,-5.294570510057461,2.564625500822338,-2.124290619232289,2.6299263239774677,-6.874897425796078,0,0.060826631938276865,0
2022-04-07,0.6852924231532498,3.1227849658625093,0.1703136929964724,2.6970269338070016,-5.293901448575866,1,0.5581594650401711,-1
2022-04-08,-2.835397225893743,2.966846934324468,-1.007411799543216,2.7526948921139938,-9.395782798774375,1,-0.15593803153804142,0
2022-04-09,1.1625235289933755,3.011392911384098,0.3350888361313958,2.833889836255495,-8.596637844394195,1,0.044545977059629926,0
2022-04-10,-1.3518646577317384,2.8837060613000887,-0.522003286366999,2.909871274738701,-7.634016441536318,1,-0.12768685008400915,0
2022-04-11,-6.574699455484989,2.7989231398089296,-2.403831224578618,2.956730802536019,-8.914145386963845,1,-0.08478292149115907,0
2022-04-12,1.5198991801760542,3.569154150505757,0.3828525581611769,3.0460046394646683,-8.079538629941041,1,0.7702310106968273,-1
2022-04-13,2.5576417495491555,3.3943206522302405,0.7083014873053111,3.131499383045823,-2.6864996544981423,1,-0.17483349827551642,0
2022-04-14,-3.0364373354540675,3.313043193311579,-0.962823764289334,3.191829439431319,-6.885460518945585,1,-0.08127745891866134,0
2022-04-15,1.53551792271287,3.3254498807209503,0.4156064860703586,3.280178203315492,-3.998077938500977,1,0.01240668740937112,0
2022-04-16,-0.3185572839704775,3.179185769594165,-0.148464638860683,3.3562307292725384,2.2580642330135348,1,-0.14626411112678506,0
2022-04-17,-1.7657522881942,3.015797692997942,-0.6363794480755484,3.245559437770976,-1.0275872353567197,1,-0.163388076596223,0
2022-04-18,2.754626836438589,2.944044032494827,0.8835423059385975,3.1555041138238926,-0.8306021484672854,1,-0.07175366050311505,0
2022-04-19,1.6435294339235185,2.947361326091444,0.5055674842270577,3.082367740379866,3.849364620910301,1,0.0033172935966168104,0
2022-04-20,-0.3097867846211244,2.853404583318885,-0.1623415657606024,2.9879586808994527,2.004059913576306,1,-0.09395674277255894,0
2022-04-21,-2.068443970831879,2.7264824463734825,-0.8149267041753991,2.8974180162553163,0.2541732267149044,1,-0.12692213694540255,0
2022-04-22,-1.9611085251920457,2.7237326318654387,-0.776341952083296,2.839005004028816,0.0588169897170587,1,-0.002749814508043791,0
2022-04-23,-0.640161932757799,2.710823122208311,-0.2927528946612541,2.7923608219715126,-3.3359717794793298,1,-0.012909509657127671,0
2022-04-24,-0.0441701583344666,2.610509607178046,-0.0756976879052457,2.724990478188833,-5.023671371737315,0,-0.10031351503026498,0
2022-04-25,2.474905007609607,2.5081513748362543,0.9255683878242088,2.655939836492306,-2.238979579506584,0,-0.10235823234179176,0
2022-04-26,-5.959955698854813,2.551290750223989,-2.39619693737432,2.620901497262408,-6.1304913075295175,0,0.04313937538773471,0
2022-04-27,2.9052734994520435,3.2625792045948647,0.843453581875697,2.728670811808293,-1.2641092828854283,1,0.7112884543708757,-1
2022-04-28,1.348390672152533,3.233693418565398,0.3695314101543122,2.8332448710797107,0.7244433220249036,1,-0.028885786029466676,0
2022-04-29,-2.970235366082896,3.0885607345456263,-1.011369054306707,2.9288550965532263,-2.201621885723526,1,-0.14513268401977175,0
2022-04-30,-2.3452178557919368,3.129368733599589,-0.7984540818560466,3.0530985683058933,-7.0217447491250695,1,0.04080799905396271,0
2022-05-01,1.980058020040154,3.0940637745595425,0.5903623098773524,3.161653173173004,0.9182689697698976,1,-0.03530495904004649,0
2022-05-02,0.1564561605817971,3.004753961364889,0.0010040014714163,3.110088124527009,-1.8305483691003488,1,-0.08930981319465348,0
2022-05-03,-2.0422241840901023,2.8559126925204383,-0.7688132669544945,3.034531979318017,-5.221163225342984,1,-0.1488412688444507,0
2022-05-04,5.03126775329914,2.831044944067024,1.7229780757589823,2.983028821222297,2.780339894039052,1,-0.02486774845341433,0
2022-05-05,-8.194136472907587,3.199833624251751,-2.608753090418233,2.997121799352729,-3.068578723076598,1,0.3687886801847271,-1
2022-05-06,-1.4713780107637575,4.217395700670883,-0.3852655783967893,3.221788184574997,-6.52001475388051,2,1.0175620764191318,-1
2022-05-07,-1.5067299056939376,3.985113404148309,-0.4165927341362795,3.4178600731316804,-8.183200820156245,2,-0.2322822965225737,-1
2022-05-08,-4.148559878699665,3.779663042701311,-1.1381965041011657,3.602610143167856,-10.289536514765809,2,-0.20545036144699802,-1
2022-05-09,-11.70549632581519,3.857956165271352,-3.073890734101804,3.8079923874087216,-27.026300593880137,2,0.07829312257004073,-1
2022-05-10,2.367869238648268,5.52042107169411,0.4011342299266603,4.272109876897193,-16.464294882324282,2,1.6624649064227581,-1
2022-05-11,-6.962706368651972,5.184619067448891,-1.372549392589577,4.4655545502527945,-21.955623240212496,2,-0.33580200424521944,-1
2022-05-12,0.3842315640511629,5.430744696551006,0.0424973357731939,4.754680808733334,-20.0646617704674,2,0.24612562910211544,-1
2022-05-13,0.8069582993284641,5.044943511920603,0.1295393921856476,5.007736902577191,-15.109143592439269,2,-0.38580118463040325,-1
2022-05-14,2.75565403508562,4.699286136017939,0.5537467982546239,5.17600289672651,-0.6479932315384573,2,-0.34565737590266377,-1
2022-05-15,3.9214229608877114,4.474542424388972,0.84209360876021,4.966827167265483,0.9055604907009852,2,-0.22474371162896656,-1
2022-05-16,-4.716393882593017,4.381445324972231,-1.1114673137698516,4.80619241877015,3.15187297675994,2,-0.09309709941674171,-1
2022-05-17,1.867531097186692,4.435788939957449,0.3864231903738395,4.607201267451439,4.635172509895469,2,0.05434361498521856,-1
2022-05-18,-5.76896230339532,4.18502999060348,-1.4151396047043987,4.435218563188014,-1.940748092828315,2,-0.25075894935396903,-1
2022-05-19,5.401747251089617,4.433730745220756,1.1837227313732517,4.382107485028579,0.7053451231756824,2,0.2487007546172757,-1
2022-05-20,-3.742660999960279,4.531958249211732,-0.8596946769801534,4.39359064999313,-6.958738837672307,2,0.09822750399097568,-1
2022-05-21,0.7896156156526501,4.44468455275577,0.1431319196937989,4.406238495549838,-1.4527293394266394,2,-0.08727369645596195,-1
2022-05-22,2.9840116535785555,4.15551091180116,0.6811610727231451,4.35018288991858,-0.336248783034776,2,-0.2891736409546093,-1
2022-05-23,-4.122961033666606,4.013351011383659,-1.065543583085597,4.315847094074615,1.309752486693938,2,-0.14215990041750182,-1
2022-05-24,1.8949781767068077,4.049100890686477,0.4301050629608312,4.23892112316776,-2.1970165876888714,2,0.035749879302818144,-1
2022-05-25,-0.3148528130159533,3.8411396822072192,-0.1219149093610163,4.100757409766857,1.230791599255454,2,-0.20796120847925748,-1
2022-05-26,-1.0033699544871766,3.608402113265467,-0.3205877009709571,3.933500921868797,-0.5621939708843726,1,-0.23273756894175213,0
2022-05-27,-2.2097889022564488,3.4196569882132875,-0.6910717342661136,3.7863301371512224,-5.755994526719377,1,-0.18874512505217966,0
2022-05-28,0.6522241153916752,3.331362317467565,0.1497239521480505,3.649932398368004,-0.980809377661096,1,-0.08829467074572239,0
2022-05-29,2.166399017895948,3.1520230820661324,0.6386246490914408,3.4705168366439336,-0.7093885364719554,1,-0.1793392354014327,0
2022-05-30,7.459222816391886,3.0696522731249845,2.3800035910162127,3.316219354827487,7.064687092935884,1,-0.0823708089411479,0
2022-05-31,0.2075607477006968,3.883617625572235,0.0139358118474342,3.3712624572888408,8.275617795123758,2,0.8139653524472505,-1
2022-06-01,-6.474693067083415,3.642945045290488,-1.8194434359737184,3.415920068704281,4.010713630296792,1,-0.2406725802817471,0
2022-06-02,2.2182633910983185,4.143329793294039,0.49834893936198,3.578313563869576,5.576752906003435,2,0.500384748003551,-1
2022-06-03,-2.536528971019081,3.944429620861845,-0.6819663709995856,3.7367948716287183,0.873824917088406,2,-0.19890017243219393,-1
2022-06-04,0.4317415368904065,3.816632882627499,0.0729182403091049,3.886190993529221,-6.153656362413074,2,-0.12779673823434612,-1
2022-06-05,0.2468985857086991,3.583922425246347,0.0260773508564244,3.8262519534640433,-6.114318524405071,1,-0.23271045738115204,0
2022-06-06,4.779217112896639,3.373586332330672,1.3711751453882424,3.77238021087208,5.139591655574982,1,-0.210336092915675,0
2022-06-07,-0.68833346588697,3.5758787926791653,-0.2354030709300493,3.6588900107491056,2.2329947985896936,1,0.20229246034849346,0
2022-06-08,-3.067294698343126,3.379183553945952,-0.9531101315184674,3.545840797365927,1.7022290712656485,1,-0.19669523873321326,0
2022-06-09,-0.3393459545796062,3.3848174460680887,-0.1455869764366122,3.4594777100540446,0.9311415797956356,1,0.005633892122136608,0
2022-06-10,-3.474221923779908,3.1996585445447767,-1.1337651366419057,3.382624933913731,-2.789978929692971,1,-0.18515890152331194,0
2022-06-11,-2.5173197410301995,3.2868607839886943,-0.8125562047603683,3.365279824245336,-10.08651578361981,1,0.08720223944391758,0
2022-06-12,-5.8001081518821,3.2460464106436726,-1.834091932741309,3.299313347838237,-15.19829046961494,1,-0.04081437334502169,0
2022-06-13,-17.405255177667023,3.716024521460832,-4.725128819641844,3.366681541341213,-29.53625094893884,2,0.46997811081715923,-1
2022-06-14,-1.2556416941055917,7.090778475669506,-0.1987202226277263,4.107873747261496,-30.45254668846482,2,3.374753954208674,-1
2022-06-15,1.6349175083862022,6.576516110134998,0.2252679230755277,4.78324526037954,-25.34340725629871,2,-0.514262365534508,-1
2022-06-16,-10.211240133010335,6.110530116846917,-1.6961997270282565,5.347979126951185,-33.03732764827885,2,-0.465985993288081,-1
2022-06-17,0.439781088256197,6.73372560827294,0.0425235184399346,6.045514966477039,-26.79743840814055,2,0.6231954914260234,-1
2022-06-18,-7.366571122488885,6.232604665232529,-1.2065598428890032,6.548830995231379,-16.758754352962413,2,-0.5011209430404113,-1
2022-06-19,7.7653019524071,6.350703066775115,1.1985858084038967,6.400815913452499,-7.7378107064497215,2,0.11809840154258655,-1
2022-06-20,0.224848053257709,6.462087148705128,0.0110504034425897,6.377930121166526,-9.147880161578216,2,0.11138408193001226,-1
2022-06-21,0.5376928208097098,5.983948227024557,0.0642140311126041,6.352613743202054,1.6010527922418305,2,-0.4781389216805705,-1
2022-06-22,-3.556200532463194,5.549577939305573,-0.6684544223394995,6.11578420940858,-2.3949288284775605,2,-0.4343702877189841,-1
2022-06-23,5.35199496525518,5.314802384090277,0.9781277282545028,5.93222375318013,10.323637259266505,2,-0.23477555521529592,-1
2022-06-24,0.6889809613761955,5.265992561936607,0.101698126591334,5.715281652212428,3.2473162682356005,2,-0.04880982215366991,-1
2022-06-25,1.2668381046625043,4.898109822528353,0.2273119145589996,5.4024861869770735,4.289306319640396,2,-0.36788273940825444,-1
2022-06-26,-2.234031636729661,4.5771451630398365,-0.5216070137324208,5.121125574180129,1.517581862101025,2,-0.32096465948851627,-1
2022-06-27,-1.3975180844797208,4.351088227190109,-0.356452773807498,4.881427631757036,3.6762643100844974,2,-0.2260569358497273,-1
2022-06-28,-2.2179692795420536,4.1012100253898565,-0.5782217072630833,4.638709160016953,-3.893699934712736,2,-0.24987820180025277,-1
2022-06-29,-0.8746512259888206,3.9285065703409914,-0.2617001119290291,4.3712119616978296,-5.457332122077752,2,-0.17270345504886508,-1
2022-06-30,-1.6009711756280964,3.701014604941665,-0.4740350271703648,4.131792918180492,-8.325141402368352,2,-0.22749196539932637,-1
2022-07-01,-2.6393611667963057,3.532824848655543,-0.7905290156239929,3.922928855303633,-8.730470932434997,1,-0.1681897562861221,0
2022-07-02,-0.1407955856373988,3.469332977750465,-0.0848102418268093,3.746577805415704,-7.473748433592675,1,-0.0634918709050778,0
2022-07-03,0.2844903976512825,3.2722923910089903,0.0400486872224553,3.5807942785395306,-4.971288756399339,1,-0.19704058674147484,0
2022-07-04,4.727542718300803,3.0946884180963874,1.4780497152379222,3.4140306480906104,0.6309051878902849,1,-0.17760397291260288,0
2022-07-05,-0.2035878126305235,3.3472601489404146,-0.1066625179781393,3.34327975689036,2.028288550887858,1,0.2525717308440272,-1
2022-07-06,1.7582449257883326,3.163852406146533,0.5072314813065473,3.269485268388558,6.425894643472496,1,-0.1834077427938814,0
2022-07-07,5.165639338861894,3.050160983899819,1.643257513991981,3.1856508696184287,11.732329567971789,1,-0.11369142224671425,0
2022-07-08,0.4313222712422515,3.3899525968512827,0.0819724996500001,3.2091829107868874,11.879161441562758,1,0.33979161295146376,-1
2022-07-09,-0.641274116384416,3.201054045036342,-0.2482661924437256,3.2304560361748784,6.510344606877538,1,-0.18889855181494086,0
2022-07-10,-3.4477479725026683,3.04358420399967,-1.1832060867425902,3.169720847186729,3.2661844470053936,1,-0.15746984103667172,0
2022-07-11,-4.359596339476646,3.1554110305116243,-1.430252882753039,3.168032572059748,-2.8516568182595847,1,0.11182682651195419,0
2022-07-12,-3.2915621389021155,3.38470488232138,-1.017814445235392,3.23494135174406,-11.308858296023594,1,0.2292938518097558,-1
2022-07-13,4.49367599448216,3.416606686565661,1.2703354554578774,3.2402721696869348,-7.246504572783685,1,0.03190180424428091,0
2022-07-14,1.7549651263241373,3.566152351343079,0.4490906684167967,3.3132918309482826,-4.850265330075132,1,0.14954566477741782,0
2022-07-15,1.2868197042893217,3.404335392312716,0.3329226384877499,3.3854420686108924,-0.1156976532831421,1,-0.16181695903036264,0
2022-07-16,1.6846296291969765,3.237042086161894,0.4730214205614917,3.4017682797409456,5.92852831539048,1,-0.16729330615082239,0
2022-07-17,-1.958489970974675,3.1097817664835694,-0.6791246179779722,3.346783656573384,7.26160048331792,1,-0.1272603196783244,0
2022-07-18,7.891967823012891,3.0413376613104903,2.544448956876124,3.2717298515223496,10.659892311848653,1,-0.06844410517307908,0
2022-07-19,3.940528200341831,3.967431668727075,0.9545441820737272,3.3519857149991497,12.845455385866344,2,0.9260940074165847,-1
2022-07-20,-0.6765243636369433,3.949459800058165,-0.2101461437354199,3.461010596548239,10.88211131794008,2,-0.017971868668909874,-1
2022-07-21,-0.2892621770048009,3.713689179148741,-0.1192080270674727,3.556340015145608,8.908219511738302,2,-0.2357706209094239,-1
2022-07-22,-1.9601945764883053,3.4934571822988705,-0.6050264392480033,3.6330750983086686,8.906514906224672,1,-0.22023199684987071,0
2022-07-23,-1.1044710597188256,3.3750496642981616,-0.3727087207659653,3.699817498906203,-0.0899239765070447,1,-0.11840751800070892,0
2022-07-24,0.6375470790258575,3.216752673005853,0.1504957779020501,3.5496816997619582,-3.392905097823018,1,-0.15829699129230868,0
2022-07-25,-5.675565978203245,3.049500647961521,-1.9114622471987543,3.36968986934263,-8.39194671238932,1,-0.1672520250443319,0
2022-07-26,-0.572504382684258,3.5471439085805168,-0.2046558539989166,3.336380815228985,-8.675188918068777,1,0.4976432606189958,-1
2022-07-27,7.659542154936183,3.350154429175613,2.240524408780732,3.3077202646043333,0.9445478133557116,1,-0.19698947940490363,0
2022-07-28,3.905783089201442,4.119504769837228,0.9108725236811328,3.456611285712147,5.95480196227598,2,0.7693503406616147,-1
2022-07-29,-0.1647644691439964,4.074902468281749,-0.0780887039147995,3.628241244767325,5.152490414106126,2,-0.04460230155547862,-1
2022-07-30,-0.6254683466181632,3.8169741368661,-0.2040641885095461,3.7817359425482415,10.202588045691208,2,-0.2579283314156493,-1
2022-07-31,-1.3589886059607537,3.593337857168391,-0.4208977973298382,3.790974732265816,9.416103822414712,1,-0.22363627969770894,0
2022-08-01,-0.0973064708290394,3.4233984598219163,-0.073244717772475,3.805623538395077,1.6592551966494895,1,-0.16993939734647467,0
2022-08-02,-1.4520247082613125,3.230710406494972,-0.4969384096504144,3.6278646657266256,-3.698552600813265,1,-0.19268805332694416,0
2022-08-03,-0.5744061707542159,3.108846151305643,-0.2341208019032657,3.434653402331404,-4.108194302423485,1,-0.1218642551893292,0
2022-08-04,-0.947952556852094,2.9596109149792973,-0.3721407886628033,3.263180757954044,-4.430678512657416,1,-0.1492352363263456,0
2022-08-05,2.867589908816015,2.842290816860304,0.95491654461693,3.1129713498924265,-0.2040999978806468,1,-0.11732009811899324,0
2022-08-06,-1.4185359813053466,2.8746654331419217,-0.546837675913669,3.0032247445564275,-1.525329508356954,1,0.03237461628161764,0
2022-08-07,0.9303252730044064,2.795591886074356,0.2778967465497932,2.9162010404723047,0.8570204729087649,1,-0.07907354706756564,0
2022-08-08,2.6971545344579795,2.684371991557557,0.9476015840109752,2.831306208522687,4.12858117812096,1,-0.11121989451679903,0
2022-08-09,-2.747099349637594,2.723175025120839,-1.0651312185459791,2.784019030550996,2.3294343853354604,1,0.038803033563282074,0
2022-08-10,3.3256795053882016,2.798735036066004,1.1334549649486885,2.775307874392136,2.787523981907647,1,0.07556001094516507,-1
2022-08-11,0.0412762067368177,2.896415389904927,-0.0387248240834014,2.779657865744737,4.247336169949811,1,0.09768035383892304,-1
2022-08-12,1.8415982056897209,2.7600145620653938,0.6116485201596483,2.772542400942944,5.1586091026351255,1,-0.13640082783953345,0
2022-08-13,0.0870422128858905,2.7048762614673154,-0.0245472117313912,2.7766432549248963,2.548496781063037,1,-0.05513830059807834,0
2022-08-14,-0.4297383077330963,2.5904244167287,-0.2251282404343999,2.750093133246468,4.865857822967534,0,-0.11445184473861536,1
2022-08-15,-0.752687118445472,2.497951183604285,-0.3627478821749302,2.689936362754124,0.7874911991338607,0,-0.09247323312441491,1
2022-08-16,-1.0565706274135778,2.429332332445321,-0.498083359957156,2.596519751262203,-0.3103556350165348,0,-0.06861885115896404,0
2022-08-17,-2.3181944883864603,2.386515378430466,-1.0356664339600097,2.521819914535217,-4.470148329092716,0,-0.0428169540148553,0
2022-08-18,-0.5295957030778453,2.4688096802701565,-0.2766657518073426,2.474606598295785,-5.086786245056452,0,0.08229430183969066,-1
2022-08-19,-10.602664190168731,2.394907984324816,-4.491238763139574,2.435503311815009,-15.259712127492088,0,-0.07390169594534024,0
2022-08-20,1.3724431302662763,4.434596242505441,0.2748849456459706,2.8228323235952404,-13.134581878780338,2,2.0396882581806244,-1
2022-08-21,1.7239723512556535,4.162470310365181,0.3773079087582791,3.169459919179212,-10.354038900111108,2,-0.27212593214026004,-1
2022-08-22,-0.629880257162263,3.933301651303133,-0.1991506652143209,3.478817173753745,-8.66572466888691,2,-0.22916865906204764,-1
2022-08-23,0.6018593854662413,3.697916609315113,0.1212628757374682,3.7246385595627367,-7.534269580342823,2,-0.23538504198802013,-1
2022-08-24,-0.6200333278529868,3.47938411021656,-0.2223016161869486,3.941533784741085,2.4483612819729217,1,-0.21853249909855288,0
2022-08-25,0.9577016652956516,3.2909130303693965,0.244388798698224,3.712797142313877,2.0336198170022968,1,-0.18847107984716338,0
2022-08-26,-6.408571655966355,3.123799395756575,-2.1006505885312774,3.505062959392156,-6.098924190219712,1,-0.16711363461282147,0
2022-08-27,-1.083244981392717,3.75388859116738,-0.3294408809802949,3.469180347365005,-6.552288914450166,2,0.6300891954108048,-1
2022-08-28,-2.142993430725504,3.5528244279345573,-0.6463682235048926,3.440161911088894,-9.297141730641911,1,-0.2010641632328225,0
2022-08-29,3.4134991629983347,3.441503086365945,0.9472778893415004,3.4325857063187706,-5.26360923979059,1,-0.11132134156861229,0
2022-08-30,-2.5001327783567007,3.44202988336192,-0.7709323426757209,3.462809076917276,-8.721443683442942,1,0.0005267969959747987,0
2022-08-31,1.2696624168793136,3.377513400384602,0.3304866336189414,3.5135518778428803,-1.0432096105972732,1,-0.06451648297731793,0
2022-09-01,0.3851817363536014,3.212475649019382,0.0721382442979758,3.405269289413281,0.4252171071490451,1,-0.1650377513652197,0
2022-09-02,-0.78494796911599,3.0420236057200705,-0.3084747108914065,3.3031091249703843,1.783262568758559,1,-0.17045204329931174,0
2022-09-03,-0.6918477935498046,2.9078168855491984,-0.2906947754977007,3.196371884807035,-2.3220843877895803,1,-0.1342067201708721,0
2022-09-04,0.7766470822270222,2.785730622966514,0.2237142722651438,3.0651120327279537,0.9546954727941426,1,-0.1220862625826844,0
2022-09-05,-0.876115199617189,2.6707258862397345,-0.3854961634606761,2.92375452989898,-1.19108214370236,1,-0.11500473672677947,0
2022-09-06,-5.044806467236107,2.585652925751073,-2.0104190313591594,2.798389985245318,-6.6210703472920684,0,-0.08507296048866131,0
2022-09-07,2.3745153749135994,3.0846087444363897,0.7200511234160056,2.8069070129885825,-3.461607003262479,1,0.49895581868531647,-1
2022-09-08,0.2046070303537206,3.0292609423218724,0.0168911322413706,2.831195824343117,-2.565152179358954,1,-0.055347802114517286,0
2022-09-09,10.08600976678906,2.87775725548926,3.451496947721895,2.8496011508476657,6.744210505203085,1,-0.1515036868326125,0
2022-09-10,1.3905238413398635,4.4397996719894985,0.2786351974304679,3.2034159079976186,9.010849546160138,2,1.5620424165002387,-1
2022-09-11,0.4083651963044943,4.167811880712806,0.0611653837594878,3.5198476989899654,14.46402120970074,2,-0.27198779127669237,-1
2022-09-12,2.7242163871664005,3.9002296960362255,0.6591347700869309,3.6829718893099326,14.81372222195354,2,-0.2675821846765807,-1
2022-09-13,-9.728219892342338,3.767798491121314,-2.6226612964603784,3.830679399069821,4.880895299257482,2,-0.13243120491491167,-1
2022-09-14,-0.2743968675373409,4.958238650789115,-0.0862879503899217,4.246775678129792,-5.479511335068921,2,1.190440159667801,-1
2022-09-15,-2.7034586241262204,4.617403665180604,-0.6187239008045052,4.282296476768012,-9.573493800535005,2,-0.34083498560851044,-1
2022-09-16,0.36162281734331,4.421401315510622,0.0470853965302003,4.333014363727576,-9.620236179496189,2,-0.19600234966998187,-1
2022-09-17,1.7794492715736965,4.129071900355576,0.393795489066279,4.378782804591446,-10.565003295088893,2,-0.29232941515504685,-1
2022-09-18,-3.58128060475007,3.9062537145078697,-0.9560874077540384,4.406473849268757,-4.418064007496625,2,-0.22281818584770585,-1
2022-09-19,0.6396912022912815,3.8913533553578814,0.1249569943162406,4.19309679018251,-3.5039759376680024,2,-0.01490035914998833,-1
2022-09-20,-3.4000477547087016,3.653861665435565,-0.9725291932934864,4.000388390233503,-4.200565068250484,1,-0.2374916899223165,0
2022-09-21,-1.834481351522399,3.656154862045209,-0.5437189642436872,3.84733909954042,-6.396669237116193,1,0.0022931966096439993,0
2022-09-22,4.564167754912951,3.5085574915957825,1.2571344155810016,3.723236217788461,-3.611950753776938,1,-0.14759737044942645,0
2022-09-23,-0.5988576296712012,3.651246191182852,-0.2060384245442597,3.6722347131234576,-0.6295277786980691,1,0.14268869958706976,-1
2022-09-24,-1.8864440709329244,3.4440417965207586,-0.5922934664082762,3.5827724013560336,-3.155663051922275,1,-0.20720439466209362,0
2022-09-25,-0.7149858037086787,3.3261843775198976,-0.2610875069828646,3.5172369437728994,-0.4706011009222521,1,-0.117857419000861,0
2022-09-26,2.2121968157295058,3.1573017844797526,0.6520622902334935,3.417466328259809,3.5760770663296526,1,-0.16888259304014497,0
2022-09-27,-0.5850034170169494,3.0779760374734617,-0.2399118093220889,3.3313500374353446,-1.573094105600248,1,-0.07932574700629091,0
2022-09-28,1.6409099157190354,2.932552988018165,0.5072271630259385,3.187611396802407,0.6666734397899887,1,-0.14542304945529683,0
2022-09-29,0.7504185755092152,2.8403159721715263,0.2101805567320243,3.0668662319325604,3.3035360862321284,1,-0.09223701584663857,0
2022-09-30,-0.7243323491751497,2.718136393951002,-0.3229314519727208,2.9452566352187817,3.2941895407656574,1,-0.12217957822052439,0
2022-10-01,-0.617871650655033,2.620244317156509,-0.294366074487055,2.8378451417541326,0.4641210743811186,0,-0.09789207679449285,1
2022-10-02,-1.3973887936277407,2.530317456119569,-0.6128986594391181,2.7283134254833543,-0.3482643022296727,0,-0.08992686103694014,0
2022-10-03,2.997417630734489,2.4969608710538185,1.1389758968673276,2.641195002090485,1.008243412785781,0,-0.033356585065750455,1
2022-10-04,3.5702295702778386,2.6067543582135966,1.310744979222367,2.594482679298899,3.828054407554404,0,0.1097934871597781,-1
2022-10-05,-0.8698206075026249,2.77697006401659,-0.368480742354828,2.6062494133120166,3.682566149226929,1,0.1702157058029936,-1
2022-10-06,-1.0234041758595325,2.6782403101710304,-0.4394092473978643,2.6178486119149214,3.2770336240224296,1,-0.09872975384555982,0
2022-10-07,-2.068782806747471,2.5999426000211123,-0.8547197118554727,2.63177364069523,2.605639610902699,0,-0.07829771014991804,1
2022-10-08,-0.6687387417162682,2.6171543409361,-0.3141496517952913,2.655812334671686,-1.0605167615480582,0,0.017211740914987672,0
2022-10-09,0.1536547989141823,2.52959425496336,8.51582147678177e-05,2.640380314021639,-4.4770915329117145,0,-0.0875600859727399,0
2022-10-10,-1.580535214708867,2.4361096860123963,-0.711780182907325,2.5722082384208,-5.1878061401179565,0,-0.0934845689509638,0
2022-10-11,-0.471640371270432,2.4318428404097165,-0.2570395356422216,2.522928744468537,-4.636042335528856,0,-0.0042668456026797585,0
2022-10-12,0.5549896374471786,2.360756562578039,0.1700938845745819,2.4750915369799222,-2.0122698913342063,0,-0.07108627783167742,0
2022-10-13,1.1700026522296625,2.292816241477129,0.4433688363928401,2.410223917088128,-0.1735284973882755,0,-0.06794032110090997,0
2022-10-14,-1.0228526229370871,2.257795615869304,-0.5209913589399588,2.355864189269317,-1.350035919239545,0,-0.03502062560782493,0
2022-10-15,-0.6170546675591027,2.237470454142912,-0.344359430228808,2.31613634289542,-0.3865553720897807,0,-0.020325161726392427,0
2022-10-16,1.0458171486817491,2.1980671258126283,0.4059829452062312,2.269381199976002,1.1309021478624004,0,-0.03940332833028348,1
2022-10-17,1.456349413146718,2.169996081146025,0.6004204529601171,2.231229103689599,2.03226192356194,0,-0.028071044666603484,1
2022-10-18,-1.1127327349329974,2.171778675859888,-0.583011580411165,2.207021590566151,-0.25047346360072,0,0.001782594713862995,0
2022-10-19,-1.013062189594116,2.1705995274528687,-0.5374098529111504,2.1895823728828643,-0.2406830302577489,0,-0.0011791484070191594,0
2022-10-20,-0.4492679159129764,2.1626893962410536,-0.2786841698784291,2.1746261613024926,-0.0728962786116227,0,-0.007910131211815052,0
2022-10-21,0.6211910653393105,2.127217200123771,0.2198890090437177,2.160456176164721,-0.4975223619540614,0,-0.035472196117282806,0
2022-10-22,0.1861391394053058,2.0925224915579115,0.0156269556737799,2.1449614582470984,-1.7677326356954737,0,-0.03469470856585932,0
2022-10-23,1.8508150954172464,2.056227798982024,0.8254803835811494,2.1218512828715257,1.1958151946547702,0,-0.03629469257588758,1
2022-10-24,-1.1381303255268094,2.111071631792965,-0.6118076190589528,2.109945703739545,1.0707470587220769,0,0.05484383281094107,-1
2022-10-25,3.805012559986309,2.1212910817007384,1.7213918487204167,2.1016660408314816,5.325027534621363,0,0.010219449907773459,0
2022-10-26,3.301719435894768,2.444885677366822,1.2877003132932454,2.165199736280092,8.00555590517682,0,0.3235945956660835,-1
2022-10-27,-2.36079843216217,2.608256912465861,-0.9639532836389716,2.2683466204616822,5.458618333609344,0,0.16337123509903906,0
2022-10-28,1.5142492579418132,2.656488790181432,0.5122588432475677,2.388398818701564,5.122052496133911,1,0.0482318777155708,0
2022-10-29,1.077549065326444,2.5921686875745014,0.3565005960348179,2.484618229857871,7.337731886987164,0,-0.06432010260693044,1
2022-10-30,-0.8822978719624786,2.5121456277580663,-0.4122918845553362,2.5627891390693365,2.6504214550383765,0,-0.0800230598164351,1
2022-10-31,-0.6799218852899358,2.448024738770027,-0.3404219145644697,2.5634169513499776,-1.331219866146327,0,-0.06412088898803914,0
2022-11-01,-0.0512432015794317,2.382730817846362,-0.0859025212708573,2.5183117324260778,0.9783353644364112,0,-0.06529392092366493,1
2022-11-02,-1.603042401585597,2.308749104742289,-0.7607937047646434,2.448763795338249,-2.138956295090999,0,-0.07398171310407342,0
2022-11-03,0.2501116490787325,2.326593291163595,0.0415509948655621,2.395648716056068,-2.9663937113387107,0,0.01784418642130614,0
2022-11-04,4.533199824767209,2.258972878507603,1.938828253873224,2.345014166205975,2.449103985390977,0,-0.06762041265599184,1
2022-11-05,0.6385182519711208,2.6850298631352305,0.1806605116195488,2.392415191079016,3.7675441226520334,1,0.4260569846276274,-1
2022-11-06,-1.6878487268053632,2.578458910377213,-0.7141041117926276,2.4315608095851866,2.130938597426102,0,-0.10657095275801742,1
2022-11-07,-1.558785986522615,2.562088730837545,-0.6682927679660152,2.482228734804237,2.175195012489084,0,-0.01637017953966824,1
2022-11-08,-10.542864681146114,2.5370363188382075,-4.216062649519991,2.5243173403391603,-8.617781317735762,0,-0.025052411999337387,0
2022-11-09,-15.488954817014822,4.483231618073648,-3.4890890172030367,2.969169088252369,-28.639935959517796,2,1.9461952992354408,-1
2022-11-10,10.203740901128455,6.90899766172386,1.454668536598906,3.813962647970095,-19.07471331036046,2,2.4257660436502118,-1
2022-11-11,-3.191845360130152,7.302921560581228,-0.4580748561466472,4.758855178010898,-20.578709943685247,2,0.3939238988573681,-1
2022-11-12,-1.3898139747380966,6.853272518162982,-0.2251848812127943,5.617091935475985,-20.40973793190073,2,-0.44964904241824577,-1
2022-11-13,-2.689670498469887,6.36409037349009,-0.4467425373932988,6.382502746406362,-12.556543749224502,2,-0.4891821446728919,-1
2022-11-14,1.606473240459927,5.97859896023083,0.2430391914463658,6.681576214837799,4.538884308250246,2,-0.3854914132592606,-1
2022-11-15,1.590431717951546,5.566535754997862,0.2581484064802805,6.413083833492598,-4.074424874926663,2,-0.41206320523296824,-1
2022-11-16,-1.2825680370736947,5.192450322429777,-0.2765567951712374,5.990989585862308,-2.1651475518702057,2,-0.37408543256808446,-1
2022-11-17,0.1083919420649337,4.85396763956138,-0.0092805400578401,5.591128610141988,-0.6669416350671753,2,-0.33848268286839733,-1
2022-11-18,0.0614627845701321,4.520365394983399,-0.020347160146674,5.222383614440649,2.084191647972844,2,-0.33360224457798093,-1
2022-11-19,0.0824292759679323,4.218117258605975,-0.0168345503128279,4.870287274115679,0.5601476834808494,2,-0.30224813637742365,-1
2022-11-20,-2.543603029442032,3.9447151597644647,-0.6837103069278169,4.545923155069,-3.5738870639127285,2,-0.27340209884151045,-1
2022-11-21,-3.1459062587073205,3.817498791286444,-0.8642689421203011,4.270932848840333,-5.437225285546354,2,-0.12721636847802076,-1
2022-11-22,2.5174715080391152,3.766324040790953,0.6276762432685719,4.053404129086247,-3.028145719572173,2,-0.05117475049549114,-1
2022-11-23,2.5667956985737206,3.633592675542479,0.6641791006555448,3.876049585198063,-0.5228128055685843,1,-0.13273136524847384,0
2022-11-24,-0.0375863632257278,3.521693767366343,-0.0542425773016394,3.736764886950136,-0.6428284447622445,1,-0.11189890817613612,0
2022-11-25,-0.498837489510251,3.318276608667565,-0.1965709763284356,3.611477176730757,1.4019370951695365,1,-0.20341715869877808,0
2022-11-26,-0.3489989121623793,3.1438133742635594,-0.1598181048082787,3.47674009332618,4.198844441714478,1,-0.17446323440400535,0
2022-11-27,-0.1194466804580685,2.9849203114313534,-0.0914215574185813,3.32045934745426,1.561926253217294,1,-0.15889306283220606,0
2022-11-28,-1.3918848240971116,2.8399072978450013,-0.5441460037984649,3.1617222719147646,-2.396754269453538,1,-0.1450130135863521,0
2022-11-29,1.394046411034644,2.7635607163899243,0.4489161466558703,3.0100956617194803,-0.9651214951931664,1,-0.076346581455077,0
2022-11-30,4.305976658394428,2.67786982751409,1.5506867557733206,2.8820143054887857,3.8396926527115127,1,-0.08569088887583431,0
2022-12-01,-1.1802068595368809,2.952456090702198,-0.4517073926755793,2.8437428487765133,3.008484705337011,1,0.27458626318810797,-1
2022-12-02,0.7136986045805926,2.848287610296278,0.196700368099053,2.816416308549498,3.841629990375672,1,-0.10416848040591997,0
2022-12-03,-1.0614234867796668,2.7242111684513834,-0.4459503301477233,2.7932770826707745,4.172091327693117,1,-0.12407644184489452,0
2022-12-04,1.305884246336575,2.6421105131236,0.4361834440417746,2.7689870420175096,4.083929162995048,1,-0.08210065532778366,0
2022-12-05,-0.9128269217153928,2.5671557198079262,-0.4153492897495572,2.746844220476277,-1.1348744171147729,0,-0.07495479331567356,0
2022-12-06,0.6733035250819697,2.4973593878977174,0.208165530527126,2.655824879915381,0.7186359675040777,0,-0.06979633191020884,1
2022-12-07,-1.4224977832437702,2.414770891496893,-0.6526238874157558,2.569121536155504,-1.4175604203202852,0,-0.08258849640082433,0
2022-12-08,2.261420008103876,2.400374006462961,0.8781884069919252,2.5043541037578194,1.9052830745632576,0,-0.014396885033931994,1
2022-12-09,-0.583837050588798,2.438307707143763,-0.3023721869114654,2.4635935425618523,0.0155617776378846,0,0.03793370068080204,0
2022-12-10,-0.0258464205314723,2.370369546120035,-0.0756362247432181,2.424236307824274,0.9025422788218052,0,-0.06793816102372796,1
2022-12-11,-0.1433196797389513,2.2977122003144315,-0.1291541485838321,2.384306870307617,0.0859190740008841,0,-0.07265734580560368,1
2022-12-12,0.5959927912305929,2.236035223044948,0.1979187999751622,2.348559736617228,2.1044096484752477,0,-0.0616769772694834,1
2022-12-13,3.2864788730728733,2.1856200098825527,1.4334785899301357,2.305608937301146,3.1294685134442446,0,-0.05041521316239539,1
2022-12-14,0.1928930642170812,2.403529418534781,0.0164148941675071,2.2986532795793493,3.906198628250124,0,0.2179094086522282,-1
2022-12-15,-2.5628381021023827,2.325819991700869,-1.167879498404051,2.2897433686955164,1.3692069466792134,0,-0.0777094268339118,1
2022-12-16,-4.218980898150093,2.451564764563615,-1.783522240380926,2.320513881545353,-2.7064542717319284,0,0.12574477286274588,-1
2022-12-17,0.8827572352892332,2.822742312885092,0.2583720975084202,2.437855299513382,-2.419689827673288,1,0.371177548321477,-1
2022-12-18,-0.2212331171358883,2.7066345560055405,-0.1384274428507163,2.5420582087379797,-5.92740181788205,1,-0.11610775687955144,0
2022-12-19,-1.917645189485384,2.5952135198882798,-0.798040144595842,2.580395029008679,-8.037940071584515,0,-0.11142103611726073,0
2022-12-20,2.7988705082472976,2.597804215035662,1.0183335255800403,2.634791873675637,-2.676231461234835,0,0.002590695147382416,0
2022-12-21,-0.5264509420177532,2.6635648220729973,-0.2552557833647733,2.677191885177514,1.0162984948975051,1,0.0657606070373351,0
2022-12-22,0.0761215411079874,2.565052360340877,-0.0301427928999781,2.625653894668671,0.2096628007162593,0,-0.09851246173212047,1
2022-12-23,-0.1985808428822011,2.4673835308731933,-0.1426694397773522,2.577803689642202,0.2323150749699465,0,-0.09766882946768352,1
2022-12-24,0.3019956154723502,2.384809046932301,0.0622927158382356,2.535722795051006,2.451955879927681,0,-0.0825744839408924,1
2022-12-25,-0.0342509673970425,2.31003112995864,-0.0812501390765871,2.478168178035601,-0.3811655957166593,0,-0.0747779169736611,0
2022-12-26,0.4609855984671895,2.2452795483596684,0.1369745765103194,2.394511123292936,0.6062709447682835,0,-0.06475158159897143,1
2022-12-27,-1.2048246868378245,2.190758594773178,-0.6199971431182704,2.3196523701793965,-0.6746752831775282,0,-0.05452095358649034,0
2022-12-28,-0.9895050300251284,2.1934695462652765,-0.5210669166364822,2.264869573257813,-1.4655994703204556,0,0.0027109514920984346,0
2022-12-29,0.540864482552017,2.180555617425846,0.1776726519940963,2.2240188873565216,-1.2267306032407888,0,-0.012913928839430433,0
2022-12-30,-0.2391695878760202,2.1364169780302067,-0.1837698235394813,2.189296056970835,-1.4316492237197664,0,-0.044138639395639334,0
2022-12-31,-0.3323665649558549,2.0985237037754034,-0.2314989090974745,2.159944888053982,-2.225001387142811,0,-0.037893274254803266,0
2023-01-01,0.4677606311577875,2.0684153991092304,0.1519623418534827,2.1354762489211927,-0.5524160691471991,0,-0.03010830466617298,0
2023-01-02,0.380570068470476,2.0384806236951536,0.1114215571376948,2.104478464407168,0.8176590293484054,0,-0.029934775414076853,1
2023-01-03,-0.0516254899498136,2.0113952959295607,-0.1019515525109082,2.0706464001079112,0.2251690568465747,0,-0.027085327765592915,1
2023-01-04,1.0934153962034898,1.9879294523783568,0.4728417358551435,2.0409488949775407,1.5577540409260848,0,-0.023465843551203847,1
2023-01-05,-0.1572817718438202,1.9941234991500485,-0.1558184110259976,2.02006885405247,1.7328388340381196,0,0.006194046771691664,0
2023-01-06,0.6820792235552986,1.9748794735749644,0.2676820775371177,2.001361668945617,1.9471574264356304,0,-0.01924402557508409,1
2023-01-07,0.0183405828304117,1.9642344836116543,-0.0687793649282257,1.986512440928917,1.5849279407955663,0,-0.010644989963310092,1
2023-01-08,0.7993082349020852,1.946927358464194,0.3317375190763291,1.973618853435844,2.435861665647465,0,-0.017307125147460356,1
2023-01-09,0.6148589187306541,1.944894425271012,0.2372465721284664,1.9650118480143743,1.9573051881746293,0,-0.002032933193181874,1
2023-01-10,1.4418133870886862,1.936672729485702,0.6652512757008154,1.9535216940815052,3.556400347107136,0,-0.008221695785310068,1
2023-01-11,2.7621150497731506,1.975470761430783,1.320533676084586,1.9536399516526688,5.636436173324988,0,0.03879803194508091,-1
2023-01-12,5.080318049018651,2.1601612311632623,2.2807920977186265,1.9928253011629904,10.698413639513229,0,0.18469046973247938,-1
2023-01-13,5.3649212803669855,2.733032755944324,1.9068494096343016,2.1500463806590164,15.264026684978129,1,0.5728715247810618,-1
2023-01-14,5.219244056084094,3.1928126591855217,1.5866275956801752,2.3996300274419187,19.868411822331566,1,0.45977990324119755,0
2023-01-15,-0.4563152777363299,3.508686057469543,-0.1737843314940027,2.714032693038687,17.97028315750655,1,0.31587339828402117,0
2023-01-16,1.373771995227635,3.3128721864394746,0.3683609096177812,2.981512978040425,16.581940102961035,1,-0.1958138710300683,0
2023-01-17,-0.0383324379333416,3.159855743627639,-0.0606900557101137,3.1814518805333005,11.463289616009044,1,-0.15301644281183568,0
2023-01-18,-2.2592831153300352,2.994752215389724,-0.805650125614615,3.2337957724223805,3.839085220312022,1,-0.16510352823791496,0
2023-01-19,1.9055334102898056,2.970626857798523,0.5898061624625948,3.189358612144981,0.5253745745177341,1,-0.024125357591200824,0
2023-01-20,7.268455261104734,2.891914278888513,2.4603135472798305,3.066004256428775,8.250145113358798,1,-0.07871257891001004,0
2023-01-21,0.4447222994452104,3.721222597383041,0.0782761333510962,3.147674338617488,7.321095417576373,2,0.8293083184945278,-1
2023-01-22,-0.2514790230431885,3.498261375109272,-0.1157484712570635,3.2153554649138143,7.107948832466526,1,-0.2229612222737689,0
2023-01-23,0.9375442198569672,3.2996573134821525,0.2376322030381248,3.2763364845323,10.304776167653529,1,-0.1986040616271194,0
2023-01-24,-1.3077079200906283,3.1309509878131307,-0.4666784337925825,3.308401310535222,7.091534837273095,1,-0.16870632566902177,0
2023-01-25,2.104318470132327,3.0123258197151617,0.6476321632211268,3.3324836187005515,1.927398046300688,1,-0.11862516809796908,0
2023-01-26,-0.3687148593844114,2.9436138906340306,-0.1773854391124939,3.1769618773507498,1.113960887471066,1,-0.0687119290811311,0
2023-01-27,0.1993046474165538,2.807609378523176,0.016336056071068,3.03883147803353,1.5647445579308084,1,-0.1360045121108544,0
2023-01-28,-0.2066314313093897,2.6811274534671083,-0.1342982833684783,2.915125506030521,0.4205689067644513,1,-0.1264819250560678,0
2023-01-29,3.1771335385045063,2.5724907048232435,1.175395561061482,2.803433449432544,4.905410365359586,0,-0.10863674864386486,1
2023-01-30,-4.0096914665952,2.6923789506241604,-1.5462648186331367,2.739444075614344,-1.208599571367941,1,0.11988824580091695,0
2023-01-31,1.301228853951386,2.9654181277368457,0.3870582229306111,2.743804923034906,0.4613441419678565,1,0.2730391771126852,-1
2023-02-01,2.494573459000371,2.849662477211581,0.8215478480482532,2.752215542772588,2.7566129535516737,1,-0.11575565052526482,0
2023-02-02,-1.067474987736894,2.8401079043092734,-0.4298830931978862,2.784011632941021,1.8957693971241696,1,-0.009554572902307434,0
2023-02-03,-0.0961136247671134,2.743606678327396,-0.0909580115552834,2.8182348276418514,-1.3774777661474502,1,-0.0965012259818776,0
2023-02-04,-0.5022313742864881,2.625970531134758,-0.2496870203590961,2.8049531437439708,2.1299823261612616,0,-0.11763614719263771,1
2023-02-05,-1.6254488231275843,2.5313042820311127,-0.7027555789869526,2.7181303746028247,-0.7966953509177088,0,-0.0946662491036454,0
2023-02-06,-0.8555376421284677,2.5165128673039763,-0.4009425258344739,2.6515004526213035,-4.146806452046548,0,-0.01479141472713641,0
2023-02-07,2.191019571493236,2.4504324770064145,0.8315186022995888,2.5735653671607315,-0.888311892816418,0,-0.06608039029756174,0
2023-02-08,-1.4063722484005226,2.472738175252279,-0.630803393256436,2.519391666545708,-2.198570516449827,0,0.02230569824586448,0
2023-02-09,-5.007294792111772,2.4484480866606337,-2.1077572374971965,2.483887177650883,-6.703633934275111,0,-0.024290088591645276,0
2023-02-10,-0.7722817724904019,2.980485729205005,-0.3105940574057589,2.573723467085661,-5.850466883637928,1,0.5320376425443714,-1
2023-02-11,1.0095720621825066,2.8529605636711,0.3000857039178695,2.641013006359086,-3.9853571793269538,1,-0.12752516553390514,0
2023-02-12,-0.3787160762945163,2.73780946971893,-0.1943727148889186,2.69848840490159,-6.555092827114706,1,-0.11515109395217005,0
2023-02-13,0.0912849794238113,2.626054917694052,-0.023668356415832,2.7291517533899445,-5.057435599290372,0,-0.11175455202487772,0
2023-02-14,1.8747466050136552,2.5209617345736377,0.6827978379138039,2.7436544829725453,1.824605797835055,0,-0.10509318312041449,1
2023-02-15,8.9770007863196,2.502757763538652,3.525535523925661,2.6481088898392744,11.573888356645057,0,-0.0182039710349855,1
2023-02-16,-2.855810148156479,3.929095395115557,-0.765888640698508,2.863335856128166,7.708506146306071,2,1.4263376315769047,-1
2023-02-17,3.910624942609964,3.832683843304715,0.980301457943112,3.0823107308453226,11.997847165210551,2,-0.09641155181084216,-1
2023-02-18,0.307582364881398,3.831765252693875,0.0402276683285039,3.3234527978452872,12.214144550668138,2,-0.0009185906108397646,-1
2023-02-19,-1.2809719094438066,3.596615754401136,-0.3988225016452973,3.5385836018107866,9.058426036210676,1,-0.2351494982927389,0
2023-02-20,2.040504474431515,3.422158419719847,0.5514254046142772,3.722463733047026,2.121929724322591,1,-0.1744573346812892,0
2023-02-21,-1.5946381537723653,3.295820762923769,-0.530392173209372,3.595808806608668,3.3831017187067047,1,-0.1263376567960779,0
2023-02-22,-1.018039688100281,3.175374268346717,-0.3689262972750494,3.464346891617069,-1.5455629120035397,1,-0.12044649457705203,0
2023-02-23,-1.0027916762018307,3.035881895012593,-0.3808550857280228,3.305170220080812,-2.8559369530867684,1,-0.1394923733341238,0
2023-02-24,-3.1792067406444247,2.9120832209351954,-1.144419946473065,3.168263713387624,-4.7541717842873865,1,-0.12379867407739775,0
2023-02-25,-0.0981248083164132,3.0108089354415046,-0.0835536883587953,3.085993816531956,-6.892801067035315,1,0.09872571450630918,0
2023-02-26,1.6511545833870045,2.862660495669734,0.523189949513473,2.999361763081149,-3.647008329875945,1,-0.1481484397717705,0
2023-02-27,-0.1628652491694637,2.7801056878721933,-0.113774319347872,2.920308046986244,-2.791833890945128,1,-0.08255480779754087,0
2023-02-28,-1.60927308751031,2.6590806677294734,-0.6629029694683132,2.84494780152962,-3.3983153022536072,1,-0.12102502014271987,0
2023-03-01,2.1336804939162235,2.6241280579312463,0.7546282296505075,2.7873567689288303,1.914571932307041,0,-0.03495260979822712,1
2023-03-02,-0.726135020948071,2.6135453096920744,-0.3365445400428296,2.707904043778945,1.2865617196753831,0,-0.010582748239171824,1
2023-03-03,-4.856242572977187,2.5288266750440025,-1.9810301771960543,2.641137279653798,-5.220835436688809,0,-0.08471863464807194,0
2023-03-04,-0.0417303522119993,3.005246414473991,-0.0649430058232022,2.6861654249741576,-5.099700539731344,1,0.4764197394299887,-1
2023-03-05,0.3668954675324798,2.8571737502701,0.0747088217260004,2.725784041482283,-3.1235319846885545,1,-0.14807266420389142,0
2023-03-06,-0.0256584178192298,2.7259883392814617,-0.0657001346710751,2.746156097752326,-5.282870896424008,1,-0.13118541098863812,0
2023-03-07,-0.9406138966042475,2.609708796499345,-0.4192242756184712,2.7453887951137803,-5.4973497720801845,0,-0.11627954278211661,0
2023-03-08,-2.2837315061131847,2.5358084269264856,-0.9611021335119108,2.7467851454902767,-2.9248387052161817,0,-0.0739003695728595,0
2023-03-09,-6.442451332853239,2.587460332795552,-2.5491755882921026,2.6632279291545893,-9.32555968585742,0,0.05165190586906654,0
2023-03-10,-0.8669656883114385,3.399843683126293,-0.3001329374521353,2.771761915725828,-10.55942084170134,1,0.8123833503307409,-1
2023-03-11,2.181222124411164,3.2283997136918665,0.6281077069322781,2.8722441906079084,-8.352540299470945,1,-0.17144396943442652,0
2023-03-12,7.160391184532955,3.13717300147356,2.2335241945721136,2.9777370316027514,-0.2515352183337427,1,-0.09122671221830636,0
2023-03-13,8.77836343684848,3.8611137742538615,2.233791739362007,3.2427981010682267,10.810559724627922,2,0.7239407727803013,-1
2023-03-14,2.241616479750697,4.723617693488506,0.4420715714241439,3.6700295732068176,19.494627537231857,2,0.8625039192346442,-1
2023-03-15,-1.5069419825618269,4.462890824560208,-0.3720416723187017,3.8826390014936,18.85465124298147,2,-0.26072686892829733,-1
2023-03-16,2.738772196964945,4.206641410017239,0.6145835981229993,4.078287340758675,19.41220131553525,2,-0.25624941454296923,-1
2023-03-17,9.043081735478786,4.037836975662236,2.20158525613518,4.25842013559641,21.29489186648108,2,-0.16880443435500325,-1
2023-03-18,-1.6843655914946964,4.90556709843617,-0.3746365991536243,4.467310800432872,10.832162838137904,2,0.867730122773934,-1
2023-03-19,3.901251239696357,4.612603018772342,0.8125155885429971,4.445107865489639,12.491797598083563,2,-0.292964079663828,-1
2023-03-20,-0.9728058677074714,4.4986908178781,-0.2503495564565228,4.452267864153217,13.02593371293792,2,-0.1139122008942417,-1
2023-03-21,1.4607259457310562,4.216990169305653,0.3100046502510496,4.4543376160109,11.747887461704032,2,-0.28170064857244714,-1
2023-03-22,-3.130493478602503,3.9702935816192633,-0.8271259528486835,4.440828937202306,-0.4256877523772573,2,-0.2466965876863898,-1
2023-03-23,3.690243092144208,3.895886987866826,0.907830160365464,4.238892915088437,4.948920931261647,2,-0.07440659375243719,-1
2023-03-24,-3.011973318555583,3.8596017128736624,-0.8201397287136452,4.088292653908701,-1.9643036269902936,2,-0.036285274993163696,-1
2023-03-25,0.0051715836265842,3.7883121646768503,-0.0391382212213776,3.946216923268452,-0.986326175656238,2,-0.0712895481968121,-1
2023-03-26,1.8008477903471487,3.5574842502544555,0.4630824175949541,3.814315739458212,-0.6462043310401455,1,-0.2308279144223948,0
2023-03-27,-3.0997440056031778,3.399374614095842,-0.9569946705187696,3.7001319459535273,-0.6154548580408203,1,-0.1581096361586134,0
2023-03-28,0.4714100093913487,3.405666681413536,0.0933651634034928,3.602087884662869,-3.834287940793679,1,0.006292067317693828,0
2023-03-29,3.885339931269094,3.215573461278129,1.160570763823381,3.4732822343437624,3.063025309030998,1,-0.19009322013540686,0
2023-03-30,-1.116959874133272,3.314283053267842,-0.3833104284994659,3.3784764120619606,1.9408938512711416,1,0.09870959198971274,0
2023-03-31,1.5746414888454296,3.163540981191165,0.4492440951806362,3.299687758249303,1.7146875497694225,1,-0.15074207207667678,0
2023-04-01,-0.237123642140169,3.038616018714024,-0.1285331950197519,3.2275360391729397,4.577307913232431,1,-0.12492496247714113,0
2023-04-02,-0.7480171844974848,2.889284070498924,-0.3119999784324299,3.1242595169900165,3.3578807193435978,1,-0.14933194821509987,0
2023-04-03,-1.4613274150395483,2.771579135975483,-0.5826161617624384,3.035460651929488,-1.9887866269650445,1,-0.11770493452344111,0
2023-04-04,1.3505585874638015,2.7093273496622063,0.4418510758508798,2.9144695112083605,0.478731834632029,1,-0.06225178631327655,0
2023-04-05,0.0351205704706814,2.62814377680279,-0.0450199162454496,2.807390070330685,-1.0607890837427192,0,-0.08118357285941613,0
2023-04-06,-0.4761257346579839,2.5230482018078457,-0.2495256005771997,2.7042765069494497,-1.299791176260534,0,-0.10509557499494449,0
2023-04-07,-0.4226600896295451,2.440419769259214,-0.236065729375632,2.614503646701508,-0.9744340813925944,0,-0.08262843254863173,0
2023-04-08,0.0785183939658651,2.36668711176652,-0.0316564825341681,2.533525241859715,0.565411727612819,0,-0.0737326574926942,1
2023-04-09,1.369069252890753,2.2937888523971903,0.529965898315785,2.4504175424067123,0.5839223930397708,0,-0.07289825936932948,1
2023-04-10,4.553364675738969,2.2707487224432086,1.9376539768880872,2.3789385315347955,5.102166498308058,0,-0.023040129953981747,1
2023-04-11,1.943948956433239,2.697465149963284,0.6637748677769824,2.413821921165883,7.522241189399281,1,0.4267164275200752,-1
2023-04-12,-0.3180367816133511,2.6593137113681684,-0.1772924205148132,2.457600709587674,7.626864497415475,1,-0.03815143859511538,0
2023-04-13,0.859013376828166,2.5555303330193744,0.2760968964164801,2.495369353838245,8.407359480277776,0,-0.10378337834879403,1
2023-04-14,0.2845797962017116,2.471345290330634,0.0530643830028397,2.5308806414249334,7.3228700235887345,0,-0.08418504268874027,1
2023-04-15,-0.5499737167522056,2.385510630043877,-0.2948689857326732,2.553833022945068,2.21953163109756,0,-0.08583466028675701,1
2023-04-16,-0.0103593122386058,2.3232445440498672,-0.0705042849843157,2.478988901762384,0.265223362425715,0,-0.062266085994009845,1
2023-04-17,-2.912872327681981,2.2565379621722,-1.3588566920955387,2.39843375192319,-2.329612183642915,0,-0.06670658187766731,0
2023-04-18,3.183646099781612,2.447855144233934,1.237902791648476,2.376898714166102,-0.0049794606894693,0,0.19131718206173387,-1
2023-04-19,-5.319953662867327,2.593291973552536,-2.110596532079918,2.401288050810483,-5.609512919758508,0,0.14543682931860236,-1
2023-04-20,-2.021112661928015,3.1481651337912373,-0.690736334562162,2.553818951559955,-7.0806518649343175,1,0.5548731602387011,-1
2023-04-21,-3.4910877271713048,3.0799055972838145,-1.1833242920071236,2.7051511622067443,-10.561380279867016,1,-0.06825953650742278,0
2023-04-22,1.962475655639828,3.191129560483756,0.5668952758477931,2.8920694818690555,-5.686032296545207,1,0.11122396319994143,0
2023-04-23,-0.8161741227379338,3.088049811237876,-0.3139889461603591,3.0201084152698443,-9.685852519064753,1,-0.10307974924588015,0
2023-04-24,-0.2396548559570277,2.949765728846504,-0.1332628673850952,3.0914031663286377,-4.605553712154453,1,-0.13828408239137202,0
2023-04-25,2.802320777395373,2.810464008492904,0.9425067840069864,3.023862941268971,0.2178797271689347,1,-0.1393017203536,0
2023-04-26,0.4057925868579559,2.840505602748445,0.088840945580406,2.975982942361897,4.114760041198196,1,0.030041594255541426,0
2023-04-27,3.631313286229521,2.711645040612754,1.2825697504494462,2.8800860383876965,5.783597671787888,1,-0.1288605621356913,0
2023-04-28,-0.4540602889752776,2.869645664814439,-0.2116984963012509,2.8364052091030088,6.145711505550544,1,0.15800062420168492,-1
2023-04-29,-0.3132803227883229,2.744323759205449,-0.1700672904959263,2.795316815174798,6.072086038719249,1,-0.12532190560899004,0
2023-04-30,0.0694439488997389,2.6302586511155006,-0.0319342868610967,2.7592757436993174,3.339209210223615,0,-0.11406510808994819,1
2023-05-01,-4.105285621101551,2.5247394906088743,-1.6867977944361483,2.6961225212714037,-1.171868997735892,0,-0.10551916050662635,0
2023-05-02,2.074927029112139,2.855570767388811,0.6728909217983913,2.7249076666266148,-2.728255254853273,1,0.3308312767799366,-1
2023-05-03,1.1294600825028311,2.806015860200607,0.347831497734197,2.7121817057038484,-1.1447348833751647,1,-0.04955490718820377,0
2023-05-04,-0.5482697825375027,2.701536888891168,-0.2597444323659997,2.7036243316409925,-1.3797243431243444,1,-0.10447897130943895,0
2023-05-05,2.352452363535207,2.5991010260902425,0.8460667585745139,2.6973928066359405,0.9032840715111234,0,-0.10243586280092565,1
2023-05-06,-2.155362050914711,2.6140246562224085,-0.883236287998354,2.7152498397586475,2.8532076416979635,0,0.014923630132166021,0
2023-05-07,-1.5678412319992674,2.638178309239663,-0.6524504462621756,2.671771348128818,-0.789560619413443,1,0.024153653017254584,0
2023-05-08,-2.7097480312589184,2.602820572937376,-1.1000325739745678,2.631132290676172,-4.6287687331751926,0,-0.035357736302287,0
2023-05-09,-0.1282605113646084,2.695327957432601,-0.1045141441029984,2.6298905043844583,-4.208759462002298,1,0.09250738449522489,-1
2023-05-10,-0.1339333611554138,2.583794810472238,-0.1112211941807537,2.6268292612608573,-6.695145186692919,0,-0.1115331469603631,0
2023-05-11,-2.273762787280376,2.485753512110423,-0.9764452342674176,2.60117503243846,-6.813545923058584,0,-0.09804129836181508,0
2023-05-12,-0.7278017155924132,2.54491920800976,-0.346274685656888,2.5825232121924797,-5.97350640665173,0,0.059165695899336956,0
2023-05-13,-0.0780461802257548,2.4690602184420705,-0.0937545231501726,2.5557711412934183,-3.341804555618566,0,-0.07585898956768933,0
2023-05-14,0.5457011385946231,2.384453521392392,0.1645080316693364,2.4935962540853764,-2.6678429056593345,0,-0.08460669704967838,0
2023-05-15,0.968368817972376,2.313242812311268,0.3522887569138492,2.4394858544531823,-1.5655407265315446,0,-0.07121070908112426,0
2023-05-16,-0.5754943306691018,2.2652833456606127,-0.3217847847814682,2.3953918211632206,0.1327277300797291,0,-0.04795946665065509,1
2023-05-17,1.3305949198469946,2.220270516806641,0.530185636278558,2.330462082922597,2.191124365519137,0,-0.04501282885397195,1
2023-05-18,-2.0896322938492418,2.2055753666096907,-1.0170006933295284,2.2777651125561205,0.1795382518956501,0,-0.014695150196950113,1
2023-05-19,0.2156270430170082,2.2934598364288066,0.0271152164279881,2.259566375563404,-0.1505358436819648,0,0.0878844698191159,-1
2023-05-20,0.8865600285433928,2.2300132518490496,0.3287516990099372,2.24292046347096,-0.232344633110948,0,-0.06344658457975694,0
2023-05-21,-1.3947366814537787,2.190071354356457,-0.7069066775187542,2.227878065210129,-1.0515869838956249,0,-0.03994189749259247,0
2023-05-22,0.3635895571143521,2.208381380675952,0.0951602724827745,2.225500237983991,-2.018592346628268,0,0.018310026319494632,0
2023-05-23,1.3848962643425722,2.157397720182695,0.5708066109641323,2.215864708698592,1.4559362115635466,0,-0.05098366049325698,1
2023-05-24,-3.327040018789696,2.155967444701588,-1.6143469190717663,2.1883662303531484,-2.086730850243157,0,-0.0014302754811068574,0
2023-05-25,0.5354526205138654,2.4396791354912564,0.1565833931901869,2.2302994070815894,-2.4378382582726843,0,0.2837116907896684,-1
2023-05-26,0.9139332662057242,2.3611826914577545,0.3220817625733421,2.2645216745018493,-0.1291683106131813,0,-0.07849644403350187,0
2023-05-27,0.5563330344848794,2.3043937404318915,0.1748371574842179,2.283724146453037,0.0635751667573458,0,-0.05678895102586301,1
2023-05-28,4.430949975360043,2.243881378360252,1.9062997863561544,2.3010208780885484,3.109628877774817,0,-0.06051236207163946,1
2023-05-29,-1.217111210733357,2.653795243709517,-0.5164492615492529,2.4005864378901345,5.219557685831155,1,0.4099138653492651,-1
2023-05-30,-0.1570299422033017,2.590471233747889,-0.1198505203771199,2.430744857541461,4.527075123113988,0,-0.06332400996162812,1
2023-05-31,-1.7577792723265873,2.491959226741528,-0.7669542242105739,2.456900164598216,1.8553625845816768,0,-0.0985120070063612,1
2023-06-01,-1.4792581991187603,2.4952329830485973,-0.6543267075234491,2.495068013121557,-0.1802286490219629,0,0.0032737563070694975,0
2023-06-02,1.5891611065796951,2.473469714866904,0.5804484747748804,2.540985680422887,-3.022017517802311,0,-0.021763268181693274,0
2023-06-03,-0.6422915434420418,2.439679861626358,-0.3261620260680137,2.498162604006255,-2.447197850510996,0,-0.03378985324054584,0
2023-06-04,0.1621483975300819,2.3738946591796246,0.0036686608283405,2.4548472890926023,-2.1280195107776123,0,-0.06578520244673358,0
2023-06-05,-5.141034569889236,2.299923662915936,-2.3020216011691583,2.416440176327484,-5.511274808340261,0,-0.07397099626368853,0
2023-06-06,5.58151185623359,2.908645144655904,1.866185871117116,2.4991226086489453,1.5494952470120893,1,0.608721481739968,-1
2023-06-07,-3.332542412080919,3.363883229630361,-1.0362969096425256,2.6772053116016368,-3.3722082716485247,1,0.45523808497445684,-1
2023-06-08,0.6138366063705547,3.40434673648117,0.135238052650034,2.870138686572599,-2.116080121835928,1,0.04046350685080924,0
2023-06-09,-0.1050860137739917,3.2165218898483694,-0.0803742072370978,3.038664132706348,-2.383314533140002,1,-0.18782484663280075,0
2023-06-10,-2.404531467747262,3.045899867977159,-0.839807926000339,3.1878593737185925,0.353188569001972,1,-0.17062202187121045,0
2023-06-11,0.3434076224344551,3.028997661303742,0.0627165354658432,3.21192987704816,-4.8849156647971625,1,-0.01690220667341702,0
2023-06-12,-0.1453165003054479,2.8782414353352377,-0.1037980621851459,3.1148015181891355,-1.6976897530216917,1,-0.15075622596850424,0
2023-06-13,0.0626326955973866,2.745631072334074,-0.0330731570242468,2.9830583853597163,-2.24889366379486,1,-0.13261036300116347,0
2023-06-14,-3.111535403261989,2.6264871656859228,-1.243095656091913,2.865051440527228,-5.255343053282857,0,-0.11914390664815144,0
2023-06-15,1.7819375410116578,2.7701079750619675,0.587882556380094,2.8098930619441886,-1.0688740445239375,1,0.1436208093760447,0
2023-06-16,2.8942773265370647,2.709071498927488,1.0117259527623432,2.745907829468938,1.481995659578672,1,-0.06103647613447949,0
2023-06-17,0.6934900793206467,2.7671110549900875,0.1951676985148102,2.723681753399908,2.3208022392047667,1,0.05803955606259947,0
2023-06-18,-0.6602603438313537,2.652071080577372,-0.3068167112766634,2.7049697550485674,1.5979091997760264,1,-0.1150399744127153,0
2023-06-19,1.9359247201741423,2.559798068744376,0.6963382615040172,2.6916319356602583,6.645369323212158,0,-0.09227301183299597,1
2023-06-20,5.352849528514092,2.5410572983917468,2.046160135240356,2.6458218003262144,10.216281310714592,0,-0.018740770352629443,1
2023-06-21,5.827421320682014,3.0533846376016607,1.8582598037682565,2.714684428061049,13.14942530485954,1,0.5123273392099139,-1
2023-06-22,-0.3837723579694696,3.5188033418516977,-0.1526688731829258,2.865022885433371,12.072162867569425,1,0.46541870425003706,-1
2023-06-23,2.584590576815416,3.320377932112949,0.7321911069578125,2.9986842557404865,15.317013788216194,1,-0.19842540973874856,0
2023-06-24,-0.4793067902493675,3.251599472328049,-0.1945953610884561,3.1370445364572204,12.901782277792684,1,-0.06877845978490038,0
2023-06-25,-0.2242660722428624,3.083890856712609,-0.1224769205447285,3.245611248121393,7.324666677035729,1,-0.1677086156154397,0
2023-06-26,-0.6884835938176792,2.929320871921304,-0.2874123436156092,3.220798494985322,0.8087617625360366,1,-0.1545699847913049,0
2023-06-27,1.3682563415242657,2.8045741953876733,0.4331555786039741,3.077952665692517,2.560790462029772,1,-0.12474667653363092,0
2023-06-28,-1.9808917913037405,2.7122118770383143,-0.7869337910346936,2.95631945467759,-2.004691906089384,1,-0.09236231834935893,0
2023-06-29,1.186519753773041,2.7029683406069283,0.3822021719861243,2.846593228333366,-0.3388653620669757,1,-0.00924353643138609,0
2023-06-30,0.1047243279165499,2.613976420228169,-0.0186363790009018,2.752610341036477,-0.0098749619075633,0,-0.08899192037875947,0
2023-07-01,0.3695144363078384,2.5102976545754543,0.0860754710624301,2.668805697567308,1.0481230682179543,0,-0.1036787656527145,1
2023-07-02,0.1002809469143883,2.420379561432932,-0.0219628512469684,2.59196677077636,-0.2198523263919227,0,-0.08991809314252208,0
2023-07-03,1.7342426317959792,2.3405693481756664,0.6753926132736797,2.51763826500383,3.495282096707797,0,-0.07981021325726578,1
2023-07-04,-1.2234379050443778,2.33786170511995,-0.5889472782809778,2.444616937906434,1.085324437890378,0,-0.0027076430557162467,1
2023-07-05,-0.8595533521292609,2.3195668535235137,-0.4367163351096467,2.385735024565503,0.1210467578445673,0,-0.018294851596436512,1
2023-07-06,-2.0020299639947226,2.280566253015326,-0.945146559249546,2.339788744253478,-2.2504976424579937,0,-0.039000600508187766,0
2023-07-07,1.4370909980298665,2.344476941727484,0.547521535400851,2.324608220312388,-0.9136875913425158,0,0.06391068871215833,-1
2023-07-08,-0.1640134545706217,2.318602996954226,-0.1369155643165209,2.3202149500681,-2.8119436777091167,0,-0.025873944773258106,0
2023-07-09,-0.4012544787340033,2.2545279233801065,-0.2460354809381646,2.303548193720131,-1.9897602513987425,0,-0.06407507357411957,0
2023-07-10,0.8029538805166325,2.2047459410015806,0.294598341357293,2.280584011215745,-0.3272530187528488,0,-0.049781982378525935,0
2023-07-11,0.6765948365584862,2.1650561311092527,0.241635976942135,2.25748198683453,2.35137178180036,0,-0.039689809892327954,1
2023-07-12,-0.7516669538967236,2.1266505270387643,-0.425601821066658,2.2139167038967864,0.16261382987377,0,-0.03840560407048832,1
2023-07-13,3.5059117999464817,2.109687877023331,1.5890845528739153,2.172133679910607,3.8325390843908735,0,-0.0169626500154334,1
2023-07-14,-3.6955452769761976,2.382690122011274,-1.6153945595369903,2.197766119636841,0.5382482861486793,0,0.27300224498794323,-1
2023-07-15,-0.1262140943858014,2.6748836052951006,-0.1045479051931652,2.2917936524955445,-0.3909196887537547,1,0.29219348328382644,-1
2023-07-16,-0.1541791528486769,2.5657554855006306,-0.1198939407010551,2.37193352337382,-1.2216936781609178,0,-0.10912811979447001,0
2023-07-17,-0.3418965294113008,2.4702186295205726,-0.200523106204077,2.440647143870182,-0.811923253675495,0,-0.09553685598005801,0
2023-07-18,-0.9643886494909992,2.390427050304613,-0.4676269173459598,2.496794978526438,-5.282223703112976,0,-0.07979157921595936,0
2023-07-19,0.1919386950282486,2.347452682985357,0.0164004634146426,2.4897474907212547,-1.3947397311085297,0,-0.04297436731925641,0
2023-07-20,-0.408362630764536,2.2769177768867266,-0.2467379453271437,2.41015432503958,-1.6768882674872645,0,-0.07053490609863022,0
2023-07-21,0.3910458253166382,2.2243197721425867,0.1068220698791073,2.341867182367971,-1.1316632893219492,0,-0.05259800474413989,0
2023-07-22,-0.4589155219131058,2.17153625902083,-0.2819915636004927,2.2821307082680224,-1.2486822818237542,0,-0.052783513121756886,0
2023-07-23,1.0449658783391769,2.1351568667978897,0.4175461339722842,2.231076671566678,0.7606722460064219,0,-0.036379392222940066,1
2023-07-24,-3.0633538164858365,2.116222016933897,-1.520064139739861,2.184830538356386,-2.4946202655076632,0,-0.018934849863992742,0
2023-07-25,0.1728455480240143,2.3644107636813105,0.0082076114433081,2.202329135715303,-1.913412086719113,0,0.24818874674741354,-1
2023-07-26,0.4355653333464104,2.291663612960033,0.1231096695726032,2.215797903878792,-1.8688925786893409,0,-0.07274715072127735,0
2023-07-27,-0.4927238584294002,2.2305505480091568,-0.2896877823232771,2.2276007616764577,-1.9027009152056351,0,-0.06111306495087643,0
2023-07-28,0.3709444204535117,2.187149174482021,0.099446823201568,2.237999223213284,-2.5767223730913003,0,-0.04340137352713569,0
2023-07-29,0.1284060769071615,2.1391376059959755,-0.0117025226455806,2.2425823410257,0.6150375203016978,0,-0.0480115684860456,1
2023-07-30,-0.2783773787438548,2.096345736964275,-0.2059854700076872,2.1889693356822923,0.1638145935338286,0,-0.042791869031700625,1
2023-07-31,-0.1545062822442489,2.065067564860952,-0.1491213511206964,2.143650126062476,-0.4262570220568307,0,-0.03127817210332262,0
2023-08-01,1.5130233826088355,2.0354907192010696,0.6679391787937652,2.1046381603008584,1.5794902189814053,0,-0.02957684565988261,1
2023-08-02,-1.7807507516909735,2.0633430275435787,-0.9374060003861696,2.07987693091317,-0.5722049531630802,0,0.02785230834250907,0
2023-08-03,0.091618077917488,2.141873193207256,-0.0288631957587008,2.080424048355426,-0.6089929521527537,0,0.07853016566367721,-1
2023-08-04,-0.3590833546295968,2.098798185415192,-0.2441981994145618,2.0809145380456098,-0.6896989280384958,0,-0.04307500779206386,0
2023-08-05,-0.1100031889921027,2.069446858912987,-0.1273009601772636,2.0817903968560167,-0.6451958347863496,0,-0.029351326502204955,0
2023-08-06,-0.0009347994529562,2.038474370008273,-0.0757302544037737,2.082387127017457,-2.1591540168481416,0,-0.030972488904714268,0
2023-08-07,0.4765273802377123,2.0105374288318782,0.1606973301870255,2.071826007275117,0.0981241150805445,0,-0.02793694117639456,1
2023-08-08,1.984638697905261,1.989132636940808,0.9206019149825104,2.0412778960218274,1.9911447350683176,0,-0.02140479189107025,1
2023-08-09,-0.6877101417060771,2.0701814142872177,-0.4063168179775371,2.0355545417962326,1.6625179479918373,0,0.0810487773464097,-1
2023-08-10,-0.4471948989328567,2.058342353525474,-0.2918048501928987,2.03333364071873,1.3253262380510833,0,-0.011839060761743792,1
2023-08-11,-0.1083746921805683,2.037803932362771,-0.1284785406515266,2.03319955318963,1.2178863453234712,0,-0.020538421162703102,1
2023-08-12,0.0620603937134589,2.011336750423359,-0.0454319692864209,2.033359417507925,0.8034193587992178,0,-0.026467181939411777,1
2023-08-13,-0.453334072444278,1.9868320229680436,-0.3053974611911015,2.0328992947133733,-1.6345534115503213,0,-0.0245047274553154,0
2023-08-14,0.4277614074716496,1.977164583180696,0.1387451639696077,2.0142959284920687,-0.5190818623725946,0,-0.00966743978734752,0
2023-08-15,-0.8129120118754329,1.959750310042864,-0.4930992433610788,1.9945775197955464,-0.8847989753151708,0,-0.01741427313783217,0
2023-08-16,-1.6193584838703146,1.9719940538291985,-0.8989874303176807,1.981415544088832,-2.395782767004917,0,0.012243743786334527,0
2023-08-17,-7.362412009606345,2.049950833897849,-3.6663569040330506,1.98913836078373,-9.82025517032472,0,0.07795678006865048,-1
2023-08-18,-2.333424865381062,3.325172658633162,-0.7478902613095132,2.256806487916754,-11.700345963261505,1,1.275221824735313,-1
2023-08-19,0.1789155950790544,3.260929950510308,0.0078125603071371,2.513559561382676,-11.9491917756541,1,-0.06424270812285382,0
2023-08-20,0.3571869420106566,3.0842084443884783,0.0660615397762818,2.738451188251799,-10.77909282176801,1,-0.1767215061218299,0
2023-08-21,-0.2501958864606024,2.927470084768104,-0.1378785292270266,2.9295463944395803,-9.409930224358298,1,-0.1567383596203742,0
2023-08-22,-0.3546469519251971,2.7908858325307317,-0.1820519955299694,3.077733394166157,-2.4021651666771504,1,-0.13658425223737236,0
2023-08-23,1.5248455549160769,2.672260516097173,0.513200776448124,2.9471509656589587,1.456105253619988,1,-0.11862531643355867,0
2023-08-24,-1.023956576112539,2.6065141373570087,-0.4517128614118145,2.816267803028299,0.2532330824283946,0,-0.06574637874016442,1
2023-08-25,-0.4393992436940053,2.53764283546306,-0.2336178356514734,2.7069546812432157,-0.5433531032762673,0,-0.06887130189394863,0
2023-08-26,-0.1506261986445878,2.452039960984156,-0.1240051494535554,2.611868656486426,-0.4437834154602527,0,-0.08560287447890413,0
2023-08-27,0.3118365040993609,2.370582188437268,0.0668178144966307,2.527807927667733,0.2227000405643053,0,-0.08145777254688769,1
2023-08-28,0.0630587825121153,2.2977079238816325,-0.0393351129322576,2.452897409224625,-1.239086731839656,0,-0.07287426455563573,0
2023-08-29,6.024989257085167,2.233823496640275,2.628475294817509,2.378359281081278,5.80985910135805,0,-0.06388442724135768,1
2023-08-30,-1.5634289371323715,3.000501287020592,-0.5721938289919927,2.4709309713927845,4.685829407919684,1,0.7666777903803172,-1
2023-08-31,-5.132914544958922,2.9152658262251503,-1.8133351273106135,2.5635761444409835,-0.2964589383946503,1,-0.08523546079544175,0
2023-09-01,-0.5054814300672561,3.340765914320308,-0.1972364512060279,2.757612889617591,-1.1137768725612671,1,0.4255000880951578,0
2023-09-02,0.2634986878476297,3.164041024222918,0.0347844113972312,2.9308795096858486,-0.913336967225753,1,-0.17672489009739012,0
2023-09-03,0.3887765541687571,2.997975008204648,0.0784987100764216,3.083709811998723,-6.549549670142163,1,-0.1660660160182701,0
2023-09-04,-0.6069712504034541,2.851087552323399,-0.2667089732011651,3.0538270650592847,-5.593091983413245,1,-0.14688745588124874,0
2023-09-05,-0.1257301424429258,2.7326654452814534,-0.1021601550633708,3.017306988870545,-0.5859075808972491,1,-0.11842210704194578,0
2023-09-06,-0.1038013801593962,2.616684293961997,-0.0983079097223621,2.872490664798883,-0.1842275309893892,0,-0.11598115131945619,0
2023-09-07,1.8732105501950256,2.5142476473358824,0.684010252066445,2.742531989421476,1.4254843313580068,0,-0.10243664662611485,1
2023-09-08,-1.2831149860508262,2.496914700415897,-0.5753317760494141,2.642319927863726,-0.2464072088615765,0,-0.017332946919985215,0
2023-09-09,-0.0385185563079204,2.4598333043517058,-0.0780369706970261,2.564069078269388,0.3220454852339571,0,-0.03708139606419136,1
2023-09-10,-0.2453267904856559,2.375948272237519,-0.167834535090053,2.4927256436606,0.2024488371912269,0,-0.08388503211418685,1
2023-09-11,-2.626188106748195,2.3059754387033062,-1.2054020364998228,2.430583872608862,-2.319937889397572,0,-0.06997283353421269,0
2023-09-12,2.6305127952918284,2.444488896399904,1.0133297867527935,2.4166321224216665,-1.5626356443007694,0,0.13851345769659762,-1
2023-09-13,1.5173852958685785,2.516933382232504,0.5419078320918548,2.420635858784988,1.2378646376186353,0,0.07244448583260032,0
2023-09-14,1.180083513097152,2.471933717597152,0.4153202501367071,2.423055941434077,2.456466707023708,0,-0.04499966463535232,1
2023-09-15,0.259724140931894,2.412714560995864,0.0440519402778758,2.4304091991857457,2.961517638441258,0,-0.05921915660128807,1
2023-09-16,-0.1519910354119247,2.3340982290073518,-0.1308558546506251,2.436033757246555,5.435714709777528,0,-0.07861633198851203,1
2023-09-17,-0.1284074186649775,2.267791367677322,-0.1242825093460817,2.4006942515020384,2.6767944958207224,0,-0.06630686133002994,1
2023-09-18,0.8260511389751812,2.2098377868372223,0.3043715515221133,2.339275132422982,1.985460338927325,0,-0.057953580840099495,1
2023-09-19,1.6931102662432806,2.1703065010791915,0.7094255499369936,2.2789496891193903,2.4984870920734537,0,-0.039531285758030776,1
2023-09-20,-0.291147889939225,2.191094758108369,-0.202906456453938,2.234625728541891,1.9476150612023344,0,0.020788257029177526,0
2023-09-21,-2.102046771669741,2.1468758440091107,-1.0505899356718982,2.197181251542243,-0.0024406750554817,0,-0.04421891409925838,0
2023-09-22,0.0449150540855924,2.2474469843431346,-0.0482878260772272,2.1931123748754056,0.1708817976950882,0,0.10057114033402392,-1
2023-09-23,-0.0006686902016994,2.190301534192353,-0.0703592957313375,2.189205124346432,-0.6558380314817924,0,-0.05714545015078176,0
2023-09-24,-1.2210127075315214,2.1411812941426533,-0.6419129918960019,2.183380082959124,-3.5699610052565944,0,-0.049120240049699504,0
2023-09-25,0.1585160786216732,2.152983050558447,0.0023579820737621,2.17575774144914,-3.120297036695696,0,0.01180175641579373,0
2023-09-26,-0.3093569595524315,2.1082683382248235,-0.2195149138963268,2.1680362402922824,-1.3276072245783863,0,-0.04471471233362356,0
2023-09-27,0.515378285278878,2.0761209093985267,0.1743342116815309,2.1337710253033606,-0.857143993385101,0,-0.03214742882629684,0
2023-09-28,2.5063206234960944,2.0460598337800224,1.1499572013814905,2.1049226852208944,1.6498453203126928,0,-0.03006107561850424,1
2023-09-29,-0.4072674570299028,2.179299335872032,-0.2572876662621853,2.1125462935667705,2.4635905708143118,0,0.1332395020920094,-1
2023-09-30,0.2085958120686015,2.140080626273663,0.0257730611679327,2.1099658087098137,2.51367030426124,0,-0.03921870959836893,1
2023-10-01,3.697612085638191,2.0972298370521725,1.6899305168366632,2.107758108475283,6.520639349451862,0,-0.04285078922149044,1
2023-10-02,-1.6319145788514788,2.407540184822904,-0.7415676686477198,2.1740419635601587,4.373346485321505,0,0.31031034777073163,-1
2023-10-03,-0.3668317065944393,2.4123204718286484,-0.215672459714025,2.247294091169884,1.5001941552309717,0,0.004780287005744288,0
2023-10-04,1.337771930248266,2.3406087565925486,0.5059933847248659,2.279555975313987,3.2452335425091405,0,-0.07171171523609976,1
2023-10-05,-1.3890662255843012,2.3087508999403417,-0.6681126183026078,2.313290030047323,1.6475715048562378,0,-0.03185785665220697,1
2023-10-06,1.91718837881556,2.307779190106209,0.7642624576881837,2.3553999006581305,-0.1328522019663935,0,-0.0009717098341326391,0
2023-10-07,0.079556522018187,2.3264594735151523,-0.0317576394543949,2.33918375839658,1.5786188989032723,0,0.018680283408943232,0
2023-10-08,-0.1207428683061451,2.258750163549777,-0.1213867101878111,2.3084696967408056,1.8247077371915663,0,-0.06770930996537539,1
2023-10-09,-1.2659387727927296,2.201881532260655,-0.6446205825246227,2.2807242518744277,-0.7790029658494291,0,-0.05686863128912201,0
2023-10-10,-0.7009006012591357,2.2076128741268386,-0.3869971925129261,2.2604966467117262,-0.0908373415242635,0,0.005731341866183737,0
2023-10-11,-1.90812208422706,2.176282322437214,-0.947285858160932,2.2341972731779274,-3.916147804566883,0,-0.03133055168962473,0
2023-10-12,-0.434538164717857,2.2483334340410464,-0.2615170592577086,2.218572065283106,-4.430242491302927,0,0.07205111160383249,-1
2023-10-13,0.3938005783231446,2.200463217585383,0.1092320895068428,2.206914676090228,-3.915699044673637,0,-0.04787021645566325,0
2023-10-14,-0.0024866641728849,2.1509425327170466,-0.0724919633995351,2.196726876181505,-2.6522469360537926,0,-0.049520684868336495,0
2023-10-15,1.103076031587058,2.107220007862669,0.4506585192150494,2.176648302928672,-0.8482703032075989,0,-0.043722524854377554,0
2023-10-16,4.8854397304765484,2.0955871856406176,2.258078489751139,2.1605092755693525,5.945291511496009,0,-0.01163282222205142,1
2023-10-17,-0.364339943277514,2.646655951836014,-0.1956352982342369,2.240173779128346,6.015489732936352,1,0.5510687661953964,-1
2023-10-18,-0.3080719749686267,2.5455165342388204,-0.1813036183204263,2.309184442459033,5.313617179644581,0,-0.10113941759719358,1
2023-10-19,1.3724231161472034,2.455444555386584,0.496441155753136,2.370084846992941,6.688526959964669,0,-0.09007197885223661,1
2023-10-20,3.2985768982552344,2.4095448083819098,1.3052828501595524,2.430549807096789,8.884027826632845,0,-0.04589974700467403,1
2023-10-21,0.790129991607813,2.579849808223047,0.2467936724049107,2.527402331613275,4.78871808776411,0,0.17030499984113723,-1
2023-10-22,0.2519829955234698,2.4903081735631805,0.0395708504619044,2.4961327759587086,5.405041026565094,0,-0.08954163465986653,1
2023-10-23,9.812340552916154,2.401920547514256,4.021324177325014,2.467413578613795,15.525453554449877,0,-0.08838762604892425,1
2023-10-24,2.434275178777412,4.114258573518979,0.5543734684724108,2.7991763822402747,16.587305617080084,2,1.7123380260047232,-1
2023-10-25,1.7581001125126503,3.9334053271214686,0.4079571251568994,3.1039484859881865,15.0468288313375,2,-0.18085324639751077,-1
2023-10-26,-1.0083818433932024,3.730624108602841,-0.3114281130327171,3.3341033460641456,13.248316996336484,2,-0.20278121851862752,-1
2023-10-27,-0.7253169256571823,3.5289203920111745,-0.24901562269012,3.5418257897537435,12.271017075155832,1,-0.20170371659166664,0
2023-10-28,0.5287514961398898,3.338395797353264,0.1124228928319706,3.7291208397215456,2.987428018379568,1,-0.19052459465791038,0
2023-10-29,1.3082482218138125,3.1561921891258597,0.3658867297781084,3.5375075628429213,1.861401061415968,1,-0.18220360822740433,0
2023-10-30,-0.104625577652051,3.0181424251949545,-0.0855045668756749,3.354454982457619,-0.0013246287487334,1,-0.1380497639309053,0
2023-10-31,0.4782938801692893,2.869248388711428,0.1132193707118671,3.1821798384793363,1.4853510948137585,1,-0.14889403648352628,0
2023-11-01,2.1952875620689483,2.7380347297888417,0.7457349450943868,3.024002706034869,4.405955582539889,1,-0.13121365892258652,0
2023-11-02,-1.4181643038138958,2.716105348195278,-0.5786239801197306,2.899544616203272,2.4590397825861032,1,-0.0219293815935635,0
2023-11-03,-0.5911206955145687,2.658248505352999,-0.2800942339283055,2.7999558794487003,0.559670865257722,1,-0.05785684284227921,0
2023-11-04,1.0022958693683748,2.562610186605814,0.3312468242816693,2.708849431730872,1.666592312278148,0,-0.09563831874718476,1
2023-11-05,-0.0936521316994287,2.4830771820743216,-0.099510203173127,2.631615190403451,1.0946463004094298,0,-0.07953300453149259,1
2023-11-06,-0.0341987012507871,2.3969111398765013,-0.0782832877333107,2.563390472420983,-1.1348399629103056,0,-0.08616604219782031,0
2023-11-07,1.1526405303600384,2.320938437166188,0.4305160064463825,2.484357090215165,1.4359648712636286,0,-0.0759727027103132,1
2023-11-08,0.595552529347465,2.2809935308165894,0.19382481370118,2.408906095307883,2.6226380961256623,0,-0.039944906349598686,1
2023-11-09,2.869223982446556,2.224511126393286,1.2208455903146926,2.341286283265377,4.489566209203844,0,-0.05648240442330321,1
2023-11-10,1.6778346050335458,2.370736040468143,0.6430050397129765,2.318818054944141,6.261052945936818,0,0.14622491407485683,-1
2023-11-11,-0.472568231840853,2.3588194598886787,-0.2653902198406229,2.311199718946577,5.822683415346752,0,-0.01191658057946432,1
2023-11-12,-0.2251742592081385,2.297340525462779,-0.1648051902602522,2.306480136605895,4.444868625778575,0,-0.06147893442589991,1
2023-11-13,-1.5013537055029502,2.237239275092145,-0.7396585189208862,2.2977292854610063,2.34796239092816,0,-0.06010125037063396,1
2023-11-14,-2.678435783979438,2.2573328821526606,-1.2545226224951898,2.304293636612881,-3.199697375497834,0,0.020093607060515772,0
2023-11-15,6.384619927627711,2.413341789771014,2.581971841226685,2.312814786473456,1.5070879470963303,0,0.1560089076183533,-1
2023-11-16,-4.662975619066501,3.200851332183407,-1.504729368034849,2.481221160932401,-2.683319440129317,1,0.7875095424123932,-1
2023-11-17,1.2148746966680335,3.471291151358986,0.3057753634606956,2.7160112861116423,-1.243270484253145,1,0.270439819175579,0
2023-11-18,-0.0300085015664919,3.293608433521725,-0.0556981464107076,2.9272851177975587,0.2280747196833132,1,-0.17768271783726108,0
2023-11-19,2.1653391391504684,3.114060254932632,0.6460696297640041,3.098630592353553,5.07184964281322,1,-0.1795481785890929,0
2023-11-20,0.2415334454994422,3.036655289805259,0.0290102280004751,3.2232932923604016,-1.0712368393150484,1,-0.07740496512737316,0
2023-11-21,-4.539262192194826,2.884443602293398,-1.6269000966588631,3.1600117463824,-0.947523412443374,1,-0.1522116875118611,0
2023-11-22,4.4201389467836805,3.205918090285216,1.3308822756668588,3.106937134167646,2.257740837672273,1,0.3214744879918179,-1
2023-11-23,-0.3819999415433983,3.3853357569935776,-0.1581643190400262,3.1252825988620163,1.9057493976953663,1,0.1794176667083618,0
2023-11-24,1.148288092363181,3.2009681252902578,0.3107961936014678,3.1426641729335416,0.8886983509080792,1,-0.18436763170331982,0
2023-11-25,0.2026342935600666,3.050767441516172,0.0161254213307963,3.145486603275724,0.8497991989687037,1,-0.15020068377408569,0
2023-11-26,-0.844024984109204,2.8968828593259994,-0.3443233350224665,3.1479744546822443,4.545036407054326,1,-0.15388458219017265,0
2023-11-27,-0.6020176743920302,2.782322048449854,-0.2715203504196321,3.063255246315172,-0.4771202141213848,1,-0.11456081087614534,0
2023-11-28,1.5367313611232447,2.671940377173574,0.51771064570055,2.9205761703511715,1.4416110885452582,1,-0.11038167127628018,0
2023-11-29,0.0724175028494755,2.607012673050624,-0.0310784374665346,2.8017850799032447,0.3657404990315527,0,-0.06492770412295013,1
2023-11-30,-0.3857188998471983,2.50427566956598,-0.2152951009279195,2.6924867255132066,-0.2226126943757123,0,-0.10273700348464399,0
2023-12-01,2.555073011462916,2.421335764212275,0.99186311282231,2.5973773064904613,3.176485301196408,0,-0.08293990535370499,1
2023-12-02,2.015244313871989,2.488837810152685,0.7480619761937916,2.538680458831028,5.793747289460427,0,0.06750204594041032,0
2023-12-03,1.2637770520489866,2.4879756556701684,0.4462815648276751,2.5018875145303463,5.520792980386169,0,-0.0008621544825166971,1
2023-12-04,4.885656688656326,2.4311527165336284,1.9464911740387272,2.466715523226948,10.33403216619302,0,-0.05682293913654002,1
2023-12-05,4.882523455973065,2.878945705892307,1.6426444108031482,2.5416495304922124,15.602274522013282,1,0.44779298935867873,-1
2023-12-06,-0.7610515703399656,3.208346195929293,-0.2850349986181673,2.699051616835616,12.2861499402104,1,0.3294004900369858,0
2023-12-07,-1.0427160036986294,3.0542067724596778,-0.3916419142501799,2.812125409297015,9.228189622639782,1,-0.15413942346961518,0
2023-12-08,1.9985683234800435,2.9302067112783696,0.6296924149394637,2.900571620418655,9.96298089407084,1,-0.12400006118130813,0
2023-12-09,-1.0026349184727223,2.8640897530268496,-0.4036445786778482,2.9871590277172992,4.074689286941791,1,-0.06611695825151997,0
2023-12-10,0.1227688266421722,2.7611423726617823,-0.0111079228817902,2.9635983610711945,-0.6850653423891018,1,-0.10294738036506734,0
2023-12-11,-5.96686466968368,2.640017816552819,-2.31828134435038,2.8499326851959,-5.890878441732816,1,-0.12112455610896333,0
2023-12-12,0.4991678164291357,3.323250386422748,0.1040332183991547,2.9037414079885133,-4.348994621605051,1,0.6832325698699289,-1
2023-12-13,3.4162749571038376,3.1422409320583027,1.0383785471800846,2.946148252144501,-2.931287987981257,1,-0.18100945436444515,0
2023-12-14,0.3101461159202401,3.1914415634460185,0.0491021783170895,3.0116186142283343,-1.6185069535882946,1,0.0492006313877158,0
2023-12-15,-2.57616788095838,3.022666082632632,-0.9030462477563296,3.063923356222504,-4.317443661188847,1,-0.16877548081338656,0
2023-12-16,0.7374628549158047,3.0278404587286363,0.1928844929886723,3.1414878846576677,2.386883863410638,1,0.005174376096004352,0
2023-12-17,-2.094342240847169,2.8837523753364493,-0.7794641603956238,3.0535882824404075,-0.2066261938656666,1,-0.14408808339218693,0
2023-12-18,2.9979669511789098,2.8597929224768137,0.9946620769772292,2.9970986805241098,-0.6249341997905944,1,-0.023959452859635633,0
2023-12-19,-0.8316570718614358,2.9047436575001617,-0.3391336968758743,2.9397590993349385,-1.7667373875722705,1,0.04495073502334801,0
2023-12-20,3.216473724475044,2.788694165598842,1.09837585601071,2.892964715928181,4.025904217861154,1,-0.11604949190131952,0
2023-12-21,0.4956565640048538,2.8736235966009462,0.1190890766718025,2.8621213435026425,3.784097926950203,1,0.08492943100210404,-1
2023-12-22,0.2930565787194084,2.742169196198433,0.0509148726962661,2.83380470767504,6.17149674651678,1,-0.1314544004025131,0
2023-12-23,-0.5889392398977122,2.623694783341094,-0.282951594749023,2.7865850798478955,2.5845905554401583,0,-0.11847441285733895,1
2023-12-24,-1.667770259648016,2.5322682860511287,-0.7192009049212517,2.712090005558089,1.748477367653578,0,-0.09142649728996544,1
2023-12-25,1.378363164697305,2.5210675509868805,0.4858750337865646,2.658564682635697,-0.0896331921241611,0,-0.011200735064248235,0
2023-12-26,-2.5374479539831185,2.466494126691216,-1.0909765841511518,2.5771387886537505,-3.1227377101121334,0,-0.05457342429566436,0
2023-12-27,2.146239120433968,2.561785687930207,0.7778947890292519,2.541062087000105,-1.2695551683975737,0,0.09529156123899085,-1
2023-12-28,-1.893848326303349,2.561962633257545,-0.7991091216203874,2.5287156569833957,-2.5744642548032104,0,0.00017694532733791846,0
2023-12-29,-1.2474379352008569,2.567413349149412,-0.545637623504728,2.535744669603052,-2.1541319303560518,0,0.005450715891867297,0
2023-12-30,0.1364883236682601,2.517915292851422,-0.006732180214008,2.5351142179759605,-3.396006771385096,0,-0.04949805629799009,0
2023-12-31,0.2565328952055523,2.4258739463812016,0.0424974727874873,2.5269901819139573,-0.6020259221964253,0,-0.09204134647022055,0
2024-01-01,4.40216648373255,2.3455753444883065,1.8113795024887929,2.4837481132255776,1.6539014411021569,0,-0.08029860189289506,1
2024-01-02,1.77426040136055,2.7215078914145625,0.5955599185621875,2.515657164856981,5.322010168766056,1,0.375932546926256,-1
2024-01-03,-4.806495357875562,2.6665543499381457,-1.8600538710842165,2.535485365014728,1.7629527460913508,1,-0.054953541476416845,0
2024-01-04,3.060735771828682,3.0943086114821527,0.9395625174092652,2.650764028740874,4.687200194251773,1,0.4277542615440071,-1
2024-01-05,-0.0390082845152406,3.108339146629806,-0.061913342984868,2.787257068790595,4.39165901453098,1,0.014030535147653289,0
2024-01-06,-0.3936304127510226,2.948858933781126,-0.1855191476497297,2.9079137866491584,-0.4041378819525931,1,-0.15948021284867986,0
2024-01-07,-0.1048480800776019,2.812840427649654,-0.0918244279775102,2.926180293896177,-2.283246363390745,1,-0.13601850613147226,0
2024-01-08,6.662426635587337,2.68724089245194,2.422182272786475,2.930317602398936,9.185675630072154,1,-0.12559953519771394,0
2024-01-09,-1.7845417106437722,3.4442550520797024,-0.5626706107774821,3.000306890518446,4.3403981475997,1,0.7570141596277624,-1
2024-01-10,1.052203275194863,3.3188358242193816,0.2708069755824445,3.0424062260363605,5.431609707309804,1,-0.12541922786032078,0
2024-01-11,-0.5574241147522585,3.1518128193057766,-0.2255411531996297,3.0829970031412914,5.267816005308568,1,-0.167023004913605,0
2024-01-12,-7.884262883299442,2.9972542923506547,-2.681688466339325,3.119879776081491,-2.511598797913273,1,-0.15455852695512196,0
2024-01-13,-0.0251708664185557,4.012312584308676,-0.0445155370746551,3.3848941144528384,-9.199196299919166,2,1.015058291958021,-1
2024-01-14,-2.472077535535888,3.7594013797975823,-0.6983869646982458,3.447923379996414,-9.886732124811282,2,-0.2529112045110935,-1
2024-01-15,1.6978564046420177,3.6496777489924974,0.4231653114812712,3.5140917649510377,-9.241078995364129,1,-0.10972363080508485,0
2024-01-16,1.5011364505806313,3.475123005700695,0.3878127666809164,3.578753802230021,-7.182518430031237,1,-0.17455474329180243,0
2024-01-17,-0.9599712825862028,3.3099143776038358,-0.3363865462210484,3.6412858192806574,-0.2582268293179979,1,-0.1652086280968592,0
2024-01-18,-3.5253906004379942,3.1523508267758955,-1.1670116004771918,3.4692934677741007,-3.758446563337437,1,-0.15756355082794027,0
2024-01-19,0.8599127738074586,3.255114511310471,0.2170348810062899,3.368436094076679,-0.4264562539940897,1,0.10276368453457563,0
2024-01-20,0.1132983453546288,3.088996853516441,-0.0129948458131377,3.256299914981468,-2.0110143132814784,1,-0.1661176577940302,0
2024-01-21,-0.2879434924556889,2.93089144910142,-0.1505968007700711,3.1474536036616128,-3.800094256317799,1,-0.15810540441502097,0
2024-01-22,-5.030891028125595,2.7946228781561127,-1.8551091282590333,3.044395303772068,-7.871014001857191,1,-0.1362685709453073,0
2024-01-23,0.8523584257922323,3.2321512289831125,0.2162395856795292,3.060355384213511,-3.493264975626964,1,0.4375283508269998,-1
2024-01-24,0.5793705727986875,3.0683446878140512,0.1388146485976406,3.023001419514228,-3.773807176635735,1,-0.16380654116906124,0
2024-01-25,-0.358115728949393,2.9163173864103946,-0.1754113302332957,2.988465526093018,-4.245221250939757,1,-0.1520273014036566,0
2024-01-26,4.607657449481728,2.7831967772327246,1.6003963868940387,2.958926591719279,0.65037969099766,1,-0.13312060917767,0
2024-01-27,0.7224112855396925,3.08604432536545,0.1843693227863705,3.0172108811611467,6.403682004662947,1,0.3028475481327253,-1
2024-01-28,-0.2007256017307668,2.9350489630234144,-0.1206674877918498,2.957790427969207,5.350597977139948,1,-0.15099536234203548,0
2024-01-29,2.9364415736914395,2.796774757769768,0.9950755536449944,2.9034764419603505,7.7076689780327,1,-0.13827420525364653,0
2024-01-30,-0.7783744989936281,2.844928529136164,-0.3275350760603843,2.8891986705055044,7.287410207988465,1,0.0481537713663962,0
2024-01-31,-0.8651552809046947,2.7337981328202328,-0.3725932254687868,2.879318941623006,1.8145974776020424,1,-0.11113039631593136,0
2024-02-01,1.1514890294240132,2.6402280980641564,0.3780164475078692,2.790155696162747,2.243675221486363,1,-0.09357003475607639,0
2024-02-02,0.2552374530244705,2.5575131928841754,0.0398035365465026,2.714648542134899,2.6996382762416005,0,-0.08271490517998092,1
2024-02-03,-0.4493245492151132,2.460873123605654,-0.2449390529794118,2.6474682153020765,-0.6861278466649523,0,-0.09664006927852142,0
2024-02-04,-0.955108622874512,2.385326306788413,-0.4647364190396224,2.5555477708325265,-0.8628619705458362,0,-0.07554681681724107,0
2024-02-05,0.1761707531647616,2.342520512465724,0.0097038082955747,2.4772922467616243,0.1784640635236201,0,-0.04280579432268894,1
2024-02-06,0.9936804708699398,2.272596154992953,0.3697274088229734,2.403765858147384,0.0206555049695467,0,-0.06992435747277082,1
2024-02-07,2.822864621028032,2.231414661437888,1.196292775151237,2.3385461518581265,2.588282672973108,0,-0.041181493555065174,1
2024-02-08,2.1945671282114887,2.369712643584026,0.8613397706909653,2.3203140558538005,5.23217435039971,0,0.13829798214613787,-1
2024-02-09,3.9932995408412,2.405726555895101,1.59613325473275,2.3243941056751387,10.180582514115422,0,0.0360139123110752,0
2024-02-10,1.3149960695063356,2.69063668029636,0.4317032822859805,2.3940173392412656,11.319407830456996,1,0.28491012440125907,-1
2024-02-11,1.0881064258583706,2.6098873602769705,0.3581254336493042,2.461475580298069,11.413833785445426,0,-0.08074932001938961,1
2024-02-12,3.3881478531652576,2.528076181941381,1.2795138426160444,2.520807884398768,11.979117017582652,0,-0.08181117833558949,1
2024-02-13,-0.4328588760117213,2.687127234104445,-0.2181877552182463,2.584290802502852,9.351691013359442,1,0.15905105216306392,-1
2024-02-14,4.104684951040838,2.5828985715300763,1.5297718661545536,2.619725205629847,9.46307642355908,0,-0.10422866257436869,1
2024-02-15,0.2156009229107525,2.8448917067907,0.0218502305655541,2.6505762109287145,8.363681276963497,1,0.2619931352606235,-1
2024-02-16,0.4258432609761442,2.7141659044558577,0.1003637534999592,2.671431919764492,7.701418112081271,1,-0.1307258023348421,0
2024-02-17,-0.9578029497786744,2.600278643258616,-0.4273550974404155,2.685872412027939,3.355467309137339,0,-0.11388726119724168,1
2024-02-18,0.8855834280712571,2.528537205940492,0.289552411239127,2.6541544063951483,4.673909613220317,0,-0.07174143731812421,1
2024-02-19,-0.6610163694045212,2.4487401703034077,-0.3326019487347039,2.6273227261498144,-0.0917917072250418,0,-0.07979703563708407,0
2024-02-20,0.971967933731932,2.382544345551304,0.3435522835396323,2.534853253901935,0.6645753035961377,0,-0.06619582475210395,1
2024-02-21,-0.8560904315229934,2.325329770240247,-0.4341447942680552,2.4570860270588133,-0.6173583889029999,0,-0.05721457531105667,0
2024-02-22,-1.0358547640015203,2.2853295974569647,-0.5204037739275194,2.394096217898483,-0.6954102031258458,0,-0.040000172783282384,0
2024-02-23,-1.1231806115512557,2.2618027017095583,-0.5644258863824325,2.340749317052296,-2.7041742427483584,0,-0.023526895747406407,0
2024-02-24,1.640559413021769,2.247659565091251,0.6616304590495456,2.300533196009865,-0.4025984603220678,0,-0.014143136618307128,0
2024-02-25,0.3139013368237187,2.251656555272328,0.0712639559814968,2.27435563795407,-1.0606650572302811,0,0.00399699018107702,0
2024-02-26,5.251118765694507,2.1943442587396325,2.323099195674576,2.248158535653947,5.046544139987219,0,-0.05731229653269576,1
2024-02-27,4.593621644047374,2.794051267853079,1.5891556149847683,2.3499028697331696,10.676020548036114,1,0.5997070091134464,-1
2024-02-28,9.069529297704191,3.0918266278762907,2.88376128018702,2.5159076549665165,20.86873045729156,1,0.2977753600232118,0
2024-02-29,-2.1122414270019263,4.292402047219359,-0.5278351806893273,2.924856151392138,17.115929617267867,2,1.2005754193430684,-1
2024-03-01,2.009546578842425,4.090030811116881,0.4538125215619654,3.2925310025610486,18.811574859286573,2,-0.2023712361024783,-1
2024-03-02,-0.6600547312091365,3.8841608231375337,-0.2094388341354408,3.630494315440629,12.90040136238293,2,-0.20586998797934708,-1
2024-03-03,1.8172204659013147,3.654585948671893,0.4552584358626464,3.802601251604392,10.12400018423687,1,-0.22957487446564073,0
2024-03-04,7.85670808490071,3.486268943763913,2.2096025366880085,3.881489714781916,8.911178971433387,1,-0.16831700490797985,0
2024-03-05,-6.858298181492017,4.257567332642734,-1.646888238482202,3.874522771866591,4.165122216943296,2,0.7712983888788205,-1
2024-03-06,3.5499700200865902,4.681430252538423,0.7255326799030145,3.992802660150899,5.705545658187461,2,0.42386291989568914,-1
2024-03-07,1.2308140052516237,4.524225712201122,0.2381345871322847,4.1208156379636165,7.596414394648221,2,-0.15720454033730125,-1
2024-03-08,2.033131223698703,4.238436922210485,0.443487038975453,4.237585832671335,7.812325152445609,2,-0.2857887899906366,-1
2024-03-09,0.2906296632019689,4.017682769660157,0.0341466183081026,4.343868597850585,0.2462467307468685,2,-0.22075415255032826,-1
2024-03-10,0.7575825657205826,3.7640288880773887,0.1605043958219532,4.245160908937515,7.8621274779594685,2,-0.253653881582768,-1
2024-03-11,4.3992298582747225,3.5416281123717224,1.198824478566752,4.017200480904174,8.7113873161476,1,-0.2224007757056663,0
2024-03-12,-0.8949836049348292,3.6540661643426553,-0.2869195413999234,3.8431685713324817,6.585589705961148,1,0.11243805197093293,0
2024-03-13,2.2166899064075096,3.456110162157567,0.5969863304172368,3.686703219321898,6.769148388669954,1,-0.19795600218508813,0
2024-03-14,-2.335246145838177,3.3385171458546745,-0.745446382419104,3.550870094560801,4.143272579629809,1,-0.11759301630289265,0
2024-03-15,-2.8308923292000188,3.2725994768507976,-0.911914743461111,3.4525842123154837,0.5547976847092073,1,-0.06591766900387697,0
2024-03-16,-6.071772520629715,3.2675429247740047,-1.905166067326756,3.39776717479594,-9.91620469419523,1,-0.005056552076792897,0
2024-03-17,4.60122407046093,3.786267718753485,1.1747147897776988,3.4242074856781057,-4.419997018799471,2,0.5187247939794801,-1
2024-03-18,-1.2388507554367931,3.8837626028208887,-0.3584900214057562,3.5097379738107697,-7.875537680643774,2,0.09749488406740392,-1
2024-03-19,-8.712073185700753,3.675743795623696,-2.4118962206885275,3.577183303764574,-14.25236472050635,1,-0.20801880719719268,0
2024-03-20,9.25108529687737,4.653178691959833,1.9551464742615048,3.8532991467863815,-2.1703870944289605,2,0.977434896336137,-1
2024-03-21,-3.631867422621404,5.3893202491333145,-0.7023718448376643,4.277654611658244,0.2695180035793498,2,0.7361415571734815,-1
2024-03-22,-2.6498446652158947,5.180365324688241,-0.5411363625340345,4.556474132845194,-6.981550732097475,2,-0.2089549244450737,-1
2024-03-23,0.4434288665400743,4.916411253403554,0.0589839759959007,4.763003862961727,-5.299271110120607,2,-0.2639540712846866,-1
2024-03-24,4.8327093150678735,4.578128377469074,1.0220923368844828,4.943480779330804,8.24551139064802,2,-0.33828287593448003,-1
2024-03-25,3.972504769487984,4.576042734428197,0.8345781733137279,4.9280535878244764,2.966930863258632,2,-0.0020856430408775495,-1
2024-03-26,0.0414778606563359,4.474484847888621,-0.0250222151450212,4.745086507575538,6.640276146536372,2,-0.10155788653957565,-1
2024-03-27,-0.7637444542950789,4.176645983340966,-0.2195981754586611,4.544342639306082,8.526376357457188,2,-0.2978388645476553,-1
2024-03-28,1.8397189971880223,3.920453361574204,0.4301236256328215,4.345151060940212,9.922666488105136,2,-0.2561926217667616,-1
2024-03-29,-1.2118158012203395,3.723546582217837,-0.3666545198933706,4.174234701889965,3.8781413718169233,2,-0.19690677935636725,-1
2024-03-30,-0.3547757048682598,3.531602158020282,-0.1439049658799885,3.965346586608382,-0.4491391025393199,1,-0.19194442419755475,0
2024-03-31,2.395285869630293,3.3312757816992784,0.6729693466877689,3.7367047733705134,1.9046689064346367,1,-0.2003263763210037,0
2024-04-01,-2.3137002333259105,3.2442046399540136,-0.7604759533739599,3.550216504693123,0.3547131274038051,1,-0.08707114174526476,0
2024-04-02,-6.299090436988486,3.1893932320580047,-2.023121437430353,3.404004478789883,-7.784096306772703,1,-0.05481140789600891,0
2024-04-03,0.8123743073319645,3.7769716284998176,0.1744611792094253,3.4146894880462795,-5.759906198220399,2,0.5875783964418129,-1
2024-04-04,3.759886271186197,3.554452614242747,1.0146279271108485,3.4192595792907725,-1.6452442221659425,1,-0.22251901425707077,0
2024-04-05,-0.9845630418288563,3.5789578075631034,-0.3179703383502752,3.468795984463537,-5.025093133625092,1,0.02450519332035661,0
2024-04-06,1.5482496362563936,3.3926298734835223,0.4111295086961172,3.498481031169439,-1.1631432640427877,1,-0.18632793407958115,0
2024-04-07,0.6747455363626642,3.239270159114342,0.1609332125980666,3.5084564165807066,5.810692709308363,1,-0.15335971436918028,0
2024-04-08,3.218579409702116,3.070323686493112,0.9983116894166104,3.367126828179365,8.216897811678514,1,-0.1689464726212302,0
2024-04-09,-3.541376120378814,3.106977666057855,-1.189199247849809,3.277631838542387,0.9156354201135032,1,0.036653979564743366,0
2024-04-10,2.0739301242535646,3.2203104064122225,0.596368206383514,3.2059023583122106,3.974128586195924,1,0.11333274035436736,0
2024-04-11,-0.7497782584511725,3.1217712591194897,-0.2893285787662969,3.1517306354394043,1.676100691488358,1,-0.09853914729273283,0
2024-04-12,-4.174897018143575,2.977022829845801,-1.4539144133977333,3.099281169585696,-3.1735418630178813,1,-0.14474842927368892,0
2024-04-13,-5.1522049715234886,3.2140815775185216,-1.6507497481763145,3.128032747790778,-11.544326244243486,1,0.23705874767272084,-1
2024-04-14,2.959850149495935,3.568370939829668,0.7864683390921666,3.2203114025451405,-5.043099974368737,1,0.3542893623111465,-1
2024-04-15,-3.5810999496508344,3.501275845186729,-1.066622425070598,3.276504490300041,-10.698130048273136,1,-0.06709509464293895,0
2024-04-16,0.6061920177229396,3.550791470277219,0.1275075256684249,3.362308532531588,-9.342159772099023,1,0.04951562509049001,0
2024-04-17,-4.053958534994528,3.3474811546679994,-1.2568847213107484,3.4364001974960274,-9.221221288949977,1,-0.20331031560921975,0
2024-04-18,3.584120208614649,3.490296853203691,0.982919496455534,3.491643252633061,-0.4848961088118386,1,0.14281569853569165,-1
2024-04-19,0.5195142876912584,3.503473476076332,0.1044891325730532,3.4786637598823944,-2.9252319706165157,1,0.013176622872641097,0
2024-04-20,1.7865871886504792,3.3037659413527787,0.4943291487527165,3.4391617791156035,2.4424551676847983,1,-0.19970753472355351,0
2024-04-21,-0.1043662476567064,3.1747907504531554,-0.081203975664617,3.3639616351507917,1.7318969023051525,1,-0.12897519089962328,0
2024-04-22,2.9008901759276284,3.0086764773708032,0.9131758809591934,3.296200699691352,8.686745613227309,1,-0.16611427308235216,0
2024-04-23,-0.646039848991542,3.018047066965719,-0.264899524240576,3.2017507424437577,4.456585555621118,1,0.009370589594915657,0
2024-04-24,-3.260630131627096,2.881462831702413,-1.1848389912402073,3.077348613568974,0.6764411363027634,1,-0.13658423526330576,0
2024-04-25,0.3181282769190829,2.997158413688604,0.0549483447333227,3.016027108036139,-0.7920177754286328,1,0.1156955819861909,-1
2024-04-26,-1.132893521901579,2.849749698010925,-0.4513845219398599,2.951018897547693,-1.8205450496735052,1,-0.14740871567767888,0
2024-04-27,-0.5286917956356163,2.755718683308368,-0.247532951367891,2.9004273387352058,-5.25012702123675,1,-0.09403101470255715,0
2024-04-28,-0.4835296290155,2.646087154373011,-0.2407211006433279,2.826035356216664,-5.087616801260708,1,-0.1096315289353571,0
2024-04-29,1.1467091787556782,2.548354899460177,0.3897690214901942,2.7594137697682166,-0.6802774908779341,0,-0.0977322549128341,0
2024-04-30,-5.149462971654195,2.4772933442877934,-2.140603318967092,2.655440755888055,-6.147868739451212,0,-0.07106155517238344,0
2024-05-01,-4.008992348065732,3.031021076519669,-1.3732770660996303,2.6916950315898034,-9.023967565615363,1,0.5537277322318754,-1
2024-05-02,1.4814392549697075,3.2296114674969125,0.4111949332455218,2.7864735884275125,-7.013836515010041,1,0.19859039097724374,0
2024-05-03,6.17572064982479,3.0916636044691064,1.947909616665937,2.875588878446732,-0.3545862361697516,1,-0.13794786302780615,0
2024-05-04,1.5801344389048566,3.617170865193431,0.3944229091995687,3.0893520715933827,0.0788390239794267,1,0.5255072607243245,-1
2024-05-05,0.2183511056964349,3.4400160259296118,0.0188695988692525,3.281896607921746,5.446653101330057,1,-0.17715483926381914,0
2024-05-06,-1.36673647637231,3.244471814601058,-0.468543401337137,3.324586755538024,8.088908973023479,1,-0.1955442113285537,0
2024-05-07,-1.3181929995647934,3.115649813996616,-0.4723356187646749,3.301794424837965,5.289276718488978,1,-0.12882200060444227,0
2024-05-08,-1.8569986258492928,2.9995262630716137,-0.6702518440274902,3.283366956558466,-2.743442557185105,1,-0.11612355092500204,0
2024-05-09,2.997730860417924,2.9375158163355253,0.9682642256485828,3.147435946786885,-1.3258461356720377,1,-0.062010446736088465,0
2024-05-10,-3.645645463548952,2.9695166248347844,-1.2793613664121732,3.0533360665679194,-5.1898427049174245,1,0.032000808499259126,0
2024-05-11,0.0015356866757798,3.1243022368114834,-0.0486200389699136,3.029302151010005,-3.821570541869335,1,0.15478561197669904,-1
2024-05-12,1.0711364152793834,2.9627853078136583,0.3097413199923153,2.998729249773413,-1.4322411270251578,1,-0.1615169289978251,0
2024-05-13,2.337149423787644,2.837020222021579,0.7697195894670965,2.966228041563406,2.7619069226117787,1,-0.12576508579207912,0
2024-05-14,-2.167403811158053,2.813802805185178,-0.8248066247089619,2.941485439333337,-2.4032277489641984,1,-0.023217416836401217,0
2024-05-15,7.380429766149987,2.8076599780281564,2.574026213830288,2.9091141099720117,8.622847480734741,1,-0.006142827157021635,0
2024-05-16,-1.5755724397152449,3.693261975894736,-0.4681530403701497,3.0229060577886613,7.045739354343716,2,0.8856019978665794,-1
2024-05-17,2.752283490504759,3.524413904996518,0.7373833429828055,3.1352317772252336,8.726886429569092,1,-0.16884807089821763,0
2024-05-18,-0.1657856805291402,3.4433917572285773,-0.0927065771829029,3.2565060842666336,6.223951325252308,1,-0.08102214776794092,0
2024-05-19,-0.994515955321873,3.2493530777006456,-0.3532873501446474,3.3436161387697267,7.396839181088488,1,-0.19403867952793163,0
2024-05-20,7.510908882529854,3.1002215385840493,2.373207658800686,3.4021284508809053,7.527318297468355,1,-0.14913153911659638,0
2024-05-21,-1.85288571822948,3.9160496105602,-0.5123339336668448,3.446685977813998,7.25000501895412,2,0.8158280719761506,-1
2024-05-22,-1.4565869510185792,3.7392017140637854,-0.4305802300384955,3.489643539627452,3.041134577430782,2,-0.17684789649641441,-1
2024-05-23,-1.7406596587758116,3.5582122007361043,-0.5323176176978183,3.512607628328957,1.4662605991841104,1,-0.1809895133276811,0
2024-05-24,0.874339466804841,3.415851916669747,0.2110454730497606,3.5459073961227774,3.3351160213108244,1,-0.14236028406635715,0
2024-05-25,1.0738658385429645,3.232694978019871,0.2847241888325054,3.572402084009941,-3.1019270226760653,1,-0.18315693864987637,0
2024-05-26,-1.085552305803894,3.0760392975711643,-0.4027879910264939,3.4044000214121346,-2.3345936102504794,1,-0.15665568044870648,0
2024-05-27,1.271054899375912,2.9516208505533195,0.3786446744957292,3.2468838487100413,0.3930482401440116,1,-0.12441844701784488,0
2024-05-28,-1.5953999045956735,2.83604700352052,-0.6166467923867619,3.1024508092669243,0.5383079943241498,1,-0.11557384703279938,0
2024-05-29,-1.057052909384737,2.7751705304062666,-0.4361866340483485,2.9743145320142284,-1.3930843818654282,1,-0.06087647311425348,0
2024-05-30,1.1577009906272195,2.68629732700521,0.3738460360839755,2.865035001811296,-1.309249229781173,1,-0.08887320340105642,0
2024-05-31,-1.286049277080714,2.598021959728713,-0.5540710134776416,2.769431534242806,-1.5097462010579932,0,-0.0882753672764971,0
2024-06-01,0.3188258104856345,2.546962011696457,0.0649347836924088,2.688499766471433,-2.4619752899482705,0,-0.05105994803225622,0
2024-06-02,0.0659449960522806,2.452038959976123,-0.0356822989190653,2.6116981577625538,-0.8006303893003164,0,-0.09492305172033388,0
2024-06-03,1.5425138658129,2.3683708679558824,0.5865105425099465,2.530338225272477,1.7989363858973206,0,-0.08366809202024061,1
2024-06-04,2.5300225248924946,2.346456662790237,1.0128391371537586,2.4623700924294827,3.171257920162596,0,-0.021914205165645573,1
2024-06-05,0.7272217816602478,2.424442739458984,0.2366656836799309,2.427654248375537,5.184528978903558,0,0.07798607666874702,0
2024-06-06,-0.4591890272017451,2.352703707280304,-0.2603933544582537,2.388802587492306,4.406514141216178,0,-0.07173903217867972,1
2024-06-07,-2.0194557079891595,2.2915897337392583,-0.9482042353309558,2.356712742244933,2.3211134371747377,0,-0.06111397354104575,1
2024-06-08,-0.0531019638904339,2.3555187735612675,-0.0876840165283465,2.3541423233660104,0.7254976074714037,0,0.06392903982200915,-1
2024-06-09,0.4925659126588044,2.285057707673183,0.1484104879875378,2.3418625323425992,-1.3119590047622864,0,-0.07046106588808465,0
2024-06-10,-0.195042704602244,2.2258006402220167,-0.1565648250289059,2.3021341124952057,-2.2342234910247782,0,-0.0592570674511661,0
2024-06-11,-3.1867374917879943,2.1746641702577216,-1.5359506633962194,2.266526205090689,-4.961771955611027,0,-0.051136469964295106,0
2024-06-12,1.3412234174300153,2.429450042664856,0.4889106643015372,2.294098266875809,-1.6010928301918526,0,0.2547858724071346,-1
2024-06-13,-2.199815542116035,2.385237019924122,-0.9865916492333489,2.30004191614838,-3.747806408417453,0,-0.04421302274073424,0
2024-06-14,-1.122733440538859,2.453428890681261,-0.5201588799126914,2.333716152749995,-5.363105761615117,0,0.06819187075713895,0
2024-06-15,0.2721687016485674,2.4114671641670595,0.0492353038139894,2.370849457539004,-4.895894355364305,0,-0.04196172651420138,0
2024-06-16,0.6746193121200506,2.333083075117613,0.2233867857064775,2.402533238510982,-1.0345375514562605,0,-0.07838408904944671,0
2024-06-17,-0.2234669798733435,2.2717625330857496,-0.1659092257960306,2.370995736595161,-2.5992279487596197,0,-0.06132054203186321,0
2024-06-18,-2.0505771883152946,2.215027799071269,-0.9950288535533284,2.33695389242459,-2.449989594958879,0,-0.056734734014480814,0
2024-06-19,-0.2773987515325871,2.2964765449662576,-0.1876083322776807,2.3055634232815896,-1.6046549059526072,0,0.08144874589498885,-1
2024-06-20,-0.2028534277712879,2.237656907094673,-0.1592258445988638,2.2708013718671127,-2.0796770353724625,0,-0.05881963787158462,0
2024-06-21,-1.1362664075990736,2.185074766892708,-0.5902341697059851,2.2411997102221317,-3.8905627550915862,0,-0.05258214020196483,0
2024-06-22,0.2436781820078337,2.183545669476293,0.0413267283968162,2.22355633750024,-3.4234175932104094,0,-0.0015290974164150484,0
2024-06-23,-1.6821441362001366,2.13489251136366,-0.8598013762346295,2.207529279958718,-3.0549845410952514,0,-0.048653158112633044,0
2024-06-24,-4.704293399341175,2.189855946594055,-2.218288737247712,2.186205160284278,-7.481879188903839,0,0.05496343523039471,-1
2024-06-25,2.5020978589857634,2.737703486479917,0.8578936643070421,2.286214476161327,-4.776927902146788,1,0.5478475398858622,-1
2024-06-26,-1.6203198264060248,2.7462872783786367,-0.6458753326915478,2.3984569784585124,-5.260981320953739,1,0.008583791898719717,0
2024-06-27,1.296454786345791,2.6998343130435587,0.4233650182310306,2.5017147071719656,-4.208204716615782,1,-0.046452965335078034,0
2024-06-28,-2.107381200861269,2.6168911405231805,-0.8639337529312046,2.59811443300387,-4.633441781276915,0,-0.0829431725203782,0
2024-06-29,0.9359920064692772,2.6354446111396563,0.2969338152576585,2.68723216591299,1.0068436245335377,0,0.01855347061647583,0
2024-06-30,2.898927273172447,2.5440429787282377,1.0791829827346584,2.6485000643626537,1.4036730387202212,0,-0.09140163241141863,1
2024-07-01,0.2767262526905512,2.6320475672639634,0.0468406692343202,2.6256521221397198,3.300719117816797,0,0.08800458853572568,-1
2024-07-02,-1.3180176056291515,2.5265131073204428,-0.5824062359102838,2.590987880995096,0.6862467258418548,0,-0.10553445994352062,1
2024-07-03,-3.036320250661717,2.487755830641149,-1.2821835626139355,2.56516081901869,-0.2426923239585932,0,-0.03875727667929363,0
2024-07-04,-5.457904895434851,2.6484195815698595,-2.1187519974807203,2.5677558131047307,-6.636589225862721,1,0.16066375092871032,-1
2024-07-05,-0.5549607840752202,3.216202090090764,-0.2202598429499096,2.702187635377236,-10.090477283110388,1,0.5677825085209047,-1
2024-07-06,2.855238562508866,3.054423335215084,0.8845529524921832,2.78666278896746,-7.5119649732920735,1,-0.16177875487568016,0
2024-07-07,-4.300921718932038,3.051590179854644,-1.4596852262539246,2.8916782034743003,-10.49486908659496,1,-0.0028331553604399318,0
2024-07-08,1.5210533790654068,3.2934511696091797,0.4152525498182362,3.052817271267906,-5.937495456867836,1,0.24186098975453563,0
2024-07-09,2.2737964112149456,3.1501397896652072,0.6730993446665273,3.153161312886976,1.7942058497819602,1,-0.14331137994397247,0
2024-07-10,-0.4608673369846272,3.076942128294127,-0.1996484478921756,3.125309320527648,1.8882992968725527,1,-0.07319766137108008,0
2024-07-11,-0.6909245978269141,2.928096243646485,-0.2883661979493999,3.100043902213929,-1.657863863463227,1,-0.14884588464764237,0
2024-07-12,0.9623984558103872,2.803584295639216,0.2885445869722287,3.050442725370843,3.605456311279198,1,-0.12451194800726872,0
2024-07-13,2.275300324258289,2.692571661396097,0.7880425139640527,2.930266823728227,4.359703256472081,1,-0.11101263424311902,0
2024-07-14,2.592785026300426,2.685107751900809,0.908472161458046,2.837260416175347,4.678691871557561,1,-0.007463909495287968,0
2024-07-15,6.499862039498083,2.711968973379145,2.340153120707359,2.764265785192351,11.639421248040271,1,0.026861221478335917,0
2024-07-16,0.3493129782674131,3.423088361825823,0.0572213084734962,2.8632642088282183,12.6796588241346,1,0.711119388446678,-1
2024-07-17,-1.5143242454824346,3.2299642156779966,-0.5163412091597119,2.9485401928359742,10.202936122841775,1,-0.19312414614782636,0
2024-07-18,-0.2259714160352643,3.112240576606002,-0.1219092129543426,3.032473975877955,7.701664382548223,1,-0.11772363907199468,0
2024-07-19,4.187942010963575,2.9545691790169086,1.365513001500495,3.0863662613011758,9.296821367211372,1,-0.15767139758909332,0
2024-07-20,0.6774946348331312,3.1486919852703124,0.1664358578423474,3.1737108636794087,3.47445396254642,1,0.19412280625340372,-1
2024-07-21,1.4645375370143654,2.989719880698478,0.4385354501923154,3.08703716745394,4.589678521293372,1,-0.1589721045718342,0
2024-07-22,-0.838776669011132,2.879659924035381,-0.3445601488956527,3.016976309125416,5.265226097764675,1,-0.11005995666309731,0
2024-07-23,-2.483150354628449,2.7669435065098904,-0.9528888940481038,2.947916895106194,3.0080471591714897,1,-0.11271641752549044,0
2024-07-24,-0.8462196557577073,2.802745780411064,-0.3566713206484376,2.917552215385025,-2.026114507549792,1,0.03580227390117363,0
2024-07-25,0.6177613679945182,2.699736228178971,0.1719879075462014,2.827761063966757,-2.085847774388405,1,-0.10300955223209307,0
2024-07-26,3.193999219319821,2.5909297795406925,1.1735400396206392,2.7480030437352,-0.3563860920829498,0,-0.10880644863827849,0
2024-07-27,-0.1454798896139308,2.7096073742351168,-0.1103182976395811,2.713992533775147,0.3369106873142513,1,0.1186775946944243,-1
2024-07-28,0.6504525639671854,2.59661949122622,0.1914077832594311,2.6799277307184126,3.4705136059098862,0,-0.11298788300889662,1
2024-07-29,-2.126224566408652,2.5010818178848524,-0.9114711615151762,2.6195949382131705,2.190508695258941,0,-0.09553767334136776,1
2024-07-30,-0.9305346230673806,2.540749580147665,-0.4266355152512607,2.587797608606909,0.6422127041970427,0,0.039667762262812545,0
2024-07-31,-2.4183450577487164,2.4753906366443488,-1.0389408454814155,2.5646897800276407,-4.970131572871495,0,-0.06535894350331617,0
2024-08-01,1.1359846111043126,2.553911058903512,0.3847217875875492,2.53355051696132,-3.688667072153251,0,0.07852042225916334,-1
2024-08-02,-6.221701386487055,2.481595136653295,-2.568968916609008,2.5105456460467344,-10.560821022607492,0,-0.07231592225021721,0
2024-08-03,-1.203948679208544,3.2790054182379733,-0.4139633484110865,2.6661303661173585,-9.638545135407384,1,0.7974102815846784,-1
2024-08-04,-4.315788272420917,3.1368341478980475,-1.424757397071513,2.7853472796674352,-13.02379878476092,1,-0.14217127033992583,0
2024-08-05,-7.363198582120134,3.3628662096367483,-2.235187930986827,2.9628423942659152,-17.968652309132338,1,0.22603206173870083,0
2024-08-06,3.7138465099117113,4.130612741103577,0.8619561672530778,3.278182730705929,-15.39079041032494,2,0.7677465314668286,-1
2024-08-07,-1.8131945621423284,4.063110815726712,-0.4840217347047491,3.594485866520612,-10.982283585980213,2,-0.06750192537686495,-1
2024-08-08,11.46158574329572,3.866972414001963,2.924289379248372,3.7120792656734096,1.6832508365240528,2,-0.19613840172474895,-1
2024-08-09,-1.3541633552666354,5.381232032509136,-0.2801594001786651,4.160958842595628,4.644875753678335,2,1.5142596185071726,-1
2024-08-10,0.1078575429618311,5.027263931193591,-0.0090669280239458,4.493838386906996,12.1159318787603,2,-0.35396810131554446,-1
2024-08-11,-3.721354652343756,4.677643842213808,-0.8283644856751767,4.603244607129042,4.680730716504833,2,-0.34962008897978336,-1
2024-08-12,1.0756599640608044,4.568179093120331,0.2018792525595864,4.704258262607765,7.569585242707966,2,-0.10946474909347703,-1
2024-08-13,2.092453927711624,4.273598800761668,0.4537193674293192,4.785583539959707,-1.7995465728761315,2,-0.29458029235866245,-1
2024-08-14,-3.137830139166553,4.052481986188679,-0.8121614194873458,4.519833530695616,-3.5832133567760494,2,-0.22111681457298893,-1
2024-08-15,-2.024486209713494,3.96748621383812,-0.5489434557580796,4.307877987224521,-5.715557109451375,2,-0.08499577235055922,-1
2024-08-16,2.291143010134178,3.79643232425955,0.5630822425809393,4.13163568363367,0.296940553026559,2,-0.17105388957857004,-1
2024-08-17,0.988184063726294,3.642732859610775,0.2291534166005639,3.946546436931759,0.2094646526920485,1,-0.15369946464877504,0
2024-08-18,-1.6870237926472242,3.438768324911716,-0.5352099943743136,3.779580341761768,-3.5700130676668,1,-0.20396453469905929,0
2024-08-19,1.7113663556006742,3.307151489169253,0.471078200535857,3.630514242357883,1.2791834271004277,1,-0.13161683574246297,0
2024-08-20,-0.8112024604757906,3.1730984289374384,-0.3040062781734,3.4716366853777467,2.492467176338131,1,-0.1340530602318144,0
2024-08-21,3.598748777475258,3.0248627916204223,1.1389969170952907,3.3173227788499204,3.8000729436792113,1,-0.14823563731701617,0
2024-08-22,-1.3052114105544632,3.118486477353366,-0.4677431838587772,3.2124735023984394,1.506677469398454,1,0.09362368573294377,0
2024-08-23,5.966667778992552,3.00123285704221,1.9369468057664443,3.124966408824538,9.16036904103823,1,-0.11725362031115605,0
2024-08-24,0.1319630813085837,3.5089611009797945,-0.006120416059546,3.1653283311866462,7.580965766746139,1,0.5077282439375845,-1
2024-08-25,0.2405226160542284,3.3061884629265146,0.026339464264479,3.191946337984461,8.632690843276158,1,-0.20277263805327994,0
2024-08-26,-2.284251207913357,3.1247867365542104,-0.7801142275023892,3.211931126971219,2.7496908578875434,1,-0.18140172637230423,0
2024-08-27,-5.5192877560907405,3.084127970550868,-1.839329364228961,3.2050594256107194,-1.464385487648734,1,-0.04065876600334217,0
2024-08-28,-0.8040214509268395,3.5411331586809904,-0.2703826123462749,3.313039485938476,-8.235074717568125,1,0.45700518813012225,-1
2024-08-29,0.6089656742739535,3.351967163215787,0.1358981961665731,3.2816406983856736,-7.758072124602755,1,-0.18916599546520363,0
2024-08-30,-0.4534788620027541,3.1696196095380764,-0.1914798366844234,3.2543269277079867,-8.452073602659738,1,-0.18234755367771038,0
2024-08-31,-0.2533305049583489,3.0102672342692838,-0.1351275008115456,3.231423027251001,-6.42115289970473,1,-0.15935237526879265,0
2024-09-01,-2.828177125772058,2.8643832373180387,-1.0409279282569497,3.187474080604435,-3.730042269386047,1,-0.1458839969512451,0
2024-09-02,3.0696731082649364,2.9254734914839884,0.9968416167744156,3.0643421471650347,0.143652289805729,1,0.06109025416594971,0
2024-09-03,-2.88574422367045,2.968092753557971,-1.0239516953136327,2.9875672652334715,-3.3510576081386745,1,0.0426192620739827,0
2024-09-04,0.9367548966837448,3.0186459482808976,0.2594923442235734,2.957372532982036,-1.960823849452176,1,0.05055319472292652,0
2024-09-05,-3.1738730145491445,2.8814444238867205,-1.1547376621772023,2.931607970905523,-4.881366359042971,1,-0.1372015243941771,0
2024-09-06,-4.017885990553971,2.985066559264636,-1.397397776873997,2.9557446352948427,-6.071075223824884,1,0.10362213537791565,-1
2024-09-07,0.3532917856169604,3.194680450450945,0.0625578694123875,3.009586027088234,-8.78745654647286,1,0.2096138911863088,-1
2024-09-08,1.288090539570241,3.025869239413241,0.3749835391455725,3.0211413242592884,-4.613621783232169,1,-0.16881121103770402,0
2024-09-09,3.8945513665446185,2.902214077418294,1.289054454139109,2.9978549500867677,-1.6558253133712952,1,-0.12365516199494708,0
2024-09-10,1.0973955159395032,3.061602821193148,0.3083208985247433,3.0338866295480527,2.6154432171173525,1,0.159388743774854,-1
2024-09-11,-0.5314110423380924,2.9253465930088427,-0.234109157239053,3.0219426362968944,6.101918165333231,1,-0.13625622818430516,0
2024-09-12,1.357669762940006,2.795774598812837,0.4307322844509756,2.942161465969272,7.1062961426562765,1,-0.12957199419600585,0
2024-09-13,4.119072290725079,2.703940957143336,1.4666122413158589,2.8777758095152914,9.937277893811114,1,-0.09183364166950092,0
2024-09-14,-0.9391286288542132,2.94076553556751,-0.3715250327927663,2.8854861011451347,5.103597898412282,1,0.23682457842417426,-1
2024-09-15,-1.3798343779418687,2.8252941029734555,-0.5426952753384262,2.838224357501196,2.62636800453091,1,-0.11547143259405468,0
2024-09-16,-1.6874951656181023,2.750044695947197,-0.6694198648896406,2.8031639780888677,1.4702838812509,1,-0.07524940702625837,0
2024-09-17,3.5717088660708995,2.7086061222684763,1.2620031590361809,2.785730282779995,3.6843229843817937,1,-0.041438573678720836,0
2024-09-18,2.1994330568393394,2.8583519648168987,0.7157948702048874,2.816612484314708,1.7646837504960544,1,0.14974584254842238,-1
2024-09-19,2.0721119053916937,2.819249878973496,0.6805613565928218,2.792309352995905,4.775924284741961,1,-0.0391020858434028,0
2024-09-20,0.4004011647404937,2.774574066385543,0.089008898536585,2.7821653456783224,6.556159827424324,1,-0.044675812587952723,0
2024-09-21,0.3189303016478462,2.653286101065848,0.0623720594616706,2.7628136267020524,8.562585294690273,1,-0.12128796531969499,0
2024-09-22,0.3996604788030211,2.54550714504053,0.0967277173428472,2.730193831256463,5.390536907422394,0,-0.10777895602531817,1
2024-09-23,-0.5023067643080026,2.4516006964004875,-0.26747673405956,2.6488435775731807,2.688797086275052,0,-0.0939064486400425,1
2024-09-24,1.5234244172185996,2.378978036514096,0.5758712409311223,2.5607892090813005,2.140109598101958,0,-0.07262265988639172,1
2024-09-25,-1.8185964558888656,2.3541228074054037,-0.837694547144585,2.476698957285273,-0.0788880225274013,0,-0.02485522910869209,0
2024-09-26,3.176403065562461,2.38559293330961,1.2671749820222948,2.423160323734025,2.7785847413872133,0,0.03147012590420628,0
2024-09-27,0.9309629648678096,2.542736363294521,0.3057822245783519,2.422606167384824,3.309887227452002,0,0.15714342998491082,-1
2024-09-28,0.1473050355761174,2.462848801219508,-0.0024907528242041,2.4248557883486277,3.959499027336122,0,-0.07988756207501257,1
2024-09-29,-0.3837262677613751,2.3776298738159927,-0.2259248408931665,2.424586155809007,2.0523483423561477,0,-0.08521892740351555,1
2024-09-30,-3.576247704956792,2.3109038607059333,-1.6139516453102434,2.415942366469113,0.2946970932882209,0,-0.06672601311005932,1
2024-10-01,-4.015297041724963,2.599744473754651,-1.603517756069179,2.458772674558121,-6.897003013999203,0,0.28884061304871755,-1
2024-10-02,-0.3362528965938693,2.895741427582196,-0.1691077370074722,2.529373687415656,-8.164218875460882,1,0.2959969538275451,-1
2024-10-03,0.2086085373775859,2.764498168670052,0.0199562997796392,2.589703560905765,-8.102915373659414,1,-0.13124325891214417,0
2024-10-04,2.1300283559387623,2.6430321900324327,0.7478489971517013,2.642784024149053,-5.589160749959277,1,-0.1214659786376191,0
2024-10-05,0.0362002616499879,2.629249516860679,-0.0445903368172291,2.706453155380002,-1.976712783352497,0,-0.013782673171753856,0
2024-10-06,1.1672701783517423,2.5240150506239707,0.4016738311119686,2.691307270753866,3.205854436724209,0,-0.10523446623670818,1
2024-10-07,-0.931261159307084,2.457189195725444,-0.4414395702119255,2.603596824382516,2.6108461740109945,0,-0.06682585489852677,1
2024-10-08,-0.1683566537620251,2.403109274697588,-0.133908199819945,2.531319045588023,2.2338809828713835,0,-0.05407992102785597,1
2024-10-09,-2.526115546846341,2.3281606172879608,-1.150932160836505,2.4683447310391284,-2.42226291991372,0,-0.0749486574096272,0
2024-10-10,-0.5090366975952776,2.448447619486595,-0.2705698400513596,2.432184351564312,-2.9674998791589857,0,0.12028700219863442,-1
2024-10-11,3.5378479360446136,2.3764637201077186,1.4241364276782922,2.402674085461061,-0.5969221214661147,0,-0.07198389937887661,0
2024-10-12,1.1906298332258205,2.591304581950135,0.4002580234168846,2.429497162706,1.5249688710667897,0,0.21484086184241624,-1
2024-10-13,-0.542109412935865,2.516840923844358,-0.2763578697126352,2.4522434925353536,1.1512161118929498,0,-0.07446365810577671,1
2024-10-14,4.958054928829014,2.43721567218302,1.9713542795915824,2.474054503514365,8.635386587568306,0,-0.07962525166133805,1
2024-10-15,1.495264242203831,2.8980258719620826,0.4630134161335204,2.563970154009463,10.639687527367414,1,0.46081019977906257,-1
2024-10-16,0.8490108547450248,2.801146246899799,0.2483167283148867,2.6489066593678787,7.950850446067825,1,-0.09687962506228365,0
2024-10-17,-0.3153528787226634,2.6865079453137626,-0.1744987438893485,2.667947332040604,6.444867734119342,1,-0.11463830158603638,0
2024-10-18,1.5004897049664123,2.579387286795994,0.5222365515557451,2.6804566046309315,8.487466852021619,0,-0.10712065851776842,1
2024-10-19,-0.0819623721527662,2.5246167792346315,-0.093242569435617,2.697936826041254,3.4474495510398384,0,-0.0547705075613627,1
2024-10-20,0.9303330181939627,2.433150711445005,0.3192953199965311,2.6049617939378384,2.8825183270299704,0,-0.0914660677896264,1
2024-10-21,-2.3963262921302686,2.367453982646433,-1.077007491593726,2.518223341087165,-0.362818819845323,0,-0.06569672879857213,0
2024-10-22,-0.0095677993178,2.463113909939798,-0.0661793114168751,2.4735445340123725,-0.0570337404404597,0,0.09565992729336514,-1
2024-10-23,-1.3890438213698175,2.378550968954745,-0.6484970154879653,2.4333772704441228,-2.9465672667766896,0,-0.08456294098505301,0
2024-10-24,2.569154796745288,2.366904582279363,1.0206222218031185,2.4018348310530686,-0.2954500978786356,0,-0.011646386675382203,0
2024-10-25,-2.253213347279548,2.4459169924115503,-0.98394701779722,2.404388087246378,-3.4789964633521464,0,0.0790124101321874,-1
2024-10-26,0.5570705733250136,2.509655523352091,0.1608313118616971,2.432828395387509,-0.5255995978968642,0,0.06373853094054072,-1
2024-10-27,1.3555484057567568,2.422781777613461,0.4961689218900848,2.424761968922242,0.8395166071776927,0,-0.08687374573863016,1
2024-10-28,2.870921510255542,2.380388594691176,1.141612816131291,2.425129494069528,5.099481938803052,0,-0.042393182922285,1
2024-10-29,3.944659057776256,2.4955832980724626,1.5191717613758573,2.450865237228148,6.474986199834021,0,0.11519470338128679,-1
2024-10-30,-0.525236341818669,2.750589781036856,-0.2467382558027899,2.511799794953209,8.2029632052949,1,0.2550064829643932,-1
2024-10-31,-2.980622089692453,2.6414650720972186,-1.1864860550238034,2.5381617047022345,4.665270542277433,1,-0.10912470893963722,0
2024-11-01,-1.0490161236779372,2.763453491815534,-0.4351278248114429,2.6062960475426493,2.260706012842739,1,0.1219884197183152,0
2024-11-02,-0.2784362785529737,2.675625644429754,-0.1614110937512562,2.6653434574903647,-0.8886517759657764,1,-0.08782784738577964,0
2024-11-03,-0.7942586110248229,2.5690143398372056,-0.3688955641517438,2.680029665843313,-5.627569444766856,0,-0.10661130459254853,0
2024-11-04,-1.3615611362265412,2.49306463436247,-0.6076860176540517,2.6285246365084367,-6.463894239174728,0,-0.07594970547473556,0
2024-11-05,2.2572112490930607,2.4623466110090013,0.8543768194550201,2.592700944290793,-1.2260609003892142,0,-0.030718023353468737,0
2024-11-06,8.666903126846393,2.489526862434512,3.4197115412274446,2.5379156184145883,8.489858350135115,0,0.027180251425510615,0
2024-11-07,0.3507649687479741,3.8363894949533615,0.0514352324820528,2.7700683885193103,9.119059597436063,2,1.3468626325188495,-1
2024-11-08,0.8404323339316733,3.601038223776017,0.1907763561665157,2.9764731653070724,10.75375054239256,1,-0.23535127117734467,0
2024-11-09,0.3044406381334852,3.3973810146706103,0.0444463703947502,3.1573364413687006,12.419752316752586,1,-0.20365720910540652,0
2024-11-10,4.700704537184386,3.206652418153209,1.4180723574087666,3.3061976027975417,14.863245604843913,1,-0.19072859651740126,0
2024-11-11,9.734014312496164,3.430735578344587,2.7925716542502177,3.494439345979557,15.930356790493684,1,0.2240831601913782,0
2024-11-12,-0.8442066269106263,4.670167767681016,-0.2136210217110364,3.661195000525088,14.735385194835082,2,1.2394321893364286,-1
2024-11-13,2.94448504877618,4.367782436653223,0.6390074840200725,3.814543843100529,16.83943790967959,2,-0.30238533102779286,-1
2024-11-14,-3.749692231881241,4.196191044168764,-0.930160608509131,3.97430584900016,12.785305039664864,2,-0.17159139248445854,-1
2024-11-15,4.280211829142644,4.157663016557873,0.9925702081973576,4.164507968681093,12.36481233162312,2,-0.03852802761089169,-1
2024-11-16,-0.5588812244118557,4.151636349657614,-0.1715758673454007,4.308688122943698,2.0719167947151007,2,-0.006026666900258881,-1
2024-11-17,-0.7900350440317894,3.8926538538210314,-0.2423730602938191,4.153185340171701,2.1260883775939377,2,-0.2589824958365825,-1
2024-11-18,0.7725465406075216,3.666061569247436,0.1688752754775115,4.012841166690544,-0.0458501305747205,1,-0.22659228457359548,0
2024-11-19,1.969754318365169,3.454047751904062,0.525851136302494,3.864412508237603,5.673596419671689,1,-0.21201381734337366,0
2024-11-20,2.138144499843264,3.318933147227473,0.5979949063806478,3.696666534371524,3.5315290903723096,1,-0.13511460467658942,0
2024-11-21,4.320463738221214,3.2126730829251606,1.297058321055116,3.508873881025032,8.41087405300538,1,-0.10626006430231216,0
2024-11-22,0.499172209506149,3.37539420128386,0.1024273923891034,3.4054219505175984,9.700081306543318,1,0.16272111835869918,0
2024-11-23,-1.2404002529793343,3.188850237715773,-0.4370978667098233,3.309979684211266,7.687134512956462,1,-0.186543963568087,0
2024-11-24,0.2416240326478913,3.0593294604449506,0.0288248292982878,3.231036025919443,5.959004227239184,1,-0.12952077727082223,0
2024-11-25,-5.140963729328973,2.904614981128363,-1.8227555620661249,3.148172392699621,-1.3201040019330534,1,-0.15471447931658755,0
2024-11-26,-1.2069852534281722,3.33449698127692,-0.4079849657235409,3.172537172369973,-6.84755299358244,1,0.4298820001485568,-1
2024-11-27,4.232881330495708,3.186030305208029,1.280415299453971,3.134664393154807,-3.1138438725928808,1,-0.14846667606889064,0
2024-11-28,-0.3236310003133624,3.3406654667227387,-0.1428069910767572,3.1650274389562005,-2.1970746199269087,1,0.15463516151470946,0
2024-11-29,1.8736162907208251,3.159916181612472,0.5443742202869744,3.1851447831897044,-0.5650823618539746,1,-0.18074928511026656,0
2024-11-30,-1.0442730465097585,3.054478544442728,-0.3921168252670168,3.215117495852577,3.5316083209652405,1,-0.1054376371697443,0
2024-12-01,0.8576311620290156,2.930524583585106,0.2402954688693271,3.1343230163142146,5.596224736422428,1,-0.12395396085762167,0
2024-12-02,-1.464711979836153,2.800944559962202,-0.5777163126146746,3.057305867265049,-0.1013685739094327,1,-0.12958002362290433,0
2024-12-03,0.1426603468560827,2.734968230957226,-0.0039411925174309,2.9361664201119466,0.3649227732600124,1,-0.06597632900497574,0
2024-12-04,2.8408310872006126,2.6168799615827987,1.0269449663223462,2.827559176106012,1.3321375697397997,0,-0.1180882693744274,1
2024-12-05,-2.2266865312221995,2.684447068149505,-0.8866354426001986,2.753552880847368,0.1497240850273584,1,0.0675671065667065,0
2024-12-06,3.3864801767808927,2.704907206295732,1.1952501683135657,2.7084294053894924,2.678573099779236,1,0.020460138146226825,0
2024-12-07,0.0026270484823953,2.8286166062117712,-0.0533166404983116,2.7139638146394063,4.145912128097784,1,0.12370939991603924,-1
2024-12-08,1.3051327819740166,2.700189123756804,0.426523234486742,2.707007993199322,5.308384563215718,1,-0.12842748245496738,0
2024-12-09,-3.8292503466212935,2.617670290851585,-1.5214634722041254,2.70716605905308,-1.3616968706061885,0,-0.08251883290521889,0
2024-12-10,-0.7802793553988607,2.876976864545084,-0.3245485739176584,2.745672018332195,0.0847103052171505,1,0.25930657369349897,-1
2024-12-11,4.547294957076353,2.762066444200894,1.590785617456142,2.757103865913228,1.245525085512611,1,-0.11491042034418975,0
2024-12-12,-1.1232138149603443,3.059200068188612,-0.4173160204260875,2.8032205583085963,0.1196842220698712,1,0.2971336239877176,-1
2024-12-13,1.4057223472295988,2.93879040045692,0.4261219050707231,2.850940813648619,0.2202737873254534,1,-0.1204096677316917,0
2024-12-14,-0.0850841793416989,2.831737625187662,-0.0842322256142055,2.8937542805158345,3.964439954605048,1,-0.10705277526925805,0
2024-12-15,2.845237769652975,2.703731531714484,0.9955864163638748,2.8591052139497144,7.589957079656884,1,-0.12800609347317815,0
2024-12-16,1.6460567443029817,2.756732759040322,0.5414443442966344,2.8580384769176,4.688718866883512,1,0.05300122732583823,0
2024-12-17,0.1045224633035246,2.6877926953945983,-0.0181996624827632,2.783757002358797,5.916455145147381,1,-0.0689400636457238,0
2024-12-18,-5.917915465376922,2.575309757683157,-2.3575241115935808,2.711060873804045,-1.4071826674591392,0,-0.11248293771144136,0
2024-12-19,-2.5825905125143933,3.268818295806644,-0.8370088662338961,2.798477007927841,-3.9046890006318336,1,0.6935085381234871,-1
2024-12-20,0.2714273553184654,3.237357805988309,0.0364457620090291,2.9052022627826064,-6.478499414966343,1,-0.03146048981833527,0
2024-12-21,-0.5448791172121048,3.0634251824725296,-0.2279535026319218,2.966540747469048,-8.66943527648143,1,-0.1739326235157792,0
2024-12-22,-2.204418038201439,2.918432972979709,-0.8079189905044891,3.0126688029860698,-10.978375777986392,1,-0.14499220949282066,0
2024-12-23,-0.4412175449120425,2.9001786679312618,-0.2050414806062836,3.077642585035691,-5.501677857521514,1,-0.01825430504844716,0
2024-12-24,4.12739940682787,2.7709631229719323,1.434143959080317,2.9780715504687487,1.2083120618207488,1,-0.12921554495932952,0
2024-12-25,0.6294761562736895,2.9943721656376274,0.158977156731945,2.929474422398612,1.5663608627759729,1,0.22340904266569517,-1
2024-12-26,-3.5921593296803778,2.851598221247684,-1.3135085738778716,2.887109030153643,-1.4809193496923,1,-0.14277394438994362,0
2024-12-27,-1.7168804864954978,3.0218409383377907,-0.6189339240031735,2.9077906232252597,-0.9933817979863592,1,0.17024271709010685,-1
2024-12-28,1.0553910906912378,2.9453934577309893,0.3062245232943247,2.9168335811852044,0.5032268376169213,1,-0.0764474806068014,0
2024-12-29,-1.731631736860173,2.8210523653469863,-0.6682155720323377,2.9268514296602155,-5.355804306071121,1,-0.12434109238400293,0
2024-12-30,-0.9528989191728954,2.77327638956935,-0.39892825198286,2.88263227444656,-6.938179381517706,1,-0.04777597577763615,0
2024-12-31,0.8448290052871954,2.679086913056356,0.2580691274831027,2.8481300128082947,-2.501191046550133,1,-0.09418947651299403,0
2025-01-01,1.0546386456946166,2.579050433858807,0.3494306472955972,2.7595719119124977,0.2703280856399814,0,-0.10003647919754899,1
2025-01-02,2.5793710693546856,2.499679976298672,0.9704969072734944,2.6704292156260343,1.7943080643034293,0,-0.07937045756013505,1
2025-01-03,1.251903875349214,2.556268194325565,0.4297141022230202,2.61747238142175,4.777843676512816,0,0.05658821802689307,0
2025-01-04,0.131195370335746,2.4896363040799394,-0.0089346435104372,2.560744364323868,5.861937966021458,0,-0.06663189024562577,1
2025-01-05,0.0801159028473108,2.401095009272252,-0.0305375172797745,2.505145983567047,5.097224863581573,0,-0.08854129480768735,1
2025-01-06,3.7561856516818537,2.323796286108841,1.550370955507142,2.454095154017054,7.79877186956881,0,-0.07729872316341124,1
2025-01-07,-5.1824282978696345,2.5873101162004004,-2.062322428085651,2.471621181997399,0.03697250234449,0,0.2635138300915596,-1
2025-01-08,-1.9578857696565424,3.114664338401536,-0.6778660309583886,2.583300410812593,-3.172817142661266,1,0.5273542222011356,-1
2025-01-09,-2.729884917903469,3.0455039903293737,-0.946747832293918,2.6944739480624804,-6.033897430900481,1,-0.06916034807216231,0
2025-01-10,2.36932656291593,3.064551446917148,0.7230706412064667,2.82716523559146,-3.744686770831862,1,0.019047456587774292,0
2025-01-11,-0.1425062497864004,3.011541531846892,-0.0982704803636721,2.964714284739069,-7.643378672300116,1,-0.053009915070255875,0
2025-01-12,-0.0826809568998498,2.863835542865048,-0.082448987223258,3.020019370072,-2.543631331330332,1,-0.14770598898184417,0
2025-01-13,0.0297197889064904,2.732118001127969,-0.0452834007263866,2.943510102617286,-0.556025772767299,1,-0.13171754173707884,0
2025-01-14,2.112109307156018,2.614722335047027,0.7490928951495907,2.857353771560817,4.285968452292188,0,-0.1173956660809421,1
2025-01-15,4.030666140622685,2.6035543008991024,1.4892052591721996,2.765154342357208,5.947308029998943,0,-0.011168034147924555,1
2025-01-16,-0.7466135920999761,2.8482161474178613,-0.3160058537338501,2.732489265471401,5.343200687685368,1,0.24466184651875889,-1
2025-01-17,4.608745388695823,2.735375197788956,1.628773269975457,2.706797196456183,10.03462703328104,1,-0.11284094962890512,0
2025-01-18,-0.0516768544455814,3.0499040716592685,-0.0672533406984609,2.770354410562443,9.953230389928969,1,0.31452887387031225,-1
2025-01-19,-3.229962927724728,2.8969602561319245,-1.1679146456174212,2.8268019947794225,4.611158155048223,1,-0.15294381552734393,0
2025-01-20,0.9128828074565832,3.0054719660094587,0.2526869100301734,2.907185527801494,1.4933748218821208,1,0.10851170987753411,0
2025-01-21,3.968183425876326,2.8689940419631266,1.329645160253704,2.911341106710547,6.208171839858423,1,-0.13647792404633208,0
2025-01-22,-2.376854699304154,3.046337020387024,-0.8306021512242376,2.9735334712301604,-0.777428248141554,1,0.17734297842389735,-1
2025-01-23,0.2958402684214434,3.0264964586174004,0.0470513966182382,2.968851948621787,-0.4299111252745291,1,-0.019840561769623566,0
2025-01-24,0.823181116278171,2.8756782225465884,0.2328987046755638,2.96459554190472,3.6232329187283696,1,-0.1508182360708119,0
2025-01-25,-0.1000657457003839,2.751438439333396,-0.0921354900257716,2.913788836569507,2.6102843655714025,1,-0.12423978321319229,0
2025-01-26,-1.9597313563924248,2.632930709104201,-0.8025926137246234,2.866576169997722,-3.317630416697348,0,-0.11850773022919503,0
2025-01-27,-0.5809577851447756,2.633805115036827,-0.2788350452109475,2.7840697889276824,-1.5217335025379697,0,0.0008744059326257769,0
2025-01-28,-0.7425167615396688,2.5408330924122406,-0.352622983146209,2.686937115686651,-2.560090532499082,0,-0.09297202262458626,0
2025-01-29,2.312612074653053,2.4661574858586706,0.8755210094451558,2.6050329683490667,-1.0706595741241998,0,-0.07467560655357008,0
2025-01-30,0.9903181107727476,2.498556534149697,0.334944883636267,2.5544565873123277,0.0197242823489318,0,0.03239904829102658,0
2025-01-31,-2.250049117230901,2.4267882433720938,-0.9903989385882822,2.513228094165906,-0.2705934784895447,0,-0.07176829077760338,0
2025-02-01,-1.7227936971828228,2.4935409929616923,-0.7524372310950773,2.485175269750879,-1.412429390527592,0,0.06675274958959854,-1
2025-02-02,-2.9919108206549083,2.493287310316177,-1.2615273782624696,2.475666113331666,-3.661823449642832,0,-0.00025368264551550723,0
2025-02-03,3.733783666464596,2.6462520703278805,1.3529868614661624,2.5116850302255083,-2.2406518578312884,1,0.15296476001170367,-1
2025-02-04,-3.546789334061806,2.833409976986605,-1.3059277504134523,2.5786557187928896,-6.777759302665842,1,0.18715790665872456,-1
2025-02-05,-1.2920048753754187,3.000406471191104,-0.4817494804245466,2.693379364356692,-5.81971506081036,1,0.1669964942044988,0
2025-02-06,-0.0229269517996399,2.8969410046290105,-0.0608801955929263,2.774059366690155,-4.119848315427177,1,-0.10346546656209332,0
2025-02-07,-0.0664976673661499,2.760894997265945,-0.0796615049711385,2.8275809040801088,-1.1944351621384186,1,-0.1360460073630656,0
2025-02-08,-0.0483212699446511,2.640908772848625,-0.0763981911084206,2.826512244584258,-4.976540098547666,1,-0.11998622441731976,0
2025-02-09,0.0182820937279615,2.534934533185079,-0.053317861935298,2.766817155823953,-1.4114686707578985,0,-0.10597423966354613,0
2025-02-10,0.9667728227993776,2.4412570031250427,0.3331617435505112,2.6549872622107404,0.8473090274168982,0,-0.09367753006003632,1
2025-02-11,-1.7497924369383355,2.3760004007725253,-0.8010233582043452,2.550799141439444,-0.8795564577217974,0,-0.0652566023525174,0
2025-02-12,2.208831591934768,2.3969859192669225,0.8574903140774528,2.4780173258396387,1.3957728015791204,0,0.020985518494397226,0
2025-02-13,-1.2976316589519143,2.4299315333990674,-0.5971654024775964,2.435821877949728,0.1464624125718572,0,0.03294561413214492,0
2025-02-14,0.9118577917229588,2.403571546363484,0.31553810398824,2.4095492805854084,1.0400381105668544,0,-0.026359987035583288,1
2025-02-15,0.0731796241549176,2.3410404088413337,-0.034283799085787,2.3895059617286667,0.1464449119223942,0,-0.06253113752215045,1
2025-02-16,-1.4506383627455932,2.2714684222517305,-0.7061853601903904,2.368599566024508,0.4455989861151366,0,-0.06957198658960317,1
2025-02-17,-0.4184968400661404,2.2815598200639897,-0.2506777241691793,2.345514346183921,-2.181729445885772,0,0.010091397812259206,0
2025-02-18,-0.244453999348515,2.228653074594828,-0.1785353615901816,2.3052586544230733,-1.1285517862823724,0,-0.05290674546916163,0
2025-02-19,1.140703518992403,2.1781767833026877,0.4532525290771436,2.2601797018109138,-0.899706059012928,0,-0.050476291292140374,0
2025-02-20,1.742191135803317,2.158095827687849,0.7361822085176537,2.2235907855802166,0.7693054526354715,0,-0.020080955614838913,1
2025-02-21,-2.2714094704245014,2.18522599501394,-1.1096558704411603,2.2063423001326585,-0.0514656550434367,0,0.027130167326091303,0
2025-02-22,0.4693347302195505,2.2998455394093598,0.1373550273803758,2.2099994440017325,0.8363659152422542,0,0.11461954439541966,-1
2025-02-23,-0.315098307034134,2.2382108487276766,-0.2093358141319972,2.2119109988283023,0.7657216075566353,0,-0.061634690681683146,1
2025-02-24,-5.175320553649065,2.188168841055994,-2.435259947427452,2.213909410378964,-5.550302465084833,0,-0.050042007671682764,0
2025-02-25,-2.977666935499812,2.8427942125393675,-1.101418563775057,2.350849087349268,-10.270160536387962,1,0.6546253714833736,-1
2025-02-26,-5.072808622096936,2.926974835892348,-1.785545929945431,2.4991988555249494,-13.071559688060397,1,0.08418062335298071,0
2025-02-27,0.4225980660949702,3.337731975117612,0.080641191359334,2.7067761426665995,-13.118296352184975,1,0.410757139225264,0
2025-02-28,-0.3917962993897461,3.1542597023588943,-0.1728569407792698,2.8899859133928434,-13.19499434454059,1,-0.1834722727587179,0
2025-03-01,1.947078336241681,2.995141016173688,0.5988495845012746,3.051380348416382,-6.072595454649843,1,-0.1591186861852063,0
2025-03-02,9.121501495686424,2.9163187577323124,3.075130963899336,3.066085257454971,6.026572976536393,1,-0.07882225844137558,0
2025-03-03,-9.082270482945631,4.201034994495162,-2.1984367847997013,3.3208972891755337,2.017111115687697,2,1.2847162367628493,-1
2025-03-04,1.3348200634373697,5.096600321768078,0.2317977878720908,3.672670958505627,2.929333113030097,2,0.8955653272729167,-1
2025-03-05,3.825541905303531,4.758730535111459,0.7716559059241165,3.99356512505614,7.146671317723374,2,-0.3378697866566194,-1
2025-03-06,-0.7329931515325683,4.617978205945277,-0.1919525158379267,4.318132563010458,4.466599829949125,2,-0.1407523291661823,-1
2025-03-07,-3.6438378269309615,4.317652319386867,-0.8794773013713947,4.598399275341369,-8.298739492668261,2,-0.30032588655840975,-1
2025-03-08,-0.6802656950121388,4.249599457341295,-0.1961843902147611,4.608112167910595,0.1032652952652313,2,-0.0680528620455716,-1
2025-03-09,-6.663174322153331,3.9838708134004266,-1.711052899207433,4.385566266237065,-7.89472909032547,2,-0.2657286439408688,-1
2025-03-10,-2.60053559872766,4.43586251011473,-0.6208431788927952,4.320992661237719,-14.32080659435666,2,0.4519916967143036,-1
2025-03-11,5.367293406512452,4.253112822971676,1.2258913036983952,4.248019584642998,-8.22052003631164,2,-0.18274968714305384,-1
2025-03-12,1.0326959815815329,4.378196707395338,0.2008261978985577,4.260128462244693,-3.543986227799145,2,0.12508388442366147,-1
2025-03-13,-3.223376776091058,4.100999286714423,-0.8234130081938609,4.230408428119319,-6.087097308878064,2,-0.27719742068091513,-1
2025-03-14,3.5176581475923285,4.018159575969353,0.8372536482942919,4.237266180633105,4.093735160867595,2,-0.0828397107450698,-1
2025-03-15,0.4444222151272825,3.945491647015248,0.0737507154942445,4.139192008013208,7.138692974722538,2,-0.07266792895410479,-1
2025-03-16,-2.11293785421951,3.700052606849688,-0.6125256795558102,4.028579964788809,-0.341538286009424,2,-0.24543904016555995,-1
2025-03-17,1.7953698574084245,3.5677890569554003,0.4602095157571438,3.866498434700822,0.4211355898174673,1,-0.1322635498942879,0
2025-03-18,-1.6274157682193646,3.40815962465368,-0.5225269199601146,3.727930502288674,2.017096597689161,1,-0.15962943230172044,0
2025-03-19,4.878787945306051,3.2762072744139714,1.4423228344024577,3.579540041977597,3.3782263954028835,1,-0.13195235023970842,0
2025-03-20,-3.142591561831054,3.514948904946272,-0.9377180249693498,3.493431493563802,-0.208787381555453,1,0.23874163053230069,-1
2025-03-21,-0.1473786636289276,3.5083237219227748,-0.0857440962282134,3.4550857165784192,1.7567718090351292,1,-0.00662518302349735,0
2025-03-22,-0.2510880251037406,3.307298713730838,-0.122313538419622,3.4029876479335077,-0.2896860734770357,1,-0.20102500819193692,0
2025-03-23,2.6158789817674943,3.128861270949271,0.7870082388910351,3.347127977192625,3.9536086765098233,1,-0.1784374427815667,0
2025-03-24,1.6647018673747738,3.090040835373068,0.4890752468029999,3.309894689384445,0.7395225985785459,1,-0.03882043557620296,0
2025-03-25,-0.0311034368589702,2.9795136028427667,-0.0619372302466549,3.2028076289637437,3.8510107235506297,1,-0.1105272325303015,0
2025-03-26,-0.6547157036870033,2.8342261930810477,-0.2851413514006841,3.0679881231953976,3.343673683492554,1,-0.14528740976171894,0
2025-03-27,0.3173508503236277,2.719508377667968,0.0602724626576963,2.950430055982824,3.9121125589199215,1,-0.1147178154130799,0
2025-03-28,-3.292956550032855,2.6038674952967638,-1.323568092247878,2.8454313008523227,-1.996722972880427,0,-0.11564088237120407,0
2025-03-29,-2.103168000812694,2.7792002894972185,-0.8119628486381154,2.7832631916771526,-5.764592841067895,1,0.17533279420045478,-1
2025-03-30,-0.3189951599713581,2.771846780486485,-0.1704403527931598,2.7417298272058965,-6.052484564180283,1,-0.0073535090107337275,0
2025-03-31,0.260051281161644,2.654653382449581,0.0401603835299677,2.705815265079603,-5.137717579331635,1,-0.11719339803690376,0
2025-04-01,3.124852053156779,2.5463225964502016,1.1669427409220845,2.67117810883605,-2.330216376498484,0,-0.1083307859993794,0
2025-04-02,-3.2014458322985107,2.664024089178065,-1.2593299096319135,2.68320942761231,-2.23870565876414,1,0.11770149272786323,-1
2025-04-03,0.7453656492041105,2.81332403598919,0.2104010268453279,2.690034176910705,0.609827991252665,1,0.14929994681112513,-1
2025-04-04,0.8876865806506373,2.694179381333329,0.2725309244642505,2.6745006970800733,1.8165097318746604,1,-0.119144654655861,0
2025-04-05,-0.4051522069072888,2.5937539323120773,-0.2153602865452629,2.662320807052573,1.1513062438057275,0,-0.10042544902125172,1
2025-04-06,-6.544922522509644,2.500174925711266,-2.679157300878614,2.6530912729047853,-8.518468331860696,0,-0.09357900660081109,0
2025-04-07,1.2967507560798452,3.369280925786759,0.3393339404103053,2.794142640226524,-4.02027174348234,1,0.8691060000754929,-1
2025-04-08,-3.811707626174865,3.2063432777030925,-1.2366570469643208,2.872746488569305,-8.577345018861315,1,-0.16293764808366662,0
2025-04-09,7.938900944238014,3.3400846175080403,2.330917462463338,3.001927535804247,-1.5261306552739384,1,0.13374133980494785,0
2025-04-10,-3.63518545774042,4.176253491334546,-0.9071826815074592,3.318427447608741,-4.756163906107069,2,0.8361688738265061,-1
2025-04-11,4.636385379527397,4.127510460592919,1.0861137819381992,3.643894554585072,6.425143995929972,2,-0.048743030741627,-1
2025-04-12,2.2317029488567286,4.171790636389633,0.49817062906876,3.804396496705647,7.360096188706855,2,0.04428017579671373,-1
2025-04-13,-1.8963852136870685,3.97055825409816,-0.5162560188494177,3.95723949198466,9.275418601194652,2,-0.20123238229147322,-1
2025-04-14,1.0193602875444796,3.79032982443603,0.2284552913518492,4.047288533370258,2.355877944501117,2,-0.18022842966212993,-1
2025-04-15,-1.0384627625775522,3.5719070491658806,-0.3336878953888877,3.926419244936525,4.952600639663984,1,-0.2184227752701493,0
2025-04-16,0.4351453244224146,3.388636230028389,0.0831325412691795,3.7786443988236185,0.7513605845590021,1,-0.18327081913749144,0
2025-04-17,1.0204134780154916,3.199917639809753,0.2709363778761799,3.5842697995076427,-0.4599288862822348,1,-0.18871859021863635,0
2025-04-18,-0.5254861395886934,3.0450110085186166,-0.2229632408134807,3.399160350391734,0.9109701878161404,1,-0.15490663129113624,0
2025-04-19,0.7227854353503815,2.9015384848169115,0.1962221266911663,3.22140208246791,0.6143953356220422,1,-0.14347252370170516,0
2025-04-20,0.1302774044411592,2.7715090183329707,-0.0083571724244704,3.0613224763013287,1.7831355026407536,1,-0.13002946648394076,0
2025-04-21,2.715504127854373,2.6491693901756284,0.9671200166257308,2.913429108330776,4.063494306072712,1,-0.12233962815734234,0
2025-04-22,6.548491099549558,2.696041131902324,2.372015634588584,2.81265380674929,9.59157192760678,1,0.046871741726695504,0
2025-04-23,0.2748931682265976,3.42363866820639,0.0354750593779463,2.8883793386868453,10.39195123542207,1,0.7275975363040663,-1
2025-04-24,0.2608013738239378,3.230005381974497,0.0332389510060088,2.954072718118362,9.929967173895626,1,-0.19363328623189302,0
2025-04-25,0.8233751969907388,3.0568131270098906,0.2191615208296076,3.0111335398537458,10.623064966445206,1,-0.17319225496460655,0
2025-04-26,-0.0777011298330521,2.9117462959473785,-0.0793820922303912,3.063648921008096,7.82985970875778,1,-0.14506683106251206,0
2025-04-27,-0.9470108357138683,2.7745183022374778,-0.3966274859350417,3.079344355075127,0.3343577734943537,1,-0.1372279937099008,0
2025-04-28,1.2969852186460074,2.679873553891467,0.426716340329607,2.930591332212142,1.3564498239137637,1,-0.09464474834601067,0
2025-04-29,-0.7333309425444412,2.599528879770372,-0.3411273221962113,2.804496031771317,0.3623175075453844,0,-0.08034467412109514,1
2025-04-30,-0.082206698552234,2.516903855940369,-0.0936253807150429,2.696514177557413,-0.5432643879975885,0,-0.08262502383000303,0
2025-05-01,2.396577889618712,2.42639364901198,0.9244742737225544,2.5994436481703334,1.9310146314541756,0,-0.09051020692838874,1
2025-05-02,0.4319853436324905,2.474689928084643,0.1125579238384569,2.5394779733397663,3.3100108108005344,0,0.04829627907266287,0
2025-05-03,-1.056299838090169,2.389999222761481,-0.5061672027975559,2.481503107113769,0.956725754064358,0,-0.08469070532316225,1
2025-05-04,-1.656984190056754,2.3527074688116607,-0.769506450436242,2.432138824922027,0.0330725065520454,0,-0.037291753949820095,1
2025-05-05,0.4570714740086856,2.368525791177357,0.1281945469862974,2.4024632119694247,0.5723506791129651,0,0.015818322365696247,0
2025-05-06,2.1451265529472963,2.2977200905171413,0.8668101819641966,2.376728500270457,0.3208993424415496,0,-0.07080570066021563,1
2025-05-07,0.237154382422311,2.340729839605311,0.0357644858550118,2.3499364825745905,0.1260683812313701,0,0.04300974908816979,-1
2025-05-08,6.202640353374633,2.271213422331236,2.663422517106396,2.326179322488541,7.385008572696172,0,-0.06951641727407498,1
2025-05-09,-0.2624571996285851,3.067068484583819,-0.1356006834873014,2.469051525642973,8.779535563124341,1,0.7958550622525831,-1
2025-05-10,1.6618093181868687,2.9150040638537607,0.517450371238727,2.578347180178254,9.984273407302524,1,-0.15206442073005855,0
2025-05-11,-0.565098397007624,2.826382079631954,-0.2542252816309015,2.6840795780012163,7.274048457347604,1,-0.08862198422180656,0
2025-05-12,-1.2501714607269676,2.709485788356924,-0.5180358760108068,2.7578307677515386,5.786722614198325,1,-0.11689629127502998,0
2025-05-13,1.3111031807524045,2.640871600418892,0.4383642875274338,2.83176240336907,0.8951854415760963,1,-0.06861418793803198,0
2025-05-14,-0.6070027639406561,2.5663687066561023,-0.2963105594109394,2.7316224477835265,0.5506398772640253,0,-0.07450289376278985,1
2025-05-15,0.1980148737121823,2.482817346343027,0.0179535923552714,2.64518510428138,-0.9131545672106612,0,-0.0835513603130753,0
2025-05-16,-0.2464381118651104,2.395161062192816,-0.1669522360564586,2.5589409007935524,-0.5944942820681476,0,-0.08765628415021087,0
2025-05-17,-0.2885647289222248,2.3227297127127544,-0.1902951125507167,2.4815896856647184,0.3671124497365952,0,-0.07243134948006169,1
2025-05-18,3.105541495840747,2.2606994229257165,1.3058357438942056,2.405555250166083,2.1615507648249377,0,-0.06203028978703795,1
2025-05-19,-0.7920998372647148,2.433714859845071,-0.3885168456046038,2.379024480803877,1.976453691500879,0,0.1730154369193544,-1
2025-05-20,1.1157568710077117,2.3755084144697083,0.4050995912970443,2.3575626944292134,2.894195688796408,0,-0.05820644537536257,1
2025-05-21,2.667505449687546,2.326049782415817,1.0808307223300762,2.343740438473813,5.808139250349065,0,-0.04945863205389145,1
2025-05-22,1.802796394236417,2.424958961630302,0.6801587314055864,2.364186288257323,7.899500373507706,0,0.09890917921448494,-1
2025-05-23,-4.006256233899386,2.415098834634572,-1.7223707607445102,2.395066170599094,0.7877026437675738,0,-0.00986012699572969,1
2025-05-24,0.4680702474075815,2.755675260539804,0.1141755956260994,2.4594582507380407,2.04787272843987,1,0.34057642590523196,-1
2025-05-25,1.1476897551185417,2.6374847279519904,0.3769691484459269,2.5118535134344966,2.0798056125507003,1,-0.11819053258781365,0
2025-05-26,0.3707294854029541,2.554937748176419,0.0850471219405254,2.557631106586617,-0.2169703517338916,0,-0.08254697977557157,0
2025-05-27,-0.4081096575204057,2.459537610476273,-0.228314882566487,2.564546836355812,-2.427876403490714,0,-0.09540013770014566,0
2025-05-28,-1.0999457493792164,2.382918877457303,-0.5259873277347928,2.558110844920358,0.4784340810294551,0,-0.07661873301897026,1
2025-05-29,-2.0245528009255054,2.349460092841379,-0.9270181650435432,2.476867811380673,-2.014188967303632,0,-0.033458784615923776,0
2025-05-30,-1.5676574887612205,2.4037694418462805,-0.715999147831178,2.430124754159531,-4.729536211183394,0,0.054309349004901364,0
2025-05-31,0.6130518270316188,2.403358230390648,0.1912375933127411,2.399808850602377,-4.487213869554729,0,-0.00041121145563227657,0
2025-06-01,0.9643965283823164,2.33123262180991,0.3478662479291178,2.374147852869104,-3.114707683652007,0,-0.07212560858073802,0
2025-06-02,0.2169203775432393,2.2806353811000277,0.0278347845017109,2.353691153597649,-1.7978415567295514,0,-0.050597240709882474,0
2025-06-03,-0.4250198055929743,2.218878585384945,-0.2606988920378274,2.3275748521063617,-0.1983085613970203,0,-0.061756795715082635,0
2025-06-04,-0.6666084188029942,2.174742613207597,-0.3770780951299898,2.281769486378626,0.702740508561206,0,-0.044135972177348215,1
2025-06-05,-3.059773184703829,2.1464895296037314,-1.4969616779264563,2.2303957462212423,-2.9700845031742418,0,-0.02825308360386547,0
2025-06-06,2.733035306446041,2.386753757535262,1.0807968417850442,2.241499973366313,-1.201445725110517,0,0.2402642279315308,-1
2025-06-07,1.1669145986994425,2.482608923060221,0.40822990931122,2.2818946817583514,-0.2514515039543141,0,0.09585516552495887,0
2025-06-08,0.1684159608366542,2.4212715011867845,0.0061854185480524,2.32237326491872,0.3419842624753144,0,-0.061337421873436604,1
2025-06-09,4.165996456486809,2.341279951065239,1.7138305359330597,2.355680732490248,5.174589137765118,0,-0.07999155012154535,1
2025-06-10,-0.0334318426926216,2.6736842069758446,-0.0698927814243743,2.4611196679646703,8.200930479776325,1,0.3324042559106055,-1
2025-06-11,-1.4347388609724732,2.5636565233795148,-0.619497280416573,2.496500221133521,4.033156312357811,0,-0.11002768359632986,1
2025-06-12,-2.5699166845333465,2.528392670787867,-1.0771096195544936,2.50565697067905,0.2963250291250219,0,-0.03526385259164799,1
2025-06-13,0.1527347194391737,2.616420745794115,-0.0002693235578802,2.544686819600516,0.2806437877275414,0,0.08802807500624832,0
2025-06-14,-0.5847555254664627,2.5123896978580347,-0.2938218180400762,2.5789087689590757,-4.47010819422573,0,-0.10403104793608042,0
2025-06-15,0.0754577954749535,2.434884173460162,-0.0320268161247157,2.5311487622559388,-4.361218556058155,0,-0.07750552439787262,0
2025-06-16,1.1723623976989117,2.3533299617949,0.4329707397845858,2.489083449939016,-1.7541172973867702,0,-0.08155421166526189,0
2025-06-17,-2.077333636181322,2.309926070090191,-0.9657335134009568,2.44539012979948,-1.261534249034746,0,-0.04340389170470926,0
2025-06-18,0.2694339503861442,2.3772323941445763,0.0487939536279712,2.3975524594695727,-1.144835018087775,0,0.06730632405438541,0
2025-06-19,-0.1899521739272103,2.303193125141264,-0.1490936879596197,2.3557131449262187,-0.7500316665485229,0,-0.07403926900331248,0
2025-06-20,-1.3218729770938964,2.2416165781880117,-0.6581466137575559,2.3170596258717886,-2.147362439117373,0,-0.0615765469532521,0
2025-06-21,-1.023709507364856,2.245599626919853,-0.5242024786772964,2.295513558896779,-4.343434344181141,0,0.003983048731841077,0
2025-06-22,-1.250003687186485,2.2271333906781394,-0.630156719056012,2.278955023014369,-3.516104395186304,0,-0.018466236241713396,0
2025-06-23,4.445468211607739,2.227663077572825,1.9266956801657928,2.249041159700018,0.6599298660352915,0,0.000529686894685355,0
2025-06-24,0.4421629398587257,2.6451334936410764,0.10915273553092,2.317429233399981,1.2920449798212277,1,0.41747041606825164,-1
2025-06-25,1.2329889288553275,2.539690618581174,0.4250712814283997,2.377044041478613,3.8469068857704514,0,-0.10544287505990235,1
2025-06-26,-0.3744456200287516,2.4742334687441687,-0.2133529474403357,2.4227708098434766,4.496170773106556,0,-0.06545714983700535,1
2025-06-27,0.1200006027600508,2.3947914519978437,-0.0139631283531581,2.456302422107417,5.866175063053092,0,-0.079442016746325,1
2025-06-28,0.2231861322037787,2.318181074493282,0.0300868425628405,2.4744060214915087,1.6438929836491312,0,-0.0766103775045619,1
2025-06-29,0.980816480326574,2.251531850760375,0.3674729703973826,2.395685692915369,2.1825465241169795,0,-0.06664922373290683,1
2025-06-30,-1.160210785220528,2.212702586354591,-0.5936858285903206,2.330288086470052,-0.2106531899588759,0,-0.03882926440578416,0
2025-07-01,-1.3504224993729608,2.2086687303544044,-0.6808906477862766,2.2771751387920998,-1.1866300693030851,0,-0.004033856000186464,0
2025-07-02,2.946777720135607,2.220214273649702,1.2581390769821654,2.2422597031224707,1.6401470480724711,0,0.011545543295297556,0
2025-07-03,0.7218611789243212,2.378451659015685,0.2389881642480882,2.254313820026952,2.1388220947930137,0,0.15823738536598286,-1
2025-07-04,-1.4825919147368083,2.312541296915565,-0.7074603597792033,2.2665157092579893,-0.3245863002703686,0,-0.0659103621001198,0
2025-07-05,0.1820390123592474,2.318914525707208,0.0123331967861914,2.287758097128513,1.0176634973094068,0,0.0063732287916429264,0
2025-07-06,0.9205212306969912,2.2520588540375863,0.3406135883786481,2.296436121865149,3.2886072273793587,0,-0.06685567166962159,1
2025-07-07,-0.8570920982480246,2.2104710155283405,-0.4571566305699027,2.294487470240877,-0.515262591004273,0,-0.041587838509245856,0
2025-07-08,0.59877877476886,2.186973554808632,0.2036327282542225,2.256191849399466,-0.6383449951597342,0,-0.023497460719708485,0
2025-07-09,2.1576245274882666,2.143342173868464,0.9350747485585196,2.222352024790046,3.0018714470653407,0,-0.04363138094016783,1
2025-07-10,4.101205071842706,2.214944539800761,1.7823316194700174,2.201558027608757,6.9210375065488,0,0.07160236593229685,-1
2025-07-11,1.3103070357297852,2.5687723600978454,0.4503581829658028,2.2649007288208085,7.3108233115815935,0,0.35382782029708437,-1
2025-07-12,-0.0696019205401299,2.5037370285412264,-0.089083358667833,2.323553931423386,8.098313489289488,0,-0.065035331556619,1
2025-07-13,1.4211873752884685,2.41471008036362,0.5250104359999282,2.3691012365343838,8.920722089809097,0,-0.08902694817760626,1
2025-07-14,0.6139691784923684,2.377664555144753,0.1936899779712569,2.415965712789641,7.3770667408131985,0,-0.03704552521886706,1
2025-07-15,-1.7443885857792552,2.30888959682728,-0.8219656633086593,2.4347547241949448,1.531473083191237,0,-0.06877495831747327,1
2025-07-16,0.8129063950951476,2.3403822564286028,0.2817774789141258,2.3890767034610967,1.0340724425565997,0,0.03149265960132297,0
2025-07-17,0.4632531543984797,2.2825187363370114,0.1357332872160017,2.344833045020253,1.566927517495209,0,-0.05786352009159135,1
2025-07-18,-1.084422561798526,2.2230702791655284,-0.5568253764098379,2.306505084780635,-0.9386824195917852,0,-0.05944845717148306,0
2025-07-19,-0.0536145993420333,2.2120538903390026,-0.0936025941455,2.273382951819485,-1.6062661974261871,0,-0.01101638882652578,0
2025-07-20,-0.5434339336074956,2.160537002426643,-0.3225463465833417,2.2437124329393576,-0.4053115452544276,0,-0.05151688791235953,0
2025-07-21,0.1182157469633793,2.1289219363746383,-0.0165452925342796,2.201420368928565,-1.100002193386196,0,-0.0316150660520047,0
2025-07-22,2.1529885923987635,2.087559941064376,0.9578403809549624,2.1624286098740377,0.5897332446140879,0,-0.04136199531026241,1
2025-07-23,-1.0391307548022866,2.168940468445575,-0.5498399588810818,2.151602647730047,0.6350250516103273,0,0.08138052738119894,-1
2025-07-24,-0.3263802707891727,2.1630394779272795,-0.2218265819319673,2.1417997652477023,0.3622593801631879,0,-0.0059009905182954014,1
2025-07-25,-0.6204300770342286,2.123652424676219,-0.3644049521595129,2.134422849697618,0.2852632367364549,0,-0.03938705325106051,1
2025-07-26,0.264436929628431,2.1006663589833545,0.0528392078877328,2.128771734219361,0.4314844194015066,0,-0.022986065692864432,1
2025-07-27,1.2646766556766664,2.063567769653293,0.5385029214136381,2.123973299937144,-0.4568275173205904,0,-0.03709858933006149,0
2025-07-28,-1.284086030452336,2.0685295960771,-0.6949503726521001,2.1038911254634494,-0.70178279297064,0,0.0049618264238069365,0
2025-07-29,-0.0019742703546654,2.097347107948036,-0.0741001110159867,2.0907526514676005,-0.3773767925361326,0,0.028817511870935952,-1
2025-07-30,-0.0771661971628034,2.061068116239602,-0.1118864430191098,2.078235789780277,0.1658870873352924,0,-0.03627899170843385,1
2025-07-31,-1.7749425967370058,2.0307968915265437,-0.9495691016499392,2.0642618962889148,-1.8734924390301444,0,-0.03027122471305832,0
2025-08-01,-2.1287126462377515,2.114776446209613,-1.0791457572319163,2.074503631600179,-5.266881740944562,0,0.08397955468306906,-1
2025-08-02,-0.7024004180115284,2.2249488189346267,-0.3846559497960377,2.105787476171684,-4.685196128503755,0,0.1101723727250139,-1
2025-08-03,1.4913601071924631,2.191218679854428,0.6105829310007544,2.1245617905529626,-3.191861750956626,0,-0.03373013908019873,0
2025-08-04,0.7450970809324886,2.1923130386394103,0.2698782917043359,2.1508107750329244,-2.369598472861334,0,0.0010943587849823189,0
2025-08-05,-0.811857336682209,2.1523041314961144,-0.4484945718124662,2.1751122230268387,-1.4065132128065372,0,-0.04000890714329586,0
2025-08-06,0.7737149330479198,2.134812729964559,0.2905526752573161,2.1791194797778277,1.495914366479134,0,-0.017491401531555262,1
2025-08-07,2.1236359971132046,2.103924519686551,0.9364388291949692,2.1549146199282125,4.321950781603867,0,-0.030888210278008366,1
2025-08-08,-0.6902004196733813,2.178957642806519,-0.3871758616519537,2.1524624125186307,2.1403902547380227,0,0.07503312311996835,-1
2025-08-09,-0.1615574997549274,2.1512249695580428,-0.1464267509887561,2.144244798702357,1.2337356740506067,0,-0.02773267324847639,1
2025-08-10,2.380361527108832,2.109657824176578,1.0555845210560062,2.135715537238449,4.425954537841648,0,-0.041567145381464776,1
2025-08-11,-0.4833792329586472,2.2139030880364023,-0.2876452088545617,2.1515336088528185,3.1688603718350805,0,0.10424526385982436,-1
2025-08-12,1.2067410412960555,2.1724718048563414,0.4848401971239227,2.1652430658867767,2.2519654160179314,0,-0.04143128318006095,1
2025-08-13,2.6046115310302653,2.157094069043306,1.136330669591078,2.160870351134134,5.546777366721578,0,-0.015377735813035365,1
2025-08-14,-4.125044324166893,2.2807770626461386,-1.875888607186524,2.186780769751753,1.5832905423096122,0,0.12368299360283252,-1
2025-08-15,-0.8154397097905886,2.68042742482216,-0.3614644007898159,2.3009346898808696,-1.6125106945898082,1,0.39965036217602146,-1
2025-08-16,0.079186106178497,2.591231489867811,-0.0286555937959188,2.3764003702471515,-1.049945355452664,0,-0.08919593495434919,0
2025-08-17,-0.0325941461444045,2.490374065598976,-0.0747010386501929,2.439980822395678,-2.289280542893124,0,-0.1008574242688347,0
2025-08-18,-1.0275848947745914,2.402618386801426,-0.491557162987592,2.489085685947302,-5.921476968697981,0,-0.0877556787975502,0
2025-08-19,-2.987022020522012,2.361746290073215,-1.3297200537183862,2.505279531432717,-4.7834546650531,0,-0.040872096728211016,0
2025-08-20,1.271285160686908,2.5415203236429416,0.4398334993053597,2.4774981111968737,-2.696729794575603,0,0.17977403356972665,-1
2025-08-21,-1.6372327846505996,2.4779186145022165,-0.7226517276854415,2.454835536123755,-4.4131486854047,0,-0.06360170914072505,0
2025-08-22,3.8863926424777873,2.4722686653731865,1.5099302561968762,2.451214456078597,-0.4941618967825079,0,-0.005649949129030052,0
2025-08-23,-1.2915297318542684,2.722818307611062,-0.5306887760371325,2.5152544402405246,-0.758106733862185,1,0.2505496422378757,-1
2025-08-24,-1.6745357831503327,2.6551727973299544,-0.6884580800812248,2.573939741691872,0.5543795035094945,1,-0.06764551028110777,0
2025-08-25,-2.982631552883141,2.6262997967581336,-1.1941024173773322,2.5908956363149107,-3.699537210060555,0,-0.02887300057182074,0
2025-08-26,1.51251233395282,2.751498115967478,0.4939392627174676,2.645611536607963,-0.5497920914571353,1,0.12519831920934443,-1
2025-08-27,-0.5206553469269792,2.6744771338360454,-0.2520472961170758,2.6860532303005344,-4.956840080861902,1,-0.07702098213143271,0
2025-08-28,1.182264033331748,2.5744387712299432,0.3996306541238432,2.656377323024311,-2.4830463156758853,0,-0.1000383626061021,0
2025-08-29,-3.742335971466204,2.5017492445342864,-1.5572205580398868,2.6256926124651776,-4.550846503991757,0,-0.07268952669565687,0
2025-08-30,0.3657460804634027,2.7732754864301032,0.0765544924472511,2.655087750399572,-1.2024688706452125,1,0.27152624189581687,-1
2025-08-31,-0.5264910692758917,2.651768232884546,-0.2564064400604189,2.6351417737829848,-3.2414722738739243,1,-0.12150725354555725,0
2025-09-01,0.9323672098975776,2.554707061733997,0.3048990776208763,2.611187759362575,-1.7884497170493674,0,-0.09706117115054891,0
2025-09-02,1.7691382281181944,2.473346861267108,0.653243938501663,2.5909693773700075,-1.201575522262921,0,-0.08136020046688897,0
2025-09-03,0.4688830576405678,2.453439197585129,0.1285720366609084,2.581307367980177,3.009643506843851,0,-0.01990766368197905,1
2025-09-04,-0.8987461697769206,2.3719884852748665,-0.4435879682773147,2.501049967749129,1.7451512566035277,0,-0.08145071231026257,1
2025-09-05,-0.065605715124839,2.327821592585063,-0.0940987483774177,2.436260639689233,2.2060366107545804,0,-0.04416689268980356,1
2025-09-06,-0.3859995744180722,2.2610972544916503,-0.238573973998608,2.3775386782407635,0.8876698264389304,0,-0.0667243380934126,1
2025-09-07,0.8518160055379198,2.2099556493224606,0.3160138632504634,2.324860435851833,-0.0296523961413441,0,-0.05114160516918975,0
2025-09-08,0.8097306013038263,2.171412856667884,0.3022415641066009,2.268455167668385,0.3111951475219143,0,-0.03854279265457672,1
2025-09-09,-0.4837916692700617,2.136662691042365,-0.2982366169095848,2.221390008821884,0.7261496480287732,0,-0.034750165625518914,1
2025-09-10,2.1508270891821724,2.1061357894331145,0.9483660626347576,2.1770528481914946,2.9425824523357846,0,-0.030526901609250423,1
2025-09-11,1.3529013824571834,2.183814956903089,0.5492507483211038,2.161596388673783,4.68148340921104,0,0.07767916746997461,-1
2025-09-12,0.5129680319349461,2.176114350712284,0.1652158806056873,2.154828128951747,4.3426354356080665,0,-0.007700606190804926,1
2025-09-13,-0.1302038145722051,2.1319843123991267,-0.1330418784537694,2.146942420097996,3.402701019732035,0,-0.04413003831315754,1
2025-09-14,-0.4692746079797416,2.092537932730508,-0.2975879105572619,2.138117468435625,3.417218081022355,0,-0.039446379668618636,1
2025-09-15,0.0322446109825236,2.0678239324972427,-0.0586098121296314,2.13045509704845,1.2986356028227064,0,-0.02471400023326531,1
2025-09-16,1.203961474068116,2.0354229569808284,0.5161198006939194,2.100776697063998,1.149695694433639,0,-0.0324009755164143,1
2025-09-17,-0.3211840787452402,2.0408672967461725,-0.2325596880724641,2.073727286270776,0.3155435837534526,0,0.005444339765344086,0
2025-09-18,0.5725006775122665,2.0187595998442367,0.2075835549518911,2.0510823437597976,1.0182480758379242,0,-0.022107696901935814,1
2025-09-19,-1.2441583362178932,1.9983581719230863,-0.6993729848019593,2.032246391598313,0.2433643475997726,0,-0.020401427921150406,1
2025-09-20,0.0286084831133237,2.035629945129112,-0.0613229827792209,2.025807594124687,0.2397282197305728,0,0.037271773206025705,-1
2025-09-21,-0.3600148364977684,2.007847531961605,-0.2557237098473718,2.0202925091208424,-1.3242480908353116,0,-0.02778241316750707,0
2025-09-22,-2.2430533319747425,1.9917802790761576,-1.2031913059555164,2.0104751055868397,-3.246117344064814,0,-0.016067252885447303,0
2025-09-23,-0.6531416615244368,2.1423752809059597,-0.3764891482348954,2.035198241799184,-4.471759683101517,0,0.15059500182980212,-1
2025-09-24,1.166352569712359,2.118174341592182,0.4782010463631776,2.0591614757330032,-2.061248777171265,0,-0.02420093931377787,0
2025-09-25,-3.849187964361533,2.1085371852311376,-1.8982958306737705,2.073742923753408,-5.939045224646122,0,-0.00963715636104423,0
2025-09-26,0.606632543055774,2.502761248210193,0.1810772642402565,2.172725667003126,-4.97239784509258,0,0.3942240629790552,-1
2025-09-27,-0.0281527332854025,2.4178343688933865,-0.0751052755329381,2.257936484966572,-2.75749724640324,0,-0.08492687931680631,0
2025-09-28,2.2008506441888898,2.339142154007709,0.8752829568299934,2.297289859586922,0.0964950593100866,0,-0.07869221488567746,1
2025-09-29,2.011114740907871,2.380983225654992,0.7802135427533282,2.349851636399484,0.9412572305055988,0,0.04184107164728301,0
2025-09-30,-0.3014115884239388,2.3967481937768507,-0.1897783725417215,2.407493838108626,4.4890336064431935,0,0.01576496812185857,0
2025-10-01,3.947865276779439,2.325360764584908,1.631757941126794,2.3720137413835696,7.830266340166858,0,-0.07138742919194252,1
2025-10-02,1.6983874858595982,2.622111034274581,0.589200107272983,2.412869074459808,9.55680655931186,0,0.29675026968967266,-1
2025-10-03,1.305050721642509,2.5752918085323544,0.4471770284997192,2.4600990053647367,8.661006636765478,0,-0.04681922574222641,1
2025-10-04,0.1298763222354892,2.509089929661356,-0.0093910786812785,2.4857203461660093,6.779768218093096,0,-0.0662018788709986,1
2025-10-05,0.8848164694084559,2.4181433401399968,0.3024539836347214,2.489999375438639,7.965996275925491,0,-0.09094658952135903,1
2025-10-06,0.998175292871295,2.352626457173569,0.35906078804487,2.495452513956371,5.016306292017347,0,-0.06551688296642766,1
2025-10-07,-2.6817983765198505,2.300621967934838,-1.2323788085220515,2.4311547006884227,0.6361204296378986,0,-0.05200448923873102,1
2025-10-08,1.5551259305388143,2.4481140655624185,0.5725576953594499,2.405719152094436,0.886195638534204,0,0.14749209762758042,-1
2025-10-09,-1.346040236705015,2.415509123847454,-0.6207716646915278,2.3870029909316552,-0.5897209204063003,0,-0.03260494171496431,0
2025-10-10,-7.232182184699099,2.394945048277678,-3.083837590843181,2.3823633325591915,-8.706719574513855,0,-0.02056407556977602,0
2025-10-11,-2.148516003340717,3.480308137554445,-0.6614228670400447,2.607899668635367,-11.853410870725869,1,1.085363089276767,-1
2025-10-12,3.860934634389857,3.378788454117129,1.097285403200916,2.823532965871825,-5.31067785981616,1,-0.10151968343731621,0
2025-10-13,0.0879292966288858,3.44547765679981,-0.0190133540483624,3.023005684119304,-6.777874493726088,1,0.06668920268268108,0
2025-10-14,-1.884916344559251,3.249365642415793,-0.6273088202616511,3.189776987832971,-7.316750601580324,1,-0.19611201438401693,0
2025-10-15,-2.086257829089888,3.1562479581005216,-0.7096074966242876,3.34203756979754,-2.1708262459711136,1,-0.09311768431527145,0
2025-10-16,-2.3722484783180064,3.0926348709438014,-0.816678323468094,3.264502916475412,-2.394558720948403,1,-0.0636130871567202,0
2025-10-17,-1.6009839805349202,3.065439272731099,-0.5723236403098569,3.201833080198205,-7.85647733587318,1,-0.027195598212702343,0
2025-10-18,0.683758034970694,2.974501458593527,0.1782882473482157,3.1076378405569485,-7.260648597531372,1,-0.09093781413757185,0
2025-10-19,1.3605430464266988,2.8351650011013456,0.4257613446746294,3.024797712294059,-4.015189206545422,1,-0.1393364574921816,0
2025-10-20,1.7534490738340125,2.7385281483473323,0.5842589902229983,2.9412537503434213,-0.1754823036215214,1,-0.09663685275401335,0
2025-10-21,-1.9282830173496637,2.6796905882243127,-0.7768517789632018,2.858664893799524,0.2684831573468216,1,-0.05883756012301955,0
2025-10-22,-0.729356227081901,2.670299584007841,-0.3305979656935195,2.779636956054872,1.1401109107998408,1,-0.009391004216471543,0
2025-10-23,2.18704444247777,2.5785672347618465,0.7886569843435745,2.700450111288536,2.643397318306917,0,-0.09173234924599472,1
2025-10-24,0.872171428526336,2.580082197672815,0.2785694370478878,2.6494335506028297,2.1550257004065543,0,0.0015149629109685314,0
2025-10-25,0.5459116892618354,2.4932677699290635,0.1574128181545695,2.600381474919176,0.9474883158343772,0,-0.08681442774375148,1
2025-10-26,2.503926774480369,2.4082173306912678,0.9760279362420876,2.5460868234125664,5.37969810766441,0,-0.08505043923779576,1
2025-10-27,-0.308950285538323,2.471996313921901,-0.1870511157794041,2.5064261693953784,5.800104049207988,0,0.06377898323063302,0
2025-10-28,-1.0244824086811375,2.391164160915541,-0.4926143554332429,2.468945554626117,2.58857719804908,0,-0.0808321530063596,1
2025-10-29,-2.6016805465767234,2.3517128996598604,-1.1715375334117324,2.4232716950235265,-0.8852747770539793,0,-0.03945126125568077,0
2025-10-30,-1.6026638954619088,2.4776484168553075,-0.7087782377429245,2.420147824408775,-3.0338503617777235,0,0.12593551719544704,-1
2025-10-31,1.1480961196285833,2.468974626833574,0.4028622755515613,2.432299283637237,-4.38968101662951,0,-0.008673790021733296,0
2025-11-01,0.4624825172491853,2.408496018242629,0.1283137409092905,2.4195992245013827,-3.618248213842001,0,-0.060478608590945004,0
2025-11-02,0.5216141233320926,2.3326454305393374,0.1578357067596094,2.407895478426142,-2.072151681828771,0,-0.07585058770329178,0
2025-11-03,-3.768718290100992,2.2676796201629115,-1.729590740425036,2.3910888225267515,-3.23918942535304,0,-0.0649658103764259,0
2025-11-04,-4.764085753760838,2.6025762967223103,-1.8894835640889076,2.4160743985001525,-6.400611283651969,0,0.3348966765593988,-1
2025-11-05,2.2400061321748765,3.0394417624625127,0.6864967030330685,2.53016782562594,-5.308701271105676,1,0.43686546574020246,-1
2025-11-06,-2.525118249184999,2.97845065934476,-0.8993124072626426,2.6441587538463662,-8.29630203753986,1,-0.060991103117752576,0
2025-11-07,2.0238925968733668,2.984886822303707,0.6266412514248786,2.77460703219924,-6.794023563998586,1,0.006436162958946667,0
2025-11-08,-1.0603212214199689,2.913396326626542,-0.4166136249676473,2.9037503734919663,-4.0856264953175625,1,-0.07149049567716492,0
2025-11-09,2.355183969967989,2.807392859136882,0.7842666478326659,2.944713685974881,3.0336432284112647,1,-0.10600346748965972,0
2025-11-10,1.212026933646193,2.790336640277086,0.379376285707853,2.894892661537796,2.005664029882581,1,-0.017056218859796246,0
2025-11-11,-2.870254647684156,2.691639590231953,-1.1233651198476131,2.837530447715234,1.660527631383424,1,-0.09869705004513296,0
2025-11-12,-1.303914664267758,2.789047206213472,-0.5225275657595146,2.798362524497187,-1.6672796297577008,1,0.09740761598151915,-1
2025-11-13,-1.9524742976585685,2.7134438619207235,-0.7761036483545418,2.758372031556024,-2.5594327059963007,1,-0.07560334429274862,0
2025-11-14,-5.462287113659059,2.701258996401823,-2.078929308268018,2.7371452590090115,-10.376903789623348,1,-0.012184865518900523,0
2025-11-15,1.2123106498746594,3.2540498025221134,0.3254010635825605,2.829887891458017,-10.376620073394882,1,0.5527908061202904,-1
2025-11-16,-1.446393846192251,3.1004666636482354,-0.5159975587330177,2.911653306141273,-8.952759271902977,1,-0.15358313887387798,0
2025-11-17,-2.2368382716344115,2.994338790318289,-0.7982656012560537,2.9527116229622368,-9.88568287926963,1,-0.10612787332994644,0
2025-11-18,0.9241173563307116,2.9680322715548173,0.2596595665530434,3.0036293048890554,-7.009091225280351,1,-0.026306518763471676,0
2025-11-19,-1.6082377699810024,2.836249449639654,-0.6211291300164612,3.030627395536622,-3.155041881602294,1,-0.13178282191516333,0
2025-11-20,-5.429914313161177,2.776348082639124,-2.0110423945966924,2.935087051560024,-9.79726684463813,1,-0.05990136700052995,0
2025-11-21,-1.795049047228936,3.300232544505789,-0.5904094345279131,2.9750402277315344,-10.145922045674816,1,0.5238844618666652,-1
2025-11-22,-0.5211872393680039,3.1936028488572785,-0.2112431177197686,3.0148930394393325,-8.430271013408408,1,-0.10662969564851066,0
2025-11-23,2.515858657899983,3.0333735417608474,0.7788092175898905,3.0279612934805384,-6.838529711839136,1,-0.16022930709643113,0
2025-11-24,1.6742357810839437,2.9986057846455463,0.5071678330268974,3.060432560481717,-3.5560561607741903,1,-0.03476775711530111,0
2025-11-25,-1.0576476956753569,2.9001295043117183,-0.4175975855761393,3.085188844816236,0.8162104567116302,1,-0.09847628033382794,0
2025-11-26,3.57225879133356,2.7956208430396594,1.2229195588744284,2.98426650452301,6.183518295274126,1,-0.10450866127205893,0
2025-11-27,0.8437806108496204,2.928354974113545,0.235743696979651,2.9312169295742634,7.548486145491751,1,0.13273413107388565,-1
2025-11-28,-0.4018666774420865,2.798600660764347,-0.1984227576340832,2.884262353374963,4.630760810149681,1,-0.12975431334919785,0
2025-11-29,-0.0742778626944939,2.680225540994128,-0.0849619714441545,2.8205863046446797,2.8822471663712435,1,-0.11837511977021942,0
2025-11-30,-0.5047792573133592,2.569827511275148,-0.2561333932370013,2.7545259060373657,3.435115604733241,0,-0.11039802971897972,1
2025-12-01,-4.610183805407608,2.482232095117272,-1.9190885485532712,2.691848156452888,-4.747326992007928,0,-0.08759541615787603,0
2025-12-02,5.662099387030395,2.9218474412084747,1.8853345750210264,2.690546649871874,0.0709917841728469,1,0.4396153460912027,-1
2025-12-03,2.35582620118322,3.3896332071605784,0.6497419288161768,2.80875315915112,2.828684662798153,1,0.46778576595210364,-1
2025-12-04,-1.4931972865932508,3.2915876916755327,-0.5002560539222329,2.931025589287401,1.4097652388993964,1,-0.0980455154850457,0
2025-12-05,-3.034305997567621,3.164949591255498,-1.0072025758509546,3.050050005283471,-1.1197615013548656,1,-0.12663810042003476,0
2025-12-06,-0.1291646062556495,3.201010225931298,-0.0882858752370189,3.1938056314462764,3.361257697797093,1,0.036060634675799896,0
2025-12-07,1.2614572226015142,3.032328675567854,0.3654016295613722,3.215901878318152,-1.0393844666317875,1,-0.168681550363444,0
2025-12-08,0.259119597981261,2.9066351683260065,0.0363582660629479,3.119302270551238,-3.1360910698337463,1,-0.12569350724184725,0
2025-12-09,2.238119269819805,2.769044664438133,0.7528516652003753,3.014793665103758,0.5952254865793094,1,-0.13759050388787353,0
2025-12-10,-0.7262832846635092,2.7465129910637094,-0.3203053001056952,2.9311063450654005,2.9032481994834214,1,-0.022531673374423633,0
2025-12-11,0.5314970108146966,2.64520462667454,0.1429218835544813,2.8199452252140484,3.5639098165537675,1,-0.10130836438916946,0
2025-12-12,-2.4521421452146086,2.541201373838778,-1.0253345347684584,2.7217197648682334,-0.1496895512623552,0,-0.10400325283576173,0
2025-12-13,0.0313418755633065,2.612084995028365,-0.0467433134267938,2.662809730208705,-0.3774672736803097,0,0.07088362118958669,0
2025-12-14,-2.379767101791685,2.508942397395726,-1.0096710421110058,2.610789276800224,-4.9953536452918,0,-0.103142597632639,0
2025-12-15,-2.0108914713087955,2.5767062396249463,-0.839960264468164,2.576827926512471,-6.279961831937087,0,0.06776384222922038,-1
2025-12-16,1.6345736935077682,2.5916227011348694,0.5715084644365239,2.566111541404537,-5.176885149244015,0,0.014916461509923096,0
2025-12-17,-1.954483304085386,2.5444025073316734,-0.8284548852607903,2.566751768103116,-4.679226308114792,0,-0.047220193803195976,0
2025-12-18,-0.7939728497769138,2.558706912302449,-0.3702699314270929,2.556076151557933,-5.504541033455013,0,0.014304404970775675,0
2025-12-19,3.043315496840826,2.484079894143996,1.1633587633272655,2.551103650907587,-0.0814584348225011,0,-0.07462701815845296,0
2025-12-20,0.0759560973245143,2.6025897451068336,-0.0297716096071252,2.5562803520039643,2.0053891338108087,0,0.1185098509628375,-1
